#
# A fatal error has been detected by the Java Runtime Environment:
#
#  SIGSEGV (0xb) at pc=0x00007fb1c377260e, pid=223396, tid=223427
#
# JRE version: OpenJDK Runtime Environment (Red_Hat-21.0.11.0.10-2) (21.0.11+10) (build 21.0.11+10)
# Java VM: OpenJDK 64-Bit Server VM (Red_Hat-21.0.11.0.10-2) (21.0.11+10, mixed mode, sharing, tiered, compressed oops, compressed class ptrs, g1 gc, linux-amd64)
# Problematic frame:
# C  [libEGL_nvidia.so.0+0xb660e]
#
# Core dump will be written. Default location: Core dumps may be processed with "/usr/lib/systemd/systemd-coredump %P %u %g %s %t %c %h %d %F" (or dumping to /home/bazzite/code/java/LibGDXDungeonCrawler/assets/core.223396)
#
# If you would like to submit a bug report, please visit:
#   https://bugzilla.redhat.com/enter_bug.cgi?product=Fedora&component=java-21-openjdk&version=42
#

---------------  S U M M A R Y ------------

Command Line: --enable-native-access=ALL-UNNAMED -Dfile.encoding=UTF-8 -Duser.country=US -Duser.language=en -Duser.variant dungeon.crawler.lwjgl3.Lwjgl3Launcher

Host: AMD Ryzen 7 7700X 8-Core Processor, 16 cores, 30G, Fedora release 43 (Forty Three)
Time: Sun Aug 16 20:07:10 2026 EDT elapsed time: 4.513075 seconds (0d 0h 0m 4s)

---------------  T H R E A D  ---------------

Current thread is native thread

Stack: [0x00007fb20918f000,0x00007fb20998f000],  sp=0x00007fb20998ddd0,  free space=8187k
Native frames: (J=compiled Java code, j=interpreted, Vv=VM code, C=native code)
C  [libEGL_nvidia.so.0+0xb660e]

siginfo: si_signo: 11 (SIGSEGV), si_code: 1 (SEGV_MAPERR), si_addr: 0x0000000000000040

Registers:
RAX=0x0000000000000000, RBX=0x00007fb1c152ff80, RCX=0x0000000000000001, RDX=0x00007fb1c36af81c
RSP=0x00007fb20998ddd0, RBP=0x00007fb1c0c0f040, RSI=0x00007fb1c3765840, RDI=0x00007fb1c37fe4a8
R8 =0x000000000459a602, R9 =0x00007fb20998ddc0, R10=0x0000000000000000, R11=0x00007fb2a9828000
R12=0x00007fb1c36b4aa0, R13=0x00007fb1c0c0f040, R14=0x00007fb1c1530380, R15=0x0000000000000000
RIP=0x00007fb1c377260e, EFLAGS=0x0000000000010202, CSGSFS=0x002b000000000033, ERR=0x0000000000000004
  TRAPNO=0x000000000000000e

XMM[0]=0x0000000000000000 0x000000004a83c9c8
XMM[1]=0x0000000000000000 0x0007000700070007
XMM[2]=0xffffffffffffffff 0xffffffffffffffff
XMM[3]=0xffffffffffffffff 0xffffffffffffffff
XMM[4]=0x0000000000000000 0x00007fb2a0000090
XMM[5]=0x0000000000000000 0x0000000000000000
XMM[6]=0x0000000000000000 0x0000000000000000
XMM[7]=0x0000000000000000 0x0000000000000000
XMM[8]=0x00007fb1c1b39a30 0x00007fb1c1b39a20
XMM[9]=0x22c497b022c497b0 0x22c497b03f5dc987
XMM[10]=0x0000000000000000 0x000000001c9931d7
XMM[11]=0xe834151de834151d 0xe834151d2791dea4
XMM[12]=0x0000000000000000 0x000000003f5dc987
XMM[13]=0x0000000000000000 0x00007fb2a068c620
XMM[14]=0x0000000000000000 0x00007fb2a068c610
XMM[15]=0x0000000000000000 0x00007fb2a068c600
  MXCSR=0x00001fa2


Top of Stack: (sp=0x00007fb20998ddd0)
0x00007fb20998ddd0:   00007fb1c36b1900 00007fb1c1f4208a   ..k...... ......
0x00007fb20998dde0:   00007fb1c36b1900 00007fb1c1d6831f   ..k.............
0x00007fb20998ddf0:   00007fb2a0a4b680 00007fb1c365dd00   ..........e.....
0x00007fb20998de00:   00007fb20998e6c0 00007fb100000038   ........8.......
0x00007fb20998de10:   00007fb2a0a49d50 00007fb1c1530380   P.........S.....
0x00007fb20998de20:   00007fb1c1f43530 00007fb20998e6c0   05..............
0x00007fb20998de30:   00007fb2a81889a0 00007fb20998ece4   ................
0x00007fb20998de40:   00007fb2a8188aa7 00007fb1c1f4450a   .........E......
0x00007fb20998de50:   00007fb20998e6c0 00007fb20998e6c0   ................
0x00007fb20998de60:   00007fb20998df30 00007fb2a967e3c4   0.........g.....
0x00007fb20998de70:   0000000000801000 00007fb20918e000   ................
0x00007fb20998de80:   0000000000000000 0000008000000000   ................
0x00007fb20998de90:   ffffffffffffff00 0000000000000000   ................
0x00007fb20998dea0:   0000000000000021 00007fb20998e6c0   !...............
0x00007fb20998deb0:   00007fb20998e6c0 f309d689bd21fe6c   ........l.!.....
0x00007fb20998dec0:   00007fb20998e6c0 00007fb2a81889a0   ................
0x00007fb20998ded0:   0000000000000000 00007fb2a8188aa7   ................
0x00007fb20998dee0:   f309d689bfa1fe6c f3089777c0ebfe6c   l.......l...w...
0x00007fb20998def0:   0000000000000000 0000000000000000   ................
0x00007fb20998df00:   0000000000000000 0000000000000000   ................
0x00007fb20998df10:   0000000000000000 fdc0a8e1cda51c00   ................
0x00007fb20998df20:   00007fb2a967e0e0 0000000000000000   ..g.............
0x00007fb20998df30:   0000000000000000 00007fb2a970156c   ........l.p.....
0x00007fb20998df40:   0000000000000000 0000000000000000   ................
0x00007fb20998df50:   0000000000000000 0000000000000000   ................
0x00007fb20998df60:   0000000000000000 0000000000000000   ................
0x00007fb20998df70:   0000000000000000 0000000000000000   ................
0x00007fb20998df80:   0000000000000000 0000000000000000   ................
0x00007fb20998df90:   0000000000000000 0000000000000000   ................
0x00007fb20998dfa0:   0000000000000000 0000000000000000   ................
0x00007fb20998dfb0:   0000000000000000 0000000000000000   ................
0x00007fb20998dfc0:   0000000000000000 0000000000000000   ................

Instructions: (pc=0x00007fb1c377260e)
0x00007fb1c377250e:   4c 24 08 48 85 c0 48 89 c2 74 61 48 89 08 49 8b
0x00007fb1c377251e:   44 24 40 48 83 c2 08 48 85 c0 74 41 41 8b 4c 24
0x00007fb1c377252e:   34 31 c0 85 c9 74 19 49 8b 74 24 40 89 c1 83 c0
0x00007fb1c377253e:   01 48 8b 34 ce 48 89 34 ca 41 39 44 24 34 77 e7
0x00007fb1c377254e:   49 8b 44 24 40 48 85 c0 74 13 48 8d 78 f8 48 89
0x00007fb1c377255e:   54 24 08 e8 1a a8 00 00 48 8b 54 24 08 45 89 7c
0x00007fb1c377256e:   24 34 49 89 54 24 40 e9 9a fe ff ff 45 8b 74 24
0x00007fb1c377257e:   34 e9 90 fe ff ff 66 2e 0f 1f 84 00 00 00 00 00
0x00007fb1c377258e:   66 90 48 8b 07 48 39 f0 74 58 55 48 89 fd 53 48
0x00007fb1c377259e:   89 f3 48 83 ec 08 48 85 c0 74 15 48 8d 78 08 ff
0x00007fb1c37725ae:   50 18 85 c0 75 0a 48 8b 7d 00 48 8b 07 ff 50 08
0x00007fb1c37725be:   48 89 5d 00 48 85 db 74 19 48 8b 43 10 48 83 c4
0x00007fb1c37725ce:   08 48 8d 7b 08 5b 5d ff e0 66 0f 1f 84 00 00 00
0x00007fb1c37725de:   00 00 48 83 c4 08 5b 5d c3 66 0f 1f 84 00 00 00
0x00007fb1c37725ee:   00 00 c3 66 66 2e 0f 1f 84 00 00 00 00 00 0f 1f
0x00007fb1c37725fe:   40 00 48 83 ec 08 bf 01 00 00 00 e8 62 4a ff ff
0x00007fb1c377260e:   8b 70 40 48 8d 78 30 48 83 c4 08 e9 62 68 f8 ff
0x00007fb1c377261e:   66 90 48 83 ec 18 48 8b 87 b0 04 00 00 ba 04 00
0x00007fb1c377262e:   00 00 be 01 00 00 00 48 8d 4c 24 0c bf 01 00 00
0x00007fb1c377263e:   00 ff 90 d8 00 00 00 48 83 c4 18 c3 66 0f 1f 44
0x00007fb1c377264e:   00 00 49 89 fa 41 89 d1 40 0f b6 fe 89 ca 49 8b
0x00007fb1c377265e:   82 b0 04 00 00 4c 89 c1 44 89 ce 48 8b 80 d8 00
0x00007fb1c377266e:   00 00 ff e0 66 66 2e 0f 1f 84 00 00 00 00 00 0f
0x00007fb1c377267e:   1f 00 55 40 0f b6 f6 53 48 89 fb 48 83 ec 08 48
0x00007fb1c377268e:   8b af b0 04 00 00 e8 b7 ff ff ff ff 95 00 01 00
0x00007fb1c377269e:   00 8b 10 89 53 28 48 83 c4 08 5b 5d c3 0f 1f 44
0x00007fb1c37726ae:   00 00 41 57 41 56 49 89 fe bf 01 00 00 00 41 55
0x00007fb1c37726be:   49 89 f5 41 54 55 53 48 83 ec 58 48 89 14 24 e8
0x00007fb1c37726ce:   9e 49 ff ff 48 c7 44 24 18 00 00 00 00 83 b8 a0
0x00007fb1c37726de:   04 00 00 03 4c 8b b8 b0 04 00 00 48 89 c3 44 8b
0x00007fb1c37726ee:   60 38 0f 84 02 01 00 00 48 8d 4c 24 20 48 8d 70
0x00007fb1c37726fe:   30 ba 01 00 00 00 48 89 cf 48 89 4c 24 08 e8 7f



---------------  P R O C E S S  ---------------

VM state: at safepoint (shutting down)

VM Mutex/Monitor currently owned by a thread:  ([mutex/lock_event])
[0x00007fb2a95d50f8] Threads_lock - owner thread: 0x00007fb2a0138230
[0x00007fb2a95d4ff8] Heap_lock - owner thread: 0x00007fb200001080

Heap address: 0x0000000617800000, size: 7816 MB, Compressed Oops mode: Zero based, Oop shift amount: 3

CDS archive(s) mapped at: [0x00007fb223000000-0x00007fb223c9d000-0x00007fb223c9d000), size 13225984, SharedBaseAddress: 0x00007fb223000000, ArchiveRelocationMode: 1.
Compressed class space mapped at: 0x00007fb224000000-0x00007fb264000000, reserved size: 1073741824
Narrow klass base: 0x00007fb223000000, Narrow klass shift: 0, Narrow klass range: 0x100000000

GC Precious Log:
<Skipped>

Heap:
 garbage-first heap   total 507904K, used 7686K [0x0000000617800000, 0x0000000800000000)
  region size 4096K, 3 young (12288K), 1 survivors (4096K)
 Metaspace       used 8884K, committed 9088K, reserved 1114112K
  class space    used 732K, committed 832K, reserved 1048576K

Heap Regions: E=young(eden), S=young(survivor), O=old, HS=humongous(starts), HC=humongous(continues), CS=collection set, F=free, TAMS=top-at-mark-start, PB=parsable bottom
|   0|0x0000000617800000, 0x0000000617800000, 0x0000000617c00000|  0%| F|  |TAMS 0x0000000617800000| PB 0x0000000617800000| Untracked 
|   1|0x0000000617c00000, 0x0000000617c00000, 0x0000000618000000|  0%| F|  |TAMS 0x0000000617c00000| PB 0x0000000617c00000| Untracked 
|   2|0x0000000618000000, 0x0000000618000000, 0x0000000618400000|  0%| F|  |TAMS 0x0000000618000000| PB 0x0000000618000000| Untracked 
|   3|0x0000000618400000, 0x0000000618400000, 0x0000000618800000|  0%| F|  |TAMS 0x0000000618400000| PB 0x0000000618400000| Untracked 
|   4|0x0000000618800000, 0x0000000618800000, 0x0000000618c00000|  0%| F|  |TAMS 0x0000000618800000| PB 0x0000000618800000| Untracked 
|   5|0x0000000618c00000, 0x0000000618c00000, 0x0000000619000000|  0%| F|  |TAMS 0x0000000618c00000| PB 0x0000000618c00000| Untracked 
|   6|0x0000000619000000, 0x0000000619000000, 0x0000000619400000|  0%| F|  |TAMS 0x0000000619000000| PB 0x0000000619000000| Untracked 
|   7|0x0000000619400000, 0x0000000619400000, 0x0000000619800000|  0%| F|  |TAMS 0x0000000619400000| PB 0x0000000619400000| Untracked 
|   8|0x0000000619800000, 0x0000000619800000, 0x0000000619c00000|  0%| F|  |TAMS 0x0000000619800000| PB 0x0000000619800000| Untracked 
|   9|0x0000000619c00000, 0x0000000619c00000, 0x000000061a000000|  0%| F|  |TAMS 0x0000000619c00000| PB 0x0000000619c00000| Untracked 
|  10|0x000000061a000000, 0x000000061a000000, 0x000000061a400000|  0%| F|  |TAMS 0x000000061a000000| PB 0x000000061a000000| Untracked 
|  11|0x000000061a400000, 0x000000061a400000, 0x000000061a800000|  0%| F|  |TAMS 0x000000061a400000| PB 0x000000061a400000| Untracked 
|  12|0x000000061a800000, 0x000000061a800000, 0x000000061ac00000|  0%| F|  |TAMS 0x000000061a800000| PB 0x000000061a800000| Untracked 
|  13|0x000000061ac00000, 0x000000061ac00000, 0x000000061b000000|  0%| F|  |TAMS 0x000000061ac00000| PB 0x000000061ac00000| Untracked 
|  14|0x000000061b000000, 0x000000061b000000, 0x000000061b400000|  0%| F|  |TAMS 0x000000061b000000| PB 0x000000061b000000| Untracked 
|  15|0x000000061b400000, 0x000000061b400000, 0x000000061b800000|  0%| F|  |TAMS 0x000000061b400000| PB 0x000000061b400000| Untracked 
|  16|0x000000061b800000, 0x000000061b800000, 0x000000061bc00000|  0%| F|  |TAMS 0x000000061b800000| PB 0x000000061b800000| Untracked 
|  17|0x000000061bc00000, 0x000000061bc00000, 0x000000061c000000|  0%| F|  |TAMS 0x000000061bc00000| PB 0x000000061bc00000| Untracked 
|  18|0x000000061c000000, 0x000000061c000000, 0x000000061c400000|  0%| F|  |TAMS 0x000000061c000000| PB 0x000000061c000000| Untracked 
|  19|0x000000061c400000, 0x000000061c400000, 0x000000061c800000|  0%| F|  |TAMS 0x000000061c400000| PB 0x000000061c400000| Untracked 
|  20|0x000000061c800000, 0x000000061c800000, 0x000000061cc00000|  0%| F|  |TAMS 0x000000061c800000| PB 0x000000061c800000| Untracked 
|  21|0x000000061cc00000, 0x000000061cc00000, 0x000000061d000000|  0%| F|  |TAMS 0x000000061cc00000| PB 0x000000061cc00000| Untracked 
|  22|0x000000061d000000, 0x000000061d000000, 0x000000061d400000|  0%| F|  |TAMS 0x000000061d000000| PB 0x000000061d000000| Untracked 
|  23|0x000000061d400000, 0x000000061d400000, 0x000000061d800000|  0%| F|  |TAMS 0x000000061d400000| PB 0x000000061d400000| Untracked 
|  24|0x000000061d800000, 0x000000061d800000, 0x000000061dc00000|  0%| F|  |TAMS 0x000000061d800000| PB 0x000000061d800000| Untracked 
|  25|0x000000061dc00000, 0x000000061dc00000, 0x000000061e000000|  0%| F|  |TAMS 0x000000061dc00000| PB 0x000000061dc00000| Untracked 
|  26|0x000000061e000000, 0x000000061e000000, 0x000000061e400000|  0%| F|  |TAMS 0x000000061e000000| PB 0x000000061e000000| Untracked 
|  27|0x000000061e400000, 0x000000061e400000, 0x000000061e800000|  0%| F|  |TAMS 0x000000061e400000| PB 0x000000061e400000| Untracked 
|  28|0x000000061e800000, 0x000000061e800000, 0x000000061ec00000|  0%| F|  |TAMS 0x000000061e800000| PB 0x000000061e800000| Untracked 
|  29|0x000000061ec00000, 0x000000061ec00000, 0x000000061f000000|  0%| F|  |TAMS 0x000000061ec00000| PB 0x000000061ec00000| Untracked 
|  30|0x000000061f000000, 0x000000061f000000, 0x000000061f400000|  0%| F|  |TAMS 0x000000061f000000| PB 0x000000061f000000| Untracked 
|  31|0x000000061f400000, 0x000000061f400000, 0x000000061f800000|  0%| F|  |TAMS 0x000000061f400000| PB 0x000000061f400000| Untracked 
|  32|0x000000061f800000, 0x000000061f800000, 0x000000061fc00000|  0%| F|  |TAMS 0x000000061f800000| PB 0x000000061f800000| Untracked 
|  33|0x000000061fc00000, 0x000000061fc00000, 0x0000000620000000|  0%| F|  |TAMS 0x000000061fc00000| PB 0x000000061fc00000| Untracked 
|  34|0x0000000620000000, 0x0000000620000000, 0x0000000620400000|  0%| F|  |TAMS 0x0000000620000000| PB 0x0000000620000000| Untracked 
|  35|0x0000000620400000, 0x0000000620400000, 0x0000000620800000|  0%| F|  |TAMS 0x0000000620400000| PB 0x0000000620400000| Untracked 
|  36|0x0000000620800000, 0x0000000620800000, 0x0000000620c00000|  0%| F|  |TAMS 0x0000000620800000| PB 0x0000000620800000| Untracked 
|  37|0x0000000620c00000, 0x0000000620c00000, 0x0000000621000000|  0%| F|  |TAMS 0x0000000620c00000| PB 0x0000000620c00000| Untracked 
|  38|0x0000000621000000, 0x0000000621000000, 0x0000000621400000|  0%| F|  |TAMS 0x0000000621000000| PB 0x0000000621000000| Untracked 
|  39|0x0000000621400000, 0x0000000621400000, 0x0000000621800000|  0%| F|  |TAMS 0x0000000621400000| PB 0x0000000621400000| Untracked 
|  40|0x0000000621800000, 0x0000000621800000, 0x0000000621c00000|  0%| F|  |TAMS 0x0000000621800000| PB 0x0000000621800000| Untracked 
|  41|0x0000000621c00000, 0x0000000621c00000, 0x0000000622000000|  0%| F|  |TAMS 0x0000000621c00000| PB 0x0000000621c00000| Untracked 
|  42|0x0000000622000000, 0x0000000622000000, 0x0000000622400000|  0%| F|  |TAMS 0x0000000622000000| PB 0x0000000622000000| Untracked 
|  43|0x0000000622400000, 0x0000000622400000, 0x0000000622800000|  0%| F|  |TAMS 0x0000000622400000| PB 0x0000000622400000| Untracked 
|  44|0x0000000622800000, 0x0000000622800000, 0x0000000622c00000|  0%| F|  |TAMS 0x0000000622800000| PB 0x0000000622800000| Untracked 
|  45|0x0000000622c00000, 0x0000000622c00000, 0x0000000623000000|  0%| F|  |TAMS 0x0000000622c00000| PB 0x0000000622c00000| Untracked 
|  46|0x0000000623000000, 0x0000000623000000, 0x0000000623400000|  0%| F|  |TAMS 0x0000000623000000| PB 0x0000000623000000| Untracked 
|  47|0x0000000623400000, 0x0000000623400000, 0x0000000623800000|  0%| F|  |TAMS 0x0000000623400000| PB 0x0000000623400000| Untracked 
|  48|0x0000000623800000, 0x0000000623800000, 0x0000000623c00000|  0%| F|  |TAMS 0x0000000623800000| PB 0x0000000623800000| Untracked 
|  49|0x0000000623c00000, 0x0000000623c00000, 0x0000000624000000|  0%| F|  |TAMS 0x0000000623c00000| PB 0x0000000623c00000| Untracked 
|  50|0x0000000624000000, 0x0000000624000000, 0x0000000624400000|  0%| F|  |TAMS 0x0000000624000000| PB 0x0000000624000000| Untracked 
|  51|0x0000000624400000, 0x0000000624400000, 0x0000000624800000|  0%| F|  |TAMS 0x0000000624400000| PB 0x0000000624400000| Untracked 
|  52|0x0000000624800000, 0x0000000624800000, 0x0000000624c00000|  0%| F|  |TAMS 0x0000000624800000| PB 0x0000000624800000| Untracked 
|  53|0x0000000624c00000, 0x0000000624c00000, 0x0000000625000000|  0%| F|  |TAMS 0x0000000624c00000| PB 0x0000000624c00000| Untracked 
|  54|0x0000000625000000, 0x0000000625000000, 0x0000000625400000|  0%| F|  |TAMS 0x0000000625000000| PB 0x0000000625000000| Untracked 
|  55|0x0000000625400000, 0x0000000625400000, 0x0000000625800000|  0%| F|  |TAMS 0x0000000625400000| PB 0x0000000625400000| Untracked 
|  56|0x0000000625800000, 0x0000000625800000, 0x0000000625c00000|  0%| F|  |TAMS 0x0000000625800000| PB 0x0000000625800000| Untracked 
|  57|0x0000000625c00000, 0x0000000625c00000, 0x0000000626000000|  0%| F|  |TAMS 0x0000000625c00000| PB 0x0000000625c00000| Untracked 
|  58|0x0000000626000000, 0x0000000626000000, 0x0000000626400000|  0%| F|  |TAMS 0x0000000626000000| PB 0x0000000626000000| Untracked 
|  59|0x0000000626400000, 0x0000000626400000, 0x0000000626800000|  0%| F|  |TAMS 0x0000000626400000| PB 0x0000000626400000| Untracked 
|  60|0x0000000626800000, 0x0000000626800000, 0x0000000626c00000|  0%| F|  |TAMS 0x0000000626800000| PB 0x0000000626800000| Untracked 
|  61|0x0000000626c00000, 0x0000000626c00000, 0x0000000627000000|  0%| F|  |TAMS 0x0000000626c00000| PB 0x0000000626c00000| Untracked 
|  62|0x0000000627000000, 0x0000000627000000, 0x0000000627400000|  0%| F|  |TAMS 0x0000000627000000| PB 0x0000000627000000| Untracked 
|  63|0x0000000627400000, 0x0000000627400000, 0x0000000627800000|  0%| F|  |TAMS 0x0000000627400000| PB 0x0000000627400000| Untracked 
|  64|0x0000000627800000, 0x0000000627800000, 0x0000000627c00000|  0%| F|  |TAMS 0x0000000627800000| PB 0x0000000627800000| Untracked 
|  65|0x0000000627c00000, 0x0000000627c00000, 0x0000000628000000|  0%| F|  |TAMS 0x0000000627c00000| PB 0x0000000627c00000| Untracked 
|  66|0x0000000628000000, 0x0000000628000000, 0x0000000628400000|  0%| F|  |TAMS 0x0000000628000000| PB 0x0000000628000000| Untracked 
|  67|0x0000000628400000, 0x0000000628400000, 0x0000000628800000|  0%| F|  |TAMS 0x0000000628400000| PB 0x0000000628400000| Untracked 
|  68|0x0000000628800000, 0x0000000628800000, 0x0000000628c00000|  0%| F|  |TAMS 0x0000000628800000| PB 0x0000000628800000| Untracked 
|  69|0x0000000628c00000, 0x0000000628c00000, 0x0000000629000000|  0%| F|  |TAMS 0x0000000628c00000| PB 0x0000000628c00000| Untracked 
|  70|0x0000000629000000, 0x0000000629000000, 0x0000000629400000|  0%| F|  |TAMS 0x0000000629000000| PB 0x0000000629000000| Untracked 
|  71|0x0000000629400000, 0x0000000629400000, 0x0000000629800000|  0%| F|  |TAMS 0x0000000629400000| PB 0x0000000629400000| Untracked 
|  72|0x0000000629800000, 0x0000000629800000, 0x0000000629c00000|  0%| F|  |TAMS 0x0000000629800000| PB 0x0000000629800000| Untracked 
|  73|0x0000000629c00000, 0x0000000629c00000, 0x000000062a000000|  0%| F|  |TAMS 0x0000000629c00000| PB 0x0000000629c00000| Untracked 
|  74|0x000000062a000000, 0x000000062a000000, 0x000000062a400000|  0%| F|  |TAMS 0x000000062a000000| PB 0x000000062a000000| Untracked 
|  75|0x000000062a400000, 0x000000062a400000, 0x000000062a800000|  0%| F|  |TAMS 0x000000062a400000| PB 0x000000062a400000| Untracked 
|  76|0x000000062a800000, 0x000000062a800000, 0x000000062ac00000|  0%| F|  |TAMS 0x000000062a800000| PB 0x000000062a800000| Untracked 
|  77|0x000000062ac00000, 0x000000062ac00000, 0x000000062b000000|  0%| F|  |TAMS 0x000000062ac00000| PB 0x000000062ac00000| Untracked 
|  78|0x000000062b000000, 0x000000062b000000, 0x000000062b400000|  0%| F|  |TAMS 0x000000062b000000| PB 0x000000062b000000| Untracked 
|  79|0x000000062b400000, 0x000000062b400000, 0x000000062b800000|  0%| F|  |TAMS 0x000000062b400000| PB 0x000000062b400000| Untracked 
|  80|0x000000062b800000, 0x000000062b800000, 0x000000062bc00000|  0%| F|  |TAMS 0x000000062b800000| PB 0x000000062b800000| Untracked 
|  81|0x000000062bc00000, 0x000000062bc00000, 0x000000062c000000|  0%| F|  |TAMS 0x000000062bc00000| PB 0x000000062bc00000| Untracked 
|  82|0x000000062c000000, 0x000000062c000000, 0x000000062c400000|  0%| F|  |TAMS 0x000000062c000000| PB 0x000000062c000000| Untracked 
|  83|0x000000062c400000, 0x000000062c400000, 0x000000062c800000|  0%| F|  |TAMS 0x000000062c400000| PB 0x000000062c400000| Untracked 
|  84|0x000000062c800000, 0x000000062c800000, 0x000000062cc00000|  0%| F|  |TAMS 0x000000062c800000| PB 0x000000062c800000| Untracked 
|  85|0x000000062cc00000, 0x000000062cc00000, 0x000000062d000000|  0%| F|  |TAMS 0x000000062cc00000| PB 0x000000062cc00000| Untracked 
|  86|0x000000062d000000, 0x000000062d000000, 0x000000062d400000|  0%| F|  |TAMS 0x000000062d000000| PB 0x000000062d000000| Untracked 
|  87|0x000000062d400000, 0x000000062d400000, 0x000000062d800000|  0%| F|  |TAMS 0x000000062d400000| PB 0x000000062d400000| Untracked 
|  88|0x000000062d800000, 0x000000062d800000, 0x000000062dc00000|  0%| F|  |TAMS 0x000000062d800000| PB 0x000000062d800000| Untracked 
|  89|0x000000062dc00000, 0x000000062dc00000, 0x000000062e000000|  0%| F|  |TAMS 0x000000062dc00000| PB 0x000000062dc00000| Untracked 
|  90|0x000000062e000000, 0x000000062e000000, 0x000000062e400000|  0%| F|  |TAMS 0x000000062e000000| PB 0x000000062e000000| Untracked 
|  91|0x000000062e400000, 0x000000062e400000, 0x000000062e800000|  0%| F|  |TAMS 0x000000062e400000| PB 0x000000062e400000| Untracked 
|  92|0x000000062e800000, 0x000000062e800000, 0x000000062ec00000|  0%| F|  |TAMS 0x000000062e800000| PB 0x000000062e800000| Untracked 
|  93|0x000000062ec00000, 0x000000062ec00000, 0x000000062f000000|  0%| F|  |TAMS 0x000000062ec00000| PB 0x000000062ec00000| Untracked 
|  94|0x000000062f000000, 0x000000062f000000, 0x000000062f400000|  0%| F|  |TAMS 0x000000062f000000| PB 0x000000062f000000| Untracked 
|  95|0x000000062f400000, 0x000000062f400000, 0x000000062f800000|  0%| F|  |TAMS 0x000000062f400000| PB 0x000000062f400000| Untracked 
|  96|0x000000062f800000, 0x000000062f800000, 0x000000062fc00000|  0%| F|  |TAMS 0x000000062f800000| PB 0x000000062f800000| Untracked 
|  97|0x000000062fc00000, 0x000000062fc00000, 0x0000000630000000|  0%| F|  |TAMS 0x000000062fc00000| PB 0x000000062fc00000| Untracked 
|  98|0x0000000630000000, 0x0000000630000000, 0x0000000630400000|  0%| F|  |TAMS 0x0000000630000000| PB 0x0000000630000000| Untracked 
|  99|0x0000000630400000, 0x0000000630400000, 0x0000000630800000|  0%| F|  |TAMS 0x0000000630400000| PB 0x0000000630400000| Untracked 
| 100|0x0000000630800000, 0x0000000630800000, 0x0000000630c00000|  0%| F|  |TAMS 0x0000000630800000| PB 0x0000000630800000| Untracked 
| 101|0x0000000630c00000, 0x0000000630c00000, 0x0000000631000000|  0%| F|  |TAMS 0x0000000630c00000| PB 0x0000000630c00000| Untracked 
| 102|0x0000000631000000, 0x0000000631000000, 0x0000000631400000|  0%| F|  |TAMS 0x0000000631000000| PB 0x0000000631000000| Untracked 
| 103|0x0000000631400000, 0x0000000631400000, 0x0000000631800000|  0%| F|  |TAMS 0x0000000631400000| PB 0x0000000631400000| Untracked 
| 104|0x0000000631800000, 0x0000000631800000, 0x0000000631c00000|  0%| F|  |TAMS 0x0000000631800000| PB 0x0000000631800000| Untracked 
| 105|0x0000000631c00000, 0x0000000631c00000, 0x0000000632000000|  0%| F|  |TAMS 0x0000000631c00000| PB 0x0000000631c00000| Untracked 
| 106|0x0000000632000000, 0x0000000632000000, 0x0000000632400000|  0%| F|  |TAMS 0x0000000632000000| PB 0x0000000632000000| Untracked 
| 107|0x0000000632400000, 0x0000000632400000, 0x0000000632800000|  0%| F|  |TAMS 0x0000000632400000| PB 0x0000000632400000| Untracked 
| 108|0x0000000632800000, 0x0000000632800000, 0x0000000632c00000|  0%| F|  |TAMS 0x0000000632800000| PB 0x0000000632800000| Untracked 
| 109|0x0000000632c00000, 0x0000000632c00000, 0x0000000633000000|  0%| F|  |TAMS 0x0000000632c00000| PB 0x0000000632c00000| Untracked 
| 110|0x0000000633000000, 0x0000000633000000, 0x0000000633400000|  0%| F|  |TAMS 0x0000000633000000| PB 0x0000000633000000| Untracked 
| 111|0x0000000633400000, 0x0000000633400000, 0x0000000633800000|  0%| F|  |TAMS 0x0000000633400000| PB 0x0000000633400000| Untracked 
| 112|0x0000000633800000, 0x0000000633800000, 0x0000000633c00000|  0%| F|  |TAMS 0x0000000633800000| PB 0x0000000633800000| Untracked 
| 113|0x0000000633c00000, 0x0000000633c00000, 0x0000000634000000|  0%| F|  |TAMS 0x0000000633c00000| PB 0x0000000633c00000| Untracked 
| 114|0x0000000634000000, 0x0000000634000000, 0x0000000634400000|  0%| F|  |TAMS 0x0000000634000000| PB 0x0000000634000000| Untracked 
| 115|0x0000000634400000, 0x0000000634400000, 0x0000000634800000|  0%| F|  |TAMS 0x0000000634400000| PB 0x0000000634400000| Untracked 
| 116|0x0000000634800000, 0x0000000634a74fb0, 0x0000000634c00000| 61%| S|CS|TAMS 0x0000000634800000| PB 0x0000000634800000| Complete 
| 117|0x0000000634c00000, 0x0000000634c00000, 0x0000000635000000|  0%| F|  |TAMS 0x0000000634c00000| PB 0x0000000634c00000| Untracked 
| 118|0x0000000635000000, 0x0000000635000000, 0x0000000635400000|  0%| F|  |TAMS 0x0000000635000000| PB 0x0000000635000000| Untracked 
| 119|0x0000000635400000, 0x0000000635400000, 0x0000000635800000|  0%| F|  |TAMS 0x0000000635400000| PB 0x0000000635400000| Untracked 
| 120|0x0000000635800000, 0x0000000635800000, 0x0000000635c00000|  0%| F|  |TAMS 0x0000000635800000| PB 0x0000000635800000| Untracked 
| 121|0x0000000635c00000, 0x0000000635f45850, 0x0000000636000000| 81%| E|  |TAMS 0x0000000635c00000| PB 0x0000000635c00000| Complete 
| 122|0x0000000636000000, 0x0000000636400000, 0x0000000636400000|100%| E|CS|TAMS 0x0000000636000000| PB 0x0000000636000000| Complete 
|1953|0x00000007ffc00000, 0x00000007ffd0cbc8, 0x0000000800000000| 26%| O|  |TAMS 0x00000007ffc00000| PB 0x00000007ffc00000| Untracked 

Card table byte_map: [0x00007fb2a5296000,0x00007fb2a61da000] _byte_map_base: 0x00007fb2a21da000

Marking Bits: (CMBitMap*) 0x00007fb2a005a880
 Bits: [0x00007fb280de0000, 0x00007fb288800000)

Polling page: 0x00007fb2a9807000

Metaspace:

Usage:
  Non-class:      7.96 MB used.
      Class:    732.94 KB used.
       Both:      8.68 MB used.

Virtual space:
  Non-class space:       64.00 MB reserved,       8.06 MB ( 13%) committed,  1 nodes.
      Class space:        1.00 GB reserved,     832.00 KB ( <1%) committed,  1 nodes.
             Both:        1.06 GB reserved,       8.88 MB ( <1%) committed. 

Chunk freelists:
   Non-Class:  6.22 MB
       Class:  15.17 MB
        Both:  21.39 MB

MaxMetaspaceSize: unlimited
CompressedClassSpaceSize: 1.00 GB
Initial GC threshold: 21.00 MB
Current GC threshold: 21.00 MB
CDS: on
 - commit_granule_bytes: 65536.
 - commit_granule_words: 8192.
 - virtual_space_node_default_size: 8388608.
 - enlarge_chunks_in_place: 1.
 - use_allocation_guard: 0.


Internal statistics:

num_allocs_failed_limit: 0.
num_arena_births: 100.
num_arena_deaths: 0.
num_vsnodes_births: 2.
num_vsnodes_deaths: 0.
num_space_committed: 140.
num_space_uncommitted: 0.
num_chunks_returned_to_freelist: 0.
num_chunks_taken_from_freelist: 349.
num_chunk_merges: 0.
num_chunk_splits: 261.
num_chunks_enlarged: 215.
num_inconsistent_stats: 0.

CodeHeap 'non-profiled nmethods': size=119168Kb used=450Kb max_used=450Kb free=118717Kb
 bounds [0x00007fb2903a0000, 0x00007fb290610000, 0x00007fb297800000]
CodeHeap 'profiled nmethods': size=119164Kb used=2798Kb max_used=2798Kb free=116366Kb
 bounds [0x00007fb288800000, 0x00007fb288ac0000, 0x00007fb28fc5f000]
CodeHeap 'non-nmethods': size=7428Kb used=3049Kb max_used=4189Kb free=4379Kb
 bounds [0x00007fb28fc5f000, 0x00007fb29007f000, 0x00007fb2903a0000]
CodeCache: size=245760Kb, used=6297Kb, max_used=7437Kb, free=239462Kb
 total_blobs=2750, nmethods=1584, adapters=1071, full_count=0
Compilation: enabled, stopped_count=0, restarted_count=0

Compilation events (20 events):
Event: 3.573 Thread 0x00007fb2a0148d00 1575       4       com.badlogic.gdx.graphics.glutils.ShaderProgram::setVertexAttribute (26 bytes)
Event: 3.573 Thread 0x00007fb2a0148d00 nmethod 1575 0x00007fb29040f210 code [0x00007fb29040f3a0, 0x00007fb29040f518]
Event: 4.047 Thread 0x00007fb2a0148d00 1576       4       com.badlogic.gdx.graphics.glutils.ShaderProgram::fetchAttributeLocation (44 bytes)
Event: 4.049 Thread 0x00007fb2a0148d00 nmethod 1576 0x00007fb29040f690 code [0x00007fb29040f880, 0x00007fb29040ff80]
Event: 4.154 Thread 0x00007fb1f0055030 1577       3       com.badlogic.gdx.maps.tiled.renderers.BatchTiledMapRenderer::render (47 bytes)
Event: 4.154 Thread 0x00007fb2a014a3c0 1578       3       com.badlogic.gdx.maps.tiled.renderers.BatchTiledMapRenderer::beginRender (13 bytes)
Event: 4.154 Thread 0x00007fb2a014a3c0 nmethod 1578 0x00007fb288ab8590 code [0x00007fb288ab8760, 0x00007fb288ab89f0]
Event: 4.154 Thread 0x00007fb2a014a3c0 1579       3       com.badlogic.gdx.maps.tiled.tiles.AnimatedTiledMapTile::updateAnimationBaseTime (11 bytes)
Event: 4.154 Thread 0x00007fb2a014a3c0 nmethod 1579 0x00007fb288ab8b10 code [0x00007fb288ab8cc0, 0x00007fb288ab8e38]
Event: 4.154 Thread 0x00007fb2a014a3c0 1580       3       com.badlogic.gdx.maps.MapLayers::iterator (8 bytes)
Event: 4.154 Thread 0x00007fb1f0055030 nmethod 1577 0x00007fb288ab8f10 code [0x00007fb288ab9160, 0x00007fb288ab9ad8]
Event: 4.154 Thread 0x00007fb1f0055030 1581       3       com.badlogic.gdx.graphics.g2d.Sprite::draw (18 bytes)
Event: 4.154 Thread 0x00007fb2a014a3c0 nmethod 1580 0x00007fb288ab9e90 code [0x00007fb288aba040, 0x00007fb288aba208]
Event: 4.154 Thread 0x00007fb2a014a3c0 1582       3       com.badlogic.gdx.graphics.g2d.Sprite::getVertices (386 bytes)
Event: 4.154 Thread 0x00007fb1f0055030 nmethod 1581 0x00007fb288aba310 code [0x00007fb288aba4c0, 0x00007fb288aba718]
Event: 4.154 Thread 0x00007fb2a014a3c0 nmethod 1582 0x00007fb288aba890 code [0x00007fb288abaae0, 0x00007fb288abb330]
Event: 4.511 Thread 0x00007fb1f0055030 1583       1       java.lang.Module::getDescriptor (5 bytes)
Event: 4.511 Thread 0x00007fb2a014a3c0 1584       1       java.lang.module.ModuleDescriptor::provides (5 bytes)
Event: 4.511 Thread 0x00007fb1f0055030 nmethod 1583 0x00007fb290410410 code [0x00007fb2904105a0, 0x00007fb290410668]
Event: 4.511 Thread 0x00007fb2a014a3c0 nmethod 1584 0x00007fb290410710 code [0x00007fb2904108a0, 0x00007fb290410968]

GC Heap History (2 events):
Event: 0.416 GC heap before
{Heap before GC invocations=0 (full 0):
 garbage-first heap   total 507904K, used 25650K [0x0000000617800000, 0x0000000800000000)
  region size 4096K, 6 young (24576K), 0 survivors (0K)
 Metaspace       used 7344K, committed 7552K, reserved 1114112K
  class space    used 565K, committed 640K, reserved 1048576K
}
Event: 0.418 GC heap after
{Heap after GC invocations=1 (full 0):
 garbage-first heap   total 507904K, used 3590K [0x0000000617800000, 0x0000000800000000)
  region size 4096K, 1 young (4096K), 1 survivors (4096K)
 Metaspace       used 7344K, committed 7552K, reserved 1114112K
  class space    used 565K, committed 640K, reserved 1048576K
}

Dll operation events (10 events):
Event: 0.003 Loaded shared library /usr/lib/jvm/java-21-openjdk/lib/libjava.so
Event: 0.015 Loaded shared library /usr/lib/jvm/java-21-openjdk/lib/libjsvml.so
Event: 0.022 Loaded shared library /usr/lib/jvm/java-21-openjdk/lib/libnio.so
Event: 0.023 Loaded shared library /usr/lib/jvm/java-21-openjdk/lib/libzip.so
Event: 0.041 Loaded shared library /usr/lib/jvm/java-21-openjdk/lib/libjimage.so
Event: 0.043 Loaded shared library /tmp/libgdxbazzite/da3a4817/libgdx64.so
Event: 0.059 Loaded shared library /usr/lib/jvm/java-21-openjdk/lib/libnet.so
Event: 0.062 Loaded shared library /tmp/lwjgl_bazzite/3.4.1+2/x64/liblwjgl.so
Event: 0.068 Loaded shared library /usr/lib/jvm/java-21-openjdk/lib/libsystemconf.so
Event: 0.226 Loaded shared library /tmp/lwjgl_bazzite/3.4.1+2/x64/liblwjgl_opengl.so

Deoptimization events (20 events):
Event: 0.093 Thread 0x00007fb2a002e790 DEOPT PACKING pc=0x00007fb28886b8a6 sp=0x00007fb2a8186b50
Event: 0.093 Thread 0x00007fb2a002e790 DEOPT UNPACKING pc=0x00007fb28fcb714f sp=0x00007fb2a8185fc0 mode 0
Event: 0.222 Thread 0x00007fb2a002e790 Uncommon trap: trap_request=0xffffff6e fr.pc=0x00007fb2903d5010 relative=0x0000000000000450
Event: 0.222 Thread 0x00007fb2a002e790 Uncommon trap: reason=loop_limit_check action=maybe_recompile pc=0x00007fb2903d5010 method=java.lang.StringLatin1.indexOf([BI[BII)I @ 37 c2
Event: 0.222 Thread 0x00007fb2a002e790 DEOPT PACKING pc=0x00007fb2903d5010 sp=0x00007fb2a818af10
Event: 0.222 Thread 0x00007fb2a002e790 DEOPT UNPACKING pc=0x00007fb28fcb6619 sp=0x00007fb2a818ae90 mode 2
Event: 0.227 Thread 0x00007fb2a002e790 Uncommon trap: trap_request=0xffffff45 fr.pc=0x00007fb2903ac32c relative=0x000000000000018c
Event: 0.227 Thread 0x00007fb2a002e790 Uncommon trap: reason=unstable_if action=reinterpret pc=0x00007fb2903ac32c method=jdk.internal.util.ArraysSupport.vectorizedHashCode(Ljava/lang/Object;IIII)I @ 2 c2
Event: 0.227 Thread 0x00007fb2a002e790 DEOPT PACKING pc=0x00007fb2903ac32c sp=0x00007fb2a818a300
Event: 0.227 Thread 0x00007fb2a002e790 DEOPT UNPACKING pc=0x00007fb28fcb6619 sp=0x00007fb2a818a2d0 mode 2
Event: 0.228 Thread 0x00007fb2a002e790 Uncommon trap: trap_request=0xffffff54 fr.pc=0x00007fb2903e6dec relative=0x000000000000006c
Event: 0.228 Thread 0x00007fb2a002e790 Uncommon trap: reason=speculate_null_assert action=make_not_entrant pc=0x00007fb2903e6dec method=sun.misc.Unsafe.getLong(Ljava/lang/Object;J)J @ 5 c2
Event: 0.228 Thread 0x00007fb2a002e790 DEOPT PACKING pc=0x00007fb2903e6dec sp=0x00007fb2a818b370
Event: 0.228 Thread 0x00007fb2a002e790 DEOPT UNPACKING pc=0x00007fb28fcb6619 sp=0x00007fb2a818b318 mode 2
Event: 1.480 Thread 0x00007fb2a002e790 Uncommon trap: trap_request=0xffffff45 fr.pc=0x00007fb2903ed63c relative=0x000000000000065c
Event: 1.480 Thread 0x00007fb2a002e790 Uncommon trap: reason=unstable_if action=reinterpret pc=0x00007fb2903ed63c method=java.lang.StringLatin1.newString([BII)Ljava/lang/String; @ 1 c2
Event: 1.480 Thread 0x00007fb2a002e790 DEOPT PACKING pc=0x00007fb2903ed63c sp=0x00007fb2a818ac80
Event: 1.480 Thread 0x00007fb2a002e790 DEOPT UNPACKING pc=0x00007fb28fcb6619 sp=0x00007fb2a818abe0 mode 2
Event: 2.619 Thread 0x00007fb2a002e790 DEOPT PACKING pc=0x00007fb288a9c2f0 sp=0x00007fb2a818b410
Event: 2.619 Thread 0x00007fb2a002e790 DEOPT UNPACKING pc=0x00007fb28fcb714f sp=0x00007fb2a818a848 mode 0

Classes loaded (20 events):
Event: 4.511 Loading class jdk/internal/logger/AbstractLoggerWrapper
Event: 4.511 Loading class jdk/internal/logger/AbstractLoggerWrapper done
Event: 4.511 Loading class jdk/internal/logger/LazyLoggers$LazyLoggerWrapper done
Event: 4.511 Loading class jdk/internal/logger/LazyLoggers$JdkLazyLogger done
Event: 4.511 Loading class jdk/internal/logger/LazyLoggers$LazyLoggerAccessor
Event: 4.511 Loading class jdk/internal/logger/LazyLoggers$LoggerAccessor
Event: 4.511 Loading class jdk/internal/logger/LazyLoggers$LoggerAccessor done
Event: 4.511 Loading class jdk/internal/logger/LazyLoggers$LazyLoggerAccessor done
Event: 4.511 Loading class java/lang/System$Logger$Level
Event: 4.511 Loading class java/lang/System$Logger$Level done
Event: 4.511 Loading class jdk/internal/logger/SurrogateLogger
Event: 4.511 Loading class jdk/internal/logger/SimpleConsoleLogger
Event: 4.511 Loading class sun/util/logging/PlatformLogger$ConfigurableBridge$LoggerConfiguration
Event: 4.511 Loading class sun/util/logging/PlatformLogger$ConfigurableBridge$LoggerConfiguration done
Event: 4.511 Loading class jdk/internal/logger/SimpleConsoleLogger done
Event: 4.512 Loading class jdk/internal/logger/SurrogateLogger done
Event: 4.512 Loading class sun/util/logging/PlatformLogger
Event: 4.512 Loading class sun/util/logging/PlatformLogger done
Event: 4.512 Loading class sun/util/logging/PlatformLogger$Level
Event: 4.512 Loading class sun/util/logging/PlatformLogger$Level done

Classes unloaded (0 events):
No events

Classes redefined (0 events):
No events

Internal exceptions (20 events):
Event: 0.052 Thread 0x00007fb2a002e790 Exception <a 'java/lang/NoSuchMethodError'{0x0000000635d758a0}: 'void java.lang.System.load(java.lang.String, java.lang.Class)'> (0x0000000635d758a0) 
thrown [src/hotspot/share/interpreter/linkResolver.cpp, line 772]
Event: 0.053 Thread 0x00007fb2a002e790 Exception <a 'java/lang/NoSuchMethodError'{0x0000000635d76570}: 'void java.lang.invoke.DirectMethodHandle$Holder.invokeSpecial(java.lang.Object, java.lang.Object, java.lang.Object)'> (0x0000000635d76570) 
thrown [src/hotspot/share/interpreter/linkResolver.cpp, line 772]
Event: 0.054 Thread 0x00007fb2a002e790 Exception <a 'java/lang/NoSuchMethodError'{0x0000000635d887d0}: 'java.lang.Object java.lang.invoke.DirectMethodHandle$Holder.invokeStatic(java.lang.Object, java.lang.Object, int)'> (0x0000000635d887d0) 
thrown [src/hotspot/share/interpreter/linkResolver.cpp, line 772]
Event: 0.054 Thread 0x00007fb2a002e790 Exception <a 'java/lang/NoSuchMethodError'{0x0000000635d94028}: 'void java.lang.invoke.DelegatingMethodHandle$Holder.delegate(java.lang.Object, java.lang.Object, int, java.lang.Object)'> (0x0000000635d94028) 
thrown [src/hotspot/share/interpreter/linkResolver.cpp, line 772]
Event: 0.055 Thread 0x00007fb2a002e790 Exception <a 'java/lang/NoSuchMethodError'{0x0000000635d98020}: 'int java.lang.invoke.DirectMethodHandle$Holder.invokeSpecial(java.lang.Object, java.lang.Object, java.lang.Object)'> (0x0000000635d98020) 
thrown [src/hotspot/share/interpreter/linkResolver.cpp, line 772]
Event: 0.056 Thread 0x00007fb2a002e790 Exception <a 'java/lang/NoSuchMethodError'{0x0000000635db2748}: 'void java.lang.System.loadLibrary(java.lang.String, java.lang.Class)'> (0x0000000635db2748) 
thrown [src/hotspot/share/interpreter/linkResolver.cpp, line 772]
Event: 0.087 Thread 0x00007fb2a002e790 Exception <a 'java/lang/NoSuchMethodError'{0x0000000635ee0d60}: 'int java.lang.invoke.DirectMethodHandle$Holder.invokeStaticInit(java.lang.Object, java.lang.Object, int, long)'> (0x0000000635ee0d60) 
thrown [src/hotspot/share/interpreter/linkResolver.cpp, line 772]
Event: 0.088 Thread 0x00007fb2a002e790 Exception <a 'java/lang/NoSuchMethodError'{0x0000000635ee5e88}: 'java.lang.Object java.lang.invoke.DirectMethodHandle$Holder.newInvokeSpecial(java.lang.Object, java.lang.Object, int)'> (0x0000000635ee5e88) 
thrown [src/hotspot/share/interpreter/linkResolver.cpp, line 772]
Event: 0.088 Thread 0x00007fb2a002e790 Exception <a 'java/lang/NoSuchMethodError'{0x0000000635ef0360}: 'int java.lang.invoke.DirectMethodHandle$Holder.invokeStaticInit(java.lang.Object, java.lang.Object, long, long)'> (0x0000000635ef0360) 
thrown [src/hotspot/share/interpreter/linkResolver.cpp, line 772]
Event: 0.088 Thread 0x00007fb2a002e790 Exception <a 'java/lang/NoSuchMethodError'{0x0000000635ef5e08}: 'java.lang.Object java.lang.invoke.DirectMethodHandle$Holder.newInvokeSpecial(java.lang.Object, java.lang.Object, long)'> (0x0000000635ef5e08) 
thrown [src/hotspot/share/interpreter/linkResolver.cpp, line 772]
Event: 0.089 Thread 0x00007fb2a002e790 Exception <a 'java/lang/NoSuchMethodError'{0x0000000635ef9ec8}: 'java.lang.Object java.lang.invoke.Invokers$Holder.linkToTargetMethod(java.lang.Object, long, java.lang.Object)'> (0x0000000635ef9ec8) 
thrown [src/hotspot/share/interpreter/linkResolver.cpp, line 772]
Event: 0.089 Thread 0x00007fb2a002e790 Exception <a 'java/lang/NoSuchMethodError'{0x0000000635f01110}: 'int java.lang.invoke.DirectMethodHandle$Holder.invokeStaticInit(java.lang.Object, java.lang.Object, java.lang.Object, long)'> (0x0000000635f01110) 
thrown [src/hotspot/share/interpreter/linkResolver.cpp, line 772]
Event: 0.105 Thread 0x00007fb2a002e790 Exception <a 'java/lang/NoSuchMethodError'{0x0000000635844c88}: 'int java.lang.invoke.Invokers$Holder.invokeExact_MT(java.lang.Object, java.lang.Object)'> (0x0000000635844c88) 
thrown [src/hotspot/share/interpreter/linkResolver.cpp, line 772]
Event: 0.137 Thread 0x00007fb2a002e790 Exception <a 'java/lang/NoSuchMethodError'{0x0000000635890f88}: 'java.lang.Object java.lang.invoke.DirectMethodHandle$Holder.invokeStaticInit(java.lang.Object, int)'> (0x0000000635890f88) 
thrown [src/hotspot/share/interpreter/linkResolver.cpp, line 772]
Event: 0.167 Thread 0x00007fb2a002e790 Exception <a 'java/lang/NoSuchMethodError'{0x0000000635a9d440}: 'java.lang.Object java.lang.invoke.DirectMethodHandle$Holder.newInvokeSpecial(java.lang.Object, long)'> (0x0000000635a9d440) 
thrown [src/hotspot/share/interpreter/linkResolver.cpp, line 772]
Event: 0.224 Thread 0x00007fb2a002e790 Exception <a 'java/lang/NoSuchMethodError'{0x00000006354b9738}: 'void java.lang.System.load(java.lang.String, java.lang.Class)'> (0x00000006354b9738) 
thrown [src/hotspot/share/interpreter/linkResolver.cpp, line 772]
Event: 0.225 Thread 0x00007fb2a002e790 Exception <a 'java/lang/NoSuchMethodError'{0x00000006354bc168}: 'void java.lang.System.loadLibrary(java.lang.String, java.lang.Class)'> (0x00000006354bc168) 
thrown [src/hotspot/share/interpreter/linkResolver.cpp, line 772]
Event: 0.425 Thread 0x00007fb2a002e790 Exception <a 'java/lang/NoSuchMethodError'{0x00000006360f4150}: 'void java.lang.invoke.Invokers$Holder.invokeExact_MT(java.lang.Object, java.lang.Object, java.lang.Object, java.lang.Object)'> (0x00000006360f4150) 
thrown [src/hotspot/share/interpreter/linkResolver.cpp, line 772]
Event: 0.428 Thread 0x00007fb2a002e790 Exception <a 'java/lang/NoSuchMethodError'{0x000000063612d5f0}: 'float java.lang.invoke.DelegatingMethodHandle$Holder.reinvoke_L(java.lang.Object, java.lang.Object)'> (0x000000063612d5f0) 
thrown [src/hotspot/share/interpreter/linkResolver.cpp, line 772]
Event: 0.429 Thread 0x00007fb2a002e790 Exception <a 'java/lang/NoSuchMethodError'{0x0000000636137718}: 'void java.lang.invoke.DelegatingMethodHandle$Holder.reinvoke_L(java.lang.Object, java.lang.Object, float)'> (0x0000000636137718) 
thrown [src/hotspot/share/interpreter/linkResolver.cpp, line 772]

ZGC Phase Switch (0 events):
No events

VM Operations (20 events):
Event: 0.042 Executing non-safepoint VM operation: HandshakeAllThreads (Deoptimize) done
Event: 0.054 Executing non-safepoint VM operation: HandshakeAllThreads (Deoptimize)
Event: 0.054 Executing non-safepoint VM operation: HandshakeAllThreads (Deoptimize) done
Event: 0.086 Executing non-safepoint VM operation: HandshakeAllThreads (Deoptimize)
Event: 0.086 Executing non-safepoint VM operation: HandshakeAllThreads (Deoptimize) done
Event: 0.322 Executing non-safepoint VM operation: HandshakeAllThreads (Deoptimize)
Event: 0.322 Executing non-safepoint VM operation: HandshakeAllThreads (Deoptimize) done
Event: 0.416 Executing safepoint VM operation: G1CollectForAllocation (G1 Evacuation Pause)
Event: 0.418 Executing safepoint VM operation: G1CollectForAllocation (G1 Evacuation Pause) done
Event: 0.423 Executing non-safepoint VM operation: HandshakeAllThreads (Deoptimize)
Event: 0.423 Executing non-safepoint VM operation: HandshakeAllThreads (Deoptimize) done
Event: 1.423 Executing safepoint VM operation: Cleanup
Event: 1.423 Executing safepoint VM operation: Cleanup done
Event: 2.423 Executing safepoint VM operation: Cleanup
Event: 2.423 Executing safepoint VM operation: Cleanup done
Event: 3.423 Executing safepoint VM operation: Cleanup
Event: 3.423 Executing safepoint VM operation: Cleanup done
Event: 4.423 Executing safepoint VM operation: Cleanup
Event: 4.423 Executing safepoint VM operation: Cleanup done
Event: 4.512 Executing safepoint VM operation: Exit

Memory protections (17 events):
Event: 0.002 Protecting memory [0x00007fb2a808d000,0x00007fb2a8091000] with protection modes 0
Event: 0.014 Protecting memory [0x00007fb280901000,0x00007fb280905000] with protection modes 0
Event: 0.014 Protecting memory [0x00007fb280801000,0x00007fb280805000] with protection modes 0
Event: 0.014 Protecting memory [0x00007fb280701000,0x00007fb280705000] with protection modes 0
Event: 0.014 Protecting memory [0x00007fb280601000,0x00007fb280605000] with protection modes 0
Event: 0.014 Protecting memory [0x00007fb280501000,0x00007fb280505000] with protection modes 0
Event: 0.014 Protecting memory [0x00007fb280401000,0x00007fb280405000] with protection modes 0
Event: 0.014 Protecting memory [0x00007fb280301000,0x00007fb280305000] with protection modes 0
Event: 0.019 Protecting memory [0x00007fb280131000,0x00007fb280135000] with protection modes 0
Event: 0.019 Protecting memory [0x00007fb280031000,0x00007fb280035000] with protection modes 0
Event: 0.020 Protecting memory [0x00007fb271f00000,0x00007fb271f04000] with protection modes 0
Event: 0.021 Protecting memory [0x00007fb271e00000,0x00007fb271e04000] with protection modes 0
Event: 0.087 Protecting memory [0x00007fb2718be000,0x00007fb2718c2000] with protection modes 0
Event: 0.104 Protecting memory [0x00007fb270d00000,0x00007fb270d04000] with protection modes 0
Event: 0.172 Protecting memory [0x00007fb21c043000,0x00007fb21c047000] with protection modes 0
Event: 0.316 Protecting memory [0x00007fb196f90000,0x00007fb196f94000] with protection modes 0
Event: 4.508 Protecting memory [0x00007fb280031000,0x00007fb280035000] with protection modes 0

Nmethod flushes (0 events):
No events

Events (20 events):
Event: 0.014 Thread 0x00007fb2a002e790 Thread added: 0x00007fb2a0141820
Event: 0.014 Thread 0x00007fb2a002e790 Thread added: 0x00007fb2a0142d90
Event: 0.014 Thread 0x00007fb2a002e790 Thread added: 0x00007fb2a0144560
Event: 0.014 Thread 0x00007fb2a002e790 Thread added: 0x00007fb2a0145ba0
Event: 0.014 Thread 0x00007fb2a002e790 Thread added: 0x00007fb2a0147140
Event: 0.014 Thread 0x00007fb2a002e790 Thread added: 0x00007fb2a0148d00
Event: 0.014 Thread 0x00007fb2a002e790 Thread added: 0x00007fb2a014a3c0
Event: 0.019 Thread 0x00007fb2a014a3c0 Thread added: 0x00007fb1f0055030
Event: 0.019 Thread 0x00007fb2a014a3c0 Thread added: 0x00007fb1f0056310
Event: 0.020 Thread 0x00007fb2a002e790 Thread added: 0x00007fb2a0183b70
Event: 0.021 Thread 0x00007fb2a002e790 Thread added: 0x00007fb2a0186bf0
Event: 0.087 Thread 0x00007fb1f0056310 Thread added: 0x00007fb1e8097f90
Event: 0.104 Thread 0x00007fb1f0056310 Thread added: 0x00007fb1e80f39f0
Event: 0.172 Thread 0x00007fb2a002e790 Thread added: 0x00007fb2a09faa20
Event: 0.316 Thread 0x00007fb2a002e790 Thread added: 0x00007fb2a315ba50
Event: 0.551 Thread 0x00007fb1e8097f90 Thread exited: 0x00007fb1e8097f90
Event: 2.948 Thread 0x00007fb1e80f39f0 Thread exited: 0x00007fb1e80f39f0
Event: 4.047 Thread 0x00007fb1f0056310 Thread exited: 0x00007fb1f0056310
Event: 4.508 Thread 0x00007fb2a0144560 Thread added: 0x00007fb200001080
Event: 4.512 Thread 0x00007fb200001080 Before exit entered


Dynamic libraries:
617800000-636400000 rw-p 00000000 00:00 0 
636400000-7ffc00000 ---p 00000000 00:00 0 
7ffc00000-7ffd0d000 rw-p 00cdc000 00:49 7160503                          /usr/lib/jvm/java-21-openjdk/lib/server/classes.jsa
7ffd0d000-800000000 rw-p 00000000 00:00 0 
560df0211000-560df0212000 r-xp 00000000 00:49 7160208                    /usr/lib/jvm/java-21-openjdk/bin/java
560df0212000-560df0213000 r--p 00001000 00:49 7160208                    /usr/lib/jvm/java-21-openjdk/bin/java
560df0213000-560df0214000 r--p 00001000 00:49 7160208                    /usr/lib/jvm/java-21-openjdk/bin/java
560df0214000-560df0215000 rw-p 00002000 00:49 7160208                    /usr/lib/jvm/java-21-openjdk/bin/java
560df795d000-560df7989000 rw-p 00000000 00:00 0                          [heap]
7fb160000000-7fb160021000 rw-p 00000000 00:00 0 
7fb160021000-7fb164000000 ---p 00000000 00:00 0 
7fb164000000-7fb164021000 rw-p 00000000 00:00 0 
7fb164021000-7fb168000000 ---p 00000000 00:00 0 
7fb168000000-7fb168021000 rw-p 00000000 00:00 0 
7fb168021000-7fb16c000000 ---p 00000000 00:00 0 
7fb16c000000-7fb16c021000 rw-p 00000000 00:00 0 
7fb16c021000-7fb170000000 ---p 00000000 00:00 0 
7fb170000000-7fb170021000 rw-p 00000000 00:00 0 
7fb170021000-7fb174000000 ---p 00000000 00:00 0 
7fb174000000-7fb174021000 rw-p 00000000 00:00 0 
7fb174021000-7fb178000000 ---p 00000000 00:00 0 
7fb178000000-7fb178021000 rw-p 00000000 00:00 0 
7fb178021000-7fb17c000000 ---p 00000000 00:00 0 
7fb17c000000-7fb17c021000 rw-p 00000000 00:00 0 
7fb17c021000-7fb180000000 ---p 00000000 00:00 0 
7fb180000000-7fb180021000 rw-p 00000000 00:00 0 
7fb180021000-7fb184000000 ---p 00000000 00:00 0 
7fb184000000-7fb184021000 rw-p 00000000 00:00 0 
7fb184021000-7fb188000000 ---p 00000000 00:00 0 
7fb188000000-7fb188021000 rw-p 00000000 00:00 0 
7fb188021000-7fb18c000000 ---p 00000000 00:00 0 
7fb18c000000-7fb18cbdf000 rw-p 00000000 00:00 0 
7fb18cbdf000-7fb190000000 ---p 00000000 00:00 0 
7fb190000000-7fb190073000 rw-p 00000000 00:00 0 
7fb190073000-7fb194000000 ---p 00000000 00:00 0 
7fb195000000-7fb195a00000 rwxp 00000000 00:00 0 
7fb195af9000-7fb195d9c000 rw-s 00000000 00:01 35989                      /memfd:mesa-shared (deleted)
7fb195d9c000-7fb1967a6000 rw-p 00000000 00:00 0 
7fb1967a6000-7fb196f90000 rw-p 00000000 00:00 0 
7fb196f90000-7fb196f94000 ---p 00000000 00:00 0 
7fb196f94000-7fb197090000 rw-p 00000000 00:00 0 
7fb197090000-7fb19712b000 r--p 00000000 00:27 257824                     /usr/local/share/fonts/google-noto/NotoSans-Bold.ttf
7fb19712b000-7fb1971c6000 r--p 00000000 00:27 257824                     /usr/local/share/fonts/google-noto/NotoSans-Bold.ttf
7fb1971c6000-7fb1971c7000 r--s 00000000 00:23 7387248                    /home/bazzite/.cache/fontconfig/d7a569af8e223acb75bc30910d7ef9ed-le64.cache-9
7fb1971c7000-7fb1971c9000 r--s 00000000 00:23 12865309                   /home/bazzite/.cache/fontconfig/6b60f0e179979a2c9a4d5c4f7eefb67f-le64.cache-9
7fb1971c9000-7fb1971ca000 r--s 00000000 00:23 7387197                    /home/bazzite/.cache/fontconfig/fc75e9a4611ba4d5d1230dbca349abc2-le64.cache-9
7fb1971ca000-7fb1971cb000 r--s 00000000 00:23 12299779                   /home/bazzite/.cache/fontconfig/23ea6065a6d55ece5eb71d63bc4c9c7d-le64.cache-9
7fb1971cb000-7fb1971e8000 r--s 00000000 00:49 3822094                    /usr/lib/fontconfig/cache/123d59b33ddb0e7c76bb24004bd5cfac-le64.cache-9
7fb1971e8000-7fb1971ed000 r--s 00000000 00:49 1082902                    /usr/lib/fontconfig/cache/d63f98f14a274bd69a5425fc33aaac6b-le64.cache-9
7fb1971ed000-7fb1971f6000 r--s 00000000 00:49 3822092                    /usr/lib/fontconfig/cache/6ee3103884cce7b2fe6f32eba9089175-le64.cache-9
7fb1971f6000-7fb1971ff000 r--s 00000000 00:49 1085967                    /usr/lib/fontconfig/cache/6cdba951d5a16891afaaf2fee13e80e7-le64.cache-9
7fb1971ff000-7fb197202000 r--s 00000000 00:49 1085965                    /usr/lib/fontconfig/cache/feeafda3627faad7596d025cfacea73f-le64.cache-9
7fb197202000-7fb197205000 r--s 00000000 00:49 1082900                    /usr/lib/fontconfig/cache/18f520a508f13854f77176faf7889ae9-le64.cache-9
7fb197205000-7fb19720a000 r--s 00000000 00:49 1082896                    /usr/lib/fontconfig/cache/6ec93c29005712963aaa22af1809da14-le64.cache-9
7fb19720a000-7fb197227000 r--s 00000000 00:49 1082894                    /usr/lib/fontconfig/cache/876d1e5ed346defde032494815bfb839-le64.cache-9
7fb197227000-7fb197228000 r--s 00000000 00:49 1082892                    /usr/lib/fontconfig/cache/33c6bbd909a8f10851a4056c73c86d5d-le64.cache-9
7fb197228000-7fb19722d000 r--s 00000000 00:49 1082890                    /usr/lib/fontconfig/cache/c7ea5600018b5457f90a75a411dca181-le64.cache-9
7fb19722d000-7fb19722e000 r--s 00000000 00:49 1082888                    /usr/lib/fontconfig/cache/d6ea941674ae40559d2ff3d3b7033dc5-le64.cache-9
7fb19722e000-7fb197230000 r--s 00000000 00:49 1082886                    /usr/lib/fontconfig/cache/ffb01ab76ea797771fc7a567b58060b1-le64.cache-9
7fb197230000-7fb197231000 r--s 00000000 00:49 1082884                    /usr/lib/fontconfig/cache/e0ab052bd3d44540ac0679a31c37147f-le64.cache-9
7fb197231000-7fb197233000 r--s 00000000 00:49 1082882                    /usr/lib/fontconfig/cache/d08f6a95540f65647c5ddb26bc5ee44f-le64.cache-9
7fb197233000-7fb197238000 r--s 00000000 00:49 1082880                    /usr/lib/fontconfig/cache/c49556cff7e1a89b25831daeff5ebdc9-le64.cache-9
7fb197238000-7fb19723a000 r--s 00000000 00:49 1082878                    /usr/lib/fontconfig/cache/8705ab89d754816d59fecae72f983cbb-le64.cache-9
7fb19723a000-7fb19723b000 r--s 00000000 00:49 1082876                    /usr/lib/fontconfig/cache/e1d7114fade3104855b784d52043788b-le64.cache-9
7fb19723b000-7fb19723e000 r--s 00000000 00:49 1082874                    /usr/lib/fontconfig/cache/9df9a62f46596efacd17df59faea9e12-le64.cache-9
7fb19723e000-7fb197247000 r--s 00000000 00:49 1082868                    /usr/lib/fontconfig/cache/2c94c36db93ab6a338646c01dbecb342-le64.cache-9
7fb197247000-7fb1972a9000 r--s 00000000 00:49 1082864                    /usr/lib/fontconfig/cache/b57f9a2bb32865a9d06aed058fcf9161-le64.cache-9
7fb1972a9000-7fb1972bc000 r--s 00000000 00:49 1082862                    /usr/lib/fontconfig/cache/225b3e7a21154b8bedfc9509e8cccdc5-le64.cache-9
7fb1972bc000-7fb1972c7000 r--s 00000000 00:49 1082860                    /usr/lib/fontconfig/cache/614ccbc80639b3a6f43af8bfce0af87e-le64.cache-9
7fb1972c7000-7fb197321000 r--s 00000000 00:49 1082852                    /usr/lib/fontconfig/cache/b73e02d9d19db59b33300e44f1f51e49-le64.cache-9
7fb197321000-7fb197b22000 rw-p 00000000 00:00 0 
7fb197b8b000-7fb197e2e000 rw-s 00000000 00:01 32113                      /memfd:mesa-shared (deleted)
7fb197e2e000-7fb198251000 rw-p 00000000 00:00 0 
7fb198251000-7fb1984f4000 rw-s 00000000 00:01 33165                      /memfd:mesa-shared (deleted)
7fb1984f4000-7fb1985c3000 rw-p 00000000 00:00 0 
7fb1985c3000-7fb198dc4000 rw-p 00000000 00:00 0 
7fb198dc4000-7fb198f05000 rw-s 00000000 00:23 5884                       /home/bazzite/.cache/mesa_shader_cache/index
7fb198f05000-7fb1a7f23000 rw-p 00000000 00:00 0 
7fb1a7f23000-7fb1abd1a000 r--p 00000000 00:49 7154802                    /usr/lib64/libLLVM.so.21.1
7fb1abd1a000-7fb1b05a3000 r-xp 03df6000 00:49 7154802                    /usr/lib64/libLLVM.so.21.1
7fb1b05a3000-7fb1b07af000 r--p 0867e000 00:49 7154802                    /usr/lib64/libLLVM.so.21.1
7fb1b07af000-7fb1b07f4000 rw-p 08889000 00:49 7154802                    /usr/lib64/libLLVM.so.21.1
7fb1b07f4000-7fb1b0899000 rw-p 00000000 00:00 0 
7fb1b0899000-7fb1b260b000 r-xp 00000000 00:49 7154882                    /usr/lib64/libgallium-25.3.6.so
7fb1b260b000-7fb1b3724000 r--p 01d72000 00:49 7154882                    /usr/lib64/libgallium-25.3.6.so
7fb1b3724000-7fb1b387b000 r--p 02e8b000 00:49 7154882                    /usr/lib64/libgallium-25.3.6.so
7fb1b387b000-7fb1b38a9000 rw-p 02fe2000 00:49 7154882                    /usr/lib64/libgallium-25.3.6.so
7fb1b38a9000-7fb1b3a74000 rw-p 00000000 00:00 0 
7fb1b3a74000-7fb1b3d1f000 r--p 00000000 00:27 30957                      /usr/lib64/libnvidia-gpucomp.so.580.159.04
7fb1b3d1f000-7fb1b6e0d000 r-xp 002ab000 00:27 30957                      /usr/lib64/libnvidia-gpucomp.so.580.159.04
7fb1b6e0d000-7fb1b7c7d000 r--p 03399000 00:27 30957                      /usr/lib64/libnvidia-gpucomp.so.580.159.04
7fb1b7c7d000-7fb1b7c7e000 ---p 04209000 00:27 30957                      /usr/lib64/libnvidia-gpucomp.so.580.159.04
7fb1b7c7e000-7fb1b7e55000 r--p 04209000 00:27 30957                      /usr/lib64/libnvidia-gpucomp.so.580.159.04
7fb1b7e55000-7fb1b7f60000 rw-p 043e0000 00:27 30957                      /usr/lib64/libnvidia-gpucomp.so.580.159.04
7fb1b7f60000-7fb1b8021000 rw-p 00000000 00:00 0 
7fb1b8021000-7fb1bc000000 ---p 00000000 00:00 0 
7fb1bc000000-7fb1bc07e000 rw-p 00000000 00:00 0 
7fb1bc07e000-7fb1c0000000 ---p 00000000 00:00 0 
7fb1c0000000-7fb1c0002000 r--s 00000000 00:49 1082872                    /usr/lib/fontconfig/cache/81f440aff8695e62538f4d4aa4dda1b9-le64.cache-9
7fb1c0002000-7fb1c0004000 r--s 00000000 00:49 1082870                    /usr/lib/fontconfig/cache/9ba4c59e0897ff97e9ff83765e36aba0-le64.cache-9
7fb1c0004000-7fb1c0005000 r--s 00000000 00:49 1082866                    /usr/lib/fontconfig/cache/149e020e1ffa29da6638c239e39df2a6-le64.cache-9
7fb1c0005000-7fb1c001d000 r--s 00000000 00:49 1082858                    /usr/lib/fontconfig/cache/1f8920c8d92ca109b30bca641140eeb4-le64.cache-9
7fb1c001d000-7fb1c001e000 r--s 00000000 00:49 1082856                    /usr/lib/fontconfig/cache/b5adcb31ec90862990a73c9baa385b38-le64.cache-9
7fb1c001e000-7fb1c0027000 r--s 00000000 00:49 1082850                    /usr/lib/fontconfig/cache/27ae899a46ebbb03076b2733a727ba91-le64.cache-9
7fb1c0027000-7fb1c002b000 r--s 00000000 00:49 1082846                    /usr/lib/fontconfig/cache/44d36ec332e97361f14b43118a6bb4fa-le64.cache-9
7fb1c002b000-7fb1c0034000 r--s 00000000 00:49 1082842                    /usr/lib/fontconfig/cache/fc4098c50360d5dff771e984a783ba6f-le64.cache-9
7fb1c0034000-7fb1c0037000 r--s 00000000 00:49 1082840                    /usr/lib/fontconfig/cache/f068ed1aed4cb4b8fd15a017c476fecc-le64.cache-9
7fb1c0037000-7fb1c003a000 r--s 00000000 00:49 1082838                    /usr/lib/fontconfig/cache/c8fe155264990cf0dc8a423973091113-le64.cache-9
7fb1c003a000-7fb1c003d000 r--s 00000000 00:49 1082836                    /usr/lib/fontconfig/cache/61ea0c41d2b57119f60ea7e4839106cf-le64.cache-9
7fb1c003e000-7fb1c003f000 r--p 00000000 00:00 0 
7fb1c003f000-7fb1c0040000 r-xp 00000000 00:00 0 
7fb1c0040000-7fb1c0041000 r--p 00000000 00:00 0 
7fb1c0041000-7fb1c0042000 r-xp 00000000 00:00 0 
7fb1c0042000-7fb1c0043000 rw-p 00000000 00:00 0 
7fb1c0043000-7fb1c0044000 r--p 00000000 00:00 0 
7fb1c0044000-7fb1c0045000 r-xp 00000000 00:00 0 
7fb1c0045000-7fb1c0046000 r--p 00000000 00:00 0 
7fb1c0046000-7fb1c0047000 r-xp 00000000 00:00 0 
7fb1c0047000-7fb1c0048000 rw-p 00000000 00:00 0 
7fb1c0048000-7fb1c0049000 r--p 00000000 00:00 0 
7fb1c0049000-7fb1c004a000 r-xp 00000000 00:00 0 
7fb1c004a000-7fb1c004b000 rw-p 00000000 00:00 0 
7fb1c004b000-7fb1c004c000 r--p 00000000 00:00 0 
7fb1c004c000-7fb1c004d000 r-xp 00000000 00:00 0 
7fb1c004d000-7fb1c004e000 r--p 00000000 00:00 0 
7fb1c004e000-7fb1c004f000 r-xp 00000000 00:00 0 
7fb1c004f000-7fb1c0050000 r--p 00000000 00:00 0 
7fb1c0050000-7fb1c0051000 r-xp 00000000 00:00 0 
7fb1c0051000-7fb1c0052000 rw-p 00000000 00:00 0 
7fb1c0052000-7fb1c0053000 r--p 00000000 00:00 0 
7fb1c0053000-7fb1c0054000 r-xp 00000000 00:00 0 
7fb1c0054000-7fb1c0069000 r-xp 00000000 00:38 2567                       /tmp/lwjgl_bazzite/3.4.1+2/x64/liblwjgl_opengl.so
7fb1c0069000-7fb1c00ac000 r--p 00015000 00:38 2567                       /tmp/lwjgl_bazzite/3.4.1+2/x64/liblwjgl_opengl.so
7fb1c00ac000-7fb1c00ad000 r--p 00057000 00:38 2567                       /tmp/lwjgl_bazzite/3.4.1+2/x64/liblwjgl_opengl.so
7fb1c00ad000-7fb1c00ae000 rw-p 00058000 00:38 2567                       /tmp/lwjgl_bazzite/3.4.1+2/x64/liblwjgl_opengl.so
7fb1c00ae000-7fb1c08af000 rw-p 00000000 00:00 0 
7fb1c08af000-7fb1c08c4000 r-xp 00000000 00:49 590540                     /usr/lib64/libtinfo.so.6.5
7fb1c08c4000-7fb1c08d7000 r--p 00015000 00:49 590540                     /usr/lib64/libtinfo.so.6.5
7fb1c08d7000-7fb1c08db000 r--p 00028000 00:49 590540                     /usr/lib64/libtinfo.so.6.5
7fb1c08db000-7fb1c08dc000 rw-p 0002c000 00:49 590540                     /usr/lib64/libtinfo.so.6.5
7fb1c08dc000-7fb1c08e1000 r-xp 00000000 00:49 1067372                    /usr/lib64/libpciaccess.so.0.11.1
7fb1c08e1000-7fb1c08e4000 r--p 00005000 00:49 1067372                    /usr/lib64/libpciaccess.so.0.11.1
7fb1c08e4000-7fb1c08e5000 r--p 00008000 00:49 1067372                    /usr/lib64/libpciaccess.so.0.11.1
7fb1c08e5000-7fb1c08e6000 rw-p 00000000 00:00 0 
7fb1c08e6000-7fb1c0908000 r-xp 00000000 00:49 1066457                    /usr/lib64/libedit.so.0.0.76
7fb1c0908000-7fb1c091a000 r--p 00022000 00:49 1066457                    /usr/lib64/libedit.so.0.0.76
7fb1c091a000-7fb1c091c000 r--p 00034000 00:49 1066457                    /usr/lib64/libedit.so.0.0.76
7fb1c091c000-7fb1c091d000 rw-p 00036000 00:49 1066457                    /usr/lib64/libedit.so.0.0.76
7fb1c091d000-7fb1c0920000 rw-p 00000000 00:00 0 
7fb1c0920000-7fb1c0938000 r-xp 00000000 00:49 7151765                    /usr/lib64/libdrm_intel.so.1.131.0
7fb1c0938000-7fb1c0944000 r--p 00018000 00:49 7151765                    /usr/lib64/libdrm_intel.so.1.131.0
7fb1c0944000-7fb1c0945000 r--p 00023000 00:49 7151765                    /usr/lib64/libdrm_intel.so.1.131.0
7fb1c0945000-7fb1c0946000 rw-p 00024000 00:49 7151765                    /usr/lib64/libdrm_intel.so.1.131.0
7fb1c0946000-7fb1c095a000 r-xp 00000000 00:49 7151795                    /usr/lib64/libelf-0.195.so
7fb1c095a000-7fb1c0961000 r--p 00014000 00:49 7151795                    /usr/lib64/libelf-0.195.so
7fb1c0961000-7fb1c0962000 r--p 0001a000 00:49 7151795                    /usr/lib64/libelf-0.195.so
7fb1c0962000-7fb1c0963000 rw-p 00000000 00:00 0 
7fb1c0963000-7fb1c096a000 r-xp 00000000 00:49 7151763                    /usr/lib64/libdrm_amdgpu.so.1.131.0
7fb1c096a000-7fb1c096f000 r--p 00007000 00:49 7151763                    /usr/lib64/libdrm_amdgpu.so.1.131.0
7fb1c096f000-7fb1c0970000 r--p 0000b000 00:49 7151763                    /usr/lib64/libdrm_amdgpu.so.1.131.0
7fb1c0970000-7fb1c0971000 rw-p 00000000 00:00 0 
7fb1c0971000-7fb1c0972000 r-xp 00000000 00:49 1066452                    /usr/lib64/libxshmfence.so.1.0.0
7fb1c0972000-7fb1c0973000 r--p 00001000 00:49 1066452                    /usr/lib64/libxshmfence.so.1.0.0
7fb1c0973000-7fb1c0974000 r--p 00001000 00:49 1066452                    /usr/lib64/libxshmfence.so.1.0.0
7fb1c0974000-7fb1c0975000 rw-p 00002000 00:49 1066452                    /usr/lib64/libxshmfence.so.1.0.0
7fb1c0975000-7fb1c0978000 r-xp 00000000 00:49 1066406                    /usr/lib64/libxcb-sync.so.1.0.0
7fb1c0978000-7fb1c097b000 r--p 00003000 00:49 1066406                    /usr/lib64/libxcb-sync.so.1.0.0
7fb1c097b000-7fb1c097c000 r--p 00006000 00:49 1066406                    /usr/lib64/libxcb-sync.so.1.0.0
7fb1c097c000-7fb1c097d000 rw-p 00007000 00:49 1066406                    /usr/lib64/libxcb-sync.so.1.0.0
7fb1c097d000-7fb1c0985000 r-xp 00000000 00:49 1066638                    /usr/lib64/libsensors.so.4.5.0
7fb1c0985000-7fb1c098a000 r--p 00008000 00:49 1066638                    /usr/lib64/libsensors.so.4.5.0
7fb1c098a000-7fb1c098b000 r--p 0000d000 00:49 1066638                    /usr/lib64/libsensors.so.4.5.0
7fb1c098b000-7fb1c098c000 rw-p 0000e000 00:49 1066638                    /usr/lib64/libsensors.so.4.5.0
7fb1c098c000-7fb1c0a8f000 r-xp 00000000 00:49 7151966                    /usr/lib64/libSPIRV-Tools.so
7fb1c0a8f000-7fb1c0b1e000 r--p 00103000 00:49 7151966                    /usr/lib64/libSPIRV-Tools.so
7fb1c0b1e000-7fb1c0b21000 r--p 00192000 00:49 7151966                    /usr/lib64/libSPIRV-Tools.so
7fb1c0b21000-7fb1c0b22000 rw-p 00195000 00:49 7151966                    /usr/lib64/libSPIRV-Tools.so
7fb1c0b22000-7fb1c0bd2000 r-xp 00000000 00:49 590585                     /usr/lib64/libzstd.so.1.5.7
7fb1c0bd2000-7fb1c0be3000 r--p 000b0000 00:49 590585                     /usr/lib64/libzstd.so.1.5.7
7fb1c0be3000-7fb1c0be4000 r--p 000c0000 00:49 590585                     /usr/lib64/libzstd.so.1.5.7
7fb1c0be4000-7fb1c0be5000 rw-p 00000000 00:00 0 
7fb1c0be5000-7fb1c0be6000 r-xp 00000000 00:49 1066390                    /usr/lib64/libxcb-present.so.0.0.0
7fb1c0be6000-7fb1c0be8000 r--p 00001000 00:49 1066390                    /usr/lib64/libxcb-present.so.0.0.0
7fb1c0be8000-7fb1c0be9000 r--p 00002000 00:49 1066390                    /usr/lib64/libxcb-present.so.0.0.0
7fb1c0be9000-7fb1c0bea000 rw-p 00003000 00:49 1066390                    /usr/lib64/libxcb-present.so.0.0.0
7fb1c0bea000-7fb1c0bec000 r-xp 00000000 00:49 1066386                    /usr/lib64/libxcb-dri3.so.0.1.0
7fb1c0bec000-7fb1c0bee000 r--p 00002000 00:49 1066386                    /usr/lib64/libxcb-dri3.so.0.1.0
7fb1c0bee000-7fb1c0bef000 r--p 00004000 00:49 1066386                    /usr/lib64/libxcb-dri3.so.0.1.0
7fb1c0bef000-7fb1c0bf0000 rw-p 00005000 00:49 1066386                    /usr/lib64/libxcb-dri3.so.0.1.0
7fb1c0bf0000-7fb1c0bf3000 r-xp 00000000 00:49 1066410                    /usr/lib64/libxcb-xfixes.so.0.0.0
7fb1c0bf3000-7fb1c0bf7000 r--p 00003000 00:49 1066410                    /usr/lib64/libxcb-xfixes.so.0.0.0
7fb1c0bf7000-7fb1c0bf8000 r--p 00007000 00:49 1066410                    /usr/lib64/libxcb-xfixes.so.0.0.0
7fb1c0bf8000-7fb1c0bf9000 rw-p 00008000 00:49 1066410                    /usr/lib64/libxcb-xfixes.so.0.0.0
7fb1c0bf9000-7fb1c0bff000 r-xp 00000000 00:49 1066392                    /usr/lib64/libxcb-randr.so.0.1.0
7fb1c0bff000-7fb1c0c09000 r--p 00006000 00:49 1066392                    /usr/lib64/libxcb-randr.so.0.1.0
7fb1c0c09000-7fb1c0c0a000 r--p 00010000 00:49 1066392                    /usr/lib64/libxcb-randr.so.0.1.0
7fb1c0c0a000-7fb1c0c0b000 rw-p 00011000 00:49 1066392                    /usr/lib64/libxcb-randr.so.0.1.0
7fb1c0c0b000-7fb1c0c0c000 r-xp 00000000 00:49 7151793                    /usr/lib64/libX11-xcb.so.1.0.0
7fb1c0c0c000-7fb1c0c0d000 r--p 00001000 00:49 7151793                    /usr/lib64/libX11-xcb.so.1.0.0
7fb1c0c0d000-7fb1c0c0e000 r--p 00001000 00:49 7151793                    /usr/lib64/libX11-xcb.so.1.0.0
7fb1c0c0e000-7fb1c1531000 rw-p 00000000 00:00 0 
7fb1c1531000-7fb1c1773000 r--p 00000000 00:27 30918                      /usr/lib64/libnvidia-eglcore.so.580.159.04
7fb1c1773000-7fb1c2437000 r-xp 00242000 00:27 30918                      /usr/lib64/libnvidia-eglcore.so.580.159.04
7fb1c2437000-7fb1c34d9000 r--p 00f06000 00:27 30918                      /usr/lib64/libnvidia-eglcore.so.580.159.04
7fb1c34d9000-7fb1c34da000 ---p 01fa8000 00:27 30918                      /usr/lib64/libnvidia-eglcore.so.580.159.04
7fb1c34da000-7fb1c3652000 r--p 01fa8000 00:27 30918                      /usr/lib64/libnvidia-eglcore.so.580.159.04
7fb1c3652000-7fb1c36a6000 rw-p 02120000 00:27 30918                      /usr/lib64/libnvidia-eglcore.so.580.159.04
7fb1c36a6000-7fb1c36bc000 rw-p 00000000 00:00 0 
7fb1c36bc000-7fb1c36f0000 r--p 00000000 00:27 21359                      /usr/lib64/libEGL_nvidia.so.0
7fb1c36f0000-7fb1c3787000 r-xp 00034000 00:27 21359                      /usr/lib64/libEGL_nvidia.so.0
7fb1c3787000-7fb1c37db000 r--p 000cb000 00:27 21359                      /usr/lib64/libEGL_nvidia.so.0
7fb1c37db000-7fb1c37dc000 ---p 0011f000 00:27 21359                      /usr/lib64/libEGL_nvidia.so.0
7fb1c37dc000-7fb1c37e4000 r--p 0011f000 00:27 21359                      /usr/lib64/libEGL_nvidia.so.0
7fb1c37e4000-7fb1c37fa000 rw-p 00127000 00:27 21359                      /usr/lib64/libEGL_nvidia.so.0
7fb1c37fa000-7fb1c37ff000 rw-p 00000000 00:00 0 
7fb1c37ff000-7fb1c4000000 rw-p 00000000 00:00 0 
7fb1c4000000-7fb1c4021000 rw-p 00000000 00:00 0 
7fb1c4021000-7fb1c8000000 ---p 00000000 00:00 0 
7fb1c8000000-7fb1c8087000 rw-p 00000000 00:00 0 
7fb1c8087000-7fb1cc000000 ---p 00000000 00:00 0 
7fb1cc000000-7fb1cc021000 rw-p 00000000 00:00 0 
7fb1cc021000-7fb1d0000000 ---p 00000000 00:00 0 
7fb1d0000000-7fb1d0022000 rw-p 00000000 00:00 0 
7fb1d0022000-7fb1d4000000 ---p 00000000 00:00 0 
7fb1d4000000-7fb1d41ec000 rw-p 00000000 00:00 0 
7fb1d41ec000-7fb1d8000000 ---p 00000000 00:00 0 
7fb1d8000000-7fb1d8033000 rw-p 00000000 00:00 0 
7fb1d8033000-7fb1dc000000 ---p 00000000 00:00 0 
7fb1dc000000-7fb1dc021000 rw-p 00000000 00:00 0 
7fb1dc021000-7fb1e0000000 ---p 00000000 00:00 0 
7fb1e0000000-7fb1e0021000 rw-p 00000000 00:00 0 
7fb1e0021000-7fb1e4000000 ---p 00000000 00:00 0 
7fb1e4000000-7fb1e4213000 rw-p 00000000 00:00 0 
7fb1e4213000-7fb1e8000000 ---p 00000000 00:00 0 
7fb1e8000000-7fb1e8108000 rw-p 00000000 00:00 0 
7fb1e8108000-7fb1ec000000 ---p 00000000 00:00 0 
7fb1ec000000-7fb1ec351000 rw-p 00000000 00:00 0 
7fb1ec351000-7fb1f0000000 ---p 00000000 00:00 0 
7fb1f0000000-7fb1f0163000 rw-p 00000000 00:00 0 
7fb1f0163000-7fb1f4000000 ---p 00000000 00:00 0 
7fb1f4000000-7fb1f4021000 rw-p 00000000 00:00 0 
7fb1f4021000-7fb1f8000000 ---p 00000000 00:00 0 
7fb1f8000000-7fb1f8021000 rw-p 00000000 00:00 0 
7fb1f8021000-7fb1fc000000 ---p 00000000 00:00 0 
7fb1fc000000-7fb1fc021000 rw-p 00000000 00:00 0 
7fb1fc021000-7fb200000000 ---p 00000000 00:00 0 
7fb200000000-7fb200021000 rw-p 00000000 00:00 0 
7fb200021000-7fb204000000 ---p 00000000 00:00 0 
7fb204000000-7fb204021000 rw-p 00000000 00:00 0 
7fb204021000-7fb208000000 ---p 00000000 00:00 0 
7fb208000000-7fb208001000 r--s 00000000 00:49 1082854                    /usr/lib/fontconfig/cache/e7c90c5d6650b542ec5033b04921fa77-le64.cache-9
7fb208001000-7fb208029000 r-xp 00000000 00:49 7173565                    /usr/lib64/libEGL_mesa.so.0.0.0
7fb208029000-7fb208040000 r--p 00028000 00:49 7173565                    /usr/lib64/libEGL_mesa.so.0.0.0
7fb208040000-7fb20804c000 r--p 0003f000 00:49 7173565                    /usr/lib64/libEGL_mesa.so.0.0.0
7fb20804c000-7fb20804d000 rw-p 0004b000 00:49 7173565                    /usr/lib64/libEGL_mesa.so.0.0.0
7fb20804d000-7fb20806b000 r-xp 00000000 00:49 1066326                    /usr/lib64/libexpat.so.1.11.1
7fb20806b000-7fb208075000 r--p 0001e000 00:49 1066326                    /usr/lib64/libexpat.so.1.11.1
7fb208075000-7fb208077000 r--p 00027000 00:49 1066326                    /usr/lib64/libexpat.so.1.11.1
7fb208077000-7fb208078000 rw-p 00000000 00:00 0 
7fb208078000-7fb208088000 r--p 00000000 00:27 30947                      /usr/lib64/libnvidia-glsi.so.580.159.04
7fb208088000-7fb2080e8000 r-xp 00010000 00:27 30947                      /usr/lib64/libnvidia-glsi.so.580.159.04
7fb2080e8000-7fb208105000 r--p 00070000 00:27 30947                      /usr/lib64/libnvidia-glsi.so.580.159.04
7fb208105000-7fb20810b000 r--p 0008c000 00:27 30947                      /usr/lib64/libnvidia-glsi.so.580.159.04
7fb20810b000-7fb20810c000 rw-p 00092000 00:27 30947                      /usr/lib64/libnvidia-glsi.so.580.159.04
7fb20810c000-7fb208114000 rw-p 00000000 00:00 0 
7fb208114000-7fb208153000 r-xp 00000000 00:49 1070050                    /usr/lib64/libGLdispatch.so.0.0.0
7fb208153000-7fb208167000 r--p 0003f000 00:49 1070050                    /usr/lib64/libGLdispatch.so.0.0.0
7fb208167000-7fb208183000 r--p 00053000 00:49 1070050                    /usr/lib64/libGLdispatch.so.0.0.0
7fb208183000-7fb208184000 rw-p 0006f000 00:49 1070050                    /usr/lib64/libGLdispatch.so.0.0.0
7fb208184000-7fb20818c000 rw-p 00000000 00:00 0 
7fb20818c000-7fb20a190000 rw-p 00000000 00:00 0 
7fb20a190000-7fb218000000 r--p 00000000 00:49 7173786                    /usr/lib/locale/locale-archive
7fb218000000-7fb218021000 rw-p 00000000 00:00 0 
7fb218021000-7fb21c000000 ---p 00000000 00:00 0 
7fb21c000000-7fb21c001000 r--s 00000000 00:49 1082848                    /usr/lib/fontconfig/cache/a5f2dcfa2bf6574e3790e0d984f4cd62-le64.cache-9
7fb21c001000-7fb21c006000 r--s 00000000 00:49 1083501                    /usr/lib/fontconfig/cache/beeeeb3dfe132a8a0633a017c99ce0c0-le64.cache-9
7fb21c006000-7fb21c007000 r--p 00000000 00:00 0 
7fb21c007000-7fb21c008000 r-xp 00000000 00:00 0 
7fb21c008000-7fb21c009000 r--p 00000000 00:00 0 
7fb21c009000-7fb21c00a000 r-xp 00000000 00:00 0 
7fb21c00a000-7fb21c00b000 r--p 00000000 00:00 0 
7fb21c00b000-7fb21c014000 rw-s 00008000 00:01 34271                      /memfd:pipewire-memfd:flags=0x0000000f,type=2,size=65664 (deleted)
7fb21c014000-7fb21c01d000 rw-s 00000000 00:01 34271                      /memfd:pipewire-memfd:flags=0x0000000f,type=2,size=65664 (deleted)
7fb21c01d000-7fb21c026000 rw-s 00008000 00:01 34270                      /memfd:pipewire-memfd:flags=0x0000000f,type=2,size=65664 (deleted)
7fb21c026000-7fb21c033000 r-xp 00000000 00:49 7151761                    /usr/lib64/libdrm.so.2.131.0
7fb21c033000-7fb21c03b000 r--p 0000d000 00:49 7151761                    /usr/lib64/libdrm.so.2.131.0
7fb21c03b000-7fb21c03c000 r--p 00015000 00:49 7151761                    /usr/lib64/libdrm.so.2.131.0
7fb21c03c000-7fb21c03d000 rw-p 00000000 00:00 0 
7fb21c03d000-7fb21c03f000 r-xp 00000000 00:49 7154887                    /usr/lib64/libgbm.so.1.0.0
7fb21c03f000-7fb21c041000 r--p 00002000 00:49 7154887                    /usr/lib64/libgbm.so.1.0.0
7fb21c041000-7fb21c042000 r--p 00003000 00:49 7154887                    /usr/lib64/libgbm.so.1.0.0
7fb21c042000-7fb21c043000 rw-p 00004000 00:49 7154887                    /usr/lib64/libgbm.so.1.0.0
7fb21c043000-7fb21c047000 ---p 00000000 00:00 0 
7fb21c047000-7fb21c143000 rw-p 00000000 00:00 0 
7fb21c143000-7fb21c144000 r-xp 00000000 00:00 0 
7fb21c14b000-7fb21c155000 r-xp 00000000 00:49 1070058                    /usr/lib64/libEGL.so.1.1.0
7fb21c155000-7fb21c15a000 r--p 0000a000 00:49 1070058                    /usr/lib64/libEGL.so.1.1.0
7fb21c15a000-7fb21c15b000 r--p 0000e000 00:49 1070058                    /usr/lib64/libEGL.so.1.1.0
7fb21c15b000-7fb21c15c000 rw-p 0000f000 00:49 1070058                    /usr/lib64/libEGL.so.1.1.0
7fb21c15c000-7fb21c15d000 r--p 00000000 00:00 0 
7fb21c15d000-7fb21c15e000 r-xp 00000000 00:00 0 
7fb21c15e000-7fb21c167000 rw-s 00000000 00:01 34270                      /memfd:pipewire-memfd:flags=0x0000000f,type=2,size=65664 (deleted)
7fb21c167000-7fb21c1bf000 r-xp 00000000 00:49 7156432                    /usr/lib64/spa-0.2/audioconvert/libspa-audioconvert.so
7fb21c1bf000-7fb21c227000 r--p 00058000 00:49 7156432                    /usr/lib64/spa-0.2/audioconvert/libspa-audioconvert.so
7fb21c227000-7fb21c22e000 r--p 000c0000 00:49 7156432                    /usr/lib64/spa-0.2/audioconvert/libspa-audioconvert.so
7fb21c22e000-7fb21c231000 rw-p 000c7000 00:49 7156432                    /usr/lib64/spa-0.2/audioconvert/libspa-audioconvert.so
7fb21c231000-7fb21ca32000 rw-p 00000000 00:00 0 
7fb21ca32000-7fb21ca50000 r-xp 00000000 00:49 7156420                    /usr/lib64/pipewire-0.3/libpipewire-module-session-manager.so
7fb21ca50000-7fb21ca56000 r--p 0001e000 00:49 7156420                    /usr/lib64/pipewire-0.3/libpipewire-module-session-manager.so
7fb21ca56000-7fb21ca58000 r--p 00024000 00:49 7156420                    /usr/lib64/pipewire-0.3/libpipewire-module-session-manager.so
7fb21ca58000-7fb21ca59000 rw-p 00000000 00:00 0 
7fb21ca59000-7fb21ca63000 r-xp 00000000 00:49 7156402                    /usr/lib64/pipewire-0.3/libpipewire-module-metadata.so
7fb21ca63000-7fb21ca66000 r--p 0000a000 00:49 7156402                    /usr/lib64/pipewire-0.3/libpipewire-module-metadata.so
7fb21ca66000-7fb21ca67000 r--p 0000d000 00:49 7156402                    /usr/lib64/pipewire-0.3/libpipewire-module-metadata.so
7fb21ca67000-7fb21ca68000 rw-p 0000e000 00:49 7156402                    /usr/lib64/pipewire-0.3/libpipewire-module-metadata.so
7fb21ca68000-7fb21ca6c000 r-xp 00000000 00:49 7156392                    /usr/lib64/pipewire-0.3/libpipewire-module-adapter.so
7fb21ca6c000-7fb21ca6f000 r--p 00004000 00:49 7156392                    /usr/lib64/pipewire-0.3/libpipewire-module-adapter.so
7fb21ca6f000-7fb21ca70000 r--p 00007000 00:49 7156392                    /usr/lib64/pipewire-0.3/libpipewire-module-adapter.so
7fb21ca70000-7fb21ca71000 rw-p 00008000 00:49 7156392                    /usr/lib64/pipewire-0.3/libpipewire-module-adapter.so
7fb21ca71000-7fb21ca7d000 r-xp 00000000 00:49 7156394                    /usr/lib64/pipewire-0.3/libpipewire-module-client-device.so
7fb21ca7d000-7fb21ca80000 r--p 0000c000 00:49 7156394                    /usr/lib64/pipewire-0.3/libpipewire-module-client-device.so
7fb21ca80000-7fb21ca81000 r--p 0000e000 00:49 7156394                    /usr/lib64/pipewire-0.3/libpipewire-module-client-device.so
7fb21ca81000-7fb21ca82000 rw-p 0000f000 00:49 7156394                    /usr/lib64/pipewire-0.3/libpipewire-module-client-device.so
7fb21ca82000-7fb21caa6000 r-xp 00000000 00:49 7156395                    /usr/lib64/pipewire-0.3/libpipewire-module-client-node.so
7fb21caa6000-7fb21caae000 r--p 00024000 00:49 7156395                    /usr/lib64/pipewire-0.3/libpipewire-module-client-node.so
7fb21caae000-7fb21cab0000 r--p 0002c000 00:49 7156395                    /usr/lib64/pipewire-0.3/libpipewire-module-client-node.so
7fb21cab0000-7fb21cab1000 rw-p 0002e000 00:49 7156395                    /usr/lib64/pipewire-0.3/libpipewire-module-client-node.so
7fb21cab1000-7fb21cad4000 r-xp 00000000 00:49 7156409                    /usr/lib64/pipewire-0.3/libpipewire-module-protocol-native.so
7fb21cad4000-7fb21cae3000 r--p 00023000 00:49 7156409                    /usr/lib64/pipewire-0.3/libpipewire-module-protocol-native.so
7fb21cae3000-7fb21caf3000 r--p 00031000 00:49 7156409                    /usr/lib64/pipewire-0.3/libpipewire-module-protocol-native.so
7fb21caf3000-7fb21caf4000 rw-p 00041000 00:49 7156409                    /usr/lib64/pipewire-0.3/libpipewire-module-protocol-native.so
7fb21caf4000-7fb21d2f5000 rw-p 00000000 00:00 0 
7fb21d2f5000-7fb21d2f9000 r-xp 00000000 00:49 7156414                    /usr/lib64/pipewire-0.3/libpipewire-module-rt.so
7fb21d2f9000-7fb21d2fc000 r--p 00004000 00:49 7156414                    /usr/lib64/pipewire-0.3/libpipewire-module-rt.so
7fb21d2fc000-7fb21d2fd000 r--p 00007000 00:49 7156414                    /usr/lib64/pipewire-0.3/libpipewire-module-rt.so
7fb21d2fd000-7fb21d2fe000 rw-p 00008000 00:49 7156414                    /usr/lib64/pipewire-0.3/libpipewire-module-rt.so
7fb21d2fe000-7fb21d317000 r-xp 00000000 00:49 7156452                    /usr/lib64/spa-0.2/support/libspa-support.so
7fb21d317000-7fb21d31e000 r--p 00019000 00:49 7156452                    /usr/lib64/spa-0.2/support/libspa-support.so
7fb21d31e000-7fb21d320000 r--p 0001f000 00:49 7156452                    /usr/lib64/spa-0.2/support/libspa-support.so
7fb21d320000-7fb21d321000 rw-p 00021000 00:49 7156452                    /usr/lib64/spa-0.2/support/libspa-support.so
7fb21d321000-7fb21d39d000 r-xp 00000000 00:49 7156390                    /usr/lib64/libpipewire-0.3.so.0.1411.0
7fb21d39d000-7fb21d3c4000 r--p 0007c000 00:49 7156390                    /usr/lib64/libpipewire-0.3.so.0.1411.0
7fb21d3c4000-7fb21d3e1000 r--p 000a3000 00:49 7156390                    /usr/lib64/libpipewire-0.3.so.0.1411.0
7fb21d3e1000-7fb21d3e2000 rw-p 000c0000 00:49 7156390                    /usr/lib64/libpipewire-0.3.so.0.1411.0
7fb21d3e2000-7fb21d3e3000 rw-p 00000000 00:00 0 
7fb21d3e3000-7fb21d524000 r-xp 00000000 00:49 7151663                    /usr/lib64/libstdc++.so.6.0.34
7fb21d524000-7fb21d644000 r--p 00141000 00:49 7151663                    /usr/lib64/libstdc++.so.6.0.34
7fb21d644000-7fb21d655000 r--p 00260000 00:49 7151663                    /usr/lib64/libstdc++.so.6.0.34
7fb21d655000-7fb21d656000 rw-p 00271000 00:49 7151663                    /usr/lib64/libstdc++.so.6.0.34
7fb21d656000-7fb21d65a000 rw-p 00000000 00:00 0 
7fb21d65a000-7fb21d7b2000 r-xp 00000000 00:38 2566                       /tmp/lwjgl_bazzite/3.4.1+2/x64/libopenal.so
7fb21d7b2000-7fb21d84c000 r--p 00158000 00:38 2566                       /tmp/lwjgl_bazzite/3.4.1+2/x64/libopenal.so
7fb21d84c000-7fb21d856000 r--p 001f2000 00:38 2566                       /tmp/lwjgl_bazzite/3.4.1+2/x64/libopenal.so
7fb21d856000-7fb21d857000 rw-p 001fc000 00:38 2566                       /tmp/lwjgl_bazzite/3.4.1+2/x64/libopenal.so
7fb21d857000-7fb21d93b000 rw-p 00000000 00:00 0 
7fb21d93b000-7fb21da2b000 rw-s 00000000 00:01 34265                      /memfd:wayland-cursor (deleted)
7fb21da2b000-7fb21dafb000 rw-s 00000000 00:01 34264                      /memfd:wayland-cursor (deleted)
7fb21dafb000-7fb21db0b000 r-xp 00000000 00:49 1069856                    /usr/lib64/libseccomp.so.2.6.0
7fb21db0b000-7fb21db25000 r--p 00010000 00:49 1069856                    /usr/lib64/libseccomp.so.2.6.0
7fb21db25000-7fb21db26000 r--p 0002a000 00:49 1069856                    /usr/lib64/libseccomp.so.2.6.0
7fb21db26000-7fb21db27000 rw-p 0002b000 00:49 1069856                    /usr/lib64/libseccomp.so.2.6.0
7fb21db27000-7fb21db6d000 r-xp 00000000 00:49 1069695                    /usr/lib64/liblcms2.so.2.0.16
7fb21db6d000-7fb21db88000 r--p 00046000 00:49 1069695                    /usr/lib64/liblcms2.so.2.0.16
7fb21db88000-7fb21db8b000 r--p 00060000 00:49 1069695                    /usr/lib64/liblcms2.so.2.0.16
7fb21db8b000-7fb21db8e000 rw-p 00063000 00:49 1069695                    /usr/lib64/liblcms2.so.2.0.16
7fb21db8e000-7fb21db8f000 rw-p 00000000 00:00 0 
7fb21db8f000-7fb21dcc7000 r-xp 00000000 00:49 590523                     /usr/lib64/libsqlite3.so.3.50.2
7fb21dcc7000-7fb21dd00000 r--p 00138000 00:49 590523                     /usr/lib64/libsqlite3.so.3.50.2
7fb21dd00000-7fb21dd04000 r--p 00170000 00:49 590523                     /usr/lib64/libsqlite3.so.3.50.2
7fb21dd04000-7fb21dd08000 rw-p 00174000 00:49 590523                     /usr/lib64/libsqlite3.so.3.50.2
7fb21dd08000-7fb21dd09000 rw-p 00000000 00:00 0 
7fb21dd09000-7fb21dd21000 r-xp 00000000 00:49 1069644                    /usr/lib64/libjson-glib-1.0.so.0.1000.8
7fb21dd21000-7fb21dd32000 r--p 00018000 00:49 1069644                    /usr/lib64/libjson-glib-1.0.so.0.1000.8
7fb21dd32000-7fb21dd33000 r--p 00029000 00:49 1069644                    /usr/lib64/libjson-glib-1.0.so.0.1000.8
7fb21dd33000-7fb21dd34000 rw-p 00000000 00:00 0 
7fb21dd34000-7fb21dd50000 r-xp 00000000 00:49 7163058                    /usr/lib64/libatspi.so.0.0.1
7fb21dd50000-7fb21dd6a000 r--p 0001c000 00:49 7163058                    /usr/lib64/libatspi.so.0.0.1
7fb21dd6a000-7fb21dd6e000 r--p 00036000 00:49 7163058                    /usr/lib64/libatspi.so.0.0.1
7fb21dd6e000-7fb21dd6f000 rw-p 0003a000 00:49 7163058                    /usr/lib64/libatspi.so.0.0.1
7fb21dd6f000-7fb21e0ba000 r-xp 00000000 00:49 7154507                    /usr/lib64/libglycin-2.so.0
7fb21e0ba000-7fb21e173000 r--p 0034b000 00:49 7154507                    /usr/lib64/libglycin-2.so.0
7fb21e173000-7fb21e18c000 r--p 00403000 00:49 7154507                    /usr/lib64/libglycin-2.so.0
7fb21e18c000-7fb21e18f000 rw-p 0041c000 00:49 7154507                    /usr/lib64/libglycin-2.so.0
7fb21e18f000-7fb21e190000 r-xp 00000000 00:49 1081827                    /usr/lib64/libXinerama.so.1.0.0
7fb21e190000-7fb21e191000 r--p 00001000 00:49 1081827                    /usr/lib64/libXinerama.so.1.0.0
7fb21e191000-7fb21e192000 r--p 00001000 00:49 1081827                    /usr/lib64/libXinerama.so.1.0.0
7fb21e192000-7fb21e193000 rw-p 00002000 00:49 1081827                    /usr/lib64/libXinerama.so.1.0.0
7fb21e193000-7fb21e19b000 r-xp 00000000 00:49 1070474                    /usr/lib64/libXrandr.so.2.2.0
7fb21e19b000-7fb21e19e000 r--p 00008000 00:49 1070474                    /usr/lib64/libXrandr.so.2.2.0
7fb21e19e000-7fb21e19f000 r--p 0000a000 00:49 1070474                    /usr/lib64/libXrandr.so.2.2.0
7fb21e19f000-7fb21e1a0000 rw-p 0000b000 00:49 1070474                    /usr/lib64/libXrandr.so.2.2.0
7fb21e1a0000-7fb21e1a1000 r-xp 00000000 00:49 1070270                    /usr/lib64/libXcomposite.so.1.0.0
7fb21e1a1000-7fb21e1a2000 r--p 00001000 00:49 1070270                    /usr/lib64/libXcomposite.so.1.0.0
7fb21e1a2000-7fb21e1a3000 r--p 00001000 00:49 1070270                    /usr/lib64/libXcomposite.so.1.0.0
7fb21e1a3000-7fb21e1a4000 rw-p 00000000 00:00 0 
7fb21e1a4000-7fb21e1a5000 r-xp 00000000 00:49 1070380                    /usr/lib64/libXdamage.so.1.1.0
7fb21e1a5000-7fb21e1a6000 r--p 00001000 00:49 1070380                    /usr/lib64/libXdamage.so.1.1.0
7fb21e1a6000-7fb21e1a7000 r--p 00001000 00:49 1070380                    /usr/lib64/libXdamage.so.1.1.0
7fb21e1a7000-7fb21e1a8000 rw-p 00000000 00:00 0 
7fb21e1a8000-7fb21e1af000 r-xp 00000000 00:49 1070370                    /usr/lib64/libXcursor.so.1.0.2
7fb21e1af000-7fb21e1b3000 r--p 00007000 00:49 1070370                    /usr/lib64/libXcursor.so.1.0.2
7fb21e1b3000-7fb21e1b4000 r--p 0000b000 00:49 1070370                    /usr/lib64/libXcursor.so.1.0.2
7fb21e1b4000-7fb21e1b5000 rw-p 00000000 00:00 0 
7fb21e1b5000-7fb21e1b8000 r-xp 00000000 00:49 1069885                    /usr/lib64/libXfixes.so.3.1.0
7fb21e1b8000-7fb21e1ba000 r--p 00003000 00:49 1069885                    /usr/lib64/libXfixes.so.3.1.0
7fb21e1ba000-7fb21e1bb000 r--p 00004000 00:49 1069885                    /usr/lib64/libXfixes.so.3.1.0
7fb21e1bb000-7fb21e1bc000 rw-p 00005000 00:49 1069885                    /usr/lib64/libXfixes.so.3.1.0
7fb21e1bc000-7fb21e23d000 r-xp 00000000 00:49 1078632                    /usr/lib64/libtinysparql-3.0.so.0.1001.0
7fb21e23d000-7fb21e281000 r--p 00081000 00:49 1078632                    /usr/lib64/libtinysparql-3.0.so.0.1001.0
7fb21e281000-7fb21e28f000 r--p 000c5000 00:49 1078632                    /usr/lib64/libtinysparql-3.0.so.0.1001.0
7fb21e28f000-7fb21e290000 rw-p 000d3000 00:49 1078632                    /usr/lib64/libtinysparql-3.0.so.0.1001.0
7fb21e290000-7fb21e29c000 r-xp 00000000 00:49 1081818                    /usr/lib64/libcloudproviders.so.0.3.6
7fb21e29c000-7fb21e2a7000 r--p 0000c000 00:49 1081818                    /usr/lib64/libcloudproviders.so.0.3.6
7fb21e2a7000-7fb21e2a8000 r--p 00017000 00:49 1081818                    /usr/lib64/libcloudproviders.so.0.3.6
7fb21e2a8000-7fb21e2a9000 rw-p 00018000 00:49 1081818                    /usr/lib64/libcloudproviders.so.0.3.6
7fb21e2a9000-7fb21e2c5000 r-xp 00000000 00:49 7163083                    /usr/lib64/libatk-bridge-2.0.so.0.0.0
7fb21e2c5000-7fb21e2e2000 r--p 0001c000 00:49 7163083                    /usr/lib64/libatk-bridge-2.0.so.0.0.0
7fb21e2e2000-7fb21e2e4000 r--p 00039000 00:49 7163083                    /usr/lib64/libatk-bridge-2.0.so.0.0.0
7fb21e2e4000-7fb21e2e6000 rw-p 0003b000 00:49 7163083                    /usr/lib64/libatk-bridge-2.0.so.0.0.0
7fb21e2e6000-7fb21e2f3000 r-xp 00000000 00:49 1069808                    /usr/lib64/libXi.so.6.1.0
7fb21e2f3000-7fb21e2f7000 r--p 0000d000 00:49 1069808                    /usr/lib64/libXi.so.6.1.0
7fb21e2f7000-7fb21e2f8000 r--p 00011000 00:49 1069808                    /usr/lib64/libXi.so.6.1.0
7fb21e2f8000-7fb21e2f9000 rw-p 00012000 00:49 1069808                    /usr/lib64/libXi.so.6.1.0
7fb21e2f9000-7fb21e366000 r-xp 00000000 00:49 1081809                    /usr/lib64/libepoxy.so.0.0.0
7fb21e366000-7fb21e3f6000 r--p 0006d000 00:49 1081809                    /usr/lib64/libepoxy.so.0.0.0
7fb21e3f6000-7fb21e3fe000 r--p 000fc000 00:49 1081809                    /usr/lib64/libepoxy.so.0.0.0
7fb21e3fe000-7fb21e405000 rw-p 00104000 00:49 1081809                    /usr/lib64/libepoxy.so.0.0.0
7fb21e405000-7fb21e415000 r-xp 00000000 00:49 7163075                    /usr/lib64/libatk-1.0.so.0.25814.1
7fb21e415000-7fb21e427000 r--p 00010000 00:49 7163075                    /usr/lib64/libatk-1.0.so.0.25814.1
7fb21e427000-7fb21e42a000 r--p 00021000 00:49 7163075                    /usr/lib64/libatk-1.0.so.0.25814.1
7fb21e42a000-7fb21e42b000 rw-p 00024000 00:49 7163075                    /usr/lib64/libatk-1.0.so.0.25814.1
7fb21e42b000-7fb21e447000 r-xp 00000000 00:49 7154515                    /usr/lib64/libgdk_pixbuf-2.0.so.0.4400.4
7fb21e447000-7fb21e456000 r--p 0001c000 00:49 7154515                    /usr/lib64/libgdk_pixbuf-2.0.so.0.4400.4
7fb21e456000-7fb21e458000 r--p 0002a000 00:49 7154515                    /usr/lib64/libgdk_pixbuf-2.0.so.0.4400.4
7fb21e458000-7fb21e459000 rw-p 0002c000 00:49 7154515                    /usr/lib64/libgdk_pixbuf-2.0.so.0.4400.4
7fb21e459000-7fb21e45b000 r-xp 00000000 00:49 1082923                    /usr/lib64/libcairo-gobject.so.2.11804.4
7fb21e45b000-7fb21e45f000 r--p 00002000 00:49 1082923                    /usr/lib64/libcairo-gobject.so.2.11804.4
7fb21e45f000-7fb21e461000 r--p 00005000 00:49 1082923                    /usr/lib64/libcairo-gobject.so.2.11804.4
7fb21e461000-7fb21e462000 rw-p 00000000 00:00 0 
7fb21e462000-7fb21e4ef000 r-xp 00000000 00:49 7163107                    /usr/lib64/libgdk-3.so.0.2420.32
7fb21e4ef000-7fb21e550000 r--p 0008d000 00:49 7163107                    /usr/lib64/libgdk-3.so.0.2420.32
7fb21e550000-7fb21e55a000 r--p 000ed000 00:49 7163107                    /usr/lib64/libgdk-3.so.0.2420.32
7fb21e55a000-7fb21e55c000 rw-p 000f7000 00:49 7163107                    /usr/lib64/libgdk-3.so.0.2420.32
7fb21e55c000-7fb21e914000 r-xp 00000000 00:49 7163109                    /usr/lib64/libgtk-3.so.0.2420.32
7fb21e914000-7fb21ec48000 r--p 003b8000 00:49 7163109                    /usr/lib64/libgtk-3.so.0.2420.32
7fb21ec48000-7fb21ec5b000 r--p 006eb000 00:49 7163109                    /usr/lib64/libgtk-3.so.0.2420.32
7fb21ec5b000-7fb21ec5d000 rw-p 006fe000 00:49 7163109                    /usr/lib64/libgtk-3.so.0.2420.32
7fb21ec5d000-7fb21ec62000 rw-p 00000000 00:00 0 
7fb21ec62000-7fb21ec63000 r--p 00000000 00:00 0 
7fb21ec63000-7fb21ec64000 r-xp 00000000 00:00 0 
7fb21ec64000-7fb21ec65000 r--p 00000000 00:00 0 
7fb21ec65000-7fb21ec6c000 r--s 00000000 00:49 7176855                    /usr/lib64/gconv/gconv-modules.cache
7fb21ec6c000-7fb21ec6f000 r-xp 00000000 00:49 7156450                    /usr/lib64/spa-0.2/support/libspa-dbus.so
7fb21ec6f000-7fb21ec71000 r--p 00003000 00:49 7156450                    /usr/lib64/spa-0.2/support/libspa-dbus.so
7fb21ec71000-7fb21ec72000 r--p 00004000 00:49 7156450                    /usr/lib64/spa-0.2/support/libspa-dbus.so
7fb21ec72000-7fb21ec73000 rw-p 00005000 00:49 7156450                    /usr/lib64/spa-0.2/support/libspa-dbus.so
7fb21ec73000-7fb21ec74000 r-xp 00000000 00:49 590297                     /usr/lib64/libbrotlicommon.so.1.2.0
7fb21ec74000-7fb21ec94000 r--p 00001000 00:49 590297                     /usr/lib64/libbrotlicommon.so.1.2.0
7fb21ec94000-7fb21ec95000 r--p 00020000 00:49 590297                     /usr/lib64/libbrotlicommon.so.1.2.0
7fb21ec95000-7fb21ec96000 rw-p 00000000 00:00 0 
7fb21ec96000-7fb21ecbc000 r-xp 00000000 00:49 7151705                    /usr/lib64/libblkid.so.1.1.0
7fb21ecbc000-7fb21ecc9000 r--p 00026000 00:49 7151705                    /usr/lib64/libblkid.so.1.1.0
7fb21ecc9000-7fb21eccf000 r--p 00033000 00:49 7151705                    /usr/lib64/libblkid.so.1.1.0
7fb21eccf000-7fb21ecd0000 rw-p 00039000 00:49 7151705                    /usr/lib64/libblkid.so.1.1.0
7fb21ecd0000-7fb21ecf5000 r-xp 00000000 00:49 590433                     /usr/lib64/liblzma.so.5.8.1
7fb21ecf5000-7fb21ed03000 r--p 00025000 00:49 590433                     /usr/lib64/liblzma.so.5.8.1
7fb21ed03000-7fb21ed04000 r--p 00033000 00:49 590433                     /usr/lib64/liblzma.so.5.8.1
7fb21ed04000-7fb21ed05000 rw-p 00034000 00:49 590433                     /usr/lib64/liblzma.so.5.8.1
7fb21ed05000-7fb21ed28000 r-xp 00000000 00:49 6195619                    /usr/lib64/libgcc_s-15-20260123.so.1
7fb21ed28000-7fb21ed2f000 r--p 00023000 00:49 6195619                    /usr/lib64/libgcc_s-15-20260123.so.1
7fb21ed2f000-7fb21ed30000 r--p 0002a000 00:49 6195619                    /usr/lib64/libgcc_s-15-20260123.so.1
7fb21ed30000-7fb21ed31000 rw-p 00000000 00:00 0 
7fb21ed31000-7fb21ed37000 r-xp 00000000 00:49 7151721                    /usr/lib64/libcap.so.2.76
7fb21ed37000-7fb21ed3b000 r--p 00006000 00:49 7151721                    /usr/lib64/libcap.so.2.76
7fb21ed3b000-7fb21ed3c000 r--p 00009000 00:49 7151721                    /usr/lib64/libcap.so.2.76
7fb21ed3c000-7fb21ed3d000 rw-p 0000a000 00:49 7151721                    /usr/lib64/libcap.so.2.76
7fb21ed3d000-7fb21ed3f000 r-xp 00000000 00:49 1066338                    /usr/lib64/libXau.so.6.0.0
7fb21ed3f000-7fb21ed40000 r--p 00002000 00:49 1066338                    /usr/lib64/libXau.so.6.0.0
7fb21ed40000-7fb21ed41000 r--p 00003000 00:49 1066338                    /usr/lib64/libXau.so.6.0.0
7fb21ed41000-7fb21ed42000 rw-p 00000000 00:00 0 
7fb21ed42000-7fb21ed4b000 r-xp 00000000 00:49 590314                     /usr/lib64/libbrotlidec.so.1.2.0
7fb21ed4b000-7fb21ed4e000 r--p 00009000 00:49 590314                     /usr/lib64/libbrotlidec.so.1.2.0
7fb21ed4e000-7fb21ed4f000 r--p 0000c000 00:49 590314                     /usr/lib64/libbrotlidec.so.1.2.0
7fb21ed4f000-7fb21ed50000 rw-p 00000000 00:00 0 
7fb21ed50000-7fb21ed70000 r-xp 00000000 00:49 590514                     /usr/lib64/libselinux.so.1
7fb21ed70000-7fb21ed7d000 r--p 00020000 00:49 590514                     /usr/lib64/libselinux.so.1
7fb21ed7d000-7fb21ed7e000 r--p 0002d000 00:49 590514                     /usr/lib64/libselinux.so.1
7fb21ed7e000-7fb21ed7f000 rw-p 0002e000 00:49 590514                     /usr/lib64/libselinux.so.1
7fb21ed7f000-7fb21ed81000 rw-p 00000000 00:00 0 
7fb21ed81000-7fb21edbc000 r-xp 00000000 00:49 7151787                    /usr/lib64/libmount.so.1.1.0
7fb21edbc000-7fb21edd3000 r--p 0003b000 00:49 7151787                    /usr/lib64/libmount.so.1.1.0
7fb21edd3000-7fb21edd5000 r--p 00052000 00:49 7151787                    /usr/lib64/libmount.so.1.1.0
7fb21edd5000-7fb21edd6000 rw-p 00054000 00:49 7151787                    /usr/lib64/libmount.so.1.1.0
7fb21edd6000-7fb21eec8000 r-xp 00000000 00:49 590580                     /usr/lib64/libxml2.so.2.12.10
7fb21eec8000-7fb21ef27000 r--p 000f2000 00:49 590580                     /usr/lib64/libxml2.so.2.12.10
7fb21ef27000-7fb21ef32000 r--p 00150000 00:49 590580                     /usr/lib64/libxml2.so.2.12.10
7fb21ef32000-7fb21ef33000 rw-p 0015b000 00:49 590580                     /usr/lib64/libxml2.so.2.12.10
7fb21ef33000-7fb21ef34000 rw-p 00000000 00:00 0 
7fb21ef34000-7fb21ef4c000 r-xp 00000000 00:49 1082614                    /usr/lib64/libgraphite2.so.3.2.1
7fb21ef4c000-7fb21ef50000 r--p 00018000 00:49 1082614                    /usr/lib64/libgraphite2.so.3.2.1
7fb21ef50000-7fb21ef52000 r--p 0001c000 00:49 1082614                    /usr/lib64/libgraphite2.so.3.2.1
7fb21ef52000-7fb21ef53000 rw-p 00000000 00:00 0 
7fb21ef53000-7fb21efd1000 r-xp 00000000 00:49 590479                     /usr/lib64/libpcre2-8.so.0.15.0
7fb21efd1000-7fb21effe000 r--p 0007e000 00:49 590479                     /usr/lib64/libpcre2-8.so.0.15.0
7fb21effe000-7fb21efff000 r--p 000aa000 00:49 590479                     /usr/lib64/libpcre2-8.so.0.15.0
7fb21efff000-7fb21f000000 rw-p 000ab000 00:49 590479                     /usr/lib64/libpcre2-8.so.0.15.0
7fb21f000000-7fb21f240000 rw-p 00000000 00:00 0 
7fb21f240000-7fb21f400000 ---p 00000000 00:00 0 
7fb21f400000-7fb21f9d0000 rw-p 00000000 00:00 0 
7fb21f9d0000-7fb223000000 ---p 00000000 00:00 0 
7fb223000000-7fb223482000 rw-p 00001000 00:49 7160503                    /usr/lib/jvm/java-21-openjdk/lib/server/classes.jsa
7fb223482000-7fb223c9d000 rw-p 00483000 00:49 7160503                    /usr/lib/jvm/java-21-openjdk/lib/server/classes.jsa
7fb223c9d000-7fb224000000 ---p 00000000 00:00 0 
7fb224000000-7fb224040000 rw-p 00000000 00:00 0 
7fb224040000-7fb224070000 rw-p 00000000 00:00 0 
7fb224070000-7fb224080000 ---p 00000000 00:00 0 
7fb224080000-7fb2240e0000 rw-p 00000000 00:00 0 
7fb2240e0000-7fb264000000 ---p 00000000 00:00 0 
7fb264000000-7fb264021000 rw-p 00000000 00:00 0 
7fb264021000-7fb268000000 ---p 00000000 00:00 0 
7fb268000000-7fb268021000 rw-p 00000000 00:00 0 
7fb268021000-7fb26c000000 ---p 00000000 00:00 0 
7fb26c000000-7fb26c021000 rw-p 00000000 00:00 0 
7fb26c021000-7fb270000000 ---p 00000000 00:00 0 
7fb270000000-7fb270001000 r-xp 00000000 00:00 0 
7fb270001000-7fb270002000 r--p 00000000 00:00 0 
7fb270002000-7fb270011000 r-xp 00000000 00:49 590315                     /usr/lib64/libbz2.so.1.0.8
7fb270011000-7fb270014000 r--p 0000f000 00:49 590315                     /usr/lib64/libbz2.so.1.0.8
7fb270014000-7fb270015000 r--p 00011000 00:49 590315                     /usr/lib64/libbz2.so.1.0.8
7fb270015000-7fb270016000 rw-p 00012000 00:49 590315                     /usr/lib64/libbz2.so.1.0.8
7fb270016000-7fb2700db000 r-xp 00000000 00:49 7151746                    /usr/lib64/libsystemd.so.0.41.0
7fb2700db000-7fb270132000 r--p 000c5000 00:49 7151746                    /usr/lib64/libsystemd.so.0.41.0
7fb270132000-7fb27013b000 r--p 0011b000 00:49 7151746                    /usr/lib64/libsystemd.so.0.41.0
7fb27013b000-7fb27013c000 rw-p 00124000 00:49 7151746                    /usr/lib64/libsystemd.so.0.41.0
7fb27013c000-7fb27013d000 rw-p 00000000 00:00 0 
7fb27013d000-7fb2701cf000 r-xp 00000000 00:49 1079059                    /usr/lib64/libpixman-1.so.0.46.2
7fb2701cf000-7fb2701e3000 r--p 00092000 00:49 1079059                    /usr/lib64/libpixman-1.so.0.46.2
7fb2701e3000-7fb2701eb000 r--p 000a6000 00:49 1079059                    /usr/lib64/libpixman-1.so.0.46.2
7fb2701eb000-7fb2701ec000 rw-p 000ae000 00:49 1079059                    /usr/lib64/libpixman-1.so.0.46.2
7fb2701ec000-7fb2701f2000 r-xp 00000000 00:49 1066396                    /usr/lib64/libxcb-render.so.0.0.0
7fb2701f2000-7fb2701f9000 r--p 00006000 00:49 1066396                    /usr/lib64/libxcb-render.so.0.0.0
7fb2701f9000-7fb2701fa000 r--p 0000d000 00:49 1066396                    /usr/lib64/libxcb-render.so.0.0.0
7fb2701fa000-7fb2701fb000 rw-p 0000e000 00:49 1066396                    /usr/lib64/libxcb-render.so.0.0.0
7fb2701fb000-7fb27020f000 r-xp 00000000 00:49 1066426                    /usr/lib64/libxcb.so.1.1.0
7fb27020f000-7fb270223000 r--p 00014000 00:49 1066426                    /usr/lib64/libxcb.so.1.1.0
7fb270223000-7fb270224000 r--p 00028000 00:49 1066426                    /usr/lib64/libxcb.so.1.1.0
7fb270224000-7fb270225000 rw-p 00029000 00:49 1066426                    /usr/lib64/libxcb.so.1.1.0
7fb270225000-7fb27022c000 r-xp 00000000 00:49 1069663                    /usr/lib64/libXrender.so.1.3.0
7fb27022c000-7fb27022f000 r--p 00007000 00:49 1069663                    /usr/lib64/libXrender.so.1.3.0
7fb27022f000-7fb270230000 r--p 00009000 00:49 1069663                    /usr/lib64/libXrender.so.1.3.0
7fb270230000-7fb270231000 rw-p 0000a000 00:49 1069663                    /usr/lib64/libXrender.so.1.3.0
7fb270231000-7fb27023d000 r-xp 00000000 00:49 1066436                    /usr/lib64/libXext.so.6.4.0
7fb27023d000-7fb270243000 r--p 0000c000 00:49 1066436                    /usr/lib64/libXext.so.6.4.0
7fb270243000-7fb270244000 r--p 00011000 00:49 1066436                    /usr/lib64/libXext.so.6.4.0
7fb270244000-7fb270245000 rw-p 00012000 00:49 1066436                    /usr/lib64/libXext.so.6.4.0
7fb270245000-7fb2702de000 r-xp 00000000 00:49 7155085                    /usr/lib64/libX11.so.6.4.0
7fb2702de000-7fb270383000 r--p 00099000 00:49 7155085                    /usr/lib64/libX11.so.6.4.0
7fb270383000-7fb270386000 r--p 0013d000 00:49 7155085                    /usr/lib64/libX11.so.6.4.0
7fb270386000-7fb27038a000 rw-p 00140000 00:49 7155085                    /usr/lib64/libX11.so.6.4.0
7fb27038a000-7fb270420000 r-xp 00000000 00:49 1082624                    /usr/lib64/libfreetype.so.6.20.2
7fb270420000-7fb27044b000 r--p 00096000 00:49 1082624                    /usr/lib64/libfreetype.so.6.20.2
7fb27044b000-7fb270453000 r--p 000c1000 00:49 1082624                    /usr/lib64/libfreetype.so.6.20.2
7fb270453000-7fb270454000 rw-p 00000000 00:00 0 
7fb270454000-7fb27047f000 r-xp 00000000 00:49 7152136                    /usr/lib64/libpng16.so.16.56.0
7fb27047f000-7fb27048d000 r--p 0002b000 00:49 7152136                    /usr/lib64/libpng16.so.16.56.0
7fb27048d000-7fb27048e000 r--p 00038000 00:49 7152136                    /usr/lib64/libpng16.so.16.56.0
7fb27048e000-7fb27048f000 rw-p 00000000 00:00 0 
7fb27048f000-7fb2704ab000 r-xp 00000000 00:49 7151660                    /usr/lib64/libz.so.1.3.1.zlib-ng
7fb2704ab000-7fb2704b5000 r--p 0001c000 00:49 7151660                    /usr/lib64/libz.so.1.3.1.zlib-ng
7fb2704b5000-7fb2704b6000 r--p 00026000 00:49 7151660                    /usr/lib64/libz.so.1.3.1.zlib-ng
7fb2704b6000-7fb2704b7000 rw-p 00027000 00:49 7151660                    /usr/lib64/libz.so.1.3.1.zlib-ng
7fb2704b7000-7fb2704bc000 r-xp 00000000 00:49 1079049                    /usr/lib64/libthai.so.0.3.1
7fb2704bc000-7fb2704c0000 r--p 00005000 00:49 1079049                    /usr/lib64/libthai.so.0.3.1
7fb2704c0000-7fb2704c1000 r--p 00009000 00:49 1079049                    /usr/lib64/libthai.so.0.3.1
7fb2704c1000-7fb2704c2000 rw-p 0000a000 00:49 1079049                    /usr/lib64/libthai.so.0.3.1
7fb2704c2000-7fb2704c8000 r-xp 00000000 00:49 1070236                    /usr/lib64/libfribidi.so.0.4.0
7fb2704c8000-7fb2704e0000 r--p 00006000 00:49 1070236                    /usr/lib64/libfribidi.so.0.4.0
7fb2704e0000-7fb2704e1000 r--p 0001d000 00:49 1070236                    /usr/lib64/libfribidi.so.0.4.0
7fb2704e1000-7fb2704e2000 rw-p 0001e000 00:49 1070236                    /usr/lib64/libfribidi.so.0.4.0
7fb2704e2000-7fb270601000 r-xp 00000000 00:49 7151897                    /usr/lib64/libgio-2.0.so.0.8600.5
7fb270601000-7fb2706a9000 r--p 0011f000 00:49 7151897                    /usr/lib64/libgio-2.0.so.0.8600.5
7fb2706a9000-7fb2706b2000 r--p 001c6000 00:49 7151897                    /usr/lib64/libgio-2.0.so.0.8600.5
7fb2706b2000-7fb2706b3000 rw-p 001cf000 00:49 7151897                    /usr/lib64/libgio-2.0.so.0.8600.5
7fb2706b3000-7fb2706b5000 rw-p 00000000 00:00 0 
7fb2706b5000-7fb2706e6000 r-xp 00000000 00:49 1082696                    /usr/lib64/libfontconfig.so.1.16.0
7fb2706e6000-7fb270702000 r--p 00031000 00:49 1082696                    /usr/lib64/libfontconfig.so.1.16.0
7fb270702000-7fb270704000 r--p 0004d000 00:49 1082696                    /usr/lib64/libfontconfig.so.1.16.0
7fb270704000-7fb270705000 rw-p 0004f000 00:49 1082696                    /usr/lib64/libfontconfig.so.1.16.0
7fb270705000-7fb2707f3000 r-xp 00000000 00:49 1082641                    /usr/lib64/libharfbuzz.so.0.61151.0
7fb2707f3000-7fb270836000 r--p 000ee000 00:49 1082641                    /usr/lib64/libharfbuzz.so.0.61151.0
7fb270836000-7fb270838000 r--p 00130000 00:49 1082641                    /usr/lib64/libharfbuzz.so.0.61151.0
7fb270838000-7fb270839000 rw-p 00132000 00:49 1082641                    /usr/lib64/libharfbuzz.so.0.61151.0
7fb270839000-7fb2708e0000 r-xp 00000000 00:49 7151901                    /usr/lib64/libglib-2.0.so.0.8600.5
7fb2708e0000-7fb27098d000 r--p 000a7000 00:49 7151901                    /usr/lib64/libglib-2.0.so.0.8600.5
7fb27098d000-7fb27098e000 r--p 00154000 00:49 7151901                    /usr/lib64/libglib-2.0.so.0.8600.5
7fb27098e000-7fb27098f000 rw-p 00155000 00:49 7151901                    /usr/lib64/libglib-2.0.so.0.8600.5
7fb27098f000-7fb270990000 rw-p 00000000 00:00 0 
7fb270990000-7fb27099f000 r-xp 00000000 00:49 7155108                    /usr/lib64/libpangoft2-1.0.so.0.5701.0
7fb27099f000-7fb2709aa000 r--p 0000f000 00:49 7155108                    /usr/lib64/libpangoft2-1.0.so.0.5701.0
7fb2709aa000-7fb2709ab000 r--p 0001a000 00:49 7155108                    /usr/lib64/libpangoft2-1.0.so.0.5701.0
7fb2709ab000-7fb2709ac000 rw-p 00000000 00:00 0 
7fb2709ac000-7fb2709e0000 r-xp 00000000 00:49 1069583                    /usr/lib64/libdbus-1.so.3.38.3
7fb2709e0000-7fb2709fd000 r--p 00034000 00:49 1069583                    /usr/lib64/libdbus-1.so.3.38.3
7fb2709fd000-7fb2709ff000 r--p 00051000 00:49 1069583                    /usr/lib64/libdbus-1.so.3.38.3
7fb2709ff000-7fb270a00000 rw-p 00053000 00:49 1069583                    /usr/lib64/libdbus-1.so.3.38.3
7fb270a00000-7fb270af6000 r-xp 00000000 00:49 1082910                    /usr/lib64/libcairo.so.2.11804.4
7fb270af6000-7fb270b37000 r--p 000f6000 00:49 1082910                    /usr/lib64/libcairo.so.2.11804.4
7fb270b37000-7fb270b3b000 r--p 00137000 00:49 1082910                    /usr/lib64/libcairo.so.2.11804.4
7fb270b3b000-7fb270b3d000 rw-p 0013b000 00:49 1082910                    /usr/lib64/libcairo.so.2.11804.4
7fb270b3d000-7fb270b3e000 rw-p 00000000 00:00 0 
7fb270b3e000-7fb270b76000 r-xp 00000000 00:49 7151905                    /usr/lib64/libgobject-2.0.so.0.8600.5
7fb270b76000-7fb270b99000 r--p 00038000 00:49 7151905                    /usr/lib64/libgobject-2.0.so.0.8600.5
7fb270b99000-7fb270b9c000 r--p 0005a000 00:49 7151905                    /usr/lib64/libgobject-2.0.so.0.8600.5
7fb270b9c000-7fb270b9d000 rw-p 0005d000 00:49 7151905                    /usr/lib64/libgobject-2.0.so.0.8600.5
7fb270b9d000-7fb270bdd000 r-xp 00000000 00:49 7155104                    /usr/lib64/libpango-1.0.so.0.5701.0
7fb270bdd000-7fb270c04000 r--p 00040000 00:49 7155104                    /usr/lib64/libpango-1.0.so.0.5701.0
7fb270c04000-7fb270c08000 r--p 00066000 00:49 7155104                    /usr/lib64/libpango-1.0.so.0.5701.0
7fb270c08000-7fb270c09000 rw-p 0006a000 00:49 7155104                    /usr/lib64/libpango-1.0.so.0.5701.0
7fb270c09000-7fb270c35000 r-xp 00000000 00:49 1079035                    /usr/lib64/libxkbcommon.so.0.11.0
7fb270c35000-7fb270c5f000 r--p 0002c000 00:49 1079035                    /usr/lib64/libxkbcommon.so.0.11.0
7fb270c5f000-7fb270c61000 r--p 00056000 00:49 1079035                    /usr/lib64/libxkbcommon.so.0.11.0
7fb270c61000-7fb270c62000 rw-p 00058000 00:49 1079035                    /usr/lib64/libxkbcommon.so.0.11.0
7fb270c62000-7fb270c87000 r-xp 00000000 00:38 2565                       /tmp/lwjgl_bazzite/3.4.1+2/x64/libglfw.so
7fb270c87000-7fb270cd6000 r--p 00025000 00:38 2565                       /tmp/lwjgl_bazzite/3.4.1+2/x64/libglfw.so
7fb270cd6000-7fb270cda000 r--p 00074000 00:38 2565                       /tmp/lwjgl_bazzite/3.4.1+2/x64/libglfw.so
7fb270cda000-7fb270cdd000 rw-p 00078000 00:38 2565                       /tmp/lwjgl_bazzite/3.4.1+2/x64/libglfw.so
7fb270cdd000-7fb270d00000 rw-p 00000000 00:00 0 
7fb270d00000-7fb270d04000 ---p 00000000 00:00 0 
7fb270d04000-7fb270e00000 rw-p 00000000 00:00 0 
7fb270e00000-7fb271600000 rw-p 00000000 00:00 0 
7fb271600000-7fb271604000 r-xp 00000000 00:49 1079043                    /usr/lib64/libdatrie.so.1.4.0
7fb271604000-7fb271606000 r--p 00004000 00:49 1079043                    /usr/lib64/libdatrie.so.1.4.0
7fb271606000-7fb271607000 r--p 00005000 00:49 1079043                    /usr/lib64/libdatrie.so.1.4.0
7fb271607000-7fb271608000 rw-p 00000000 00:00 0 
7fb271608000-7fb271612000 r-xp 00000000 00:49 7155106                    /usr/lib64/libpangocairo-1.0.so.0.5701.0
7fb271612000-7fb271619000 r--p 0000a000 00:49 7155106                    /usr/lib64/libpangocairo-1.0.so.0.5701.0
7fb271619000-7fb27161a000 r--p 00010000 00:49 7155106                    /usr/lib64/libpangocairo-1.0.so.0.5701.0
7fb27161a000-7fb27161b000 rw-p 00011000 00:49 7155106                    /usr/lib64/libpangocairo-1.0.so.0.5701.0
7fb27161b000-7fb271622000 r-xp 00000000 00:49 1221932                    /usr/lib64/libdecor/plugins-1/libdecor-cairo.so
7fb271622000-7fb271627000 r--p 00007000 00:49 1221932                    /usr/lib64/libdecor/plugins-1/libdecor-cairo.so
7fb271627000-7fb27162a000 r--p 0000b000 00:49 1221932                    /usr/lib64/libdecor/plugins-1/libdecor-cairo.so
7fb27162a000-7fb27162b000 rw-p 0000e000 00:49 1221932                    /usr/lib64/libdecor/plugins-1/libdecor-cairo.so
7fb27162b000-7fb27162e000 r-xp 00000000 00:49 1221930                    /usr/lib64/libdecor-0.so.0.200.5
7fb27162e000-7fb271631000 r--p 00003000 00:49 1221930                    /usr/lib64/libdecor-0.so.0.200.5
7fb271631000-7fb271632000 r--p 00006000 00:49 1221930                    /usr/lib64/libdecor-0.so.0.200.5
7fb271632000-7fb271633000 rw-p 00007000 00:49 1221930                    /usr/lib64/libdecor-0.so.0.200.5
7fb271633000-7fb271693000 r-xp 00000000 00:38 2564                       /tmp/lwjgl_bazzite/3.4.1+2/x64/libjemalloc.so
7fb271693000-7fb2716ac000 r--p 00060000 00:38 2564                       /tmp/lwjgl_bazzite/3.4.1+2/x64/libjemalloc.so
7fb2716ac000-7fb2716b3000 r--p 00078000 00:38 2564                       /tmp/lwjgl_bazzite/3.4.1+2/x64/libjemalloc.so
7fb2716b3000-7fb2716b4000 rw-p 0007f000 00:38 2564                       /tmp/lwjgl_bazzite/3.4.1+2/x64/libjemalloc.so
7fb2716b4000-7fb2718be000 rw-p 00000000 00:00 0 
7fb2718be000-7fb2718c2000 ---p 00000000 00:00 0 
7fb2718c2000-7fb2719be000 rw-p 00000000 00:00 0 
7fb2719be000-7fb2719e6000 r-xp 00000000 00:49 7151776                    /usr/lib64/libnspr4.so
7fb2719e6000-7fb2719fa000 r--p 00028000 00:49 7151776                    /usr/lib64/libnspr4.so
7fb2719fa000-7fb2719fc000 r--p 0003b000 00:49 7151776                    /usr/lib64/libnspr4.so
7fb2719fc000-7fb2719fd000 rw-p 0003d000 00:49 7151776                    /usr/lib64/libnspr4.so
7fb2719fd000-7fb271a00000 rw-p 00000000 00:00 0 
7fb271a00000-7fb271a20000 r-xp 00000000 00:38 198                        /tmp/libgdxbazzite/da3a4817/libgdx64.so
7fb271a20000-7fb271c20000 ---p 00020000 00:38 198                        /tmp/libgdxbazzite/da3a4817/libgdx64.so
7fb271c20000-7fb271c21000 r--p 00020000 00:38 198                        /tmp/libgdxbazzite/da3a4817/libgdx64.so
7fb271c21000-7fb271c22000 rw-p 00021000 00:38 198                        /tmp/libgdxbazzite/da3a4817/libgdx64.so
7fb271c22000-7fb271c23000 r-xp 00000000 00:00 0 
7fb271c23000-7fb271c25000 r-xp 00000000 00:49 7151903                    /usr/lib64/libgmodule-2.0.so.0.8600.5
7fb271c25000-7fb271c27000 r--p 00002000 00:49 7151903                    /usr/lib64/libgmodule-2.0.so.0.8600.5
7fb271c27000-7fb271c28000 r--p 00003000 00:49 7151903                    /usr/lib64/libgmodule-2.0.so.0.8600.5
7fb271c28000-7fb271c29000 rw-p 00004000 00:49 7151903                    /usr/lib64/libgmodule-2.0.so.0.8600.5
7fb271c29000-7fb271c2c000 r-xp 00000000 00:49 1070228                    /usr/lib64/libwayland-cursor.so.0.24.0
7fb271c2c000-7fb271c2e000 r--p 00003000 00:49 1070228                    /usr/lib64/libwayland-cursor.so.0.24.0
7fb271c2e000-7fb271c2f000 r--p 00004000 00:49 1070228                    /usr/lib64/libwayland-cursor.so.0.24.0
7fb271c2f000-7fb271c33000 rw-p 00005000 00:49 1070228                    /usr/lib64/libwayland-cursor.so.0.24.0
7fb271c33000-7fb271c3e000 r-xp 00000000 00:49 590336                     /usr/lib64/libffi.so.8.2.0
7fb271c3e000-7fb271c41000 r--p 0000b000 00:49 590336                     /usr/lib64/libffi.so.8.2.0
7fb271c41000-7fb271c42000 r--p 0000d000 00:49 590336                     /usr/lib64/libffi.so.8.2.0
7fb271c42000-7fb271c43000 rw-p 0000e000 00:49 590336                     /usr/lib64/libffi.so.8.2.0
7fb271c43000-7fb271d2d000 r-xp 00000000 00:49 7160192                    /usr/lib64/libnss3.so
7fb271d2d000-7fb271d77000 r--p 000ea000 00:49 7160192                    /usr/lib64/libnss3.so
7fb271d77000-7fb271d7e000 r--p 00134000 00:49 7160192                    /usr/lib64/libnss3.so
7fb271d7e000-7fb271d7f000 rw-p 0013b000 00:49 7160192                    /usr/lib64/libnss3.so
7fb271d7f000-7fb271d81000 rw-p 00000000 00:00 0 
7fb271d81000-7fb271db6000 r-xp 00000000 00:38 2561                       /tmp/lwjgl_bazzite/3.4.1+2/x64/liblwjgl.so
7fb271db6000-7fb271dfe000 r--p 00035000 00:38 2561                       /tmp/lwjgl_bazzite/3.4.1+2/x64/liblwjgl.so
7fb271dfe000-7fb271dff000 r--p 0007c000 00:38 2561                       /tmp/lwjgl_bazzite/3.4.1+2/x64/liblwjgl.so
7fb271dff000-7fb271e00000 rw-p 0007d000 00:38 2561                       /tmp/lwjgl_bazzite/3.4.1+2/x64/liblwjgl.so
7fb271e00000-7fb271e04000 ---p 00000000 00:00 0 
7fb271e04000-7fb271f00000 rw-p 00000000 00:00 0 
7fb271f00000-7fb271f04000 ---p 00000000 00:00 0 
7fb271f04000-7fb272000000 rw-p 00000000 00:00 0 
7fb272000000-7fb274021000 rw-p 00000000 00:00 0 
7fb274021000-7fb278000000 ---p 00000000 00:00 0 
7fb278000000-7fb278021000 rw-p 00000000 00:00 0 
7fb278021000-7fb27c000000 ---p 00000000 00:00 0 
7fb27c000000-7fb27c021000 rw-p 00000000 00:00 0 
7fb27c021000-7fb280000000 ---p 00000000 00:00 0 
7fb280000000-7fb280001000 r--p 00000000 00:00 0 
7fb280001000-7fb280002000 r-xp 00000000 00:00 0 
7fb280002000-7fb280003000 rw-s 00000000 00:01 36989                      /memfd:lp_dma_buf (deleted)
7fb280003000-7fb280017000 r-xp 00000000 00:49 7151782                    /usr/lib64/libnssutil3.so
7fb280017000-7fb280029000 r--p 00014000 00:49 7151782                    /usr/lib64/libnssutil3.so
7fb280029000-7fb280030000 r--p 00026000 00:49 7151782                    /usr/lib64/libnssutil3.so
7fb280030000-7fb280031000 rw-p 0002d000 00:49 7151782                    /usr/lib64/libnssutil3.so
7fb280031000-7fb280035000 ---p 00000000 00:00 0 
7fb280035000-7fb280131000 rw-p 00000000 00:00 0 
7fb280131000-7fb280135000 ---p 00000000 00:00 0 
7fb280135000-7fb280231000 rw-p 00000000 00:00 0 
7fb280231000-7fb280272000 r-xp 00000000 00:49 7160482                    /usr/lib/jvm/java-21-openjdk/lib/libjsvml.so
7fb280272000-7fb2802ff000 r--p 00041000 00:49 7160482                    /usr/lib/jvm/java-21-openjdk/lib/libjsvml.so
7fb2802ff000-7fb280300000 r--p 000cd000 00:49 7160482                    /usr/lib/jvm/java-21-openjdk/lib/libjsvml.so
7fb280300000-7fb280301000 rw-p 000ce000 00:49 7160482                    /usr/lib/jvm/java-21-openjdk/lib/libjsvml.so
7fb280301000-7fb280305000 ---p 00000000 00:00 0 
7fb280305000-7fb280401000 rw-p 00000000 00:00 0 
7fb280401000-7fb280405000 ---p 00000000 00:00 0 
7fb280405000-7fb280501000 rw-p 00000000 00:00 0 
7fb280501000-7fb280505000 ---p 00000000 00:00 0 
7fb280505000-7fb280601000 rw-p 00000000 00:00 0 
7fb280601000-7fb280605000 ---p 00000000 00:00 0 
7fb280605000-7fb280701000 rw-p 00000000 00:00 0 
7fb280701000-7fb280705000 ---p 00000000 00:00 0 
7fb280705000-7fb280801000 rw-p 00000000 00:00 0 
7fb280801000-7fb280805000 ---p 00000000 00:00 0 
7fb280805000-7fb280901000 rw-p 00000000 00:00 0 
7fb280901000-7fb280905000 ---p 00000000 00:00 0 
7fb280905000-7fb280c03000 rw-p 00000000 00:00 0 
7fb280c03000-7fb280cdf000 rw-p 00000000 00:00 0 
7fb280cdf000-7fb280de0000 rw-p 00000000 00:00 0 
7fb280de0000-7fb281590000 rw-p 00000000 00:00 0 
7fb281590000-7fb2887f0000 ---p 00000000 00:00 0 
7fb2887f0000-7fb288800000 rw-p 00000000 00:00 0 
7fb288800000-7fb288ac0000 rwxp 00000000 00:00 0 
7fb288ac0000-7fb28fc5f000 ---p 00000000 00:00 0 
7fb28fc5f000-7fb29007f000 rwxp 00000000 00:00 0 
7fb29007f000-7fb2903a0000 ---p 00000000 00:00 0 
7fb2903a0000-7fb290610000 rwxp 00000000 00:00 0 
7fb290610000-7fb297800000 ---p 00000000 00:00 0 
7fb297800000-7fb297801000 rw-s 00000000 00:01 34269                      /memfd:pipewire-memfd:flags=0x0000000f,type=2,size=4096 (deleted)
7fb297801000-7fb297802000 r-xp 00000000 00:49 1066404                    /usr/lib64/libxcb-shm.so.0.0.0
7fb297802000-7fb297803000 r--p 00001000 00:49 1066404                    /usr/lib64/libxcb-shm.so.0.0.0
7fb297803000-7fb297804000 r--p 00002000 00:49 1066404                    /usr/lib64/libxcb-shm.so.0.0.0
7fb297804000-7fb297805000 rw-p 00003000 00:49 1066404                    /usr/lib64/libxcb-shm.so.0.0.0
7fb297805000-7fb297806000 r-xp 00000000 00:49 1070223                    /usr/lib64/libwayland-egl.so.1.24.0
7fb297806000-7fb297807000 r--p 00001000 00:49 1070223                    /usr/lib64/libwayland-egl.so.1.24.0
7fb297807000-7fb297808000 r--p 00001000 00:49 1070223                    /usr/lib64/libwayland-egl.so.1.24.0
7fb297808000-7fb297809000 rw-p 00000000 00:00 0 
7fb297809000-7fb297810000 r-xp 00000000 00:49 1066644                    /usr/lib64/libwayland-client.so.0.24.0
7fb297810000-7fb297815000 r--p 00007000 00:49 1066644                    /usr/lib64/libwayland-client.so.0.24.0
7fb297815000-7fb297817000 r--p 0000c000 00:49 1066644                    /usr/lib64/libwayland-client.so.0.24.0
7fb297817000-7fb297818000 rw-p 0000e000 00:49 1066644                    /usr/lib64/libwayland-client.so.0.24.0
7fb297818000-7fb297819000 r-xp 00000000 00:49 7150422                    /usr/lib64/librt.so.1
7fb297819000-7fb29781a000 r--p 00001000 00:49 7150422                    /usr/lib64/librt.so.1
7fb29781a000-7fb29781b000 r--p 00001000 00:49 7150422                    /usr/lib64/librt.so.1
7fb29781b000-7fb29781c000 rw-p 00000000 00:00 0 
7fb29781c000-7fb29781e000 r-xp 00000000 00:49 7151778                    /usr/lib64/libplds4.so
7fb29781e000-7fb297820000 r--p 00002000 00:49 7151778                    /usr/lib64/libplds4.so
7fb297820000-7fb297821000 r--p 00003000 00:49 7151778                    /usr/lib64/libplds4.so
7fb297821000-7fb297822000 rw-p 00004000 00:49 7151778                    /usr/lib64/libplds4.so
7fb297822000-7fb297823000 rw-s 00000000 00:01 32060                      /memfd:pipewire-memfd:flags=0x0000000f,type=2,size=2312 (deleted)
7fb297823000-7fb297824000 rw-s 00000000 00:01 32061                      /memfd:pipewire-memfd:flags=0x0000000f,type=2,size=2312 (deleted)
7fb297824000-7fb297825000 rw-s 00000000 00:01 34268                      /memfd:pipewire-memfd:flags=0x0000000f,type=2,size=2312 (deleted)
7fb297825000-7fb297826000 rw-s 00000000 00:01 1980                       /memfd:pipewire-memfd:flags=0x0000000f,type=2,size=2312 (deleted)
7fb297826000-7fb297828000 r-xp 00000000 00:49 7156451                    /usr/lib64/spa-0.2/support/libspa-journal.so
7fb297828000-7fb297829000 r--p 00002000 00:49 7156451                    /usr/lib64/spa-0.2/support/libspa-journal.so
7fb297829000-7fb29782a000 r--p 00002000 00:49 7156451                    /usr/lib64/spa-0.2/support/libspa-journal.so
7fb29782a000-7fb29782b000 rw-p 00003000 00:49 7156451                    /usr/lib64/spa-0.2/support/libspa-journal.so
7fb29782b000-7fb29782c000 rw-p 00000000 00:00 0 
7fb29782c000-7fb29782d000 rw-p 00000000 00:00 0 
7fb29782d000-7fb29782e000 r-xp 00000000 00:49 7150420                    /usr/lib64/libpthread.so.0
7fb29782e000-7fb29782f000 r--p 00001000 00:49 7150420                    /usr/lib64/libpthread.so.0
7fb29782f000-7fb297830000 r--p 00001000 00:49 7150420                    /usr/lib64/libpthread.so.0
7fb297830000-7fb297831000 rw-p 00000000 00:00 0 
7fb297831000-7fb297834000 r-xp 00000000 00:49 7151777                    /usr/lib64/libplc4.so
7fb297834000-7fb297836000 r--p 00003000 00:49 7151777                    /usr/lib64/libplc4.so
7fb297836000-7fb297837000 r--p 00004000 00:49 7151777                    /usr/lib64/libplc4.so
7fb297837000-7fb297838000 rw-p 00005000 00:49 7151777                    /usr/lib64/libplc4.so
7fb297838000-7fb297839000 r-xp 00000000 00:49 7160496                    /usr/lib/jvm/java-21-openjdk/lib/libsystemconf.so
7fb297839000-7fb29783a000 r--p 00001000 00:49 7160496                    /usr/lib/jvm/java-21-openjdk/lib/libsystemconf.so
7fb29783a000-7fb29783b000 r--p 00001000 00:49 7160496                    /usr/lib/jvm/java-21-openjdk/lib/libsystemconf.so
7fb29783b000-7fb29783c000 rw-p 00000000 00:00 0 
7fb29783c000-7fb2a0000000 r--s 00000000 00:49 7160499                    /usr/lib/jvm/java-21-openjdk/lib/modules
7fb2a0000000-7fb2a3f19000 rw-p 00000000 00:00 0 
7fb2a3f19000-7fb2a4000000 ---p 00000000 00:00 0 
7fb2a4000000-7fb2a4001000 rw-p 00000000 00:00 0 
7fb2a4001000-7fb2a4002000 r-xp 00033000 00:38 2561                       /tmp/lwjgl_bazzite/3.4.1+2/x64/liblwjgl.so
7fb2a4002000-7fb2a4003000 rw-p 00000000 00:00 0 
7fb2a4003000-7fb2a4004000 r-xp 00000000 00:49 7150413                    /usr/lib64/libdl.so.2
7fb2a4004000-7fb2a4005000 r--p 00001000 00:49 7150413                    /usr/lib64/libdl.so.2
7fb2a4005000-7fb2a4006000 r--p 00001000 00:49 7150413                    /usr/lib64/libdl.so.2
7fb2a4006000-7fb2a4007000 rw-p 00000000 00:00 0 
7fb2a4007000-7fb2a401b000 r-xp 00000000 00:49 7160498                    /usr/lib/jvm/java-21-openjdk/lib/libzip.so
7fb2a401b000-7fb2a4024000 r--p 00014000 00:49 7160498                    /usr/lib/jvm/java-21-openjdk/lib/libzip.so
7fb2a4024000-7fb2a4025000 r--p 0001c000 00:49 7160498                    /usr/lib/jvm/java-21-openjdk/lib/libzip.so
7fb2a4025000-7fb2a4026000 rw-p 00000000 00:00 0 
7fb2a4026000-7fb2a402e000 r-xp 00000000 00:49 7160489                    /usr/lib/jvm/java-21-openjdk/lib/libnet.so
7fb2a402e000-7fb2a4032000 r--p 00008000 00:49 7160489                    /usr/lib/jvm/java-21-openjdk/lib/libnet.so
7fb2a4032000-7fb2a4033000 r--p 0000b000 00:49 7160489                    /usr/lib/jvm/java-21-openjdk/lib/libnet.so
7fb2a4033000-7fb2a4034000 rw-p 00000000 00:00 0 
7fb2a4034000-7fb2a403e000 r-xp 00000000 00:49 7160490                    /usr/lib/jvm/java-21-openjdk/lib/libnio.so
7fb2a403e000-7fb2a4048000 r--p 0000a000 00:49 7160490                    /usr/lib/jvm/java-21-openjdk/lib/libnio.so
7fb2a4048000-7fb2a4049000 r--p 00014000 00:49 7160490                    /usr/lib/jvm/java-21-openjdk/lib/libnio.so
7fb2a4049000-7fb2a404a000 rw-p 00015000 00:49 7160490                    /usr/lib/jvm/java-21-openjdk/lib/libnio.so
7fb2a404a000-7fb2a408b000 rw-p 00000000 00:00 0 
7fb2a408b000-7fb2a418c000 rw-p 00000000 00:00 0 
7fb2a418c000-7fb2a4e99000 rw-p 00000000 00:00 0 
7fb2a4e99000-7fb2a519c000 rw-p 00000000 00:00 0 
7fb2a519c000-7fb2a538c000 rw-p 00000000 00:00 0 
7fb2a538c000-7fb2a61d8000 ---p 00000000 00:00 0 
7fb2a61d8000-7fb2a62d0000 rw-p 00000000 00:00 0 
7fb2a62d0000-7fb2a711c000 ---p 00000000 00:00 0 
7fb2a711c000-7fb2a7e6e000 rw-p 00000000 00:00 0 
7fb2a7e6e000-7fb2a7f52000 ---p 00000000 00:00 0 
7fb2a7f52000-7fb2a7f58000 rw-p 00000000 00:00 0 
7fb2a7f58000-7fb2a803b000 ---p 00000000 00:00 0 
7fb2a803b000-7fb2a8044000 rw-p 00000000 00:00 0 
7fb2a8044000-7fb2a804a000 ---p 00000000 00:00 0 
7fb2a804a000-7fb2a805a000 r-xp 00000000 00:49 7160475                    /usr/lib/jvm/java-21-openjdk/lib/libjava.so
7fb2a805a000-7fb2a8069000 r--p 00010000 00:49 7160475                    /usr/lib/jvm/java-21-openjdk/lib/libjava.so
7fb2a8069000-7fb2a806a000 r--p 0001f000 00:49 7160475                    /usr/lib/jvm/java-21-openjdk/lib/libjava.so
7fb2a806a000-7fb2a806b000 rw-p 00020000 00:49 7160475                    /usr/lib/jvm/java-21-openjdk/lib/libjava.so
7fb2a806b000-7fb2a806c000 rw-p 00000000 00:00 0 
7fb2a806c000-7fb2a8084000 r-xp 00000000 00:49 7160478                    /usr/lib/jvm/java-21-openjdk/lib/libjimage.so
7fb2a8084000-7fb2a808a000 r--p 00018000 00:49 7160478                    /usr/lib/jvm/java-21-openjdk/lib/libjimage.so
7fb2a808a000-7fb2a808c000 r--p 0001e000 00:49 7160478                    /usr/lib/jvm/java-21-openjdk/lib/libjimage.so
7fb2a808c000-7fb2a808d000 rw-p 00020000 00:49 7160478                    /usr/lib/jvm/java-21-openjdk/lib/libjimage.so
7fb2a808d000-7fb2a8091000 ---p 00000000 00:00 0 
7fb2a8091000-7fb2a818d000 rw-p 00000000 00:00 0 
7fb2a818d000-7fb2a820f000 r-xp 00000000 00:49 7150414                    /usr/lib64/libm.so.6
7fb2a820f000-7fb2a8280000 r--p 00082000 00:49 7150414                    /usr/lib64/libm.so.6
7fb2a8280000-7fb2a8281000 r--p 000f2000 00:49 7150414                    /usr/lib64/libm.so.6
7fb2a8281000-7fb2a8282000 rw-p 000f3000 00:49 7150414                    /usr/lib64/libm.so.6
7fb2a8282000-7fb2a91b8000 r-xp 00000000 00:49 7160506                    /usr/lib/jvm/java-21-openjdk/lib/server/libjvm.so
7fb2a91b8000-7fb2a949c000 r--p 00f36000 00:49 7160506                    /usr/lib/jvm/java-21-openjdk/lib/server/libjvm.so
7fb2a949c000-7fb2a9573000 r--p 0121a000 00:49 7160506                    /usr/lib/jvm/java-21-openjdk/lib/server/libjvm.so
7fb2a9573000-7fb2a95a3000 rw-p 012f1000 00:49 7160506                    /usr/lib/jvm/java-21-openjdk/lib/server/libjvm.so
7fb2a95a3000-7fb2a960c000 rw-p 00000000 00:00 0 
7fb2a960c000-7fb2a977b000 r-xp 00000000 00:49 7150412                    /usr/lib64/libc.so.6
7fb2a977b000-7fb2a97f1000 r--p 0016f000 00:49 7150412                    /usr/lib64/libc.so.6
7fb2a97f1000-7fb2a97f5000 r--p 001e4000 00:49 7150412                    /usr/lib64/libc.so.6
7fb2a97f5000-7fb2a97f7000 rw-p 001e8000 00:49 7150412                    /usr/lib64/libc.so.6
7fb2a97f7000-7fb2a97ff000 rw-p 00000000 00:00 0 
7fb2a97ff000-7fb2a9807000 rw-s 00000000 00:38 2862                       /tmp/hsperfdata_bazzite/223396 (deleted)
7fb2a9807000-7fb2a9808000 ---p 00000000 00:00 0 
7fb2a9808000-7fb2a9809000 r--p 00000000 00:00 0 
7fb2a9809000-7fb2a980a000 ---p 00000000 00:00 0 
7fb2a980a000-7fb2a981c000 r-xp 00000000 00:49 7160479                    /usr/lib/jvm/java-21-openjdk/lib/libjli.so
7fb2a981c000-7fb2a9824000 r--p 00012000 00:49 7160479                    /usr/lib/jvm/java-21-openjdk/lib/libjli.so
7fb2a9824000-7fb2a9825000 r--p 0001a000 00:49 7160479                    /usr/lib/jvm/java-21-openjdk/lib/libjli.so
7fb2a9825000-7fb2a9826000 rw-p 0001b000 00:49 7160479                    /usr/lib/jvm/java-21-openjdk/lib/libjli.so
7fb2a9826000-7fb2a9828000 rw-p 00000000 00:00 0 
7fb2a9828000-7fb2a982c000 r--p 00000000 00:00 0                          [vvar]
7fb2a982c000-7fb2a982e000 r--p 00000000 00:00 0                          [vvar_vclock]
7fb2a982e000-7fb2a9830000 r-xp 00000000 00:00 0                          [vdso]
7fb2a9830000-7fb2a985a000 r-xp 00000000 00:49 7150409                    /usr/lib64/ld-linux-x86-64.so.2
7fb2a985a000-7fb2a9866000 r--p 0002a000 00:49 7150409                    /usr/lib64/ld-linux-x86-64.so.2
7fb2a9866000-7fb2a9868000 r--p 00035000 00:49 7150409                    /usr/lib64/ld-linux-x86-64.so.2
7fb2a9868000-7fb2a9869000 rw-p 00037000 00:49 7150409                    /usr/lib64/ld-linux-x86-64.so.2
7fb2a9869000-7fb2a986a000 rw-p 00000000 00:00 0 
7fff83971000-7fff83995000 rw-p 00000000 00:00 0                          [stack]
ffffffffff600000-ffffffffff601000 --xp 00000000 00:00 0                  [vsyscall]
Total number of mappings: 857

JVMTI agents: none


VM Arguments:
jvm_args: --enable-native-access=ALL-UNNAMED -Dfile.encoding=UTF-8 -Duser.country=US -Duser.language=en -Duser.variant 
java_command: dungeon.crawler.lwjgl3.Lwjgl3Launcher
java_class_path (initial): /home/bazzite/code/java/LibGDXDungeonCrawler/lwjgl3/build/classes/java/main:/home/bazzite/code/java/LibGDXDungeonCrawler/lwjgl3/build/classes/kotlin/main:/home/bazzite/code/java/LibGDXDungeonCrawler/lwjgl3/build/resources/main:/home/bazzite/code/java/LibGDXDungeonCrawler/core/build/libs/core-1.0.0.jar:/home/bazzite/.gradle/caches/modules-2/files-2.1/org.jetbrains.kotlin/kotlin-stdlib/2.3.10/8b80e2f80a3b7daa99c16017f91d4c72cd8b31a6/kotlin-stdlib-2.3.10.jar:/home/bazzite/.gradle/caches/modules-2/files-2.1/com.badlogicgames.gdx-controllers/gdx-controllers-desktop/2.2.4/44c8bdf023f04ea9a84ad105d5e2f59ff5d7768a/gdx-controllers-desktop-2.2.4.jar:/home/bazzite/.gradle/caches/modules-2/files-2.1/com.badlogicgames.gdx/gdx-backend-lwjgl3/1.14.0/122cf51d4a3bcd4e14e8fbd16ae2b65f27fe2d57/gdx-backend-lwjgl3-1.14.0.jar:/home/bazzite/.gradle/caches/modules-2/files-2.1/com.badlogicgames.gdx/gdx-platform/1.14.0/d0ecc53f2c20576f1ba4ac9ba157cf48f7bd9821/gdx-platform-1.14.0-natives-desktop.jar:/home/bazzite/.gradle/caches/modules-2/files-2.1/com.badlogicgames.gdx/gdx-tools/1.14.0/127ace6e61276431b23a963c99cee397da72c783/gdx-tools-1.14.0.jar:/home/bazzite/.gradle/caches/modules-2/files-2.1/org.lwjgl/lwjgl-glfw/3.4.1/a782b1ddd175c9107bf300fd92920579ea65e2a4/lwjgl-glfw-3.4.1.jar:/home/bazzite/.gradle/caches/modules-2/files-2.1/org.lwjgl/lwjgl-glfw/3.4.1/23cdf7655ce9f3b27ad90f08e73345e0d5b46362/lwjgl-glfw-3.4.1-natives-linux.jar:/home/bazzite/.gradle/caches/modules-2/files-2.1/org.lwjgl/lwjgl-glfw/3.4.1/bb243e9a857c4301bf7d5e668538686eaa64101e/lwjgl-glfw-3.4.1-natives-linux-arm32.jar:/home/bazzite/.gradle/caches/modules-2/files-2.1/org.lwjgl/lwjgl-glfw/3.4.1/e5e87034c47118960746077dba46280e8de864b3/lwjgl-glfw-3.4.1-natives-linux-arm64.jar:/home/bazzite/.gradle/caches/modules-2/files-2.1/org.lwjgl/lwjgl-glfw/3.4.1/3c8538942f58377d59cd7be2dc164ba71a53868a/lwjgl-glfw-3.4.1-natives-macos.jar:/home/bazzite/.gradle/caches/modules-2/files-2.1/org.lwjgl/lwjgl-glfw/3.4.1/ef1f8efca5a60ba3512bc4982b88e446ecc43378/lwjgl-glfw-3.4.1-natives-macos-arm64.jar:/home/bazzite/.gradle/caches/modules-2/files-2.1/org.lwjgl/lwjgl-glfw/3.4.1/2eb4aa895ea190ba8cf4356f8cea24d3ebb40ea1/lwjgl-glfw-3.4.1-natives-windows.jar:/home/bazzite/.gradle/caches/modules-2/files-2.1/org.lwjgl/lwjgl-glfw/3.4.1/a48bbdd544f00c88f8906e9d09e3f31bc1c17fac/lwjgl-glfw-3.4.1-natives-windows-x86.jar:/home/bazzite/.gradle/caches/modules-2/files-2.1/org.lwjgl/lwjgl-jemalloc/3.4.1/16b663092854fc6adfe0a941e61cae2bb2e437b6/lwjgl-jemalloc-3.4.1.jar:/home/bazzite/.gradle/caches/modules-2/files-2.1/org.lwjgl/lwjgl-jemalloc/3.4.1/b83c82d941f2e624d150d6d1e2efcf4ea49ff8ea/lwjgl-jemalloc-3.4.1-natives-linux.jar:/home/bazzite/.gradle/caches/modules-2/files-2.1/org.lwjgl/lwjgl-jemalloc/3.4.1/fc9ce35c94743e23855777cacaba34bc145da6ec/lwjgl-jemalloc-3.4.1-natives-linux-arm32.jar:/home/bazzite/.gradle/caches/modules-2/files-2.1/org.lwjgl/lwjgl-jemalloc/3.4.1/7891964dfb723209c6d02b0401432348fb707cc0/lwjgl-jemalloc-3.4.1-natives-linux-arm64.jar:/home/bazzite/.gradle/caches/modules-2/files-2.1/org.lwjgl/lwjgl-jemalloc/3.4.1/581b4d542e841015ce3265eed0495e2cde15b1d0/lwjgl-jemalloc-3.4.1-natives-macos.jar:/home/bazzite/.gradle/caches/modules-2/files-2.1/org.lwjgl/lwjgl-jemalloc/3.4.1/dcd7e3f9a2ca386e8c5b8f508a8511d9dd63bab0/lwjgl-jemalloc-3.4.1-natives-macos-arm64.jar:/home/bazzite/.gradle/caches/modules-2/files-2.1/org.lwjgl/lwjgl-jemalloc/3.4.1/70db8048d1aca8a6365f46f9963b8d6cd77b9e94/lwjgl-jemalloc-3.4.1-natives-windows.jar:/home/bazzite/.gradle/caches/modules-2/files-2.1/org.lwjgl/lwjgl-jemalloc/3.4.1/d8cf69e1155df83260f9bbe01944fe91f8ca3955/lwjgl-jemalloc-3.4.1-natives-windows-x86.jar:/home/bazzite/.gradle/caches/modules-2/files-2.1/org.lwjgl/lwjgl-openal/3.4.1/8508bd60589de0539aa465b78fcf838efd07ae9a/lwjgl-openal-3.4.1.jar:/home/bazzite/.gradle/caches/modules-2/files-2.1/org.lwjgl/lwjgl-openal/3.4.1/dbff577119266cd4312e4eb9cc2b171407c56360/lwjgl-openal-3.4.1-natives-linux.jar:/home/bazzite/.gradle/caches/modules-2/files-2.1/org.lwjgl/lwjgl-openal/3.4.1/6d4ac5f3d5bab7f2fadfd52c32177d9c12a43b49/lwjgl-openal-3.4.1-natives-linux-arm32.jar:/home/bazzite/.gradle/caches/modules-2/files-2.1/org.lwjgl/lwjgl-openal/3.4.1/3729b70cdd42df5571b075e051fa2fc8586dc538/lwjgl-openal-3.4.1-natives-linux-arm64.jar:/home/bazzite/.gradle/caches/modules-2/files-2.1/org.lwjgl/lwjgl-openal/3.4.1/a4dc57b7b0880d3fffb4d0b61649f45712bccc93/lwjgl-openal-3.4.1-natives-macos.jar:/home/bazzite/.gradle/caches/modules-2/files-2.1/org.lwjgl/lwjgl-openal/3.4.1/1c709a38c4a0e86aae96db7b8c78432307f2322a/lwjgl-openal-3.4.1-natives-macos-arm64.jar:/home/bazzite/.gradle/caches/modules-2/files-2.1/org.lwjgl/lwjgl-openal/3.4.1/8e83fdfdf65c80c9877c6fb6cb645d239ed7638/lwjgl-openal-3.4.1-natives-windows.jar:/home/bazzite/.gradle/caches/modules-2/files-2.1/org.lwjgl/lwjgl-openal/3.4.1/9e4bab87e9b89876fa77ea3c19e1b45334b97c10/lwjgl-openal-3.4.1-natives-windows-x86.jar:/home/bazzite/.gradle/caches/modules-2/files-2.1/org.lwjgl/lwjgl-opengl/3.4.1/830412cab823c029cda6b9729f9d2ed36cf79959/lwjgl-opengl-3.4.1.jar:/home/bazzite/.gradle/caches/modules-2/files-2.1/org.lwjgl/lwjgl-opengl/3.4.1/b750599f0e75ddb19f1d0fe993f3011334b710ae/lwjgl-opengl-3.4.1-natives-linux.jar:/home/bazzite/.gradle/caches/modules-2/files-2.1/org.lwjgl/lwjgl-opengl/3.4.1/172e575948234ff7920abf0d0083d25e37c91ba6/lwjgl-opengl-3.4.1-natives-linux-arm32.jar:/home/bazzite/.gradle/caches/modules-2/files-2.1/org.lwjgl/lwjgl-opengl/3.4.1/61a4103e56bbaeb74ad3f19ec14299fd6891c4b0/lwjgl-opengl-3.4.1-natives-linux-arm64.jar:/home/bazzite/.gradle/caches/modules-2/files-2.1/org.lwjgl/lwjgl-opengl/3.4.1/ba18fc6012b88494ee893506934b92b01c4ef14b/lwjgl-opengl-3.4.1-natives-macos.jar:/home/bazzite/.gradle/caches/modules-2/files-2.1/org.lwjgl/lwjgl-opengl/3.4.1/35b5550058de4960525f465243bd01805f04fd8b/lwjgl-opengl-3.4.1-natives-macos-arm64.jar:/home/bazzite/.gradle/caches/modules-2/files-2.1/org.lwjgl/lwjgl-opengl/3.4.1/617f37ef4e2ffb727bd5e74333e8073ef43ca1ec/lwjgl-opengl-3.4.1-natives-windows.jar:/home/bazzite/.gradle/caches/modules-2/files-2.1/org.lwjgl/lwjgl-opengl/3.4.1/cfd47352b758a0c9f7046de467b103182ec77eb1/lwjgl-opengl-3.4.1-natives-windows-x86.jar:/home/bazzite/.gradle/caches/modules-2/files-2.1/org.lwjgl/lwjgl-stb/3.4.1/f077c3dafc31924fbe8acb0b913f08977ba27f8e/lwjgl-stb-3.4.1.jar:/home/bazzite/.gradle/caches/modules-2/files-2.1/org.lwjgl/lwjgl-stb/3.4.1/7e1cfae909da6c68f3cb6073a9bfeb6c90e82a57/lwjgl-stb-3.4.1-natives-linux.jar:/home/bazzite/.gradle/caches/modules-2/files-2.1/org.lwjgl/lwjgl-stb/3.4.1/8f753f3772863989f1172d2b84b4e56ed18e8c35/lwjgl-stb-3.4.1-natives-linux-arm32.jar:/home/bazzite/.gradle/caches/modules-2/files-2.1/org.lwjgl/lwjgl-stb/3.4.1/3bc107f901f931fea07cb0d80b1d74a34b806a2b/lwjgl-stb-3.4.1-natives-linux-arm64.jar:/home/bazzite/.gradle/caches/modules-2/files-2.1/org.lwjgl/lwjgl-stb/3.4.1/fd1ea36b717b0832babca09324a6cfc43906e2aa/lwjgl-stb-3.4.1-natives-macos.jar:/home/bazzite/.gradle/caches/modules-2/files-2.1/org.lwjgl/lwjgl-stb/3.4.1/da554e04f819f09b0f3473bd931628ebf557965e/lwjgl-stb-3.4.1-natives-macos-arm64.jar:/home/bazzite/.gradle/caches/modules-2/files-2.1/org.lwjgl/lwjgl-stb/3.4.1/b4e13ece83c228ecf57354639d8555076a989d74/lwjgl-stb-3.4.1-natives-windows.jar:/home/bazzite/.gradle/caches/modules-2/files-2.1/org.lwjgl/lwjgl-stb/3.4.1/e091cd3b25ab7db88f0e34a0d2797dc396a528fa/lwjgl-stb-3.4.1-natives-windows-x86.jar:/home/bazzite/.gradle/caches/modules-2/files-2.1/org.lwjgl/lwjgl/3.4.1/6105690714874b995aa7812e4f7732a21109276c/lwjgl-3.4.1.jar:/home/bazzite/.gradle/caches/modules-2/files-2.1/org.lwjgl/lwjgl/3.4.1/2734e106bd95db49fe0da8cf8bf7fd96475c436c/lwjgl-3.4.1-natives-linux.jar:/home/bazzite/.gradle/caches/modules-2/files-2.1/org.lwjgl/lwjgl/3.4.1/1511ab1ffb1c8d8e00e2acb452663173ae09bca0/lwjgl-3.4.1-natives-linux-arm32.jar:/home/bazzite/.gradle/caches/modules-2/files-2.1/org.lwjgl/lwjgl/3.4.1/46883f3b622d8b4d7f27b627ca3360cda3db0e0e/lwjgl-3.4.1-natives-linux-arm64.jar:/home/bazzite/.gradle/caches/modules-2/files-2.1/org.lwjgl/lwjgl/3.4.1/b034fd9a67cb8646c01af7efcefcb93be835542b/lwjgl-3.4.1-natives-macos.jar:/home/bazzite/.gradle/caches/modules-2/files-2.1/org.lwjgl/lwjgl/3.4.1/b4cbdef4818abd714ee66985344c0949fd1cd6d6/lwjgl-3.4.1-natives-macos-arm64.jar:/home/bazzite/.gradle/caches/modules-2/files-2.1/org.lwjgl/lwjgl/3.4.1/96a217f0428ab73487f114a54179a4f41e851a04/lwjgl-3.4.1-natives-windows.jar:/home/bazzite/.gradle/caches/modules-2/files-2.1/org.lwjgl/lwjgl/3.4.1/65de43bd52507e108a58247c0da57a50ce3ee6f6/lwjgl-3.4.1-natives-windows-x86.jar:/home/bazzite/.gradle/caches/modules-2/files-2.1/org.jetbrains/annotations/13.0/919f0dfe192fb4e063e7dacadee7f8bb9a2672a9/annotations-13.0.jar:/home/bazzite/.gradle/caches/modules-2/files-2.1/de.golfgl.gdxcontrollerutils/gdx-controllerutils-mapping/2.3.0/4f0651c569245a0fcc2eb3a51f3d64cba33ab943/gdx-controllerutils-mapping-2.3.0.jar:/home/bazzite/.gradle/caches/modules-2/files-2.1/com.badlogicgames.gdx-controllers/gdx-controllers-core/2.2.4/d8a18ff371fb01c1763e9fe5ea050e39d2d66437/gdx-controllers-core-2.2.4.jar:/home/bazzite/.gradle/caches/modules-2/files-2.1/de.golfgl.gdxcontrollerutils/gdx-controllerutils-scene2d/2.3.0/f9a865856302ec274e78f2963cf7936bcd09e4a8/gdx-controllerutils-scene2d-2.3.0.jar:/home/bazzite/.gradle/caches/modules-2/files-2.1/com.vabrantgames/console/v0.3.0/72e7c7973b26a4e4a5cce0e7dae16c10bd73761a/console-v0.3.0.jar:/home/bazzite/.gradle/caches/modules-2/files-2.1/com.badlogicgames.gdx/gdx-freetype/1.14.0/90299d782fca725677549b88bc1958f968e09bd8/gdx-freetype-1.14.0.jar:/home/bazzite/.gradle/caches/modules-2/files-2.1/com.badlogicgames.gdx/gdx-backend-headless/1.14.0/91a9024d8424ffd4f0805a11f652aa4500f59e0b/gdx-backend-headless-1.14.0.jar:/home/bazzite/.gradle/caches/modules-2/files-2.1/com.badlogicgames.gdx/gdx/1.14.0/8accfce8d9313d9ddd23a2c9e315179783085ef2/gdx-1.14.0.jar:/home/bazzite/.gradle/caches/modules-2/files-2.1/com.badlogicgames.jamepad/jamepad/2.26.5.0/5c39b34fa0c39e3dd4607085d27d51b599ea30a0/jamepad-2.26.5.0.jar:/home/bazzite/.gradle/caches/modules-2/files-2.1/com.badlogicgames.jlayer/jlayer/1.0.1-gdx/7cca83cec5c1b2f011362f4d85aabd71a73b049d/jlayer-1.0.1-gdx.jar:/home/bazzite/.gradle/caches/modules-2/files-2.1/org.jcraft/jorbis/0.0.17/8872d22b293e8f5d7d56ff92be966e6dc28ebdc6/jorbis-0.0.17.jar:/home/bazzite/.gradle/caches/modules-2/files-2.1/com.badlogicgames.gdx/gdx-jnigen-loader/2.5.2/f35e90affe07c46b4f5e5958a1a4c1820c4890e2/gdx-jnigen-loader-2.5.2.jar
Launcher Type: SUN_STANDARD

[Global flags]
     intx CICompilerCount                          = 12                                        {product} {ergonomic}
     uint ConcGCThreads                            = 3                                         {product} {ergonomic}
     uint G1ConcRefinementThreads                  = 13                                        {product} {ergonomic}
   size_t G1HeapRegionSize                         = 4194304                                   {product} {ergonomic}
    uintx GCDrainStackTargetSize                   = 64                                        {product} {ergonomic}
   size_t InitialHeapSize                          = 515899392                                 {product} {ergonomic}
   size_t MarkStackSize                            = 4194304                                   {product} {ergonomic}
   size_t MaxHeapSize                              = 8195670016                                {product} {ergonomic}
   size_t MaxNewSize                               = 4915724288                                {product} {ergonomic}
   size_t MinHeapDeltaBytes                        = 4194304                                   {product} {ergonomic}
   size_t MinHeapSize                              = 8388608                                   {product} {ergonomic}
    uintx NonNMethodCodeHeapSize                   = 7602480                                {pd product} {ergonomic}
    uintx NonProfiledCodeHeapSize                  = 122027880                              {pd product} {ergonomic}
    uintx ProfiledCodeHeapSize                     = 122027880                              {pd product} {ergonomic}
    uintx ReservedCodeCacheSize                    = 251658240                              {pd product} {ergonomic}
     bool SegmentedCodeCache                       = true                                      {product} {ergonomic}
   size_t SoftMaxHeapSize                          = 8195670016                             {manageable} {ergonomic}
     bool UseCompressedOops                        = true                           {product lp64_product} {ergonomic}
     bool UseG1GC                                  = true                                      {product} {ergonomic}

Logging:
Log output configuration:
 #0: 
[error occurred during error reporting (printing log configuration), id 0xb, SIGSEGV (0xb) at pc=0x00007fb2a8be905a]
Release file:
IMPLEMENTOR="Red Hat, Inc."
IMPLEMENTOR_VERSION="(Red_Hat-21.0.11.0.10-2)"
JAVA_RUNTIME_VERSION="21.0.11+10"
JAVA_VERSION="21.0.11"
JAVA_VERSION_DATE="2026-04-21"
LIBC="gnu"
MODULES="java.base java.compiler java.datatransfer java.xml java.prefs java.desktop java.instrument java.logging java.management java.security.sasl java.naming java.rmi java.management.rmi java.net.http java.scripting java.security.jgss java.transaction.xa java.sql java.sql.rowset java.xml.crypto java.se java.smartcardio jdk.accessibility jdk.internal.jvmstat jdk.attach jdk.charsets jdk.internal.opt jdk.zipfs jdk.compiler jdk.crypto.ec jdk.crypto.cryptoki jdk.dynalink jdk.internal.ed jdk.editpad jdk.hotspot.agent jdk.httpserver jdk.incubator.vector jdk.internal.le jdk.internal.vm.ci jdk.internal.vm.compiler jdk.internal.vm.compiler.management jdk.jartool jdk.javadoc jdk.jcmd jdk.management jdk.management.agent jdk.jconsole jdk.jdeps jdk.jdwp.agent jdk.jdi jdk.jfr jdk.jlink jdk.jpackage jdk.jshell jdk.jsobject jdk.jstatd jdk.localedata jdk.management.jfr jdk.naming.dns jdk.naming.rmi jdk.net jdk.nio.mapmode jdk.random jdk.sctp jdk.security.auth jdk.security.jgss jdk.unsupported jdk.unsupported.desktop jdk.xml.dom"
OS_ARCH="x86_64"
OS_NAME="Linux"
SOURCE=".:git:d8615be99208"

Environment Variables:
PATH=/home/bazzite/.local/bin:/home/bazzite/.local/bin:/home/bazzite/.local/share/../bin:/home/bazzite/.local/bin:/home/bazzite/bin:/usr/local/bin:/usr/bin:/bin:/home/bazzite/.local/share/yabridge:/home/bazzite/.local/share/yabridge:/usr/local/bin:/usr/bin:/usr/local/sbin:/usr/sbin:/sbin
XDG_CACHE_HOME=/home/bazzite/.cache
XDG_CONFIG_HOME=/home/bazzite/.config
SHELL=/usr/bin/zsh
DISPLAY=:0
WAYLAND_DISPLAY=wayland-0
LANG=en_US.UTF-8
TERM=xterm-256color

Active Locale:
LC_ALL=en_US.UTF-8
LC_COLLATE=en_US.UTF-8
LC_CTYPE=en_US.UTF-8
LC_MESSAGES=en_US.UTF-8
LC_MONETARY=en_US.UTF-8
LC_NUMERIC=en_US.UTF-8
LC_TIME=en_US.UTF-8

Signal Handlers:
   SIGSEGV: crash_handler in libjvm.so, mask=11100100010111111101111111111110, flags=SA_RESTART|SA_SIGINFO, unblocked
    SIGBUS: crash_handler in libjvm.so, mask=11100100010111111101111111111110, flags=SA_RESTART|SA_SIGINFO, unblocked
    SIGFPE: crash_handler in libjvm.so, mask=11100100010111111101111111111110, flags=SA_RESTART|SA_SIGINFO, unblocked
   SIGPIPE: SIG_IGN, mask=00000000000000000000000000000000, flags=none, blocked
  *** Handler was modified!
  *** Expected: javaSignalHandler in libjvm.so, mask=11100100110111111111111111111110, flags=SA_RESTART|SA_SIGINFO
   SIGXFSZ: javaSignalHandler in libjvm.so, mask=11100100010111111101111111111110, flags=SA_RESTART|SA_SIGINFO, blocked
    SIGILL: crash_handler in libjvm.so, mask=11100100010111111101111111111110, flags=SA_RESTART|SA_SIGINFO, unblocked
   SIGUSR2: SR_handler in libjvm.so, mask=00000000000000000000000000000000, flags=SA_RESTART|SA_SIGINFO, blocked
    SIGHUP: UserHandler in libjvm.so, mask=11100100010111111101111111111110, flags=SA_RESTART|SA_SIGINFO, blocked
    SIGINT: UserHandler in libjvm.so, mask=11100100010111111101111111111110, flags=SA_RESTART|SA_SIGINFO, blocked
   SIGTERM: UserHandler in libjvm.so, mask=11100100010111111101111111111110, flags=SA_RESTART|SA_SIGINFO, blocked
   SIGQUIT: UserHandler in libjvm.so, mask=11100100010111111101111111111110, flags=SA_RESTART|SA_SIGINFO, blocked
   SIGTRAP: crash_handler in libjvm.so, mask=11100100010111111101111111111110, flags=SA_RESTART|SA_SIGINFO, unblocked


Periodic native trim disabled

---------------  S Y S T E M  ---------------

OS:
Fedora release 43 (Forty Three)
uname: Linux 7.0.9-ogc3.2.fc44.x86_64 #1 SMP PREEMPT_DYNAMIC Wed May 20 01:34:43 UTC 2026 x86_64
OS uptime: 0 days 12:02 hours
libc: glibc 2.42 NPTL 2.42 
rlimit (soft/hard): STACK 8192k/infinity , CORE infinity/infinity , NPROC 123785/123785 , NOFILE 1048576/1048576 , AS infinity/infinity , CPU infinity/infinity , DATA infinity/infinity , FSIZE infinity/infinity , MEMLOCK 2147484k/2147484k
load average: 1.33 0.96 0.89

/proc/meminfo:
MemTotal:       32001840 kB
MemFree:         2324684 kB
MemAvailable:   10795168 kB
Buffers:            4228 kB
Cached:          9981740 kB
SwapCached:         7548 kB
Active:         10395628 kB
Inactive:       16220492 kB
Active(anon):    7355324 kB
Inactive(anon):  9560156 kB
Active(file):    3040304 kB
Inactive(file):  6660336 kB
Unevictable:         916 kB
Mlocked:             916 kB
SwapTotal:      16000508 kB
SwapFree:       12115140 kB
Zswap:                 0 kB
Zswapped:              0 kB
Dirty:              9992 kB
Writeback:             0 kB
AnonPages:      16625372 kB
Mapped:          2708944 kB
Shmem:            290968 kB
KReclaimable:     468536 kB
Slab:             950744 kB
SReclaimable:     468536 kB
SUnreclaim:       482208 kB
KernelStack:       50844 kB
PageTables:       180216 kB
SecPageTables:      5000 kB
NFS_Unstable:          0 kB
Bounce:                0 kB
WritebackTmp:          0 kB
CommitLimit:    32001428 kB
Committed_AS:   72396020 kB
VmallocTotal:   34359738367 kB
VmallocUsed:      368132 kB
VmallocChunk:          0 kB
Percpu:            21440 kB
HardwareCorrupted:     0 kB
AnonHugePages:         0 kB
ShmemHugePages:        0 kB
ShmemPmdMapped:        0 kB
FileHugePages:     12288 kB
FilePmdMapped:         0 kB
CmaTotal:              0 kB
CmaFree:               0 kB
Unaccepted:            0 kB
Balloon:               0 kB
HugePages_Total:       0
HugePages_Free:        0
HugePages_Rsvd:        0
HugePages_Surp:        0
Hugepagesize:       2048 kB
Hugetlb:               0 kB
DirectMap4k:     4180908 kB
DirectMap2M:    27471872 kB
DirectMap1G:     2097152 kB

/sys/kernel/mm/transparent_hugepage/enabled: always [madvise] never
/sys/kernel/mm/transparent_hugepage/hpage_pmd_size: 2097152
/sys/kernel/mm/transparent_hugepage/defrag (defrag/compaction efforts parameter): always defer defer+madvise [madvise] never

Process Memory:
Virtual Size: 13385040K (peak: 13385068K)
Resident Set Size: 288448K (peak: 288448K) (anon: 149388K, file: 127096K, shmem: 11964K)
Swapped out: 0K
C-Heap outstanding allocations: 125319K, retained: 11820K
glibc malloc tunables: (default)

/proc/sys/kernel/threads-max (system-wide limit on the number of threads): 247570
/proc/sys/vm/max_map_count (maximum number of memory map areas a process may have): 2147483642
/proc/sys/vm/swappiness (control to define how aggressively the kernel swaps out anonymous memory): 180
/proc/sys/kernel/pid_max (system-wide limit on number of process identifiers): 4194304

container information not found.
Steal ticks since vm start: 0
Steal ticks percentage since vm start:  0.000

CPU: total 16 (initial active 16) (16 cores per cpu, 2 threads per core) family 25 model 97 stepping 2 microcode 0xa60120a, cx8, cmov, fxsr, ht, mmx, 3dnowpref, sse, sse2, sse3, ssse3, sse4a, sse4.1, sse4.2, popcnt, lzcnt, tsc, tscinvbit, avx, avx2, aes, erms, clmul, bmi1, bmi2, adx, avx512f, avx512dq, avx512cd, avx512bw, avx512vl, sha, fma, vzeroupper, avx512_vpopcntdq, avx512_vpclmulqdq, avx512_vaes, avx512_vnni, clflush, clflushopt, avx512_vbmi2, avx512_vbmi, rdtscp, rdpid, fsrm, gfni, avx512_bitalg, f16c, pku, ospke, cet_ss, avx512_ifma
CPU Model and flags from /proc/cpuinfo:
model name	: AMD Ryzen 7 7700X 8-Core Processor
flags		: fpu vme de pse tsc msr pae mce cx8 apic sep mtrr pge mca cmov pat pse36 clflush mmx fxsr sse sse2 ht syscall nx mmxext fxsr_opt pdpe1gb rdtscp lm constant_tsc rep_good amd_lbr_v2 nopl xtopology nonstop_tsc cpuid extd_apicid aperfmperf rapl pni pclmulqdq monitor ssse3 fma cx16 sse4_1 sse4_2 movbe popcnt aes xsave avx f16c rdrand lahf_lm cmp_legacy svm extapic cr8_legacy abm sse4a misalignsse 3dnowprefetch osvw ibs skinit wdt tce topoext perfctr_core perfctr_nb bpext perfctr_llc mwaitx cpuid_fault cpb cat_l3 cdp_l3 hw_pstate ssbd mba perfmon_v2 ibrs ibpb stibp ibrs_enhanced vmmcall fsgsbase bmi1 avx2 smep bmi2 erms invpcid cqm rdt_a avx512f avx512dq rdseed adx smap avx512ifma clflushopt clwb avx512cd sha_ni avx512bw avx512vl xsaveopt xsavec xgetbv1 xsaves cqm_llc cqm_occup_llc cqm_mbm_total cqm_mbm_local user_shstk avx512_bf16 clzero irperf xsaveerptr rdpru wbnoinvd cppc arat npt lbrv svm_lock nrip_save tsc_scale vmcb_clean flushbyasid decodeassists pausefilter pfthreshold avic vgif x2avic v_spec_ctrl vnmi avx512vbmi umip pku ospke avx512_vbmi2 gfni vaes vpclmulqdq avx512_vnni avx512_bitalg avx512_vpopcntdq rdpid overflow_recov succor smca fsrm flush_l1d amd_lbr_pmc_freeze

Online cpus: 0-15
Offline cpus: 
BIOS frequency limitation: <Not Available>
Frequency switch latency (ns): 0
Available cpu frequencies: <Not Available>
Current governor: performance
Core performance/turbo boost: 1

Memory: 4k page, physical 32001840k(10795168k free), swap 16000508k(12115140k free)
Page Sizes: 4k

vm_info: OpenJDK 64-Bit Server VM (21.0.11+10) for linux-amd64 JRE (21.0.11+10), built on 2026-04-21T00:00:00Z by "mockbuild" with gcc 15.2.1 20260123 (Red Hat 15.2.1-7)

END.
