#
# A fatal error has been detected by the Java Runtime Environment:
#
#  SIGSEGV (0xb) at pc=0x00007fcdf9f6f60e, pid=221400, tid=221431
#
# JRE version: OpenJDK Runtime Environment (Red_Hat-21.0.11.0.10-2) (21.0.11+10) (build 21.0.11+10)
# Java VM: OpenJDK 64-Bit Server VM (Red_Hat-21.0.11.0.10-2) (21.0.11+10, mixed mode, sharing, tiered, compressed oops, compressed class ptrs, g1 gc, linux-amd64)
# Problematic frame:
# C  [libEGL_nvidia.so.0+0xb660e]
#
# Core dump will be written. Default location: Core dumps may be processed with "/usr/lib/systemd/systemd-coredump %P %u %g %s %t %c %h %d %F" (or dumping to /home/bazzite/code/java/LibGDXDungeonCrawler/assets/core.221400)
#
# If you would like to submit a bug report, please visit:
#   https://bugzilla.redhat.com/enter_bug.cgi?product=Fedora&component=java-21-openjdk&version=42
#

---------------  S U M M A R Y ------------

Command Line: --enable-native-access=ALL-UNNAMED -Dfile.encoding=UTF-8 -Duser.country=US -Duser.language=en -Duser.variant dungeon.crawler.lwjgl3.Lwjgl3Launcher

Host: AMD Ryzen 7 7700X 8-Core Processor, 16 cores, 30G, Fedora release 43 (Forty Three)
Time: Sun Aug 16 20:02:44 2026 EDT elapsed time: 11.151751 seconds (0d 0h 0m 11s)

---------------  T H R E A D  ---------------

Current thread is native thread

Stack: [0x00007fcdfb800000,0x00007fcdfc000000],  sp=0x00007fcdfbffedd0,  free space=8187k
Native frames: (J=compiled Java code, j=interpreted, Vv=VM code, C=native code)
C  [libEGL_nvidia.so.0+0xb660e]

siginfo: si_signo: 11 (SIGSEGV), si_code: 1 (SEGV_MAPERR), si_addr: 0x0000000000000040

Registers:
RAX=0x0000000000000000, RBX=0x00007fcdf9dc7f80, RCX=0x0000000000000001, RDX=0x00007fcde7ff381c
RSP=0x00007fcdfbffedd0, RBP=0x00007fcdf94a7040, RSI=0x00007fcdf9f62840, RDI=0x00007fcdf9ffb4a8
R8 =0x0000000004518c46, R9 =0x00007fcdfbffedc0, R10=0x0000000000000000, R11=0x00007fced3f2c000
R12=0x00007fcde7ff8aa0, R13=0x00007fcdf94a7040, R14=0x00007fcdf9dc8380, R15=0x0000000000000000
RIP=0x00007fcdf9f6f60e, EFLAGS=0x0000000000010202, CSGSFS=0x002b000000000033, ERR=0x0000000000000004
  TRAPNO=0x000000000000000e

XMM[0]=0x0000000000000000 0x000000004b274232
XMM[1]=0x0000000000000000 0x0007000700070007
XMM[2]=0xffffffffffffffff 0xffffffffffffffff
XMM[3]=0xffffffffffffffff 0xffffffffffffffff
XMM[4]=0x0000000000000000 0x00007fcecc000090
XMM[5]=0x0000000000000000 0x0000000000000000
XMM[6]=0x0000000000000000 0x0000000000000000
XMM[7]=0x0000000000000000 0x0000000000000000
XMM[8]=0x00007fcde647da30 0x00007fcde647da20
XMM[9]=0x22c497b022c497b0 0x22c497b03f5dc987
XMM[10]=0x0000000000000000 0x000000001c9931d7
XMM[11]=0xe834151de834151d 0xe834151d2791dea4
XMM[12]=0x0000000000000000 0x000000003f5dc987
XMM[13]=0x0000000000000000 0x00007fcecc6742d0
XMM[14]=0x0000000000000000 0x00007fcecc6742c0
XMM[15]=0x0000000000000000 0x00007fcecc6742b0
  MXCSR=0x00001fa2


Top of Stack: (sp=0x00007fcdfbffedd0)
0x00007fcdfbffedd0:   00007fcde7ff5900 00007fcde688608a   .Y.......`......
0x00007fcdfbffede0:   00007fcde7ff5900 00007fcde66ac31f   .Y........j.....
0x00007fcdfbffedf0:   00007fcdf9dd2080 00007fcde7fa1d00   . ..............
0x00007fcdfbffee00:   00007fcdfbfff6c0 00017fcd00000000   ................
0x00007fcdfbffee10:   00007fcecca316d0 00007fcdf9dc8380   ................
0x00007fcdfbffee20:   00007fcde6887530 00007fcdfbfff6c0   0u..............
0x00007fcdfbffee30:   00007fced288c9a0 00007fcdfbfffce4   ................
0x00007fcdfbffee40:   00007fced288caa7 00007fcde688850a   ................
0x00007fcdfbffee50:   00007fcdfbfff6c0 00007fcdfbfff6c0   ................
0x00007fcdfbffee60:   00007fcdfbffef30 00007fced3d823c4   0........#......
0x00007fcdfbffee70:   0000000000801000 00007fcdfb7ff000   ................
0x00007fcdfbffee80:   0000000000000000 0000008000000000   ................
0x00007fcdfbffee90:   ffffffffffffff00 0000000000000000   ................
0x00007fcdfbffeea0:   0000000000000021 00007fcdfbfff6c0   !...............
0x00007fcdfbffeeb0:   00007fcdfbfff6c0 842ea3c87034fe76   ........v.4p....
0x00007fcdfbffeec0:   00007fcdfbfff6c0 00007fced288c9a0   ................
0x00007fcdfbffeed0:   0000000000000000 00007fced288caa7   ................
0x00007fcdfbffeee0:   842ea3c872b4fe76 8428f387edfefe76   v..r....v.....(.
0x00007fcdfbffeef0:   0000000000000000 0000000000000000   ................
0x00007fcdfbffef00:   0000000000000000 0000000000000000   ................
0x00007fcdfbffef10:   0000000000000000 447f5f3e5574e700   ..........tU>_.D
0x00007fcdfbffef20:   00007fced3d820e0 0000000000000000   . ..............
0x00007fcdfbffef30:   0000000000000000 00007fced3e0556c   ........lU......
0x00007fcdfbffef40:   0000000000000000 0000000000000000   ................
0x00007fcdfbffef50:   0000000000000000 0000000000000000   ................
0x00007fcdfbffef60:   0000000000000000 0000000000000000   ................
0x00007fcdfbffef70:   0000000000000000 0000000000000000   ................
0x00007fcdfbffef80:   0000000000000000 0000000000000000   ................
0x00007fcdfbffef90:   0000000000000000 0000000000000000   ................
0x00007fcdfbffefa0:   0000000000000000 0000000000000000   ................
0x00007fcdfbffefb0:   0000000000000000 0000000000000000   ................
0x00007fcdfbffefc0:   0000000000000000 0000000000000000   ................

Instructions: (pc=0x00007fcdf9f6f60e)
0x00007fcdf9f6f50e:   4c 24 08 48 85 c0 48 89 c2 74 61 48 89 08 49 8b
0x00007fcdf9f6f51e:   44 24 40 48 83 c2 08 48 85 c0 74 41 41 8b 4c 24
0x00007fcdf9f6f52e:   34 31 c0 85 c9 74 19 49 8b 74 24 40 89 c1 83 c0
0x00007fcdf9f6f53e:   01 48 8b 34 ce 48 89 34 ca 41 39 44 24 34 77 e7
0x00007fcdf9f6f54e:   49 8b 44 24 40 48 85 c0 74 13 48 8d 78 f8 48 89
0x00007fcdf9f6f55e:   54 24 08 e8 1a a8 00 00 48 8b 54 24 08 45 89 7c
0x00007fcdf9f6f56e:   24 34 49 89 54 24 40 e9 9a fe ff ff 45 8b 74 24
0x00007fcdf9f6f57e:   34 e9 90 fe ff ff 66 2e 0f 1f 84 00 00 00 00 00
0x00007fcdf9f6f58e:   66 90 48 8b 07 48 39 f0 74 58 55 48 89 fd 53 48
0x00007fcdf9f6f59e:   89 f3 48 83 ec 08 48 85 c0 74 15 48 8d 78 08 ff
0x00007fcdf9f6f5ae:   50 18 85 c0 75 0a 48 8b 7d 00 48 8b 07 ff 50 08
0x00007fcdf9f6f5be:   48 89 5d 00 48 85 db 74 19 48 8b 43 10 48 83 c4
0x00007fcdf9f6f5ce:   08 48 8d 7b 08 5b 5d ff e0 66 0f 1f 84 00 00 00
0x00007fcdf9f6f5de:   00 00 48 83 c4 08 5b 5d c3 66 0f 1f 84 00 00 00
0x00007fcdf9f6f5ee:   00 00 c3 66 66 2e 0f 1f 84 00 00 00 00 00 0f 1f
0x00007fcdf9f6f5fe:   40 00 48 83 ec 08 bf 01 00 00 00 e8 62 4a ff ff
0x00007fcdf9f6f60e:   8b 70 40 48 8d 78 30 48 83 c4 08 e9 62 68 f8 ff
0x00007fcdf9f6f61e:   66 90 48 83 ec 18 48 8b 87 b0 04 00 00 ba 04 00
0x00007fcdf9f6f62e:   00 00 be 01 00 00 00 48 8d 4c 24 0c bf 01 00 00
0x00007fcdf9f6f63e:   00 ff 90 d8 00 00 00 48 83 c4 18 c3 66 0f 1f 44
0x00007fcdf9f6f64e:   00 00 49 89 fa 41 89 d1 40 0f b6 fe 89 ca 49 8b
0x00007fcdf9f6f65e:   82 b0 04 00 00 4c 89 c1 44 89 ce 48 8b 80 d8 00
0x00007fcdf9f6f66e:   00 00 ff e0 66 66 2e 0f 1f 84 00 00 00 00 00 0f
0x00007fcdf9f6f67e:   1f 00 55 40 0f b6 f6 53 48 89 fb 48 83 ec 08 48
0x00007fcdf9f6f68e:   8b af b0 04 00 00 e8 b7 ff ff ff ff 95 00 01 00
0x00007fcdf9f6f69e:   00 8b 10 89 53 28 48 83 c4 08 5b 5d c3 0f 1f 44
0x00007fcdf9f6f6ae:   00 00 41 57 41 56 49 89 fe bf 01 00 00 00 41 55
0x00007fcdf9f6f6be:   49 89 f5 41 54 55 53 48 83 ec 58 48 89 14 24 e8
0x00007fcdf9f6f6ce:   9e 49 ff ff 48 c7 44 24 18 00 00 00 00 83 b8 a0
0x00007fcdf9f6f6de:   04 00 00 03 4c 8b b8 b0 04 00 00 48 89 c3 44 8b
0x00007fcdf9f6f6ee:   60 38 0f 84 02 01 00 00 48 8d 4c 24 20 48 8d 70
0x00007fcdf9f6f6fe:   30 ba 01 00 00 00 48 89 cf 48 89 4c 24 08 e8 7f



---------------  P R O C E S S  ---------------

VM state: at safepoint (shutting down)

VM Mutex/Monitor currently owned by a thread:  ([mutex/lock_event])
[0x00007fced3cd90f8] Threads_lock - owner thread: 0x00007fcecc138250
[0x00007fced3cd8ff8] Heap_lock - owner thread: 0x00007fce24001080

Heap address: 0x0000000617800000, size: 7816 MB, Compressed Oops mode: Zero based, Oop shift amount: 3

CDS archive(s) mapped at: [0x00007fce53000000-0x00007fce53c9d000-0x00007fce53c9d000), size 13225984, SharedBaseAddress: 0x00007fce53000000, ArchiveRelocationMode: 1.
Compressed class space mapped at: 0x00007fce54000000-0x00007fce94000000, reserved size: 1073741824
Narrow klass base: 0x00007fce53000000, Narrow klass shift: 0, Narrow klass range: 0x100000000

GC Precious Log:
<Skipped>

Heap:
 garbage-first heap   total 507904K, used 7700K [0x0000000617800000, 0x0000000800000000)
  region size 4096K, 3 young (12288K), 1 survivors (4096K)
 Metaspace       used 8952K, committed 9152K, reserved 1114112K
  class space    used 748K, committed 832K, reserved 1048576K

Heap Regions: E=young(eden), S=young(survivor), O=old, HS=humongous(starts), HC=humongous(continues), CS=collection set, F=free, TAMS=top-at-mark-start, PB=parsable bottom
|   0|0x0000000617800000, 0x0000000617800000, 0x0000000617c00000|  0%| F|  |TAMS 0x0000000617800000| PB 0x0000000617800000| Untracked 
|   1|0x0000000617c00000, 0x0000000617c00000, 0x0000000618000000|  0%| F|  |TAMS 0x0000000617c00000| PB 0x0000000617c00000| Untracked 
|   2|0x0000000618000000, 0x0000000618000000, 0x0000000618400000|  0%| F|  |TAMS 0x0000000618000000| PB 0x0000000618000000| Untracked 
|   3|0x0000000618400000, 0x0000000618400000, 0x0000000618800000|  0%| F|  |TAMS 0x0000000618400000| PB 0x0000000618400000| Untracked 
|   4|0x0000000618800000, 0x0000000618800000, 0x0000000618c00000|  0%| F|  |TAMS 0x0000000618800000| PB 0x0000000618800000| Untracked 
|   5|0x0000000618c00000, 0x0000000618c00000, 0x0000000619000000|  0%| F|  |TAMS 0x0000000618c00000| PB 0x0000000618c00000| Untracked 
|   6|0x0000000619000000, 0x0000000619000000, 0x0000000619400000|  0%| F|  |TAMS 0x0000000619000000| PB 0x0000000619000000| Untracked 
|   7|0x0000000619400000, 0x0000000619400000, 0x0000000619800000|  0%| F|  |TAMS 0x0000000619400000| PB 0x0000000619400000| Untracked 
|   8|0x0000000619800000, 0x0000000619800000, 0x0000000619c00000|  0%| F|  |TAMS 0x0000000619800000| PB 0x0000000619800000| Untracked 
|   9|0x0000000619c00000, 0x0000000619c00000, 0x000000061a000000|  0%| F|  |TAMS 0x0000000619c00000| PB 0x0000000619c00000| Untracked 
|  10|0x000000061a000000, 0x000000061a000000, 0x000000061a400000|  0%| F|  |TAMS 0x000000061a000000| PB 0x000000061a000000| Untracked 
|  11|0x000000061a400000, 0x000000061a400000, 0x000000061a800000|  0%| F|  |TAMS 0x000000061a400000| PB 0x000000061a400000| Untracked 
|  12|0x000000061a800000, 0x000000061a800000, 0x000000061ac00000|  0%| F|  |TAMS 0x000000061a800000| PB 0x000000061a800000| Untracked 
|  13|0x000000061ac00000, 0x000000061ac00000, 0x000000061b000000|  0%| F|  |TAMS 0x000000061ac00000| PB 0x000000061ac00000| Untracked 
|  14|0x000000061b000000, 0x000000061b000000, 0x000000061b400000|  0%| F|  |TAMS 0x000000061b000000| PB 0x000000061b000000| Untracked 
|  15|0x000000061b400000, 0x000000061b400000, 0x000000061b800000|  0%| F|  |TAMS 0x000000061b400000| PB 0x000000061b400000| Untracked 
|  16|0x000000061b800000, 0x000000061b800000, 0x000000061bc00000|  0%| F|  |TAMS 0x000000061b800000| PB 0x000000061b800000| Untracked 
|  17|0x000000061bc00000, 0x000000061bc00000, 0x000000061c000000|  0%| F|  |TAMS 0x000000061bc00000| PB 0x000000061bc00000| Untracked 
|  18|0x000000061c000000, 0x000000061c000000, 0x000000061c400000|  0%| F|  |TAMS 0x000000061c000000| PB 0x000000061c000000| Untracked 
|  19|0x000000061c400000, 0x000000061c400000, 0x000000061c800000|  0%| F|  |TAMS 0x000000061c400000| PB 0x000000061c400000| Untracked 
|  20|0x000000061c800000, 0x000000061c800000, 0x000000061cc00000|  0%| F|  |TAMS 0x000000061c800000| PB 0x000000061c800000| Untracked 
|  21|0x000000061cc00000, 0x000000061cc00000, 0x000000061d000000|  0%| F|  |TAMS 0x000000061cc00000| PB 0x000000061cc00000| Untracked 
|  22|0x000000061d000000, 0x000000061d000000, 0x000000061d400000|  0%| F|  |TAMS 0x000000061d000000| PB 0x000000061d000000| Untracked 
|  23|0x000000061d400000, 0x000000061d400000, 0x000000061d800000|  0%| F|  |TAMS 0x000000061d400000| PB 0x000000061d400000| Untracked 
|  24|0x000000061d800000, 0x000000061d800000, 0x000000061dc00000|  0%| F|  |TAMS 0x000000061d800000| PB 0x000000061d800000| Untracked 
|  25|0x000000061dc00000, 0x000000061dc00000, 0x000000061e000000|  0%| F|  |TAMS 0x000000061dc00000| PB 0x000000061dc00000| Untracked 
|  26|0x000000061e000000, 0x000000061e000000, 0x000000061e400000|  0%| F|  |TAMS 0x000000061e000000| PB 0x000000061e000000| Untracked 
|  27|0x000000061e400000, 0x000000061e400000, 0x000000061e800000|  0%| F|  |TAMS 0x000000061e400000| PB 0x000000061e400000| Untracked 
|  28|0x000000061e800000, 0x000000061e800000, 0x000000061ec00000|  0%| F|  |TAMS 0x000000061e800000| PB 0x000000061e800000| Untracked 
|  29|0x000000061ec00000, 0x000000061ec00000, 0x000000061f000000|  0%| F|  |TAMS 0x000000061ec00000| PB 0x000000061ec00000| Untracked 
|  30|0x000000061f000000, 0x000000061f000000, 0x000000061f400000|  0%| F|  |TAMS 0x000000061f000000| PB 0x000000061f000000| Untracked 
|  31|0x000000061f400000, 0x000000061f400000, 0x000000061f800000|  0%| F|  |TAMS 0x000000061f400000| PB 0x000000061f400000| Untracked 
|  32|0x000000061f800000, 0x000000061f800000, 0x000000061fc00000|  0%| F|  |TAMS 0x000000061f800000| PB 0x000000061f800000| Untracked 
|  33|0x000000061fc00000, 0x000000061fc00000, 0x0000000620000000|  0%| F|  |TAMS 0x000000061fc00000| PB 0x000000061fc00000| Untracked 
|  34|0x0000000620000000, 0x0000000620000000, 0x0000000620400000|  0%| F|  |TAMS 0x0000000620000000| PB 0x0000000620000000| Untracked 
|  35|0x0000000620400000, 0x0000000620400000, 0x0000000620800000|  0%| F|  |TAMS 0x0000000620400000| PB 0x0000000620400000| Untracked 
|  36|0x0000000620800000, 0x0000000620800000, 0x0000000620c00000|  0%| F|  |TAMS 0x0000000620800000| PB 0x0000000620800000| Untracked 
|  37|0x0000000620c00000, 0x0000000620c00000, 0x0000000621000000|  0%| F|  |TAMS 0x0000000620c00000| PB 0x0000000620c00000| Untracked 
|  38|0x0000000621000000, 0x0000000621000000, 0x0000000621400000|  0%| F|  |TAMS 0x0000000621000000| PB 0x0000000621000000| Untracked 
|  39|0x0000000621400000, 0x0000000621400000, 0x0000000621800000|  0%| F|  |TAMS 0x0000000621400000| PB 0x0000000621400000| Untracked 
|  40|0x0000000621800000, 0x0000000621800000, 0x0000000621c00000|  0%| F|  |TAMS 0x0000000621800000| PB 0x0000000621800000| Untracked 
|  41|0x0000000621c00000, 0x0000000621c00000, 0x0000000622000000|  0%| F|  |TAMS 0x0000000621c00000| PB 0x0000000621c00000| Untracked 
|  42|0x0000000622000000, 0x0000000622000000, 0x0000000622400000|  0%| F|  |TAMS 0x0000000622000000| PB 0x0000000622000000| Untracked 
|  43|0x0000000622400000, 0x0000000622400000, 0x0000000622800000|  0%| F|  |TAMS 0x0000000622400000| PB 0x0000000622400000| Untracked 
|  44|0x0000000622800000, 0x0000000622800000, 0x0000000622c00000|  0%| F|  |TAMS 0x0000000622800000| PB 0x0000000622800000| Untracked 
|  45|0x0000000622c00000, 0x0000000622c00000, 0x0000000623000000|  0%| F|  |TAMS 0x0000000622c00000| PB 0x0000000622c00000| Untracked 
|  46|0x0000000623000000, 0x0000000623000000, 0x0000000623400000|  0%| F|  |TAMS 0x0000000623000000| PB 0x0000000623000000| Untracked 
|  47|0x0000000623400000, 0x0000000623400000, 0x0000000623800000|  0%| F|  |TAMS 0x0000000623400000| PB 0x0000000623400000| Untracked 
|  48|0x0000000623800000, 0x0000000623800000, 0x0000000623c00000|  0%| F|  |TAMS 0x0000000623800000| PB 0x0000000623800000| Untracked 
|  49|0x0000000623c00000, 0x0000000623c00000, 0x0000000624000000|  0%| F|  |TAMS 0x0000000623c00000| PB 0x0000000623c00000| Untracked 
|  50|0x0000000624000000, 0x0000000624000000, 0x0000000624400000|  0%| F|  |TAMS 0x0000000624000000| PB 0x0000000624000000| Untracked 
|  51|0x0000000624400000, 0x0000000624400000, 0x0000000624800000|  0%| F|  |TAMS 0x0000000624400000| PB 0x0000000624400000| Untracked 
|  52|0x0000000624800000, 0x0000000624800000, 0x0000000624c00000|  0%| F|  |TAMS 0x0000000624800000| PB 0x0000000624800000| Untracked 
|  53|0x0000000624c00000, 0x0000000624c00000, 0x0000000625000000|  0%| F|  |TAMS 0x0000000624c00000| PB 0x0000000624c00000| Untracked 
|  54|0x0000000625000000, 0x0000000625000000, 0x0000000625400000|  0%| F|  |TAMS 0x0000000625000000| PB 0x0000000625000000| Untracked 
|  55|0x0000000625400000, 0x0000000625400000, 0x0000000625800000|  0%| F|  |TAMS 0x0000000625400000| PB 0x0000000625400000| Untracked 
|  56|0x0000000625800000, 0x0000000625800000, 0x0000000625c00000|  0%| F|  |TAMS 0x0000000625800000| PB 0x0000000625800000| Untracked 
|  57|0x0000000625c00000, 0x0000000625c00000, 0x0000000626000000|  0%| F|  |TAMS 0x0000000625c00000| PB 0x0000000625c00000| Untracked 
|  58|0x0000000626000000, 0x0000000626000000, 0x0000000626400000|  0%| F|  |TAMS 0x0000000626000000| PB 0x0000000626000000| Untracked 
|  59|0x0000000626400000, 0x0000000626400000, 0x0000000626800000|  0%| F|  |TAMS 0x0000000626400000| PB 0x0000000626400000| Untracked 
|  60|0x0000000626800000, 0x0000000626800000, 0x0000000626c00000|  0%| F|  |TAMS 0x0000000626800000| PB 0x0000000626800000| Untracked 
|  61|0x0000000626c00000, 0x0000000626c00000, 0x0000000627000000|  0%| F|  |TAMS 0x0000000626c00000| PB 0x0000000626c00000| Untracked 
|  62|0x0000000627000000, 0x0000000627000000, 0x0000000627400000|  0%| F|  |TAMS 0x0000000627000000| PB 0x0000000627000000| Untracked 
|  63|0x0000000627400000, 0x0000000627400000, 0x0000000627800000|  0%| F|  |TAMS 0x0000000627400000| PB 0x0000000627400000| Untracked 
|  64|0x0000000627800000, 0x0000000627800000, 0x0000000627c00000|  0%| F|  |TAMS 0x0000000627800000| PB 0x0000000627800000| Untracked 
|  65|0x0000000627c00000, 0x0000000627c00000, 0x0000000628000000|  0%| F|  |TAMS 0x0000000627c00000| PB 0x0000000627c00000| Untracked 
|  66|0x0000000628000000, 0x0000000628000000, 0x0000000628400000|  0%| F|  |TAMS 0x0000000628000000| PB 0x0000000628000000| Untracked 
|  67|0x0000000628400000, 0x0000000628400000, 0x0000000628800000|  0%| F|  |TAMS 0x0000000628400000| PB 0x0000000628400000| Untracked 
|  68|0x0000000628800000, 0x0000000628800000, 0x0000000628c00000|  0%| F|  |TAMS 0x0000000628800000| PB 0x0000000628800000| Untracked 
|  69|0x0000000628c00000, 0x0000000628c00000, 0x0000000629000000|  0%| F|  |TAMS 0x0000000628c00000| PB 0x0000000628c00000| Untracked 
|  70|0x0000000629000000, 0x0000000629000000, 0x0000000629400000|  0%| F|  |TAMS 0x0000000629000000| PB 0x0000000629000000| Untracked 
|  71|0x0000000629400000, 0x0000000629400000, 0x0000000629800000|  0%| F|  |TAMS 0x0000000629400000| PB 0x0000000629400000| Untracked 
|  72|0x0000000629800000, 0x0000000629800000, 0x0000000629c00000|  0%| F|  |TAMS 0x0000000629800000| PB 0x0000000629800000| Untracked 
|  73|0x0000000629c00000, 0x0000000629c00000, 0x000000062a000000|  0%| F|  |TAMS 0x0000000629c00000| PB 0x0000000629c00000| Untracked 
|  74|0x000000062a000000, 0x000000062a000000, 0x000000062a400000|  0%| F|  |TAMS 0x000000062a000000| PB 0x000000062a000000| Untracked 
|  75|0x000000062a400000, 0x000000062a400000, 0x000000062a800000|  0%| F|  |TAMS 0x000000062a400000| PB 0x000000062a400000| Untracked 
|  76|0x000000062a800000, 0x000000062a800000, 0x000000062ac00000|  0%| F|  |TAMS 0x000000062a800000| PB 0x000000062a800000| Untracked 
|  77|0x000000062ac00000, 0x000000062ac00000, 0x000000062b000000|  0%| F|  |TAMS 0x000000062ac00000| PB 0x000000062ac00000| Untracked 
|  78|0x000000062b000000, 0x000000062b000000, 0x000000062b400000|  0%| F|  |TAMS 0x000000062b000000| PB 0x000000062b000000| Untracked 
|  79|0x000000062b400000, 0x000000062b400000, 0x000000062b800000|  0%| F|  |TAMS 0x000000062b400000| PB 0x000000062b400000| Untracked 
|  80|0x000000062b800000, 0x000000062b800000, 0x000000062bc00000|  0%| F|  |TAMS 0x000000062b800000| PB 0x000000062b800000| Untracked 
|  81|0x000000062bc00000, 0x000000062bc00000, 0x000000062c000000|  0%| F|  |TAMS 0x000000062bc00000| PB 0x000000062bc00000| Untracked 
|  82|0x000000062c000000, 0x000000062c000000, 0x000000062c400000|  0%| F|  |TAMS 0x000000062c000000| PB 0x000000062c000000| Untracked 
|  83|0x000000062c400000, 0x000000062c400000, 0x000000062c800000|  0%| F|  |TAMS 0x000000062c400000| PB 0x000000062c400000| Untracked 
|  84|0x000000062c800000, 0x000000062c800000, 0x000000062cc00000|  0%| F|  |TAMS 0x000000062c800000| PB 0x000000062c800000| Untracked 
|  85|0x000000062cc00000, 0x000000062cc00000, 0x000000062d000000|  0%| F|  |TAMS 0x000000062cc00000| PB 0x000000062cc00000| Untracked 
|  86|0x000000062d000000, 0x000000062d000000, 0x000000062d400000|  0%| F|  |TAMS 0x000000062d000000| PB 0x000000062d000000| Untracked 
|  87|0x000000062d400000, 0x000000062d400000, 0x000000062d800000|  0%| F|  |TAMS 0x000000062d400000| PB 0x000000062d400000| Untracked 
|  88|0x000000062d800000, 0x000000062d800000, 0x000000062dc00000|  0%| F|  |TAMS 0x000000062d800000| PB 0x000000062d800000| Untracked 
|  89|0x000000062dc00000, 0x000000062dc00000, 0x000000062e000000|  0%| F|  |TAMS 0x000000062dc00000| PB 0x000000062dc00000| Untracked 
|  90|0x000000062e000000, 0x000000062e000000, 0x000000062e400000|  0%| F|  |TAMS 0x000000062e000000| PB 0x000000062e000000| Untracked 
|  91|0x000000062e400000, 0x000000062e400000, 0x000000062e800000|  0%| F|  |TAMS 0x000000062e400000| PB 0x000000062e400000| Untracked 
|  92|0x000000062e800000, 0x000000062e800000, 0x000000062ec00000|  0%| F|  |TAMS 0x000000062e800000| PB 0x000000062e800000| Untracked 
|  93|0x000000062ec00000, 0x000000062ec00000, 0x000000062f000000|  0%| F|  |TAMS 0x000000062ec00000| PB 0x000000062ec00000| Untracked 
|  94|0x000000062f000000, 0x000000062f000000, 0x000000062f400000|  0%| F|  |TAMS 0x000000062f000000| PB 0x000000062f000000| Untracked 
|  95|0x000000062f400000, 0x000000062f400000, 0x000000062f800000|  0%| F|  |TAMS 0x000000062f400000| PB 0x000000062f400000| Untracked 
|  96|0x000000062f800000, 0x000000062f800000, 0x000000062fc00000|  0%| F|  |TAMS 0x000000062f800000| PB 0x000000062f800000| Untracked 
|  97|0x000000062fc00000, 0x000000062fc00000, 0x0000000630000000|  0%| F|  |TAMS 0x000000062fc00000| PB 0x000000062fc00000| Untracked 
|  98|0x0000000630000000, 0x0000000630000000, 0x0000000630400000|  0%| F|  |TAMS 0x0000000630000000| PB 0x0000000630000000| Untracked 
|  99|0x0000000630400000, 0x0000000630400000, 0x0000000630800000|  0%| F|  |TAMS 0x0000000630400000| PB 0x0000000630400000| Untracked 
| 100|0x0000000630800000, 0x0000000630800000, 0x0000000630c00000|  0%| F|  |TAMS 0x0000000630800000| PB 0x0000000630800000| Untracked 
| 101|0x0000000630c00000, 0x0000000630c00000, 0x0000000631000000|  0%| F|  |TAMS 0x0000000630c00000| PB 0x0000000630c00000| Untracked 
| 102|0x0000000631000000, 0x0000000631000000, 0x0000000631400000|  0%| F|  |TAMS 0x0000000631000000| PB 0x0000000631000000| Untracked 
| 103|0x0000000631400000, 0x0000000631400000, 0x0000000631800000|  0%| F|  |TAMS 0x0000000631400000| PB 0x0000000631400000| Untracked 
| 104|0x0000000631800000, 0x0000000631800000, 0x0000000631c00000|  0%| F|  |TAMS 0x0000000631800000| PB 0x0000000631800000| Untracked 
| 105|0x0000000631c00000, 0x0000000631c00000, 0x0000000632000000|  0%| F|  |TAMS 0x0000000631c00000| PB 0x0000000631c00000| Untracked 
| 106|0x0000000632000000, 0x0000000632000000, 0x0000000632400000|  0%| F|  |TAMS 0x0000000632000000| PB 0x0000000632000000| Untracked 
| 107|0x0000000632400000, 0x0000000632400000, 0x0000000632800000|  0%| F|  |TAMS 0x0000000632400000| PB 0x0000000632400000| Untracked 
| 108|0x0000000632800000, 0x0000000632800000, 0x0000000632c00000|  0%| F|  |TAMS 0x0000000632800000| PB 0x0000000632800000| Untracked 
| 109|0x0000000632c00000, 0x0000000632c00000, 0x0000000633000000|  0%| F|  |TAMS 0x0000000632c00000| PB 0x0000000632c00000| Untracked 
| 110|0x0000000633000000, 0x0000000633000000, 0x0000000633400000|  0%| F|  |TAMS 0x0000000633000000| PB 0x0000000633000000| Untracked 
| 111|0x0000000633400000, 0x0000000633400000, 0x0000000633800000|  0%| F|  |TAMS 0x0000000633400000| PB 0x0000000633400000| Untracked 
| 112|0x0000000633800000, 0x0000000633800000, 0x0000000633c00000|  0%| F|  |TAMS 0x0000000633800000| PB 0x0000000633800000| Untracked 
| 113|0x0000000633c00000, 0x0000000633c00000, 0x0000000634000000|  0%| F|  |TAMS 0x0000000633c00000| PB 0x0000000633c00000| Untracked 
| 114|0x0000000634000000, 0x0000000634000000, 0x0000000634400000|  0%| F|  |TAMS 0x0000000634000000| PB 0x0000000634000000| Untracked 
| 115|0x0000000634400000, 0x0000000634400000, 0x0000000634800000|  0%| F|  |TAMS 0x0000000634400000| PB 0x0000000634400000| Untracked 
| 116|0x0000000634800000, 0x0000000634a78798, 0x0000000634c00000| 61%| S|CS|TAMS 0x0000000634800000| PB 0x0000000634800000| Complete 
| 117|0x0000000634c00000, 0x0000000634c00000, 0x0000000635000000|  0%| F|  |TAMS 0x0000000634c00000| PB 0x0000000634c00000| Untracked 
| 118|0x0000000635000000, 0x0000000635000000, 0x0000000635400000|  0%| F|  |TAMS 0x0000000635000000| PB 0x0000000635000000| Untracked 
| 119|0x0000000635400000, 0x0000000635400000, 0x0000000635800000|  0%| F|  |TAMS 0x0000000635400000| PB 0x0000000635400000| Untracked 
| 120|0x0000000635800000, 0x0000000635800000, 0x0000000635c00000|  0%| F|  |TAMS 0x0000000635800000| PB 0x0000000635800000| Untracked 
| 121|0x0000000635c00000, 0x0000000635fcf298, 0x0000000636000000| 95%| E|  |TAMS 0x0000000635c00000| PB 0x0000000635c00000| Complete 
| 122|0x0000000636000000, 0x0000000636400000, 0x0000000636400000|100%| E|CS|TAMS 0x0000000636000000| PB 0x0000000636000000| Complete 
|1953|0x00000007ffc00000, 0x00000007ffd0cbc8, 0x0000000800000000| 26%| O|  |TAMS 0x00000007ffc00000| PB 0x00000007ffc00000| Untracked 

Card table byte_map: [0x00007fceb38bc000,0x00007fceb4800000] _byte_map_base: 0x00007fceb0800000

Marking Bits: (CMBitMap*) 0x00007fcecc05a880
 Bits: [0x00007fceabe9c000, 0x00007fceb38bc000)

Polling page: 0x00007fced3f0b000

Metaspace:

Usage:
  Non-class:      8.01 MB used.
      Class:    748.14 KB used.
       Both:      8.74 MB used.

Virtual space:
  Non-class space:       64.00 MB reserved,       8.12 MB ( 13%) committed,  1 nodes.
      Class space:        1.00 GB reserved,     832.00 KB ( <1%) committed,  1 nodes.
             Both:        1.06 GB reserved,       8.94 MB ( <1%) committed. 

Chunk freelists:
   Non-Class:  6.17 MB
       Class:  15.16 MB
        Both:  21.33 MB

MaxMetaspaceSize: unlimited
CompressedClassSpaceSize: 1.00 GB
Initial GC threshold: 21.00 MB
Current GC threshold: 21.00 MB
CDS: on
 - commit_granule_bytes: 65536.
 - commit_granule_words: 8192.
 - virtual_space_node_default_size: 8388608.
 - enlarge_chunks_in_place: 1.
 - use_allocation_guard: 0.


Internal statistics:

num_allocs_failed_limit: 0.
num_arena_births: 100.
num_arena_deaths: 0.
num_vsnodes_births: 2.
num_vsnodes_deaths: 0.
num_space_committed: 141.
num_space_uncommitted: 0.
num_chunks_returned_to_freelist: 0.
num_chunks_taken_from_freelist: 351.
num_chunk_merges: 0.
num_chunk_splits: 263.
num_chunks_enlarged: 217.
num_inconsistent_stats: 0.

CodeHeap 'non-profiled nmethods': size=119168Kb used=499Kb max_used=499Kb free=118668Kb
 bounds [0x00007fcebc3a0000, 0x00007fcebc610000, 0x00007fcec3800000]
CodeHeap 'profiled nmethods': size=119164Kb used=2857Kb max_used=2857Kb free=116306Kb
 bounds [0x00007fceb4800000, 0x00007fceb4ad0000, 0x00007fcebbc5f000]
CodeHeap 'non-nmethods': size=7428Kb used=2487Kb max_used=4189Kb free=4940Kb
 bounds [0x00007fcebbc5f000, 0x00007fcebc07f000, 0x00007fcebc3a0000]
CodeCache: size=245760Kb, used=5843Kb, max_used=7545Kb, free=239914Kb
 total_blobs=2782, nmethods=1616, adapters=1072, full_count=0
Compilation: enabled, stopped_count=0, restarted_count=0

Compilation events (20 events):
Event: 8.508 Thread 0x00007fcecc148d20 1607   !   4       com.badlogic.gdx.backends.lwjgl3.Sync::sync (145 bytes)
Event: 8.515 Thread 0x00007fcecc148d20 nmethod 1607 0x00007fcebc417b90 code [0x00007fcebc417e80, 0x00007fcebc418be8]
Event: 9.100 Thread 0x00007fcecc148d20 1608       4       com.badlogic.gdx.graphics.glutils.IndexBufferObject::bind (91 bytes)
Event: 9.102 Thread 0x00007fcecc148d20 nmethod 1608 0x00007fcebc419490 code [0x00007fcebc419660, 0x00007fcebc419970]
Event: 9.161 Thread 0x00007fcecc148d20 1609       4       com.badlogic.gdx.graphics.Mesh::render (327 bytes)
Event: 9.164 Thread 0x00007fcecc148d20 nmethod 1609 0x00007fcebc419c90 code [0x00007fcebc419f40, 0x00007fcebc41a7f8]
Event: 9.328 Thread 0x00007fcecc148d20 1610       4       com.badlogic.gdx.math.Matrix4::setToOrtho (191 bytes)
Event: 9.329 Thread 0x00007fcecc148d20 nmethod 1610 0x00007fcebc41b290 code [0x00007fcebc41b460, 0x00007fcebc41b608]
Event: 9.368 Thread 0x00007fcecc148d20 1611       4       com.badlogic.gdx.math.Matrix4::idt (124 bytes)
Event: 9.368 Thread 0x00007fcecc148d20 nmethod 1611 0x00007fcebc41b710 code [0x00007fcebc41b8a0, 0x00007fcebc41b9c8]
Event: 9.368 Thread 0x00007fcecc148d20 1612       4       com.badlogic.gdx.math.Matrix4::translate (152 bytes)
Event: 9.369 Thread 0x00007fcecc148d20 nmethod 1612 0x00007fcebc41ba90 code [0x00007fcebc41bc20, 0x00007fcebc41bdb0]
Event: 9.369 Thread 0x00007fcecc148d20 1613       4       com.badlogic.gdx.math.Matrix4::det (444 bytes)
Event: 9.371 Thread 0x00007fcecc148d20 nmethod 1613 0x00007fcebc41be90 code [0x00007fcebc41c020, 0x00007fcebc41c2b8]
Event: 10.906 Thread 0x00007fcecc148d20 1614       4       com.badlogic.gdx.utils.Array$ArrayIterator::next (66 bytes)
Event: 10.906 Thread 0x00007fcecc148d20 nmethod 1614 0x00007fcebc41c390 code [0x00007fcebc41c520, 0x00007fcebc41c660]
Event: 11.149 Thread 0x00007fcecc14a3e0 1615       1       java.lang.Module::getDescriptor (5 bytes)
Event: 11.149 Thread 0x00007fcecc14a3e0 nmethod 1615 0x00007fcebc41c790 code [0x00007fcebc41c920, 0x00007fcebc41c9e8]
Event: 11.149 Thread 0x00007fcecc14a3e0 1616       1       java.lang.module.ModuleDescriptor::provides (5 bytes)
Event: 11.149 Thread 0x00007fcecc14a3e0 nmethod 1616 0x00007fcebc41ca90 code [0x00007fcebc41cc20, 0x00007fcebc41cce8]

GC Heap History (2 events):
Event: 0.408 GC heap before
{Heap before GC invocations=0 (full 0):
 garbage-first heap   total 507904K, used 25650K [0x0000000617800000, 0x0000000800000000)
  region size 4096K, 6 young (24576K), 0 survivors (0K)
 Metaspace       used 7225K, committed 7360K, reserved 1114112K
  class space    used 556K, committed 640K, reserved 1048576K
}
Event: 0.410 GC heap after
{Heap after GC invocations=1 (full 0):
 garbage-first heap   total 507904K, used 3604K [0x0000000617800000, 0x0000000800000000)
  region size 4096K, 1 young (4096K), 1 survivors (4096K)
 Metaspace       used 7225K, committed 7360K, reserved 1114112K
  class space    used 556K, committed 640K, reserved 1048576K
}

Dll operation events (10 events):
Event: 0.002 Loaded shared library /usr/lib/jvm/java-21-openjdk/lib/libjava.so
Event: 0.015 Loaded shared library /usr/lib/jvm/java-21-openjdk/lib/libjsvml.so
Event: 0.022 Loaded shared library /usr/lib/jvm/java-21-openjdk/lib/libnio.so
Event: 0.024 Loaded shared library /usr/lib/jvm/java-21-openjdk/lib/libzip.so
Event: 0.042 Loaded shared library /usr/lib/jvm/java-21-openjdk/lib/libjimage.so
Event: 0.044 Loaded shared library /tmp/libgdxbazzite/da3a4817/libgdx64.so
Event: 0.059 Loaded shared library /usr/lib/jvm/java-21-openjdk/lib/libnet.so
Event: 0.062 Loaded shared library /tmp/lwjgl_bazzite/3.4.1+2/x64/liblwjgl.so
Event: 0.067 Loaded shared library /usr/lib/jvm/java-21-openjdk/lib/libsystemconf.so
Event: 0.221 Loaded shared library /tmp/lwjgl_bazzite/3.4.1+2/x64/liblwjgl_opengl.so

Deoptimization events (20 events):
Event: 0.218 Thread 0x00007fcecc02e790 DEOPT PACKING pc=0x00007fcebc3d9b10 sp=0x00007fced288ef10
Event: 0.218 Thread 0x00007fcecc02e790 DEOPT UNPACKING pc=0x00007fcebbcb6619 sp=0x00007fced288ee90 mode 2
Event: 0.222 Thread 0x00007fcecc02e790 Uncommon trap: trap_request=0xffffff45 fr.pc=0x00007fcebc3ac32c relative=0x000000000000018c
Event: 0.222 Thread 0x00007fcecc02e790 Uncommon trap: reason=unstable_if action=reinterpret pc=0x00007fcebc3ac32c method=jdk.internal.util.ArraysSupport.vectorizedHashCode(Ljava/lang/Object;IIII)I @ 2 c2
Event: 0.222 Thread 0x00007fcecc02e790 DEOPT PACKING pc=0x00007fcebc3ac32c sp=0x00007fced288e300
Event: 0.222 Thread 0x00007fcecc02e790 DEOPT UNPACKING pc=0x00007fcebbcb6619 sp=0x00007fced288e2d0 mode 2
Event: 0.224 Thread 0x00007fcecc02e790 Uncommon trap: trap_request=0xffffff54 fr.pc=0x00007fcebc3e37ec relative=0x000000000000006c
Event: 0.224 Thread 0x00007fcecc02e790 Uncommon trap: reason=speculate_null_assert action=make_not_entrant pc=0x00007fcebc3e37ec method=sun.misc.Unsafe.getLong(Ljava/lang/Object;J)J @ 5 c2
Event: 0.224 Thread 0x00007fcecc02e790 DEOPT PACKING pc=0x00007fcebc3e37ec sp=0x00007fced288f370
Event: 0.224 Thread 0x00007fcecc02e790 DEOPT UNPACKING pc=0x00007fcebbcb6619 sp=0x00007fced288f318 mode 2
Event: 2.317 Thread 0x00007fcecc02e790 Uncommon trap: trap_request=0xffffff45 fr.pc=0x00007fcebc3eb6bc relative=0x000000000000065c
Event: 2.317 Thread 0x00007fcecc02e790 Uncommon trap: reason=unstable_if action=reinterpret pc=0x00007fcebc3eb6bc method=java.lang.StringLatin1.newString([BII)Ljava/lang/String; @ 1 c2
Event: 2.317 Thread 0x00007fcecc02e790 DEOPT PACKING pc=0x00007fcebc3eb6bc sp=0x00007fced288ec40
Event: 2.317 Thread 0x00007fcecc02e790 DEOPT UNPACKING pc=0x00007fcebbcb6619 sp=0x00007fced288eba0 mode 2
Event: 2.330 Thread 0x00007fcecc02e790 Uncommon trap: trap_request=0xffffff45 fr.pc=0x00007fcebc401284 relative=0x0000000000000584
Event: 2.330 Thread 0x00007fcecc02e790 Uncommon trap: reason=unstable_if action=reinterpret pc=0x00007fcebc401284 method=com.badlogic.gdx.utils.ObjectIntMap.locateKey(Ljava/lang/Object;)I @ 32 c2
Event: 2.330 Thread 0x00007fcecc02e790 DEOPT PACKING pc=0x00007fcebc401284 sp=0x00007fced288eb50
Event: 2.330 Thread 0x00007fcecc02e790 DEOPT UNPACKING pc=0x00007fcebbcb6619 sp=0x00007fced288eb18 mode 2
Event: 3.463 Thread 0x00007fcecc02e790 DEOPT PACKING pc=0x00007fceb4abaf70 sp=0x00007fced288f410
Event: 3.463 Thread 0x00007fcecc02e790 DEOPT UNPACKING pc=0x00007fcebbcb714f sp=0x00007fced288e848 mode 0

Classes loaded (20 events):
Event: 11.150 Loading class jdk/internal/logger/AbstractLoggerWrapper
Event: 11.150 Loading class jdk/internal/logger/AbstractLoggerWrapper done
Event: 11.150 Loading class jdk/internal/logger/LazyLoggers$LazyLoggerWrapper done
Event: 11.150 Loading class jdk/internal/logger/LazyLoggers$JdkLazyLogger done
Event: 11.150 Loading class jdk/internal/logger/LazyLoggers$LazyLoggerAccessor
Event: 11.150 Loading class jdk/internal/logger/LazyLoggers$LoggerAccessor
Event: 11.150 Loading class jdk/internal/logger/LazyLoggers$LoggerAccessor done
Event: 11.150 Loading class jdk/internal/logger/LazyLoggers$LazyLoggerAccessor done
Event: 11.150 Loading class java/lang/System$Logger$Level
Event: 11.150 Loading class java/lang/System$Logger$Level done
Event: 11.150 Loading class jdk/internal/logger/SurrogateLogger
Event: 11.150 Loading class jdk/internal/logger/SimpleConsoleLogger
Event: 11.150 Loading class sun/util/logging/PlatformLogger$ConfigurableBridge$LoggerConfiguration
Event: 11.150 Loading class sun/util/logging/PlatformLogger$ConfigurableBridge$LoggerConfiguration done
Event: 11.150 Loading class jdk/internal/logger/SimpleConsoleLogger done
Event: 11.150 Loading class jdk/internal/logger/SurrogateLogger done
Event: 11.150 Loading class sun/util/logging/PlatformLogger
Event: 11.150 Loading class sun/util/logging/PlatformLogger done
Event: 11.150 Loading class sun/util/logging/PlatformLogger$Level
Event: 11.150 Loading class sun/util/logging/PlatformLogger$Level done

Classes unloaded (0 events):
No events

Classes redefined (0 events):
No events

Internal exceptions (20 events):
Event: 0.054 Thread 0x00007fcecc02e790 Exception <a 'java/lang/NoSuchMethodError'{0x0000000635d76570}: 'void java.lang.invoke.DirectMethodHandle$Holder.invokeSpecial(java.lang.Object, java.lang.Object, java.lang.Object)'> (0x0000000635d76570) 
thrown [src/hotspot/share/interpreter/linkResolver.cpp, line 772]
Event: 0.055 Thread 0x00007fcecc02e790 Exception <a 'java/lang/NoSuchMethodError'{0x0000000635d887d0}: 'java.lang.Object java.lang.invoke.DirectMethodHandle$Holder.invokeStatic(java.lang.Object, java.lang.Object, int)'> (0x0000000635d887d0) 
thrown [src/hotspot/share/interpreter/linkResolver.cpp, line 772]
Event: 0.056 Thread 0x00007fcecc02e790 Exception <a 'java/lang/NoSuchMethodError'{0x0000000635d94028}: 'void java.lang.invoke.DelegatingMethodHandle$Holder.delegate(java.lang.Object, java.lang.Object, int, java.lang.Object)'> (0x0000000635d94028) 
thrown [src/hotspot/share/interpreter/linkResolver.cpp, line 772]
Event: 0.056 Thread 0x00007fcecc02e790 Exception <a 'java/lang/NoSuchMethodError'{0x0000000635d98020}: 'int java.lang.invoke.DirectMethodHandle$Holder.invokeSpecial(java.lang.Object, java.lang.Object, java.lang.Object)'> (0x0000000635d98020) 
thrown [src/hotspot/share/interpreter/linkResolver.cpp, line 772]
Event: 0.057 Thread 0x00007fcecc02e790 Exception <a 'java/lang/NoSuchMethodError'{0x0000000635db2748}: 'void java.lang.System.loadLibrary(java.lang.String, java.lang.Class)'> (0x0000000635db2748) 
thrown [src/hotspot/share/interpreter/linkResolver.cpp, line 772]
Event: 0.084 Thread 0x00007fcecc02e790 Exception <a 'java/lang/NoSuchMethodError'{0x0000000635ee0d60}: 'int java.lang.invoke.DirectMethodHandle$Holder.invokeStaticInit(java.lang.Object, java.lang.Object, int, long)'> (0x0000000635ee0d60) 
thrown [src/hotspot/share/interpreter/linkResolver.cpp, line 772]
Event: 0.085 Thread 0x00007fcecc02e790 Exception <a 'java/lang/NoSuchMethodError'{0x0000000635ee5e88}: 'java.lang.Object java.lang.invoke.DirectMethodHandle$Holder.newInvokeSpecial(java.lang.Object, java.lang.Object, int)'> (0x0000000635ee5e88) 
thrown [src/hotspot/share/interpreter/linkResolver.cpp, line 772]
Event: 0.085 Thread 0x00007fcecc02e790 Exception <a 'java/lang/NoSuchMethodError'{0x0000000635ef0360}: 'int java.lang.invoke.DirectMethodHandle$Holder.invokeStaticInit(java.lang.Object, java.lang.Object, long, long)'> (0x0000000635ef0360) 
thrown [src/hotspot/share/interpreter/linkResolver.cpp, line 772]
Event: 0.085 Thread 0x00007fcecc02e790 Exception <a 'java/lang/NoSuchMethodError'{0x0000000635ef5e08}: 'java.lang.Object java.lang.invoke.DirectMethodHandle$Holder.newInvokeSpecial(java.lang.Object, java.lang.Object, long)'> (0x0000000635ef5e08) 
thrown [src/hotspot/share/interpreter/linkResolver.cpp, line 772]
Event: 0.086 Thread 0x00007fcecc02e790 Exception <a 'java/lang/NoSuchMethodError'{0x0000000635ef9ec8}: 'java.lang.Object java.lang.invoke.Invokers$Holder.linkToTargetMethod(java.lang.Object, long, java.lang.Object)'> (0x0000000635ef9ec8) 
thrown [src/hotspot/share/interpreter/linkResolver.cpp, line 772]
Event: 0.086 Thread 0x00007fcecc02e790 Exception <a 'java/lang/NoSuchMethodError'{0x0000000635f01110}: 'int java.lang.invoke.DirectMethodHandle$Holder.invokeStaticInit(java.lang.Object, java.lang.Object, java.lang.Object, long)'> (0x0000000635f01110) 
thrown [src/hotspot/share/interpreter/linkResolver.cpp, line 772]
Event: 0.102 Thread 0x00007fcecc02e790 Exception <a 'java/lang/NoSuchMethodError'{0x0000000635844c88}: 'int java.lang.invoke.Invokers$Holder.invokeExact_MT(java.lang.Object, java.lang.Object)'> (0x0000000635844c88) 
thrown [src/hotspot/share/interpreter/linkResolver.cpp, line 772]
Event: 0.133 Thread 0x00007fcecc02e790 Exception <a 'java/lang/NoSuchMethodError'{0x0000000635890f88}: 'java.lang.Object java.lang.invoke.DirectMethodHandle$Holder.invokeStaticInit(java.lang.Object, int)'> (0x0000000635890f88) 
thrown [src/hotspot/share/interpreter/linkResolver.cpp, line 772]
Event: 0.163 Thread 0x00007fcecc02e790 Exception <a 'java/lang/NoSuchMethodError'{0x0000000635a15eb0}: 'java.lang.Object java.lang.invoke.DirectMethodHandle$Holder.newInvokeSpecial(java.lang.Object, long)'> (0x0000000635a15eb0) 
thrown [src/hotspot/share/interpreter/linkResolver.cpp, line 772]
Event: 0.220 Thread 0x00007fcecc02e790 Exception <a 'java/lang/NoSuchMethodError'{0x0000000635487d38}: 'void java.lang.System.load(java.lang.String, java.lang.Class)'> (0x0000000635487d38) 
thrown [src/hotspot/share/interpreter/linkResolver.cpp, line 772]
Event: 0.220 Thread 0x00007fcecc02e790 Exception <a 'java/lang/NoSuchMethodError'{0x000000063548a768}: 'void java.lang.System.loadLibrary(java.lang.String, java.lang.Class)'> (0x000000063548a768) 
thrown [src/hotspot/share/interpreter/linkResolver.cpp, line 772]
Event: 0.420 Thread 0x00007fcecc02e790 Exception <a 'java/lang/NoSuchMethodError'{0x0000000636170c00}: 'void java.lang.invoke.Invokers$Holder.invokeExact_MT(java.lang.Object, java.lang.Object, java.lang.Object, java.lang.Object)'> (0x0000000636170c00) 
thrown [src/hotspot/share/interpreter/linkResolver.cpp, line 772]
Event: 0.423 Thread 0x00007fcecc02e790 Exception <a 'java/lang/NoSuchMethodError'{0x00000006361aa0c0}: 'float java.lang.invoke.DelegatingMethodHandle$Holder.reinvoke_L(java.lang.Object, java.lang.Object)'> (0x00000006361aa0c0) 
thrown [src/hotspot/share/interpreter/linkResolver.cpp, line 772]
Event: 0.423 Thread 0x00007fcecc02e790 Exception <a 'java/lang/NoSuchMethodError'{0x00000006361b41e8}: 'void java.lang.invoke.DelegatingMethodHandle$Holder.reinvoke_L(java.lang.Object, java.lang.Object, float)'> (0x00000006361b41e8) 
thrown [src/hotspot/share/interpreter/linkResolver.cpp, line 772]
Event: 2.330 Thread 0x00007fcecc02e790 Implicit null exception at 0x00007fcebc400f8e to 0x00007fcebc401270

ZGC Phase Switch (0 events):
No events

VM Operations (20 events):
Event: 0.055 Executing non-safepoint VM operation: HandshakeAllThreads (Deoptimize) done
Event: 0.083 Executing non-safepoint VM operation: HandshakeAllThreads (Deoptimize)
Event: 0.083 Executing non-safepoint VM operation: HandshakeAllThreads (Deoptimize) done
Event: 0.317 Executing non-safepoint VM operation: HandshakeAllThreads (Deoptimize)
Event: 0.317 Executing non-safepoint VM operation: HandshakeAllThreads (Deoptimize) done
Event: 0.408 Executing safepoint VM operation: G1CollectForAllocation (G1 Evacuation Pause)
Event: 0.410 Executing safepoint VM operation: G1CollectForAllocation (G1 Evacuation Pause) done
Event: 0.418 Executing non-safepoint VM operation: HandshakeAllThreads (Deoptimize)
Event: 0.418 Executing non-safepoint VM operation: HandshakeAllThreads (Deoptimize) done
Event: 1.418 Executing safepoint VM operation: Cleanup
Event: 1.418 Executing safepoint VM operation: Cleanup done
Event: 2.418 Executing safepoint VM operation: Cleanup
Event: 2.418 Executing safepoint VM operation: Cleanup done
Event: 5.419 Executing safepoint VM operation: Cleanup
Event: 5.419 Executing safepoint VM operation: Cleanup done
Event: 8.419 Executing safepoint VM operation: Cleanup
Event: 8.419 Executing safepoint VM operation: Cleanup done
Event: 9.419 Executing safepoint VM operation: Cleanup
Event: 9.419 Executing safepoint VM operation: Cleanup done
Event: 11.151 Executing safepoint VM operation: Exit

Memory protections (17 events):
Event: 0.002 Protecting memory [0x00007fced2791000,0x00007fced2795000] with protection modes 0
Event: 0.014 Protecting memory [0x00007fcea8ff3000,0x00007fcea8ff7000] with protection modes 0
Event: 0.014 Protecting memory [0x00007fcea8ef3000,0x00007fcea8ef7000] with protection modes 0
Event: 0.015 Protecting memory [0x00007fcea8df3000,0x00007fcea8df7000] with protection modes 0
Event: 0.015 Protecting memory [0x00007fcea8cf3000,0x00007fcea8cf7000] with protection modes 0
Event: 0.015 Protecting memory [0x00007fcea8bf3000,0x00007fcea8bf7000] with protection modes 0
Event: 0.015 Protecting memory [0x00007fcea8af3000,0x00007fcea8af7000] with protection modes 0
Event: 0.015 Protecting memory [0x00007fcea89f3000,0x00007fcea89f7000] with protection modes 0
Event: 0.019 Protecting memory [0x00007fcea8823000,0x00007fcea8827000] with protection modes 0
Event: 0.021 Protecting memory [0x00007fcea8723000,0x00007fcea8727000] with protection modes 0
Event: 0.021 Protecting memory [0x00007fcea8623000,0x00007fcea8627000] with protection modes 0
Event: 0.067 Protecting memory [0x00007fcea8281000,0x00007fcea8285000] with protection modes 0
Event: 0.101 Protecting memory [0x00007fce52c75000,0x00007fce52c79000] with protection modes 0
Event: 0.101 Protecting memory [0x00007fce52300000,0x00007fce52304000] with protection modes 0
Event: 0.168 Protecting memory [0x00007fce300d4000,0x00007fce300d8000] with protection modes 0
Event: 0.312 Protecting memory [0x00007fcdc1539000,0x00007fcdc153d000] with protection modes 0
Event: 11.148 Protecting memory [0x00007fcea8823000,0x00007fcea8827000] with protection modes 0

Nmethod flushes (0 events):
No events

Events (20 events):
Event: 0.014 Thread 0x00007fcecc02e790 Thread added: 0x00007fcecc142db0
Event: 0.015 Thread 0x00007fcecc02e790 Thread added: 0x00007fcecc144580
Event: 0.015 Thread 0x00007fcecc02e790 Thread added: 0x00007fcecc145bc0
Event: 0.015 Thread 0x00007fcecc02e790 Thread added: 0x00007fcecc147160
Event: 0.015 Thread 0x00007fcecc02e790 Thread added: 0x00007fcecc148d20
Event: 0.015 Thread 0x00007fcecc02e790 Thread added: 0x00007fcecc14a3e0
Event: 0.019 Thread 0x00007fcecc14a3e0 Thread added: 0x00007fce14044ab0
Event: 0.021 Thread 0x00007fcecc02e790 Thread added: 0x00007fcecc18b6f0
Event: 0.021 Thread 0x00007fcecc02e790 Thread added: 0x00007fcecc18e760
Event: 0.067 Thread 0x00007fcecc14a3e0 Thread added: 0x00007fce1413fcd0
Event: 0.101 Thread 0x00007fcecc14a3e0 Thread added: 0x00007fce14157dd0
Event: 0.101 Thread 0x00007fcecc14a3e0 Thread added: 0x00007fce141590e0
Event: 0.168 Thread 0x00007fcecc02e790 Thread added: 0x00007fcecc9e26b0
Event: 0.312 Thread 0x00007fcecc02e790 Thread added: 0x00007fcecefe9650
Event: 0.572 Thread 0x00007fce1413fcd0 Thread exited: 0x00007fce1413fcd0
Event: 3.717 Thread 0x00007fce141590e0 Thread exited: 0x00007fce141590e0
Event: 3.717 Thread 0x00007fce14157dd0 Thread exited: 0x00007fce14157dd0
Event: 4.080 Thread 0x00007fce14044ab0 Thread exited: 0x00007fce14044ab0
Event: 11.148 Thread 0x00007fcecc144580 Thread added: 0x00007fce24001080
Event: 11.150 Thread 0x00007fce24001080 Before exit entered


Dynamic libraries:
617800000-636400000 rw-p 00000000 00:00 0 
636400000-7ffc00000 ---p 00000000 00:00 0 
7ffc00000-7ffd0d000 rw-p 00cdc000 00:49 7160503                          /usr/lib/jvm/java-21-openjdk/lib/server/classes.jsa
7ffd0d000-800000000 rw-p 00000000 00:00 0 
5566b1100000-5566b1101000 r-xp 00000000 00:49 7160208                    /usr/lib/jvm/java-21-openjdk/bin/java
5566b1101000-5566b1102000 r--p 00001000 00:49 7160208                    /usr/lib/jvm/java-21-openjdk/bin/java
5566b1102000-5566b1103000 r--p 00001000 00:49 7160208                    /usr/lib/jvm/java-21-openjdk/bin/java
5566b1103000-5566b1104000 rw-p 00002000 00:49 7160208                    /usr/lib/jvm/java-21-openjdk/bin/java
5566c6492000-5566c64be000 rw-p 00000000 00:00 0                          [heap]
7fcd8b600000-7fcd8c000000 rwxp 00000000 00:00 0 
7fcd8c000000-7fcd8c021000 rw-p 00000000 00:00 0 
7fcd8c021000-7fcd90000000 ---p 00000000 00:00 0 
7fcd90000000-7fcd90021000 rw-p 00000000 00:00 0 
7fcd90021000-7fcd94000000 ---p 00000000 00:00 0 
7fcd94000000-7fcd94021000 rw-p 00000000 00:00 0 
7fcd94021000-7fcd98000000 ---p 00000000 00:00 0 
7fcd98000000-7fcd98021000 rw-p 00000000 00:00 0 
7fcd98021000-7fcd9c000000 ---p 00000000 00:00 0 
7fcd9c000000-7fcd9c021000 rw-p 00000000 00:00 0 
7fcd9c021000-7fcda0000000 ---p 00000000 00:00 0 
7fcda0000000-7fcda0021000 rw-p 00000000 00:00 0 
7fcda0021000-7fcda4000000 ---p 00000000 00:00 0 
7fcda4000000-7fcda4021000 rw-p 00000000 00:00 0 
7fcda4021000-7fcda8000000 ---p 00000000 00:00 0 
7fcda8000000-7fcda8021000 rw-p 00000000 00:00 0 
7fcda8021000-7fcdac000000 ---p 00000000 00:00 0 
7fcdac000000-7fcdac021000 rw-p 00000000 00:00 0 
7fcdac021000-7fcdb0000000 ---p 00000000 00:00 0 
7fcdb0000000-7fcdb0021000 rw-p 00000000 00:00 0 
7fcdb0021000-7fcdb4000000 ---p 00000000 00:00 0 
7fcdb4000000-7fcdb4021000 rw-p 00000000 00:00 0 
7fcdb4021000-7fcdb8000000 ---p 00000000 00:00 0 
7fcdb8000000-7fcdb89e5000 rw-p 00000000 00:00 0 
7fcdb89e5000-7fcdbc000000 ---p 00000000 00:00 0 
7fcdbc000000-7fcdbc073000 rw-p 00000000 00:00 0 
7fcdbc073000-7fcdc0000000 ---p 00000000 00:00 0 
7fcdc00a2000-7fcdc0345000 rw-s 00000000 00:01 35955                      /memfd:mesa-shared (deleted)
7fcdc0345000-7fcdc0d4f000 rw-p 00000000 00:00 0 
7fcdc0d4f000-7fcdc1539000 rw-p 00000000 00:00 0 
7fcdc1539000-7fcdc153d000 ---p 00000000 00:00 0 
7fcdc153d000-7fcdc1639000 rw-p 00000000 00:00 0 
7fcdc1639000-7fcdc167a000 rw-p 00000000 00:00 0 
7fcdc167a000-7fcdc1715000 r--p 00000000 00:27 257824                     /usr/local/share/fonts/google-noto/NotoSans-Bold.ttf
7fcdc1715000-7fcdc17b0000 r--p 00000000 00:27 257824                     /usr/local/share/fonts/google-noto/NotoSans-Bold.ttf
7fcdc17b0000-7fcdc17b1000 r--s 00000000 00:23 7387248                    /home/bazzite/.cache/fontconfig/d7a569af8e223acb75bc30910d7ef9ed-le64.cache-9
7fcdc17b1000-7fcdc17b3000 r--s 00000000 00:23 12865309                   /home/bazzite/.cache/fontconfig/6b60f0e179979a2c9a4d5c4f7eefb67f-le64.cache-9
7fcdc17b3000-7fcdc17b4000 r--s 00000000 00:23 7387197                    /home/bazzite/.cache/fontconfig/fc75e9a4611ba4d5d1230dbca349abc2-le64.cache-9
7fcdc17b4000-7fcdc17b5000 r--s 00000000 00:23 12299779                   /home/bazzite/.cache/fontconfig/23ea6065a6d55ece5eb71d63bc4c9c7d-le64.cache-9
7fcdc17b5000-7fcdc17d2000 r--s 00000000 00:49 3822094                    /usr/lib/fontconfig/cache/123d59b33ddb0e7c76bb24004bd5cfac-le64.cache-9
7fcdc17d2000-7fcdc17d7000 r--s 00000000 00:49 1082902                    /usr/lib/fontconfig/cache/d63f98f14a274bd69a5425fc33aaac6b-le64.cache-9
7fcdc17d7000-7fcdc17e0000 r--s 00000000 00:49 3822092                    /usr/lib/fontconfig/cache/6ee3103884cce7b2fe6f32eba9089175-le64.cache-9
7fcdc17e0000-7fcdc17e9000 r--s 00000000 00:49 1085967                    /usr/lib/fontconfig/cache/6cdba951d5a16891afaaf2fee13e80e7-le64.cache-9
7fcdc17e9000-7fcdc17ec000 r--s 00000000 00:49 1085965                    /usr/lib/fontconfig/cache/feeafda3627faad7596d025cfacea73f-le64.cache-9
7fcdc17ec000-7fcdc17ef000 r--s 00000000 00:49 1082900                    /usr/lib/fontconfig/cache/18f520a508f13854f77176faf7889ae9-le64.cache-9
7fcdc17ef000-7fcdc17f4000 r--s 00000000 00:49 1082896                    /usr/lib/fontconfig/cache/6ec93c29005712963aaa22af1809da14-le64.cache-9
7fcdc17f4000-7fcdc1811000 r--s 00000000 00:49 1082894                    /usr/lib/fontconfig/cache/876d1e5ed346defde032494815bfb839-le64.cache-9
7fcdc1811000-7fcdc1812000 r--s 00000000 00:49 1082892                    /usr/lib/fontconfig/cache/33c6bbd909a8f10851a4056c73c86d5d-le64.cache-9
7fcdc1812000-7fcdc1817000 r--s 00000000 00:49 1082890                    /usr/lib/fontconfig/cache/c7ea5600018b5457f90a75a411dca181-le64.cache-9
7fcdc1817000-7fcdc1818000 r--s 00000000 00:49 1082888                    /usr/lib/fontconfig/cache/d6ea941674ae40559d2ff3d3b7033dc5-le64.cache-9
7fcdc1818000-7fcdc181a000 r--s 00000000 00:49 1082886                    /usr/lib/fontconfig/cache/ffb01ab76ea797771fc7a567b58060b1-le64.cache-9
7fcdc181a000-7fcdc181c000 r--s 00000000 00:49 1082882                    /usr/lib/fontconfig/cache/d08f6a95540f65647c5ddb26bc5ee44f-le64.cache-9
7fcdc181c000-7fcdc1821000 r--s 00000000 00:49 1082880                    /usr/lib/fontconfig/cache/c49556cff7e1a89b25831daeff5ebdc9-le64.cache-9
7fcdc1821000-7fcdc1823000 r--s 00000000 00:49 1082878                    /usr/lib/fontconfig/cache/8705ab89d754816d59fecae72f983cbb-le64.cache-9
7fcdc1823000-7fcdc1826000 r--s 00000000 00:49 1082874                    /usr/lib/fontconfig/cache/9df9a62f46596efacd17df59faea9e12-le64.cache-9
7fcdc1826000-7fcdc182f000 r--s 00000000 00:49 1082868                    /usr/lib/fontconfig/cache/2c94c36db93ab6a338646c01dbecb342-le64.cache-9
7fcdc182f000-7fcdc1891000 r--s 00000000 00:49 1082864                    /usr/lib/fontconfig/cache/b57f9a2bb32865a9d06aed058fcf9161-le64.cache-9
7fcdc1891000-7fcdc18a4000 r--s 00000000 00:49 1082862                    /usr/lib/fontconfig/cache/225b3e7a21154b8bedfc9509e8cccdc5-le64.cache-9
7fcdc18a4000-7fcdc18af000 r--s 00000000 00:49 1082860                    /usr/lib/fontconfig/cache/614ccbc80639b3a6f43af8bfce0af87e-le64.cache-9
7fcdc18af000-7fcdc18c7000 r--s 00000000 00:49 1082858                    /usr/lib/fontconfig/cache/1f8920c8d92ca109b30bca641140eeb4-le64.cache-9
7fcdc18c7000-7fcdc1921000 r--s 00000000 00:49 1082852                    /usr/lib/fontconfig/cache/b73e02d9d19db59b33300e44f1f51e49-le64.cache-9
7fcdc1921000-7fcdc192a000 r--s 00000000 00:49 1082850                    /usr/lib/fontconfig/cache/27ae899a46ebbb03076b2733a727ba91-le64.cache-9
7fcdc192a000-7fcdc212b000 rw-p 00000000 00:00 0 
7fcdc2194000-7fcdc2437000 rw-s 00000000 00:01 11187                      /memfd:mesa-shared (deleted)
7fcdc2437000-7fcdc2708000 rw-p 00000000 00:00 0 
7fcdc2708000-7fcdcff23000 rw-p 00000000 00:00 0 
7fcdcff23000-7fcdd3d1a000 r--p 00000000 00:49 7154802                    /usr/lib64/libLLVM.so.21.1
7fcdd3d1a000-7fcdd85a3000 r-xp 03df6000 00:49 7154802                    /usr/lib64/libLLVM.so.21.1
7fcdd85a3000-7fcdd87af000 r--p 0867e000 00:49 7154802                    /usr/lib64/libLLVM.so.21.1
7fcdd87af000-7fcdd87f4000 rw-p 08889000 00:49 7154802                    /usr/lib64/libLLVM.so.21.1
7fcdd87f4000-7fcdd8899000 rw-p 00000000 00:00 0 
7fcdd8899000-7fcdda60b000 r-xp 00000000 00:49 7154882                    /usr/lib64/libgallium-25.3.6.so
7fcdda60b000-7fcddb724000 r--p 01d72000 00:49 7154882                    /usr/lib64/libgallium-25.3.6.so
7fcddb724000-7fcddb87b000 r--p 02e8b000 00:49 7154882                    /usr/lib64/libgallium-25.3.6.so
7fcddb87b000-7fcddb8a9000 rw-p 02fe2000 00:49 7154882                    /usr/lib64/libgallium-25.3.6.so
7fcddb8a9000-7fcddba74000 rw-p 00000000 00:00 0 
7fcddba74000-7fcddbd1f000 r--p 00000000 00:27 30957                      /usr/lib64/libnvidia-gpucomp.so.580.159.04
7fcddbd1f000-7fcddee0d000 r-xp 002ab000 00:27 30957                      /usr/lib64/libnvidia-gpucomp.so.580.159.04
7fcddee0d000-7fcddfc7d000 r--p 03399000 00:27 30957                      /usr/lib64/libnvidia-gpucomp.so.580.159.04
7fcddfc7d000-7fcddfc7e000 ---p 04209000 00:27 30957                      /usr/lib64/libnvidia-gpucomp.so.580.159.04
7fcddfc7e000-7fcddfe55000 r--p 04209000 00:27 30957                      /usr/lib64/libnvidia-gpucomp.so.580.159.04
7fcddfe55000-7fcddff60000 rw-p 043e0000 00:27 30957                      /usr/lib64/libnvidia-gpucomp.so.580.159.04
7fcddff60000-7fcde0021000 rw-p 00000000 00:00 0 
7fcde0021000-7fcde4000000 ---p 00000000 00:00 0 
7fcde4000000-7fcde4001000 r--s 00000000 00:49 1082884                    /usr/lib/fontconfig/cache/e0ab052bd3d44540ac0679a31c37147f-le64.cache-9
7fcde4001000-7fcde4002000 r--s 00000000 00:49 1082876                    /usr/lib/fontconfig/cache/e1d7114fade3104855b784d52043788b-le64.cache-9
7fcde4002000-7fcde4004000 r--s 00000000 00:49 1082872                    /usr/lib/fontconfig/cache/81f440aff8695e62538f4d4aa4dda1b9-le64.cache-9
7fcde4004000-7fcde4006000 r--s 00000000 00:49 1082870                    /usr/lib/fontconfig/cache/9ba4c59e0897ff97e9ff83765e36aba0-le64.cache-9
7fcde4006000-7fcde400a000 r--s 00000000 00:49 1082846                    /usr/lib/fontconfig/cache/44d36ec332e97361f14b43118a6bb4fa-le64.cache-9
7fcde400a000-7fcde4013000 r--s 00000000 00:49 1082842                    /usr/lib/fontconfig/cache/fc4098c50360d5dff771e984a783ba6f-le64.cache-9
7fcde4013000-7fcde4028000 r-xp 00000000 00:38 2567                       /tmp/lwjgl_bazzite/3.4.1+2/x64/liblwjgl_opengl.so
7fcde4028000-7fcde406b000 r--p 00015000 00:38 2567                       /tmp/lwjgl_bazzite/3.4.1+2/x64/liblwjgl_opengl.so
7fcde406b000-7fcde406c000 r--p 00057000 00:38 2567                       /tmp/lwjgl_bazzite/3.4.1+2/x64/liblwjgl_opengl.so
7fcde406c000-7fcde406d000 rw-p 00058000 00:38 2567                       /tmp/lwjgl_bazzite/3.4.1+2/x64/liblwjgl_opengl.so
7fcde406d000-7fcde41bf000 rw-p 00000000 00:00 0 
7fcde41bf000-7fcde4462000 rw-s 00000000 00:01 35954                      /memfd:mesa-shared (deleted)
7fcde4462000-7fcde4531000 rw-p 00000000 00:00 0 
7fcde4531000-7fcde4672000 rw-s 00000000 00:23 5884                       /home/bazzite/.cache/mesa_shader_cache/index
7fcde4672000-7fcde5e75000 rw-p 00000000 00:00 0 
7fcde5e75000-7fcde60b7000 r--p 00000000 00:27 30918                      /usr/lib64/libnvidia-eglcore.so.580.159.04
7fcde60b7000-7fcde6d7b000 r-xp 00242000 00:27 30918                      /usr/lib64/libnvidia-eglcore.so.580.159.04
7fcde6d7b000-7fcde7e1d000 r--p 00f06000 00:27 30918                      /usr/lib64/libnvidia-eglcore.so.580.159.04
7fcde7e1d000-7fcde7e1e000 ---p 01fa8000 00:27 30918                      /usr/lib64/libnvidia-eglcore.so.580.159.04
7fcde7e1e000-7fcde7f96000 r--p 01fa8000 00:27 30918                      /usr/lib64/libnvidia-eglcore.so.580.159.04
7fcde7f96000-7fcde7fea000 rw-p 02120000 00:27 30918                      /usr/lib64/libnvidia-eglcore.so.580.159.04
7fcde7fea000-7fcde8087000 rw-p 00000000 00:00 0 
7fcde8087000-7fcdec000000 ---p 00000000 00:00 0 
7fcdec000000-7fcdec07e000 rw-p 00000000 00:00 0 
7fcdec07e000-7fcdf0000000 ---p 00000000 00:00 0 
7fcdf0000000-7fcdf0021000 rw-p 00000000 00:00 0 
7fcdf0021000-7fcdf4000000 ---p 00000000 00:00 0 
7fcdf4000000-7fcdf4022000 rw-p 00000000 00:00 0 
7fcdf4022000-7fcdf8000000 ---p 00000000 00:00 0 
7fcdf8000000-7fcdf8001000 r--s 00000000 00:49 1082866                    /usr/lib/fontconfig/cache/149e020e1ffa29da6638c239e39df2a6-le64.cache-9
7fcdf8001000-7fcdf8002000 r--s 00000000 00:49 1082856                    /usr/lib/fontconfig/cache/b5adcb31ec90862990a73c9baa385b38-le64.cache-9
7fcdf8002000-7fcdf8003000 r--s 00000000 00:49 1082854                    /usr/lib/fontconfig/cache/e7c90c5d6650b542ec5033b04921fa77-le64.cache-9
7fcdf8003000-7fcdf8006000 r--s 00000000 00:49 1082840                    /usr/lib/fontconfig/cache/f068ed1aed4cb4b8fd15a017c476fecc-le64.cache-9
7fcdf8006000-7fcdf8009000 r--s 00000000 00:49 1082838                    /usr/lib/fontconfig/cache/c8fe155264990cf0dc8a423973091113-le64.cache-9
7fcdf8009000-7fcdf800c000 r--s 00000000 00:49 1082836                    /usr/lib/fontconfig/cache/61ea0c41d2b57119f60ea7e4839106cf-le64.cache-9
7fcdf800d000-7fcdf800e000 r--p 00000000 00:00 0 
7fcdf800e000-7fcdf800f000 r-xp 00000000 00:00 0 
7fcdf800f000-7fcdf8010000 r--p 00000000 00:00 0 
7fcdf8010000-7fcdf8011000 r-xp 00000000 00:00 0 
7fcdf8011000-7fcdf8012000 rw-p 00000000 00:00 0 
7fcdf8012000-7fcdf8013000 r--p 00000000 00:00 0 
7fcdf8013000-7fcdf8014000 r-xp 00000000 00:00 0 
7fcdf8014000-7fcdf8015000 r--p 00000000 00:00 0 
7fcdf8015000-7fcdf8016000 r-xp 00000000 00:00 0 
7fcdf8016000-7fcdf8017000 rw-p 00000000 00:00 0 
7fcdf8017000-7fcdf8018000 r--p 00000000 00:00 0 
7fcdf8018000-7fcdf8019000 r-xp 00000000 00:00 0 
7fcdf8019000-7fcdf801a000 rw-p 00000000 00:00 0 
7fcdf801a000-7fcdf801b000 r--p 00000000 00:00 0 
7fcdf801b000-7fcdf801c000 r-xp 00000000 00:00 0 
7fcdf801c000-7fcdf801d000 r--p 00000000 00:00 0 
7fcdf801d000-7fcdf801e000 r-xp 00000000 00:00 0 
7fcdf801e000-7fcdf801f000 r--p 00000000 00:00 0 
7fcdf801f000-7fcdf8020000 r-xp 00000000 00:00 0 
7fcdf8020000-7fcdf8021000 rw-p 00000000 00:00 0 
7fcdf8021000-7fcdf8022000 r--p 00000000 00:00 0 
7fcdf8022000-7fcdf8023000 r-xp 00000000 00:00 0 
7fcdf8023000-7fcdf80f2000 rw-p 00000000 00:00 0 
7fcdf80f2000-7fcdf90f4000 rw-p 00000000 00:00 0 
7fcdf90f4000-7fcdf9109000 r-xp 00000000 00:49 590540                     /usr/lib64/libtinfo.so.6.5
7fcdf9109000-7fcdf911c000 r--p 00015000 00:49 590540                     /usr/lib64/libtinfo.so.6.5
7fcdf911c000-7fcdf9120000 r--p 00028000 00:49 590540                     /usr/lib64/libtinfo.so.6.5
7fcdf9120000-7fcdf9121000 rw-p 0002c000 00:49 590540                     /usr/lib64/libtinfo.so.6.5
7fcdf9121000-7fcdf9126000 r-xp 00000000 00:49 1067372                    /usr/lib64/libpciaccess.so.0.11.1
7fcdf9126000-7fcdf9129000 r--p 00005000 00:49 1067372                    /usr/lib64/libpciaccess.so.0.11.1
7fcdf9129000-7fcdf912a000 r--p 00008000 00:49 1067372                    /usr/lib64/libpciaccess.so.0.11.1
7fcdf912a000-7fcdf912b000 rw-p 00000000 00:00 0 
7fcdf912b000-7fcdf914d000 r-xp 00000000 00:49 1066457                    /usr/lib64/libedit.so.0.0.76
7fcdf914d000-7fcdf915f000 r--p 00022000 00:49 1066457                    /usr/lib64/libedit.so.0.0.76
7fcdf915f000-7fcdf9161000 r--p 00034000 00:49 1066457                    /usr/lib64/libedit.so.0.0.76
7fcdf9161000-7fcdf9162000 rw-p 00036000 00:49 1066457                    /usr/lib64/libedit.so.0.0.76
7fcdf9162000-7fcdf9165000 rw-p 00000000 00:00 0 
7fcdf9165000-7fcdf917d000 r-xp 00000000 00:49 7151765                    /usr/lib64/libdrm_intel.so.1.131.0
7fcdf917d000-7fcdf9189000 r--p 00018000 00:49 7151765                    /usr/lib64/libdrm_intel.so.1.131.0
7fcdf9189000-7fcdf918a000 r--p 00023000 00:49 7151765                    /usr/lib64/libdrm_intel.so.1.131.0
7fcdf918a000-7fcdf918b000 rw-p 00024000 00:49 7151765                    /usr/lib64/libdrm_intel.so.1.131.0
7fcdf918b000-7fcdf919f000 r-xp 00000000 00:49 7151795                    /usr/lib64/libelf-0.195.so
7fcdf919f000-7fcdf91a6000 r--p 00014000 00:49 7151795                    /usr/lib64/libelf-0.195.so
7fcdf91a6000-7fcdf91a7000 r--p 0001a000 00:49 7151795                    /usr/lib64/libelf-0.195.so
7fcdf91a7000-7fcdf91a8000 rw-p 00000000 00:00 0 
7fcdf91a8000-7fcdf91af000 r-xp 00000000 00:49 7151763                    /usr/lib64/libdrm_amdgpu.so.1.131.0
7fcdf91af000-7fcdf91b4000 r--p 00007000 00:49 7151763                    /usr/lib64/libdrm_amdgpu.so.1.131.0
7fcdf91b4000-7fcdf91b5000 r--p 0000b000 00:49 7151763                    /usr/lib64/libdrm_amdgpu.so.1.131.0
7fcdf91b5000-7fcdf91b6000 rw-p 00000000 00:00 0 
7fcdf91b6000-7fcdf91b7000 r-xp 00000000 00:49 1066452                    /usr/lib64/libxshmfence.so.1.0.0
7fcdf91b7000-7fcdf91b8000 r--p 00001000 00:49 1066452                    /usr/lib64/libxshmfence.so.1.0.0
7fcdf91b8000-7fcdf91b9000 r--p 00001000 00:49 1066452                    /usr/lib64/libxshmfence.so.1.0.0
7fcdf91b9000-7fcdf91ba000 rw-p 00002000 00:49 1066452                    /usr/lib64/libxshmfence.so.1.0.0
7fcdf91ba000-7fcdf91bd000 r-xp 00000000 00:49 1066406                    /usr/lib64/libxcb-sync.so.1.0.0
7fcdf91bd000-7fcdf91c0000 r--p 00003000 00:49 1066406                    /usr/lib64/libxcb-sync.so.1.0.0
7fcdf91c0000-7fcdf91c1000 r--p 00006000 00:49 1066406                    /usr/lib64/libxcb-sync.so.1.0.0
7fcdf91c1000-7fcdf91c2000 rw-p 00007000 00:49 1066406                    /usr/lib64/libxcb-sync.so.1.0.0
7fcdf91c2000-7fcdf91ca000 r-xp 00000000 00:49 1066638                    /usr/lib64/libsensors.so.4.5.0
7fcdf91ca000-7fcdf91cf000 r--p 00008000 00:49 1066638                    /usr/lib64/libsensors.so.4.5.0
7fcdf91cf000-7fcdf91d0000 r--p 0000d000 00:49 1066638                    /usr/lib64/libsensors.so.4.5.0
7fcdf91d0000-7fcdf91d1000 rw-p 0000e000 00:49 1066638                    /usr/lib64/libsensors.so.4.5.0
7fcdf91d1000-7fcdf92d4000 r-xp 00000000 00:49 7151966                    /usr/lib64/libSPIRV-Tools.so
7fcdf92d4000-7fcdf9363000 r--p 00103000 00:49 7151966                    /usr/lib64/libSPIRV-Tools.so
7fcdf9363000-7fcdf9366000 r--p 00192000 00:49 7151966                    /usr/lib64/libSPIRV-Tools.so
7fcdf9366000-7fcdf9367000 rw-p 00195000 00:49 7151966                    /usr/lib64/libSPIRV-Tools.so
7fcdf9367000-7fcdf9417000 r-xp 00000000 00:49 590585                     /usr/lib64/libzstd.so.1.5.7
7fcdf9417000-7fcdf9428000 r--p 000b0000 00:49 590585                     /usr/lib64/libzstd.so.1.5.7
7fcdf9428000-7fcdf9429000 r--p 000c0000 00:49 590585                     /usr/lib64/libzstd.so.1.5.7
7fcdf9429000-7fcdf942a000 rw-p 00000000 00:00 0 
7fcdf942a000-7fcdf942b000 r-xp 00000000 00:49 1066390                    /usr/lib64/libxcb-present.so.0.0.0
7fcdf942b000-7fcdf942d000 r--p 00001000 00:49 1066390                    /usr/lib64/libxcb-present.so.0.0.0
7fcdf942d000-7fcdf942e000 r--p 00002000 00:49 1066390                    /usr/lib64/libxcb-present.so.0.0.0
7fcdf942e000-7fcdf942f000 rw-p 00003000 00:49 1066390                    /usr/lib64/libxcb-present.so.0.0.0
7fcdf942f000-7fcdf9431000 r-xp 00000000 00:49 1066386                    /usr/lib64/libxcb-dri3.so.0.1.0
7fcdf9431000-7fcdf9433000 r--p 00002000 00:49 1066386                    /usr/lib64/libxcb-dri3.so.0.1.0
7fcdf9433000-7fcdf9434000 r--p 00004000 00:49 1066386                    /usr/lib64/libxcb-dri3.so.0.1.0
7fcdf9434000-7fcdf9435000 rw-p 00005000 00:49 1066386                    /usr/lib64/libxcb-dri3.so.0.1.0
7fcdf9435000-7fcdf9438000 r-xp 00000000 00:49 1066410                    /usr/lib64/libxcb-xfixes.so.0.0.0
7fcdf9438000-7fcdf943c000 r--p 00003000 00:49 1066410                    /usr/lib64/libxcb-xfixes.so.0.0.0
7fcdf943c000-7fcdf943d000 r--p 00007000 00:49 1066410                    /usr/lib64/libxcb-xfixes.so.0.0.0
7fcdf943d000-7fcdf943e000 rw-p 00008000 00:49 1066410                    /usr/lib64/libxcb-xfixes.so.0.0.0
7fcdf943e000-7fcdf9444000 r-xp 00000000 00:49 1066392                    /usr/lib64/libxcb-randr.so.0.1.0
7fcdf9444000-7fcdf944e000 r--p 00006000 00:49 1066392                    /usr/lib64/libxcb-randr.so.0.1.0
7fcdf944e000-7fcdf944f000 r--p 00010000 00:49 1066392                    /usr/lib64/libxcb-randr.so.0.1.0
7fcdf944f000-7fcdf9450000 rw-p 00011000 00:49 1066392                    /usr/lib64/libxcb-randr.so.0.1.0
7fcdf9450000-7fcdf9478000 r-xp 00000000 00:49 7173565                    /usr/lib64/libEGL_mesa.so.0.0.0
7fcdf9478000-7fcdf948f000 r--p 00028000 00:49 7173565                    /usr/lib64/libEGL_mesa.so.0.0.0
7fcdf948f000-7fcdf949b000 r--p 0003f000 00:49 7173565                    /usr/lib64/libEGL_mesa.so.0.0.0
7fcdf949b000-7fcdf949c000 rw-p 0004b000 00:49 7173565                    /usr/lib64/libEGL_mesa.so.0.0.0
7fcdf949c000-7fcdf949d000 r--s 00000000 00:49 1082848                    /usr/lib/fontconfig/cache/a5f2dcfa2bf6574e3790e0d984f4cd62-le64.cache-9
7fcdf949d000-7fcdf94a2000 r--s 00000000 00:49 1083501                    /usr/lib/fontconfig/cache/beeeeb3dfe132a8a0633a017c99ce0c0-le64.cache-9
7fcdf94a2000-7fcdf94a3000 r--p 00000000 00:00 0 
7fcdf94a3000-7fcdf94a4000 r-xp 00000000 00:00 0 
7fcdf94a4000-7fcdf94a5000 r--p 00000000 00:00 0 
7fcdf94a5000-7fcdf94a6000 r-xp 00000000 00:00 0 
7fcdf94a6000-7fcdf94a7000 r--p 00000000 00:00 0 
7fcdf94a7000-7fcdf9dc9000 rw-p 00000000 00:00 0 
7fcdf9dc9000-7fcdf9dd2000 rw-s 00008000 00:01 35055                      /memfd:pipewire-memfd:flags=0x0000000f,type=2,size=65664 (deleted)
7fcdf9dd2000-7fcdf9e1d000 rw-p 00000000 00:00 0 
7fcdf9e1d000-7fcdf9e2d000 r--p 00000000 00:27 30947                      /usr/lib64/libnvidia-glsi.so.580.159.04
7fcdf9e2d000-7fcdf9e8d000 r-xp 00010000 00:27 30947                      /usr/lib64/libnvidia-glsi.so.580.159.04
7fcdf9e8d000-7fcdf9eaa000 r--p 00070000 00:27 30947                      /usr/lib64/libnvidia-glsi.so.580.159.04
7fcdf9eaa000-7fcdf9eb0000 r--p 0008c000 00:27 30947                      /usr/lib64/libnvidia-glsi.so.580.159.04
7fcdf9eb0000-7fcdf9eb1000 rw-p 00092000 00:27 30947                      /usr/lib64/libnvidia-glsi.so.580.159.04
7fcdf9eb1000-7fcdf9eb9000 rw-p 00000000 00:00 0 
7fcdf9eb9000-7fcdf9eed000 r--p 00000000 00:27 21359                      /usr/lib64/libEGL_nvidia.so.0
7fcdf9eed000-7fcdf9f84000 r-xp 00034000 00:27 21359                      /usr/lib64/libEGL_nvidia.so.0
7fcdf9f84000-7fcdf9fd8000 r--p 000cb000 00:27 21359                      /usr/lib64/libEGL_nvidia.so.0
7fcdf9fd8000-7fcdf9fd9000 ---p 0011f000 00:27 21359                      /usr/lib64/libEGL_nvidia.so.0
7fcdf9fd9000-7fcdf9fe1000 r--p 0011f000 00:27 21359                      /usr/lib64/libEGL_nvidia.so.0
7fcdf9fe1000-7fcdf9ff7000 rw-p 00127000 00:27 21359                      /usr/lib64/libEGL_nvidia.so.0
7fcdf9ff7000-7fcdf9ffc000 rw-p 00000000 00:00 0 
7fcdf9ffc000-7fcdfc000000 rw-p 00000000 00:00 0 
7fcdfc000000-7fcdfc048000 rw-p 00000000 00:00 0 
7fcdfc048000-7fce00000000 ---p 00000000 00:00 0 
7fce00000000-7fce00021000 rw-p 00000000 00:00 0 
7fce00021000-7fce04000000 ---p 00000000 00:00 0 
7fce04000000-7fce042b3000 rw-p 00000000 00:00 0 
7fce042b3000-7fce08000000 ---p 00000000 00:00 0 
7fce08000000-7fce08074000 rw-p 00000000 00:00 0 
7fce08074000-7fce0c000000 ---p 00000000 00:00 0 
7fce0c000000-7fce0c021000 rw-p 00000000 00:00 0 
7fce0c021000-7fce10000000 ---p 00000000 00:00 0 
7fce10000000-7fce10021000 rw-p 00000000 00:00 0 
7fce10021000-7fce14000000 ---p 00000000 00:00 0 
7fce14000000-7fce141b1000 rw-p 00000000 00:00 0 
7fce141b1000-7fce18000000 ---p 00000000 00:00 0 
7fce18000000-7fce18251000 rw-p 00000000 00:00 0 
7fce18251000-7fce1c000000 ---p 00000000 00:00 0 
7fce1c000000-7fce1c021000 rw-p 00000000 00:00 0 
7fce1c021000-7fce20000000 ---p 00000000 00:00 0 
7fce20000000-7fce20360000 rw-p 00000000 00:00 0 
7fce20360000-7fce24000000 ---p 00000000 00:00 0 
7fce24000000-7fce24021000 rw-p 00000000 00:00 0 
7fce24021000-7fce28000000 ---p 00000000 00:00 0 
7fce28000000-7fce28021000 rw-p 00000000 00:00 0 
7fce28021000-7fce2c000000 ---p 00000000 00:00 0 
7fce2c000000-7fce2c021000 rw-p 00000000 00:00 0 
7fce2c021000-7fce30000000 ---p 00000000 00:00 0 
7fce30000000-7fce30001000 r-xp 00000000 00:00 0 
7fce30001000-7fce30002000 r--p 00000000 00:00 0 
7fce30002000-7fce3000b000 rw-s 00000000 00:01 35055                      /memfd:pipewire-memfd:flags=0x0000000f,type=2,size=65664 (deleted)
7fce3000b000-7fce30014000 rw-s 00008000 00:01 35054                      /memfd:pipewire-memfd:flags=0x0000000f,type=2,size=65664 (deleted)
7fce30014000-7fce30032000 r-xp 00000000 00:49 1066326                    /usr/lib64/libexpat.so.1.11.1
7fce30032000-7fce3003c000 r--p 0001e000 00:49 1066326                    /usr/lib64/libexpat.so.1.11.1
7fce3003c000-7fce3003e000 r--p 00027000 00:49 1066326                    /usr/lib64/libexpat.so.1.11.1
7fce3003e000-7fce3003f000 rw-p 00000000 00:00 0 
7fce3003f000-7fce3004c000 r-xp 00000000 00:49 7151761                    /usr/lib64/libdrm.so.2.131.0
7fce3004c000-7fce30054000 r--p 0000d000 00:49 7151761                    /usr/lib64/libdrm.so.2.131.0
7fce30054000-7fce30055000 r--p 00015000 00:49 7151761                    /usr/lib64/libdrm.so.2.131.0
7fce30055000-7fce30056000 rw-p 00000000 00:00 0 
7fce30056000-7fce30058000 r-xp 00000000 00:49 7154887                    /usr/lib64/libgbm.so.1.0.0
7fce30058000-7fce3005a000 r--p 00002000 00:49 7154887                    /usr/lib64/libgbm.so.1.0.0
7fce3005a000-7fce3005b000 r--p 00003000 00:49 7154887                    /usr/lib64/libgbm.so.1.0.0
7fce3005b000-7fce3005c000 rw-p 00004000 00:49 7154887                    /usr/lib64/libgbm.so.1.0.0
7fce3005c000-7fce3009b000 r-xp 00000000 00:49 1070050                    /usr/lib64/libGLdispatch.so.0.0.0
7fce3009b000-7fce300af000 r--p 0003f000 00:49 1070050                    /usr/lib64/libGLdispatch.so.0.0.0
7fce300af000-7fce300cb000 r--p 00053000 00:49 1070050                    /usr/lib64/libGLdispatch.so.0.0.0
7fce300cb000-7fce300cc000 rw-p 0006f000 00:49 1070050                    /usr/lib64/libGLdispatch.so.0.0.0
7fce300cc000-7fce300d4000 rw-p 00000000 00:00 0 
7fce300d4000-7fce300d8000 ---p 00000000 00:00 0 
7fce300d8000-7fce301d4000 rw-p 00000000 00:00 0 
7fce301d4000-7fce301d5000 r-xp 00000000 00:00 0 
7fce301dc000-7fce301e6000 r-xp 00000000 00:49 1070058                    /usr/lib64/libEGL.so.1.1.0
7fce301e6000-7fce301eb000 r--p 0000a000 00:49 1070058                    /usr/lib64/libEGL.so.1.1.0
7fce301eb000-7fce301ec000 r--p 0000e000 00:49 1070058                    /usr/lib64/libEGL.so.1.1.0
7fce301ec000-7fce301ed000 rw-p 0000f000 00:49 1070058                    /usr/lib64/libEGL.so.1.1.0
7fce301ed000-7fce301ee000 r--p 00000000 00:00 0 
7fce301ee000-7fce301ef000 r-xp 00000000 00:00 0 
7fce301ef000-7fce301f8000 rw-s 00000000 00:01 35054                      /memfd:pipewire-memfd:flags=0x0000000f,type=2,size=65664 (deleted)
7fce301f8000-7fce30250000 r-xp 00000000 00:49 7156432                    /usr/lib64/spa-0.2/audioconvert/libspa-audioconvert.so
7fce30250000-7fce302b8000 r--p 00058000 00:49 7156432                    /usr/lib64/spa-0.2/audioconvert/libspa-audioconvert.so
7fce302b8000-7fce302bf000 r--p 000c0000 00:49 7156432                    /usr/lib64/spa-0.2/audioconvert/libspa-audioconvert.so
7fce302bf000-7fce302c2000 rw-p 000c7000 00:49 7156432                    /usr/lib64/spa-0.2/audioconvert/libspa-audioconvert.so
7fce302c2000-7fce312c4000 rw-p 00000000 00:00 0 
7fce312c4000-7fce312e2000 r-xp 00000000 00:49 7156420                    /usr/lib64/pipewire-0.3/libpipewire-module-session-manager.so
7fce312e2000-7fce312e8000 r--p 0001e000 00:49 7156420                    /usr/lib64/pipewire-0.3/libpipewire-module-session-manager.so
7fce312e8000-7fce312ea000 r--p 00024000 00:49 7156420                    /usr/lib64/pipewire-0.3/libpipewire-module-session-manager.so
7fce312ea000-7fce312eb000 rw-p 00000000 00:00 0 
7fce312eb000-7fce312f5000 r-xp 00000000 00:49 7156402                    /usr/lib64/pipewire-0.3/libpipewire-module-metadata.so
7fce312f5000-7fce312f8000 r--p 0000a000 00:49 7156402                    /usr/lib64/pipewire-0.3/libpipewire-module-metadata.so
7fce312f8000-7fce312f9000 r--p 0000d000 00:49 7156402                    /usr/lib64/pipewire-0.3/libpipewire-module-metadata.so
7fce312f9000-7fce312fa000 rw-p 0000e000 00:49 7156402                    /usr/lib64/pipewire-0.3/libpipewire-module-metadata.so
7fce312fa000-7fce312fe000 r-xp 00000000 00:49 7156392                    /usr/lib64/pipewire-0.3/libpipewire-module-adapter.so
7fce312fe000-7fce31301000 r--p 00004000 00:49 7156392                    /usr/lib64/pipewire-0.3/libpipewire-module-adapter.so
7fce31301000-7fce31302000 r--p 00007000 00:49 7156392                    /usr/lib64/pipewire-0.3/libpipewire-module-adapter.so
7fce31302000-7fce31303000 rw-p 00008000 00:49 7156392                    /usr/lib64/pipewire-0.3/libpipewire-module-adapter.so
7fce31303000-7fce31327000 r-xp 00000000 00:49 7156395                    /usr/lib64/pipewire-0.3/libpipewire-module-client-node.so
7fce31327000-7fce3132f000 r--p 00024000 00:49 7156395                    /usr/lib64/pipewire-0.3/libpipewire-module-client-node.so
7fce3132f000-7fce31331000 r--p 0002c000 00:49 7156395                    /usr/lib64/pipewire-0.3/libpipewire-module-client-node.so
7fce31331000-7fce31332000 rw-p 0002e000 00:49 7156395                    /usr/lib64/pipewire-0.3/libpipewire-module-client-node.so
7fce31332000-7fce31355000 r-xp 00000000 00:49 7156409                    /usr/lib64/pipewire-0.3/libpipewire-module-protocol-native.so
7fce31355000-7fce31364000 r--p 00023000 00:49 7156409                    /usr/lib64/pipewire-0.3/libpipewire-module-protocol-native.so
7fce31364000-7fce31374000 r--p 00031000 00:49 7156409                    /usr/lib64/pipewire-0.3/libpipewire-module-protocol-native.so
7fce31374000-7fce31375000 rw-p 00041000 00:49 7156409                    /usr/lib64/pipewire-0.3/libpipewire-module-protocol-native.so
7fce31375000-7fce31b76000 rw-p 00000000 00:00 0 
7fce31b76000-7fce31bf2000 r-xp 00000000 00:49 7156390                    /usr/lib64/libpipewire-0.3.so.0.1411.0
7fce31bf2000-7fce31c19000 r--p 0007c000 00:49 7156390                    /usr/lib64/libpipewire-0.3.so.0.1411.0
7fce31c19000-7fce31c36000 r--p 000a3000 00:49 7156390                    /usr/lib64/libpipewire-0.3.so.0.1411.0
7fce31c36000-7fce31c37000 rw-p 000c0000 00:49 7156390                    /usr/lib64/libpipewire-0.3.so.0.1411.0
7fce31c37000-7fce31c38000 rw-p 00000000 00:00 0 
7fce31c38000-7fce31d79000 r-xp 00000000 00:49 7151663                    /usr/lib64/libstdc++.so.6.0.34
7fce31d79000-7fce31e99000 r--p 00141000 00:49 7151663                    /usr/lib64/libstdc++.so.6.0.34
7fce31e99000-7fce31eaa000 r--p 00260000 00:49 7151663                    /usr/lib64/libstdc++.so.6.0.34
7fce31eaa000-7fce31eab000 rw-p 00271000 00:49 7151663                    /usr/lib64/libstdc++.so.6.0.34
7fce31eab000-7fce31eaf000 rw-p 00000000 00:00 0 
7fce31eaf000-7fce32007000 r-xp 00000000 00:38 2566                       /tmp/lwjgl_bazzite/3.4.1+2/x64/libopenal.so
7fce32007000-7fce320a1000 r--p 00158000 00:38 2566                       /tmp/lwjgl_bazzite/3.4.1+2/x64/libopenal.so
7fce320a1000-7fce320ab000 r--p 001f2000 00:38 2566                       /tmp/lwjgl_bazzite/3.4.1+2/x64/libopenal.so
7fce320ab000-7fce320ac000 rw-p 001fc000 00:38 2566                       /tmp/lwjgl_bazzite/3.4.1+2/x64/libopenal.so
7fce320ac000-7fce32190000 rw-p 00000000 00:00 0 
7fce32190000-7fce40000000 r--p 00000000 00:49 7173786                    /usr/lib/locale/locale-archive
7fce40000000-7fce40021000 rw-p 00000000 00:00 0 
7fce40021000-7fce44000000 ---p 00000000 00:00 0 
7fce44000000-7fce44021000 rw-p 00000000 00:00 0 
7fce44021000-7fce48000000 ---p 00000000 00:00 0 
7fce48000000-7fce48240000 rw-p 00000000 00:00 0 
7fce48240000-7fce48400000 ---p 00000000 00:00 0 
7fce48400000-7fce489e0000 rw-p 00000000 00:00 0 
7fce489e0000-7fce4c000000 ---p 00000000 00:00 0 
7fce4c000000-7fce4c021000 rw-p 00000000 00:00 0 
7fce4c021000-7fce50000000 ---p 00000000 00:00 0 
7fce50000000-7fce50001000 r--p 00000000 00:00 0 
7fce50001000-7fce50002000 r-xp 00000000 00:49 7151793                    /usr/lib64/libX11-xcb.so.1.0.0
7fce50002000-7fce50003000 r--p 00001000 00:49 7151793                    /usr/lib64/libX11-xcb.so.1.0.0
7fce50003000-7fce50004000 r--p 00001000 00:49 7151793                    /usr/lib64/libX11-xcb.so.1.0.0
7fce50004000-7fce50005000 rw-p 00000000 00:00 0 
7fce50005000-7fce50011000 r-xp 00000000 00:49 7156394                    /usr/lib64/pipewire-0.3/libpipewire-module-client-device.so
7fce50011000-7fce50014000 r--p 0000c000 00:49 7156394                    /usr/lib64/pipewire-0.3/libpipewire-module-client-device.so
7fce50014000-7fce50015000 r--p 0000e000 00:49 7156394                    /usr/lib64/pipewire-0.3/libpipewire-module-client-device.so
7fce50015000-7fce50016000 rw-p 0000f000 00:49 7156394                    /usr/lib64/pipewire-0.3/libpipewire-module-client-device.so
7fce50016000-7fce5001a000 r-xp 00000000 00:49 7156414                    /usr/lib64/pipewire-0.3/libpipewire-module-rt.so
7fce5001a000-7fce5001d000 r--p 00004000 00:49 7156414                    /usr/lib64/pipewire-0.3/libpipewire-module-rt.so
7fce5001d000-7fce5001e000 r--p 00007000 00:49 7156414                    /usr/lib64/pipewire-0.3/libpipewire-module-rt.so
7fce5001e000-7fce5001f000 rw-p 00008000 00:49 7156414                    /usr/lib64/pipewire-0.3/libpipewire-module-rt.so
7fce5001f000-7fce50038000 r-xp 00000000 00:49 7156452                    /usr/lib64/spa-0.2/support/libspa-support.so
7fce50038000-7fce5003f000 r--p 00019000 00:49 7156452                    /usr/lib64/spa-0.2/support/libspa-support.so
7fce5003f000-7fce50041000 r--p 0001f000 00:49 7156452                    /usr/lib64/spa-0.2/support/libspa-support.so
7fce50041000-7fce50042000 rw-p 00021000 00:49 7156452                    /usr/lib64/spa-0.2/support/libspa-support.so
7fce50042000-7fce50132000 rw-s 00000000 00:01 34248                      /memfd:wayland-cursor (deleted)
7fce50132000-7fce50202000 rw-s 00000000 00:01 34247                      /memfd:wayland-cursor (deleted)
7fce50202000-7fce50212000 r-xp 00000000 00:49 1069856                    /usr/lib64/libseccomp.so.2.6.0
7fce50212000-7fce5022c000 r--p 00010000 00:49 1069856                    /usr/lib64/libseccomp.so.2.6.0
7fce5022c000-7fce5022d000 r--p 0002a000 00:49 1069856                    /usr/lib64/libseccomp.so.2.6.0
7fce5022d000-7fce5022e000 rw-p 0002b000 00:49 1069856                    /usr/lib64/libseccomp.so.2.6.0
7fce5022e000-7fce50274000 r-xp 00000000 00:49 1069695                    /usr/lib64/liblcms2.so.2.0.16
7fce50274000-7fce5028f000 r--p 00046000 00:49 1069695                    /usr/lib64/liblcms2.so.2.0.16
7fce5028f000-7fce50292000 r--p 00060000 00:49 1069695                    /usr/lib64/liblcms2.so.2.0.16
7fce50292000-7fce50295000 rw-p 00063000 00:49 1069695                    /usr/lib64/liblcms2.so.2.0.16
7fce50295000-7fce50296000 rw-p 00000000 00:00 0 
7fce50296000-7fce503ce000 r-xp 00000000 00:49 590523                     /usr/lib64/libsqlite3.so.3.50.2
7fce503ce000-7fce50407000 r--p 00138000 00:49 590523                     /usr/lib64/libsqlite3.so.3.50.2
7fce50407000-7fce5040b000 r--p 00170000 00:49 590523                     /usr/lib64/libsqlite3.so.3.50.2
7fce5040b000-7fce5040f000 rw-p 00174000 00:49 590523                     /usr/lib64/libsqlite3.so.3.50.2
7fce5040f000-7fce50410000 rw-p 00000000 00:00 0 
7fce50410000-7fce50428000 r-xp 00000000 00:49 1069644                    /usr/lib64/libjson-glib-1.0.so.0.1000.8
7fce50428000-7fce50439000 r--p 00018000 00:49 1069644                    /usr/lib64/libjson-glib-1.0.so.0.1000.8
7fce50439000-7fce5043a000 r--p 00029000 00:49 1069644                    /usr/lib64/libjson-glib-1.0.so.0.1000.8
7fce5043a000-7fce5043b000 rw-p 00000000 00:00 0 
7fce5043b000-7fce50457000 r-xp 00000000 00:49 7163058                    /usr/lib64/libatspi.so.0.0.1
7fce50457000-7fce50471000 r--p 0001c000 00:49 7163058                    /usr/lib64/libatspi.so.0.0.1
7fce50471000-7fce50475000 r--p 00036000 00:49 7163058                    /usr/lib64/libatspi.so.0.0.1
7fce50475000-7fce50476000 rw-p 0003a000 00:49 7163058                    /usr/lib64/libatspi.so.0.0.1
7fce50476000-7fce507c1000 r-xp 00000000 00:49 7154507                    /usr/lib64/libglycin-2.so.0
7fce507c1000-7fce5087a000 r--p 0034b000 00:49 7154507                    /usr/lib64/libglycin-2.so.0
7fce5087a000-7fce50893000 r--p 00403000 00:49 7154507                    /usr/lib64/libglycin-2.so.0
7fce50893000-7fce50896000 rw-p 0041c000 00:49 7154507                    /usr/lib64/libglycin-2.so.0
7fce50896000-7fce50897000 r-xp 00000000 00:49 1081827                    /usr/lib64/libXinerama.so.1.0.0
7fce50897000-7fce50898000 r--p 00001000 00:49 1081827                    /usr/lib64/libXinerama.so.1.0.0
7fce50898000-7fce50899000 r--p 00001000 00:49 1081827                    /usr/lib64/libXinerama.so.1.0.0
7fce50899000-7fce5089a000 rw-p 00002000 00:49 1081827                    /usr/lib64/libXinerama.so.1.0.0
7fce5089a000-7fce508a2000 r-xp 00000000 00:49 1070474                    /usr/lib64/libXrandr.so.2.2.0
7fce508a2000-7fce508a5000 r--p 00008000 00:49 1070474                    /usr/lib64/libXrandr.so.2.2.0
7fce508a5000-7fce508a6000 r--p 0000a000 00:49 1070474                    /usr/lib64/libXrandr.so.2.2.0
7fce508a6000-7fce508a7000 rw-p 0000b000 00:49 1070474                    /usr/lib64/libXrandr.so.2.2.0
7fce508a7000-7fce508a8000 r-xp 00000000 00:49 1070270                    /usr/lib64/libXcomposite.so.1.0.0
7fce508a8000-7fce508a9000 r--p 00001000 00:49 1070270                    /usr/lib64/libXcomposite.so.1.0.0
7fce508a9000-7fce508aa000 r--p 00001000 00:49 1070270                    /usr/lib64/libXcomposite.so.1.0.0
7fce508aa000-7fce508ab000 rw-p 00000000 00:00 0 
7fce508ab000-7fce508ac000 r-xp 00000000 00:49 1070380                    /usr/lib64/libXdamage.so.1.1.0
7fce508ac000-7fce508ad000 r--p 00001000 00:49 1070380                    /usr/lib64/libXdamage.so.1.1.0
7fce508ad000-7fce508ae000 r--p 00001000 00:49 1070380                    /usr/lib64/libXdamage.so.1.1.0
7fce508ae000-7fce508af000 rw-p 00000000 00:00 0 
7fce508af000-7fce508b6000 r-xp 00000000 00:49 1070370                    /usr/lib64/libXcursor.so.1.0.2
7fce508b6000-7fce508ba000 r--p 00007000 00:49 1070370                    /usr/lib64/libXcursor.so.1.0.2
7fce508ba000-7fce508bb000 r--p 0000b000 00:49 1070370                    /usr/lib64/libXcursor.so.1.0.2
7fce508bb000-7fce508bc000 rw-p 00000000 00:00 0 
7fce508bc000-7fce508bf000 r-xp 00000000 00:49 1069885                    /usr/lib64/libXfixes.so.3.1.0
7fce508bf000-7fce508c1000 r--p 00003000 00:49 1069885                    /usr/lib64/libXfixes.so.3.1.0
7fce508c1000-7fce508c2000 r--p 00004000 00:49 1069885                    /usr/lib64/libXfixes.so.3.1.0
7fce508c2000-7fce508c3000 rw-p 00005000 00:49 1069885                    /usr/lib64/libXfixes.so.3.1.0
7fce508c3000-7fce50944000 r-xp 00000000 00:49 1078632                    /usr/lib64/libtinysparql-3.0.so.0.1001.0
7fce50944000-7fce50988000 r--p 00081000 00:49 1078632                    /usr/lib64/libtinysparql-3.0.so.0.1001.0
7fce50988000-7fce50996000 r--p 000c5000 00:49 1078632                    /usr/lib64/libtinysparql-3.0.so.0.1001.0
7fce50996000-7fce50997000 rw-p 000d3000 00:49 1078632                    /usr/lib64/libtinysparql-3.0.so.0.1001.0
7fce50997000-7fce509a3000 r-xp 00000000 00:49 1081818                    /usr/lib64/libcloudproviders.so.0.3.6
7fce509a3000-7fce509ae000 r--p 0000c000 00:49 1081818                    /usr/lib64/libcloudproviders.so.0.3.6
7fce509ae000-7fce509af000 r--p 00017000 00:49 1081818                    /usr/lib64/libcloudproviders.so.0.3.6
7fce509af000-7fce509b0000 rw-p 00018000 00:49 1081818                    /usr/lib64/libcloudproviders.so.0.3.6
7fce509b0000-7fce509cc000 r-xp 00000000 00:49 7163083                    /usr/lib64/libatk-bridge-2.0.so.0.0.0
7fce509cc000-7fce509e9000 r--p 0001c000 00:49 7163083                    /usr/lib64/libatk-bridge-2.0.so.0.0.0
7fce509e9000-7fce509eb000 r--p 00039000 00:49 7163083                    /usr/lib64/libatk-bridge-2.0.so.0.0.0
7fce509eb000-7fce509ed000 rw-p 0003b000 00:49 7163083                    /usr/lib64/libatk-bridge-2.0.so.0.0.0
7fce509ed000-7fce509fa000 r-xp 00000000 00:49 1069808                    /usr/lib64/libXi.so.6.1.0
7fce509fa000-7fce509fe000 r--p 0000d000 00:49 1069808                    /usr/lib64/libXi.so.6.1.0
7fce509fe000-7fce509ff000 r--p 00011000 00:49 1069808                    /usr/lib64/libXi.so.6.1.0
7fce509ff000-7fce50a00000 rw-p 00012000 00:49 1069808                    /usr/lib64/libXi.so.6.1.0
7fce50a00000-7fce50a6d000 r-xp 00000000 00:49 1081809                    /usr/lib64/libepoxy.so.0.0.0
7fce50a6d000-7fce50afd000 r--p 0006d000 00:49 1081809                    /usr/lib64/libepoxy.so.0.0.0
7fce50afd000-7fce50b05000 r--p 000fc000 00:49 1081809                    /usr/lib64/libepoxy.so.0.0.0
7fce50b05000-7fce50b0c000 rw-p 00104000 00:49 1081809                    /usr/lib64/libepoxy.so.0.0.0
7fce50b0c000-7fce50b1c000 r-xp 00000000 00:49 7163075                    /usr/lib64/libatk-1.0.so.0.25814.1
7fce50b1c000-7fce50b2e000 r--p 00010000 00:49 7163075                    /usr/lib64/libatk-1.0.so.0.25814.1
7fce50b2e000-7fce50b31000 r--p 00021000 00:49 7163075                    /usr/lib64/libatk-1.0.so.0.25814.1
7fce50b31000-7fce50b32000 rw-p 00024000 00:49 7163075                    /usr/lib64/libatk-1.0.so.0.25814.1
7fce50b32000-7fce50b4e000 r-xp 00000000 00:49 7154515                    /usr/lib64/libgdk_pixbuf-2.0.so.0.4400.4
7fce50b4e000-7fce50b5d000 r--p 0001c000 00:49 7154515                    /usr/lib64/libgdk_pixbuf-2.0.so.0.4400.4
7fce50b5d000-7fce50b5f000 r--p 0002a000 00:49 7154515                    /usr/lib64/libgdk_pixbuf-2.0.so.0.4400.4
7fce50b5f000-7fce50b60000 rw-p 0002c000 00:49 7154515                    /usr/lib64/libgdk_pixbuf-2.0.so.0.4400.4
7fce50b60000-7fce50b62000 r-xp 00000000 00:49 1082923                    /usr/lib64/libcairo-gobject.so.2.11804.4
7fce50b62000-7fce50b66000 r--p 00002000 00:49 1082923                    /usr/lib64/libcairo-gobject.so.2.11804.4
7fce50b66000-7fce50b68000 r--p 00005000 00:49 1082923                    /usr/lib64/libcairo-gobject.so.2.11804.4
7fce50b68000-7fce50b69000 rw-p 00000000 00:00 0 
7fce50b69000-7fce50bf6000 r-xp 00000000 00:49 7163107                    /usr/lib64/libgdk-3.so.0.2420.32
7fce50bf6000-7fce50c57000 r--p 0008d000 00:49 7163107                    /usr/lib64/libgdk-3.so.0.2420.32
7fce50c57000-7fce50c61000 r--p 000ed000 00:49 7163107                    /usr/lib64/libgdk-3.so.0.2420.32
7fce50c61000-7fce50c63000 rw-p 000f7000 00:49 7163107                    /usr/lib64/libgdk-3.so.0.2420.32
7fce50c63000-7fce5101b000 r-xp 00000000 00:49 7163109                    /usr/lib64/libgtk-3.so.0.2420.32
7fce5101b000-7fce5134f000 r--p 003b8000 00:49 7163109                    /usr/lib64/libgtk-3.so.0.2420.32
7fce5134f000-7fce51362000 r--p 006eb000 00:49 7163109                    /usr/lib64/libgtk-3.so.0.2420.32
7fce51362000-7fce51364000 rw-p 006fe000 00:49 7163109                    /usr/lib64/libgtk-3.so.0.2420.32
7fce51364000-7fce51369000 rw-p 00000000 00:00 0 
7fce51369000-7fce5136a000 r-xp 00000000 00:00 0 
7fce5136a000-7fce5136b000 r--p 00000000 00:00 0 
7fce5136b000-7fce5136c000 r-xp 00000000 00:00 0 
7fce5136c000-7fce51373000 r--s 00000000 00:49 7176855                    /usr/lib64/gconv/gconv-modules.cache
7fce51373000-7fce51376000 r-xp 00000000 00:49 7156450                    /usr/lib64/spa-0.2/support/libspa-dbus.so
7fce51376000-7fce51378000 r--p 00003000 00:49 7156450                    /usr/lib64/spa-0.2/support/libspa-dbus.so
7fce51378000-7fce51379000 r--p 00004000 00:49 7156450                    /usr/lib64/spa-0.2/support/libspa-dbus.so
7fce51379000-7fce5137a000 rw-p 00005000 00:49 7156450                    /usr/lib64/spa-0.2/support/libspa-dbus.so
7fce5137a000-7fce5137b000 r-xp 00000000 00:49 590297                     /usr/lib64/libbrotlicommon.so.1.2.0
7fce5137b000-7fce5139b000 r--p 00001000 00:49 590297                     /usr/lib64/libbrotlicommon.so.1.2.0
7fce5139b000-7fce5139c000 r--p 00020000 00:49 590297                     /usr/lib64/libbrotlicommon.so.1.2.0
7fce5139c000-7fce5139d000 rw-p 00000000 00:00 0 
7fce5139d000-7fce513c3000 r-xp 00000000 00:49 7151705                    /usr/lib64/libblkid.so.1.1.0
7fce513c3000-7fce513d0000 r--p 00026000 00:49 7151705                    /usr/lib64/libblkid.so.1.1.0
7fce513d0000-7fce513d6000 r--p 00033000 00:49 7151705                    /usr/lib64/libblkid.so.1.1.0
7fce513d6000-7fce513d7000 rw-p 00039000 00:49 7151705                    /usr/lib64/libblkid.so.1.1.0
7fce513d7000-7fce513fc000 r-xp 00000000 00:49 590433                     /usr/lib64/liblzma.so.5.8.1
7fce513fc000-7fce5140a000 r--p 00025000 00:49 590433                     /usr/lib64/liblzma.so.5.8.1
7fce5140a000-7fce5140b000 r--p 00033000 00:49 590433                     /usr/lib64/liblzma.so.5.8.1
7fce5140b000-7fce5140c000 rw-p 00034000 00:49 590433                     /usr/lib64/liblzma.so.5.8.1
7fce5140c000-7fce5142f000 r-xp 00000000 00:49 6195619                    /usr/lib64/libgcc_s-15-20260123.so.1
7fce5142f000-7fce51436000 r--p 00023000 00:49 6195619                    /usr/lib64/libgcc_s-15-20260123.so.1
7fce51436000-7fce51437000 r--p 0002a000 00:49 6195619                    /usr/lib64/libgcc_s-15-20260123.so.1
7fce51437000-7fce51438000 rw-p 00000000 00:00 0 
7fce51438000-7fce5143e000 r-xp 00000000 00:49 7151721                    /usr/lib64/libcap.so.2.76
7fce5143e000-7fce51442000 r--p 00006000 00:49 7151721                    /usr/lib64/libcap.so.2.76
7fce51442000-7fce51443000 r--p 00009000 00:49 7151721                    /usr/lib64/libcap.so.2.76
7fce51443000-7fce51444000 rw-p 0000a000 00:49 7151721                    /usr/lib64/libcap.so.2.76
7fce51444000-7fce51446000 r-xp 00000000 00:49 1066338                    /usr/lib64/libXau.so.6.0.0
7fce51446000-7fce51447000 r--p 00002000 00:49 1066338                    /usr/lib64/libXau.so.6.0.0
7fce51447000-7fce51448000 r--p 00003000 00:49 1066338                    /usr/lib64/libXau.so.6.0.0
7fce51448000-7fce51449000 rw-p 00000000 00:00 0 
7fce51449000-7fce51452000 r-xp 00000000 00:49 590314                     /usr/lib64/libbrotlidec.so.1.2.0
7fce51452000-7fce51455000 r--p 00009000 00:49 590314                     /usr/lib64/libbrotlidec.so.1.2.0
7fce51455000-7fce51456000 r--p 0000c000 00:49 590314                     /usr/lib64/libbrotlidec.so.1.2.0
7fce51456000-7fce51457000 rw-p 00000000 00:00 0 
7fce51457000-7fce51466000 r-xp 00000000 00:49 590315                     /usr/lib64/libbz2.so.1.0.8
7fce51466000-7fce51469000 r--p 0000f000 00:49 590315                     /usr/lib64/libbz2.so.1.0.8
7fce51469000-7fce5146a000 r--p 00011000 00:49 590315                     /usr/lib64/libbz2.so.1.0.8
7fce5146a000-7fce5146b000 rw-p 00012000 00:49 590315                     /usr/lib64/libbz2.so.1.0.8
7fce5146b000-7fce5146f000 r-xp 00000000 00:49 1079043                    /usr/lib64/libdatrie.so.1.4.0
7fce5146f000-7fce51471000 r--p 00004000 00:49 1079043                    /usr/lib64/libdatrie.so.1.4.0
7fce51471000-7fce51472000 r--p 00005000 00:49 1079043                    /usr/lib64/libdatrie.so.1.4.0
7fce51472000-7fce51473000 rw-p 00000000 00:00 0 
7fce51473000-7fce51493000 r-xp 00000000 00:49 590514                     /usr/lib64/libselinux.so.1
7fce51493000-7fce514a0000 r--p 00020000 00:49 590514                     /usr/lib64/libselinux.so.1
7fce514a0000-7fce514a1000 r--p 0002d000 00:49 590514                     /usr/lib64/libselinux.so.1
7fce514a1000-7fce514a2000 rw-p 0002e000 00:49 590514                     /usr/lib64/libselinux.so.1
7fce514a2000-7fce514a4000 rw-p 00000000 00:00 0 
7fce514a4000-7fce514df000 r-xp 00000000 00:49 7151787                    /usr/lib64/libmount.so.1.1.0
7fce514df000-7fce514f6000 r--p 0003b000 00:49 7151787                    /usr/lib64/libmount.so.1.1.0
7fce514f6000-7fce514f8000 r--p 00052000 00:49 7151787                    /usr/lib64/libmount.so.1.1.0
7fce514f8000-7fce514f9000 rw-p 00054000 00:49 7151787                    /usr/lib64/libmount.so.1.1.0
7fce514f9000-7fce514fb000 r-xp 00000000 00:49 7151903                    /usr/lib64/libgmodule-2.0.so.0.8600.5
7fce514fb000-7fce514fd000 r--p 00002000 00:49 7151903                    /usr/lib64/libgmodule-2.0.so.0.8600.5
7fce514fd000-7fce514fe000 r--p 00003000 00:49 7151903                    /usr/lib64/libgmodule-2.0.so.0.8600.5
7fce514fe000-7fce514ff000 rw-p 00004000 00:49 7151903                    /usr/lib64/libgmodule-2.0.so.0.8600.5
7fce514ff000-7fce515f1000 r-xp 00000000 00:49 590580                     /usr/lib64/libxml2.so.2.12.10
7fce515f1000-7fce51650000 r--p 000f2000 00:49 590580                     /usr/lib64/libxml2.so.2.12.10
7fce51650000-7fce5165b000 r--p 00150000 00:49 590580                     /usr/lib64/libxml2.so.2.12.10
7fce5165b000-7fce5165c000 rw-p 0015b000 00:49 590580                     /usr/lib64/libxml2.so.2.12.10
7fce5165c000-7fce5165d000 rw-p 00000000 00:00 0 
7fce5165d000-7fce51675000 r-xp 00000000 00:49 1082614                    /usr/lib64/libgraphite2.so.3.2.1
7fce51675000-7fce51679000 r--p 00018000 00:49 1082614                    /usr/lib64/libgraphite2.so.3.2.1
7fce51679000-7fce5167b000 r--p 0001c000 00:49 1082614                    /usr/lib64/libgraphite2.so.3.2.1
7fce5167b000-7fce5167c000 rw-p 00000000 00:00 0 
7fce5167c000-7fce516fa000 r-xp 00000000 00:49 590479                     /usr/lib64/libpcre2-8.so.0.15.0
7fce516fa000-7fce51727000 r--p 0007e000 00:49 590479                     /usr/lib64/libpcre2-8.so.0.15.0
7fce51727000-7fce51728000 r--p 000aa000 00:49 590479                     /usr/lib64/libpcre2-8.so.0.15.0
7fce51728000-7fce51729000 rw-p 000ab000 00:49 590479                     /usr/lib64/libpcre2-8.so.0.15.0
7fce51729000-7fce517ee000 r-xp 00000000 00:49 7151746                    /usr/lib64/libsystemd.so.0.41.0
7fce517ee000-7fce51845000 r--p 000c5000 00:49 7151746                    /usr/lib64/libsystemd.so.0.41.0
7fce51845000-7fce5184e000 r--p 0011b000 00:49 7151746                    /usr/lib64/libsystemd.so.0.41.0
7fce5184e000-7fce5184f000 rw-p 00124000 00:49 7151746                    /usr/lib64/libsystemd.so.0.41.0
7fce5184f000-7fce51850000 rw-p 00000000 00:00 0 
7fce51850000-7fce518e2000 r-xp 00000000 00:49 1079059                    /usr/lib64/libpixman-1.so.0.46.2
7fce518e2000-7fce518f6000 r--p 00092000 00:49 1079059                    /usr/lib64/libpixman-1.so.0.46.2
7fce518f6000-7fce518fe000 r--p 000a6000 00:49 1079059                    /usr/lib64/libpixman-1.so.0.46.2
7fce518fe000-7fce518ff000 rw-p 000ae000 00:49 1079059                    /usr/lib64/libpixman-1.so.0.46.2
7fce518ff000-7fce51905000 r-xp 00000000 00:49 1066396                    /usr/lib64/libxcb-render.so.0.0.0
7fce51905000-7fce5190c000 r--p 00006000 00:49 1066396                    /usr/lib64/libxcb-render.so.0.0.0
7fce5190c000-7fce5190d000 r--p 0000d000 00:49 1066396                    /usr/lib64/libxcb-render.so.0.0.0
7fce5190d000-7fce5190e000 rw-p 0000e000 00:49 1066396                    /usr/lib64/libxcb-render.so.0.0.0
7fce5190e000-7fce51922000 r-xp 00000000 00:49 1066426                    /usr/lib64/libxcb.so.1.1.0
7fce51922000-7fce51936000 r--p 00014000 00:49 1066426                    /usr/lib64/libxcb.so.1.1.0
7fce51936000-7fce51937000 r--p 00028000 00:49 1066426                    /usr/lib64/libxcb.so.1.1.0
7fce51937000-7fce51938000 rw-p 00029000 00:49 1066426                    /usr/lib64/libxcb.so.1.1.0
7fce51938000-7fce5193f000 r-xp 00000000 00:49 1069663                    /usr/lib64/libXrender.so.1.3.0
7fce5193f000-7fce51942000 r--p 00007000 00:49 1069663                    /usr/lib64/libXrender.so.1.3.0
7fce51942000-7fce51943000 r--p 00009000 00:49 1069663                    /usr/lib64/libXrender.so.1.3.0
7fce51943000-7fce51944000 rw-p 0000a000 00:49 1069663                    /usr/lib64/libXrender.so.1.3.0
7fce51944000-7fce51950000 r-xp 00000000 00:49 1066436                    /usr/lib64/libXext.so.6.4.0
7fce51950000-7fce51956000 r--p 0000c000 00:49 1066436                    /usr/lib64/libXext.so.6.4.0
7fce51956000-7fce51957000 r--p 00011000 00:49 1066436                    /usr/lib64/libXext.so.6.4.0
7fce51957000-7fce51958000 rw-p 00012000 00:49 1066436                    /usr/lib64/libXext.so.6.4.0
7fce51958000-7fce519f1000 r-xp 00000000 00:49 7155085                    /usr/lib64/libX11.so.6.4.0
7fce519f1000-7fce51a96000 r--p 00099000 00:49 7155085                    /usr/lib64/libX11.so.6.4.0
7fce51a96000-7fce51a99000 r--p 0013d000 00:49 7155085                    /usr/lib64/libX11.so.6.4.0
7fce51a99000-7fce51a9d000 rw-p 00140000 00:49 7155085                    /usr/lib64/libX11.so.6.4.0
7fce51a9d000-7fce51b33000 r-xp 00000000 00:49 1082624                    /usr/lib64/libfreetype.so.6.20.2
7fce51b33000-7fce51b5e000 r--p 00096000 00:49 1082624                    /usr/lib64/libfreetype.so.6.20.2
7fce51b5e000-7fce51b66000 r--p 000c1000 00:49 1082624                    /usr/lib64/libfreetype.so.6.20.2
7fce51b66000-7fce51b67000 rw-p 00000000 00:00 0 
7fce51b67000-7fce51b92000 r-xp 00000000 00:49 7152136                    /usr/lib64/libpng16.so.16.56.0
7fce51b92000-7fce51ba0000 r--p 0002b000 00:49 7152136                    /usr/lib64/libpng16.so.16.56.0
7fce51ba0000-7fce51ba1000 r--p 00038000 00:49 7152136                    /usr/lib64/libpng16.so.16.56.0
7fce51ba1000-7fce51ba2000 rw-p 00000000 00:00 0 
7fce51ba2000-7fce51bbe000 r-xp 00000000 00:49 7151660                    /usr/lib64/libz.so.1.3.1.zlib-ng
7fce51bbe000-7fce51bc8000 r--p 0001c000 00:49 7151660                    /usr/lib64/libz.so.1.3.1.zlib-ng
7fce51bc8000-7fce51bc9000 r--p 00026000 00:49 7151660                    /usr/lib64/libz.so.1.3.1.zlib-ng
7fce51bc9000-7fce51bca000 rw-p 00027000 00:49 7151660                    /usr/lib64/libz.so.1.3.1.zlib-ng
7fce51bca000-7fce51bcf000 r-xp 00000000 00:49 1079049                    /usr/lib64/libthai.so.0.3.1
7fce51bcf000-7fce51bd3000 r--p 00005000 00:49 1079049                    /usr/lib64/libthai.so.0.3.1
7fce51bd3000-7fce51bd4000 r--p 00009000 00:49 1079049                    /usr/lib64/libthai.so.0.3.1
7fce51bd4000-7fce51bd5000 rw-p 0000a000 00:49 1079049                    /usr/lib64/libthai.so.0.3.1
7fce51bd5000-7fce51bdb000 r-xp 00000000 00:49 1070236                    /usr/lib64/libfribidi.so.0.4.0
7fce51bdb000-7fce51bf3000 r--p 00006000 00:49 1070236                    /usr/lib64/libfribidi.so.0.4.0
7fce51bf3000-7fce51bf4000 r--p 0001d000 00:49 1070236                    /usr/lib64/libfribidi.so.0.4.0
7fce51bf4000-7fce51bf5000 rw-p 0001e000 00:49 1070236                    /usr/lib64/libfribidi.so.0.4.0
7fce51bf5000-7fce51d14000 r-xp 00000000 00:49 7151897                    /usr/lib64/libgio-2.0.so.0.8600.5
7fce51d14000-7fce51dbc000 r--p 0011f000 00:49 7151897                    /usr/lib64/libgio-2.0.so.0.8600.5
7fce51dbc000-7fce51dc5000 r--p 001c6000 00:49 7151897                    /usr/lib64/libgio-2.0.so.0.8600.5
7fce51dc5000-7fce51dc6000 rw-p 001cf000 00:49 7151897                    /usr/lib64/libgio-2.0.so.0.8600.5
7fce51dc6000-7fce51dc8000 rw-p 00000000 00:00 0 
7fce51dc8000-7fce51df9000 r-xp 00000000 00:49 1082696                    /usr/lib64/libfontconfig.so.1.16.0
7fce51df9000-7fce51e15000 r--p 00031000 00:49 1082696                    /usr/lib64/libfontconfig.so.1.16.0
7fce51e15000-7fce51e17000 r--p 0004d000 00:49 1082696                    /usr/lib64/libfontconfig.so.1.16.0
7fce51e17000-7fce51e18000 rw-p 0004f000 00:49 1082696                    /usr/lib64/libfontconfig.so.1.16.0
7fce51e18000-7fce51f06000 r-xp 00000000 00:49 1082641                    /usr/lib64/libharfbuzz.so.0.61151.0
7fce51f06000-7fce51f49000 r--p 000ee000 00:49 1082641                    /usr/lib64/libharfbuzz.so.0.61151.0
7fce51f49000-7fce51f4b000 r--p 00130000 00:49 1082641                    /usr/lib64/libharfbuzz.so.0.61151.0
7fce51f4b000-7fce51f4c000 rw-p 00132000 00:49 1082641                    /usr/lib64/libharfbuzz.so.0.61151.0
7fce51f4c000-7fce51ff3000 r-xp 00000000 00:49 7151901                    /usr/lib64/libglib-2.0.so.0.8600.5
7fce51ff3000-7fce520a0000 r--p 000a7000 00:49 7151901                    /usr/lib64/libglib-2.0.so.0.8600.5
7fce520a0000-7fce520a1000 r--p 00154000 00:49 7151901                    /usr/lib64/libglib-2.0.so.0.8600.5
7fce520a1000-7fce520a2000 rw-p 00155000 00:49 7151901                    /usr/lib64/libglib-2.0.so.0.8600.5
7fce520a2000-7fce520a3000 rw-p 00000000 00:00 0 
7fce520a3000-7fce520d7000 r-xp 00000000 00:49 1069583                    /usr/lib64/libdbus-1.so.3.38.3
7fce520d7000-7fce520f4000 r--p 00034000 00:49 1069583                    /usr/lib64/libdbus-1.so.3.38.3
7fce520f4000-7fce520f6000 r--p 00051000 00:49 1069583                    /usr/lib64/libdbus-1.so.3.38.3
7fce520f6000-7fce520f7000 rw-p 00053000 00:49 1069583                    /usr/lib64/libdbus-1.so.3.38.3
7fce520f7000-7fce521ed000 r-xp 00000000 00:49 1082910                    /usr/lib64/libcairo.so.2.11804.4
7fce521ed000-7fce5222e000 r--p 000f6000 00:49 1082910                    /usr/lib64/libcairo.so.2.11804.4
7fce5222e000-7fce52232000 r--p 00137000 00:49 1082910                    /usr/lib64/libcairo.so.2.11804.4
7fce52232000-7fce52234000 rw-p 0013b000 00:49 1082910                    /usr/lib64/libcairo.so.2.11804.4
7fce52234000-7fce52235000 rw-p 00000000 00:00 0 
7fce52235000-7fce5226d000 r-xp 00000000 00:49 7151905                    /usr/lib64/libgobject-2.0.so.0.8600.5
7fce5226d000-7fce52290000 r--p 00038000 00:49 7151905                    /usr/lib64/libgobject-2.0.so.0.8600.5
7fce52290000-7fce52293000 r--p 0005a000 00:49 7151905                    /usr/lib64/libgobject-2.0.so.0.8600.5
7fce52293000-7fce52294000 rw-p 0005d000 00:49 7151905                    /usr/lib64/libgobject-2.0.so.0.8600.5
7fce52294000-7fce522d4000 r-xp 00000000 00:49 7155104                    /usr/lib64/libpango-1.0.so.0.5701.0
7fce522d4000-7fce522fb000 r--p 00040000 00:49 7155104                    /usr/lib64/libpango-1.0.so.0.5701.0
7fce522fb000-7fce522ff000 r--p 00066000 00:49 7155104                    /usr/lib64/libpango-1.0.so.0.5701.0
7fce522ff000-7fce52300000 rw-p 0006a000 00:49 7155104                    /usr/lib64/libpango-1.0.so.0.5701.0
7fce52300000-7fce52304000 ---p 00000000 00:00 0 
7fce52304000-7fce52400000 rw-p 00000000 00:00 0 
7fce52400000-7fce52c00000 rw-p 00000000 00:00 0 
7fce52c00000-7fce52c0f000 r-xp 00000000 00:49 7155108                    /usr/lib64/libpangoft2-1.0.so.0.5701.0
7fce52c0f000-7fce52c1a000 r--p 0000f000 00:49 7155108                    /usr/lib64/libpangoft2-1.0.so.0.5701.0
7fce52c1a000-7fce52c1b000 r--p 0001a000 00:49 7155108                    /usr/lib64/libpangoft2-1.0.so.0.5701.0
7fce52c1b000-7fce52c1c000 rw-p 00000000 00:00 0 
7fce52c1c000-7fce52c48000 r-xp 00000000 00:49 1079035                    /usr/lib64/libxkbcommon.so.0.11.0
7fce52c48000-7fce52c72000 r--p 0002c000 00:49 1079035                    /usr/lib64/libxkbcommon.so.0.11.0
7fce52c72000-7fce52c74000 r--p 00056000 00:49 1079035                    /usr/lib64/libxkbcommon.so.0.11.0
7fce52c74000-7fce52c75000 rw-p 00058000 00:49 1079035                    /usr/lib64/libxkbcommon.so.0.11.0
7fce52c75000-7fce52c79000 ---p 00000000 00:00 0 
7fce52c79000-7fce52d75000 rw-p 00000000 00:00 0 
7fce52d75000-7fce52dd5000 r-xp 00000000 00:38 2564                       /tmp/lwjgl_bazzite/3.4.1+2/x64/libjemalloc.so
7fce52dd5000-7fce52dee000 r--p 00060000 00:38 2564                       /tmp/lwjgl_bazzite/3.4.1+2/x64/libjemalloc.so
7fce52dee000-7fce52df5000 r--p 00078000 00:38 2564                       /tmp/lwjgl_bazzite/3.4.1+2/x64/libjemalloc.so
7fce52df5000-7fce52df6000 rw-p 0007f000 00:38 2564                       /tmp/lwjgl_bazzite/3.4.1+2/x64/libjemalloc.so
7fce52df6000-7fce53000000 rw-p 00000000 00:00 0 
7fce53000000-7fce53482000 rw-p 00001000 00:49 7160503                    /usr/lib/jvm/java-21-openjdk/lib/server/classes.jsa
7fce53482000-7fce53c9d000 rw-p 00483000 00:49 7160503                    /usr/lib/jvm/java-21-openjdk/lib/server/classes.jsa
7fce53c9d000-7fce54000000 ---p 00000000 00:00 0 
7fce54000000-7fce54040000 rw-p 00000000 00:00 0 
7fce54040000-7fce54070000 rw-p 00000000 00:00 0 
7fce54070000-7fce54080000 ---p 00000000 00:00 0 
7fce54080000-7fce540e0000 rw-p 00000000 00:00 0 
7fce540e0000-7fce94000000 ---p 00000000 00:00 0 
7fce94000000-7fce94021000 rw-p 00000000 00:00 0 
7fce94021000-7fce98000000 ---p 00000000 00:00 0 
7fce98000000-7fce98021000 rw-p 00000000 00:00 0 
7fce98021000-7fce9c000000 ---p 00000000 00:00 0 
7fce9c000000-7fce9c021000 rw-p 00000000 00:00 0 
7fce9c021000-7fcea0000000 ---p 00000000 00:00 0 
7fcea0000000-7fcea0021000 rw-p 00000000 00:00 0 
7fcea0021000-7fcea4000000 ---p 00000000 00:00 0 
7fcea4000000-7fcea4021000 rw-p 00000000 00:00 0 
7fcea4021000-7fcea8000000 ---p 00000000 00:00 0 
7fcea8000000-7fcea8001000 r--p 00000000 00:00 0 
7fcea8001000-7fcea8002000 r-xp 00000000 00:00 0 
7fcea8002000-7fcea800c000 r-xp 00000000 00:49 7155106                    /usr/lib64/libpangocairo-1.0.so.0.5701.0
7fcea800c000-7fcea8013000 r--p 0000a000 00:49 7155106                    /usr/lib64/libpangocairo-1.0.so.0.5701.0
7fcea8013000-7fcea8014000 r--p 00010000 00:49 7155106                    /usr/lib64/libpangocairo-1.0.so.0.5701.0
7fcea8014000-7fcea8015000 rw-p 00011000 00:49 7155106                    /usr/lib64/libpangocairo-1.0.so.0.5701.0
7fcea8015000-7fcea801c000 r-xp 00000000 00:49 1221932                    /usr/lib64/libdecor/plugins-1/libdecor-cairo.so
7fcea801c000-7fcea8021000 r--p 00007000 00:49 1221932                    /usr/lib64/libdecor/plugins-1/libdecor-cairo.so
7fcea8021000-7fcea8024000 r--p 0000b000 00:49 1221932                    /usr/lib64/libdecor/plugins-1/libdecor-cairo.so
7fcea8024000-7fcea8025000 rw-p 0000e000 00:49 1221932                    /usr/lib64/libdecor/plugins-1/libdecor-cairo.so
7fcea8025000-7fcea8030000 r-xp 00000000 00:49 590336                     /usr/lib64/libffi.so.8.2.0
7fcea8030000-7fcea8033000 r--p 0000b000 00:49 590336                     /usr/lib64/libffi.so.8.2.0
7fcea8033000-7fcea8034000 r--p 0000d000 00:49 590336                     /usr/lib64/libffi.so.8.2.0
7fcea8034000-7fcea8035000 rw-p 0000e000 00:49 590336                     /usr/lib64/libffi.so.8.2.0
7fcea8035000-7fcea805a000 r-xp 00000000 00:38 2565                       /tmp/lwjgl_bazzite/3.4.1+2/x64/libglfw.so
7fcea805a000-7fcea80a9000 r--p 00025000 00:38 2565                       /tmp/lwjgl_bazzite/3.4.1+2/x64/libglfw.so
7fcea80a9000-7fcea80ad000 r--p 00074000 00:38 2565                       /tmp/lwjgl_bazzite/3.4.1+2/x64/libglfw.so
7fcea80ad000-7fcea80b0000 rw-p 00078000 00:38 2565                       /tmp/lwjgl_bazzite/3.4.1+2/x64/libglfw.so
7fcea80b0000-7fcea80d3000 rw-p 00000000 00:00 0 
7fcea80d3000-7fcea80fb000 r-xp 00000000 00:49 7151776                    /usr/lib64/libnspr4.so
7fcea80fb000-7fcea810f000 r--p 00028000 00:49 7151776                    /usr/lib64/libnspr4.so
7fcea810f000-7fcea8111000 r--p 0003b000 00:49 7151776                    /usr/lib64/libnspr4.so
7fcea8111000-7fcea8112000 rw-p 0003d000 00:49 7151776                    /usr/lib64/libnspr4.so
7fcea8112000-7fcea8115000 rw-p 00000000 00:00 0 
7fcea8115000-7fcea8129000 r-xp 00000000 00:49 7151782                    /usr/lib64/libnssutil3.so
7fcea8129000-7fcea813b000 r--p 00014000 00:49 7151782                    /usr/lib64/libnssutil3.so
7fcea813b000-7fcea8142000 r--p 00026000 00:49 7151782                    /usr/lib64/libnssutil3.so
7fcea8142000-7fcea8143000 rw-p 0002d000 00:49 7151782                    /usr/lib64/libnssutil3.so
7fcea8143000-7fcea822d000 r-xp 00000000 00:49 7160192                    /usr/lib64/libnss3.so
7fcea822d000-7fcea8277000 r--p 000ea000 00:49 7160192                    /usr/lib64/libnss3.so
7fcea8277000-7fcea827e000 r--p 00134000 00:49 7160192                    /usr/lib64/libnss3.so
7fcea827e000-7fcea827f000 rw-p 0013b000 00:49 7160192                    /usr/lib64/libnss3.so
7fcea827f000-7fcea8281000 rw-p 00000000 00:00 0 
7fcea8281000-7fcea8285000 ---p 00000000 00:00 0 
7fcea8285000-7fcea8381000 rw-p 00000000 00:00 0 
7fcea8381000-7fcea83b6000 r-xp 00000000 00:38 2561                       /tmp/lwjgl_bazzite/3.4.1+2/x64/liblwjgl.so
7fcea83b6000-7fcea83fe000 r--p 00035000 00:38 2561                       /tmp/lwjgl_bazzite/3.4.1+2/x64/liblwjgl.so
7fcea83fe000-7fcea83ff000 r--p 0007c000 00:38 2561                       /tmp/lwjgl_bazzite/3.4.1+2/x64/liblwjgl.so
7fcea83ff000-7fcea8400000 rw-p 0007d000 00:38 2561                       /tmp/lwjgl_bazzite/3.4.1+2/x64/liblwjgl.so
7fcea8400000-7fcea8420000 r-xp 00000000 00:38 198                        /tmp/libgdxbazzite/da3a4817/libgdx64.so
7fcea8420000-7fcea8620000 ---p 00020000 00:38 198                        /tmp/libgdxbazzite/da3a4817/libgdx64.so
7fcea8620000-7fcea8621000 r--p 00020000 00:38 198                        /tmp/libgdxbazzite/da3a4817/libgdx64.so
7fcea8621000-7fcea8622000 rw-p 00021000 00:38 198                        /tmp/libgdxbazzite/da3a4817/libgdx64.so
7fcea8622000-7fcea8623000 rw-s 00000000 00:01 36923                      /memfd:lp_dma_buf (deleted)
7fcea8623000-7fcea8627000 ---p 00000000 00:00 0 
7fcea8627000-7fcea8723000 rw-p 00000000 00:00 0 
7fcea8723000-7fcea8727000 ---p 00000000 00:00 0 
7fcea8727000-7fcea8823000 rw-p 00000000 00:00 0 
7fcea8823000-7fcea8827000 ---p 00000000 00:00 0 
7fcea8827000-7fcea8923000 rw-p 00000000 00:00 0 
7fcea8923000-7fcea8964000 r-xp 00000000 00:49 7160482                    /usr/lib/jvm/java-21-openjdk/lib/libjsvml.so
7fcea8964000-7fcea89f1000 r--p 00041000 00:49 7160482                    /usr/lib/jvm/java-21-openjdk/lib/libjsvml.so
7fcea89f1000-7fcea89f2000 r--p 000cd000 00:49 7160482                    /usr/lib/jvm/java-21-openjdk/lib/libjsvml.so
7fcea89f2000-7fcea89f3000 rw-p 000ce000 00:49 7160482                    /usr/lib/jvm/java-21-openjdk/lib/libjsvml.so
7fcea89f3000-7fcea89f7000 ---p 00000000 00:00 0 
7fcea89f7000-7fcea8af3000 rw-p 00000000 00:00 0 
7fcea8af3000-7fcea8af7000 ---p 00000000 00:00 0 
7fcea8af7000-7fcea8bf3000 rw-p 00000000 00:00 0 
7fcea8bf3000-7fcea8bf7000 ---p 00000000 00:00 0 
7fcea8bf7000-7fcea8cf3000 rw-p 00000000 00:00 0 
7fcea8cf3000-7fcea8cf7000 ---p 00000000 00:00 0 
7fcea8cf7000-7fcea8df3000 rw-p 00000000 00:00 0 
7fcea8df3000-7fcea8df7000 ---p 00000000 00:00 0 
7fcea8df7000-7fcea8ef3000 rw-p 00000000 00:00 0 
7fcea8ef3000-7fcea8ef7000 ---p 00000000 00:00 0 
7fcea8ef7000-7fcea8ff3000 rw-p 00000000 00:00 0 
7fcea8ff3000-7fcea8ff7000 ---p 00000000 00:00 0 
7fcea8ff7000-7fcea94f7000 rw-p 00000000 00:00 0 
7fcea94f7000-7fceabe00000 rw-p 00000000 00:00 0 
7fceabe00000-7fceabe01000 r-xp 00000000 00:49 1066404                    /usr/lib64/libxcb-shm.so.0.0.0
7fceabe01000-7fceabe02000 r--p 00001000 00:49 1066404                    /usr/lib64/libxcb-shm.so.0.0.0
7fceabe02000-7fceabe03000 r--p 00002000 00:49 1066404                    /usr/lib64/libxcb-shm.so.0.0.0
7fceabe03000-7fceabe04000 rw-p 00003000 00:49 1066404                    /usr/lib64/libxcb-shm.so.0.0.0
7fceabe04000-7fceabe07000 r-xp 00000000 00:49 1221930                    /usr/lib64/libdecor-0.so.0.200.5
7fceabe07000-7fceabe0a000 r--p 00003000 00:49 1221930                    /usr/lib64/libdecor-0.so.0.200.5
7fceabe0a000-7fceabe0b000 r--p 00006000 00:49 1221930                    /usr/lib64/libdecor-0.so.0.200.5
7fceabe0b000-7fceabe0c000 rw-p 00007000 00:49 1221930                    /usr/lib64/libdecor-0.so.0.200.5
7fceabe0c000-7fceabe13000 r-xp 00000000 00:49 1066644                    /usr/lib64/libwayland-client.so.0.24.0
7fceabe13000-7fceabe18000 r--p 00007000 00:49 1066644                    /usr/lib64/libwayland-client.so.0.24.0
7fceabe18000-7fceabe1a000 r--p 0000c000 00:49 1066644                    /usr/lib64/libwayland-client.so.0.24.0
7fceabe1a000-7fceabe1b000 rw-p 0000e000 00:49 1066644                    /usr/lib64/libwayland-client.so.0.24.0
7fceabe1b000-7fceac64c000 rw-p 00000000 00:00 0 
7fceac64c000-7fceb38ac000 ---p 00000000 00:00 0 
7fceb38ac000-7fceb39b2000 rw-p 00000000 00:00 0 
7fceb39b2000-7fceb47fe000 ---p 00000000 00:00 0 
7fceb47fe000-7fceb4800000 rw-p 00000000 00:00 0 
7fceb4800000-7fceb4ad0000 rwxp 00000000 00:00 0 
7fceb4ad0000-7fcebbc5f000 ---p 00000000 00:00 0 
7fcebbc5f000-7fcebc07f000 rwxp 00000000 00:00 0 
7fcebc07f000-7fcebc3a0000 ---p 00000000 00:00 0 
7fcebc3a0000-7fcebc610000 rwxp 00000000 00:00 0 
7fcebc610000-7fcec3800000 ---p 00000000 00:00 0 
7fcec3800000-7fcec3801000 r-xp 00000000 00:49 1070223                    /usr/lib64/libwayland-egl.so.1.24.0
7fcec3801000-7fcec3802000 r--p 00001000 00:49 1070223                    /usr/lib64/libwayland-egl.so.1.24.0
7fcec3802000-7fcec3803000 r--p 00001000 00:49 1070223                    /usr/lib64/libwayland-egl.so.1.24.0
7fcec3803000-7fcec3804000 rw-p 00000000 00:00 0 
7fcec3804000-7fcec3807000 r-xp 00000000 00:49 1070228                    /usr/lib64/libwayland-cursor.so.0.24.0
7fcec3807000-7fcec3809000 r--p 00003000 00:49 1070228                    /usr/lib64/libwayland-cursor.so.0.24.0
7fcec3809000-7fcec380a000 r--p 00004000 00:49 1070228                    /usr/lib64/libwayland-cursor.so.0.24.0
7fcec380a000-7fcec380e000 rw-p 00005000 00:49 1070228                    /usr/lib64/libwayland-cursor.so.0.24.0
7fcec380e000-7fcec380f000 r-xp 00000000 00:49 7150422                    /usr/lib64/librt.so.1
7fcec380f000-7fcec3810000 r--p 00001000 00:49 7150422                    /usr/lib64/librt.so.1
7fcec3810000-7fcec3811000 r--p 00001000 00:49 7150422                    /usr/lib64/librt.so.1
7fcec3811000-7fcec3812000 rw-p 00000000 00:00 0 
7fcec3812000-7fcec3813000 rw-s 00000000 00:01 35953                      /memfd:pipewire-memfd:flags=0x0000000f,type=2,size=4096 (deleted)
7fcec3813000-7fcec3814000 rw-s 00000000 00:01 32060                      /memfd:pipewire-memfd:flags=0x0000000f,type=2,size=2312 (deleted)
7fcec3814000-7fcec3815000 rw-s 00000000 00:01 32061                      /memfd:pipewire-memfd:flags=0x0000000f,type=2,size=2312 (deleted)
7fcec3815000-7fcec3816000 rw-s 00000000 00:01 35952                      /memfd:pipewire-memfd:flags=0x0000000f,type=2,size=2312 (deleted)
7fcec3816000-7fcec3817000 rw-s 00000000 00:01 36922                      /memfd:pipewire-memfd:flags=0x0000000f,type=2,size=2312 (deleted)
7fcec3817000-7fcec3819000 r-xp 00000000 00:49 7156451                    /usr/lib64/spa-0.2/support/libspa-journal.so
7fcec3819000-7fcec381a000 r--p 00002000 00:49 7156451                    /usr/lib64/spa-0.2/support/libspa-journal.so
7fcec381a000-7fcec381b000 r--p 00002000 00:49 7156451                    /usr/lib64/spa-0.2/support/libspa-journal.so
7fcec381b000-7fcec381c000 rw-p 00003000 00:49 7156451                    /usr/lib64/spa-0.2/support/libspa-journal.so
7fcec381c000-7fcec381d000 rw-p 00000000 00:00 0 
7fcec381d000-7fcec3831000 r-xp 00000000 00:49 7160498                    /usr/lib/jvm/java-21-openjdk/lib/libzip.so
7fcec3831000-7fcec383a000 r--p 00014000 00:49 7160498                    /usr/lib/jvm/java-21-openjdk/lib/libzip.so
7fcec383a000-7fcec383b000 r--p 0001c000 00:49 7160498                    /usr/lib/jvm/java-21-openjdk/lib/libzip.so
7fcec383b000-7fcec383c000 rw-p 00000000 00:00 0 
7fcec383c000-7fcecc000000 r--s 00000000 00:49 7160499                    /usr/lib/jvm/java-21-openjdk/lib/modules
7fcecc000000-7fcecffa1000 rw-p 00000000 00:00 0 
7fcecffa1000-7fced0000000 ---p 00000000 00:00 0 
7fced0000000-7fced0001000 rw-p 00000000 00:00 0 
7fced0001000-7fced0002000 rw-p 00000000 00:00 0 
7fced0002000-7fced0003000 r-xp 00033000 00:38 2561                       /tmp/lwjgl_bazzite/3.4.1+2/x64/liblwjgl.so
7fced0003000-7fced0004000 rw-p 00000000 00:00 0 
7fced0004000-7fced0006000 r-xp 00000000 00:49 7151778                    /usr/lib64/libplds4.so
7fced0006000-7fced0008000 r--p 00002000 00:49 7151778                    /usr/lib64/libplds4.so
7fced0008000-7fced0009000 r--p 00003000 00:49 7151778                    /usr/lib64/libplds4.so
7fced0009000-7fced000a000 rw-p 00004000 00:49 7151778                    /usr/lib64/libplds4.so
7fced000a000-7fced000b000 r-xp 00000000 00:49 7150420                    /usr/lib64/libpthread.so.0
7fced000b000-7fced000c000 r--p 00001000 00:49 7150420                    /usr/lib64/libpthread.so.0
7fced000c000-7fced000d000 r--p 00001000 00:49 7150420                    /usr/lib64/libpthread.so.0
7fced000d000-7fced000e000 rw-p 00000000 00:00 0 
7fced000e000-7fced000f000 r-xp 00000000 00:49 7150413                    /usr/lib64/libdl.so.2
7fced000f000-7fced0010000 r--p 00001000 00:49 7150413                    /usr/lib64/libdl.so.2
7fced0010000-7fced0011000 r--p 00001000 00:49 7150413                    /usr/lib64/libdl.so.2
7fced0011000-7fced0012000 rw-p 00000000 00:00 0 
7fced0012000-7fced0015000 r-xp 00000000 00:49 7151777                    /usr/lib64/libplc4.so
7fced0015000-7fced0017000 r--p 00003000 00:49 7151777                    /usr/lib64/libplc4.so
7fced0017000-7fced0018000 r--p 00004000 00:49 7151777                    /usr/lib64/libplc4.so
7fced0018000-7fced0019000 rw-p 00005000 00:49 7151777                    /usr/lib64/libplc4.so
7fced0019000-7fced001a000 r-xp 00000000 00:49 7160496                    /usr/lib/jvm/java-21-openjdk/lib/libsystemconf.so
7fced001a000-7fced001b000 r--p 00001000 00:49 7160496                    /usr/lib/jvm/java-21-openjdk/lib/libsystemconf.so
7fced001b000-7fced001c000 r--p 00001000 00:49 7160496                    /usr/lib/jvm/java-21-openjdk/lib/libsystemconf.so
7fced001c000-7fced001d000 rw-p 00000000 00:00 0 
7fced001d000-7fced0025000 r-xp 00000000 00:49 7160489                    /usr/lib/jvm/java-21-openjdk/lib/libnet.so
7fced0025000-7fced0029000 r--p 00008000 00:49 7160489                    /usr/lib/jvm/java-21-openjdk/lib/libnet.so
7fced0029000-7fced002a000 r--p 0000b000 00:49 7160489                    /usr/lib/jvm/java-21-openjdk/lib/libnet.so
7fced002a000-7fced002b000 rw-p 00000000 00:00 0 
7fced002b000-7fced0035000 r-xp 00000000 00:49 7160490                    /usr/lib/jvm/java-21-openjdk/lib/libnio.so
7fced0035000-7fced003f000 r--p 0000a000 00:49 7160490                    /usr/lib/jvm/java-21-openjdk/lib/libnio.so
7fced003f000-7fced0040000 r--p 00014000 00:49 7160490                    /usr/lib/jvm/java-21-openjdk/lib/libnio.so
7fced0040000-7fced0041000 rw-p 00015000 00:49 7160490                    /usr/lib/jvm/java-21-openjdk/lib/libnio.so
7fced0041000-7fced04e1000 rw-p 00000000 00:00 0 
7fced04e1000-7fced07e4000 rw-p 00000000 00:00 0 
7fced07e4000-7fced09d4000 rw-p 00000000 00:00 0 
7fced09d4000-7fced1820000 ---p 00000000 00:00 0 
7fced1820000-7fced2572000 rw-p 00000000 00:00 0 
7fced2572000-7fced2656000 ---p 00000000 00:00 0 
7fced2656000-7fced265c000 rw-p 00000000 00:00 0 
7fced265c000-7fced273f000 ---p 00000000 00:00 0 
7fced273f000-7fced2748000 rw-p 00000000 00:00 0 
7fced2748000-7fced274e000 ---p 00000000 00:00 0 
7fced274e000-7fced275e000 r-xp 00000000 00:49 7160475                    /usr/lib/jvm/java-21-openjdk/lib/libjava.so
7fced275e000-7fced276d000 r--p 00010000 00:49 7160475                    /usr/lib/jvm/java-21-openjdk/lib/libjava.so
7fced276d000-7fced276e000 r--p 0001f000 00:49 7160475                    /usr/lib/jvm/java-21-openjdk/lib/libjava.so
7fced276e000-7fced276f000 rw-p 00020000 00:49 7160475                    /usr/lib/jvm/java-21-openjdk/lib/libjava.so
7fced276f000-7fced2770000 rw-p 00000000 00:00 0 
7fced2770000-7fced2788000 r-xp 00000000 00:49 7160478                    /usr/lib/jvm/java-21-openjdk/lib/libjimage.so
7fced2788000-7fced278e000 r--p 00018000 00:49 7160478                    /usr/lib/jvm/java-21-openjdk/lib/libjimage.so
7fced278e000-7fced2790000 r--p 0001e000 00:49 7160478                    /usr/lib/jvm/java-21-openjdk/lib/libjimage.so
7fced2790000-7fced2791000 rw-p 00020000 00:49 7160478                    /usr/lib/jvm/java-21-openjdk/lib/libjimage.so
7fced2791000-7fced2795000 ---p 00000000 00:00 0 
7fced2795000-7fced2891000 rw-p 00000000 00:00 0 
7fced2891000-7fced2913000 r-xp 00000000 00:49 7150414                    /usr/lib64/libm.so.6
7fced2913000-7fced2984000 r--p 00082000 00:49 7150414                    /usr/lib64/libm.so.6
7fced2984000-7fced2985000 r--p 000f2000 00:49 7150414                    /usr/lib64/libm.so.6
7fced2985000-7fced2986000 rw-p 000f3000 00:49 7150414                    /usr/lib64/libm.so.6
7fced2986000-7fced38bc000 r-xp 00000000 00:49 7160506                    /usr/lib/jvm/java-21-openjdk/lib/server/libjvm.so
7fced38bc000-7fced3ba0000 r--p 00f36000 00:49 7160506                    /usr/lib/jvm/java-21-openjdk/lib/server/libjvm.so
7fced3ba0000-7fced3c77000 r--p 0121a000 00:49 7160506                    /usr/lib/jvm/java-21-openjdk/lib/server/libjvm.so
7fced3c77000-7fced3ca7000 rw-p 012f1000 00:49 7160506                    /usr/lib/jvm/java-21-openjdk/lib/server/libjvm.so
7fced3ca7000-7fced3d10000 rw-p 00000000 00:00 0 
7fced3d10000-7fced3e7f000 r-xp 00000000 00:49 7150412                    /usr/lib64/libc.so.6
7fced3e7f000-7fced3ef5000 r--p 0016f000 00:49 7150412                    /usr/lib64/libc.so.6
7fced3ef5000-7fced3ef9000 r--p 001e4000 00:49 7150412                    /usr/lib64/libc.so.6
7fced3ef9000-7fced3efb000 rw-p 001e8000 00:49 7150412                    /usr/lib64/libc.so.6
7fced3efb000-7fced3f03000 rw-p 00000000 00:00 0 
7fced3f03000-7fced3f0b000 rw-s 00000000 00:38 2835                       /tmp/hsperfdata_bazzite/221400 (deleted)
7fced3f0b000-7fced3f0c000 ---p 00000000 00:00 0 
7fced3f0c000-7fced3f0d000 r--p 00000000 00:00 0 
7fced3f0d000-7fced3f0e000 ---p 00000000 00:00 0 
7fced3f0e000-7fced3f20000 r-xp 00000000 00:49 7160479                    /usr/lib/jvm/java-21-openjdk/lib/libjli.so
7fced3f20000-7fced3f28000 r--p 00012000 00:49 7160479                    /usr/lib/jvm/java-21-openjdk/lib/libjli.so
7fced3f28000-7fced3f29000 r--p 0001a000 00:49 7160479                    /usr/lib/jvm/java-21-openjdk/lib/libjli.so
7fced3f29000-7fced3f2a000 rw-p 0001b000 00:49 7160479                    /usr/lib/jvm/java-21-openjdk/lib/libjli.so
7fced3f2a000-7fced3f2c000 rw-p 00000000 00:00 0 
7fced3f2c000-7fced3f30000 r--p 00000000 00:00 0                          [vvar]
7fced3f30000-7fced3f32000 r--p 00000000 00:00 0                          [vvar_vclock]
7fced3f32000-7fced3f34000 r-xp 00000000 00:00 0                          [vdso]
7fced3f34000-7fced3f5e000 r-xp 00000000 00:49 7150409                    /usr/lib64/ld-linux-x86-64.so.2
7fced3f5e000-7fced3f6a000 r--p 0002a000 00:49 7150409                    /usr/lib64/ld-linux-x86-64.so.2
7fced3f6a000-7fced3f6c000 r--p 00035000 00:49 7150409                    /usr/lib64/ld-linux-x86-64.so.2
7fced3f6c000-7fced3f6d000 rw-p 00037000 00:49 7150409                    /usr/lib64/ld-linux-x86-64.so.2
7fced3f6d000-7fced3f6e000 rw-p 00000000 00:00 0 
7ffc04745000-7ffc04769000 rw-p 00000000 00:00 0                          [stack]
ffffffffff600000-ffffffffff601000 --xp 00000000 00:00 0                  [vsyscall]
Total number of mappings: 857

JVMTI agents: none


VM Arguments:
jvm_args: --enable-native-access=ALL-UNNAMED -Dfile.encoding=UTF-8 -Duser.country=US -Duser.language=en -Duser.variant 
java_command: dungeon.crawler.lwjgl3.Lwjgl3Launcher
java_class_path (initial): /home/bazzite/code/java/LibGDXDungeonCrawler/lwjgl3/build/classes/java/main:/home/bazzite/code/java/LibGDXDungeonCrawler/lwjgl3/build/classes/kotlin/main:/home/bazzite/code/java/LibGDXDungeonCrawler/lwjgl3/build/resources/main:/home/bazzite/code/java/LibGDXDungeonCrawler/core/build/libs/core-1.0.0.jar:/home/bazzite/.gradle/caches/modules-2/files-2.1/org.jetbrains.kotlin/kotlin-stdlib/2.3.10/8b80e2f80a3b7daa99c16017f91d4c72cd8b31a6/kotlin-stdlib-2.3.10.jar:/home/bazzite/.gradle/caches/modules-2/files-2.1/com.badlogicgames.gdx-controllers/gdx-controllers-desktop/2.2.4/44c8bdf023f04ea9a84ad105d5e2f59ff5d7768a/gdx-controllers-desktop-2.2.4.jar:/home/bazzite/.gradle/caches/modules-2/files-2.1/com.badlogicgames.gdx/gdx-backend-lwjgl3/1.14.0/122cf51d4a3bcd4e14e8fbd16ae2b65f27fe2d57/gdx-backend-lwjgl3-1.14.0.jar:/home/bazzite/.gradle/caches/modules-2/files-2.1/com.badlogicgames.gdx/gdx-platform/1.14.0/d0ecc53f2c20576f1ba4ac9ba157cf48f7bd9821/gdx-platform-1.14.0-natives-desktop.jar:/home/bazzite/.gradle/caches/modules-2/files-2.1/com.badlogicgames.gdx/gdx-tools/1.14.0/127ace6e61276431b23a963c99cee397da72c783/gdx-tools-1.14.0.jar:/home/bazzite/.gradle/caches/modules-2/files-2.1/org.lwjgl/lwjgl-glfw/3.4.1/a782b1ddd175c9107bf300fd92920579ea65e2a4/lwjgl-glfw-3.4.1.jar:/home/bazzite/.gradle/caches/modules-2/files-2.1/org.lwjgl/lwjgl-glfw/3.4.1/23cdf7655ce9f3b27ad90f08e73345e0d5b46362/lwjgl-glfw-3.4.1-natives-linux.jar:/home/bazzite/.gradle/caches/modules-2/files-2.1/org.lwjgl/lwjgl-glfw/3.4.1/bb243e9a857c4301bf7d5e668538686eaa64101e/lwjgl-glfw-3.4.1-natives-linux-arm32.jar:/home/bazzite/.gradle/caches/modules-2/files-2.1/org.lwjgl/lwjgl-glfw/3.4.1/e5e87034c47118960746077dba46280e8de864b3/lwjgl-glfw-3.4.1-natives-linux-arm64.jar:/home/bazzite/.gradle/caches/modules-2/files-2.1/org.lwjgl/lwjgl-glfw/3.4.1/3c8538942f58377d59cd7be2dc164ba71a53868a/lwjgl-glfw-3.4.1-natives-macos.jar:/home/bazzite/.gradle/caches/modules-2/files-2.1/org.lwjgl/lwjgl-glfw/3.4.1/ef1f8efca5a60ba3512bc4982b88e446ecc43378/lwjgl-glfw-3.4.1-natives-macos-arm64.jar:/home/bazzite/.gradle/caches/modules-2/files-2.1/org.lwjgl/lwjgl-glfw/3.4.1/2eb4aa895ea190ba8cf4356f8cea24d3ebb40ea1/lwjgl-glfw-3.4.1-natives-windows.jar:/home/bazzite/.gradle/caches/modules-2/files-2.1/org.lwjgl/lwjgl-glfw/3.4.1/a48bbdd544f00c88f8906e9d09e3f31bc1c17fac/lwjgl-glfw-3.4.1-natives-windows-x86.jar:/home/bazzite/.gradle/caches/modules-2/files-2.1/org.lwjgl/lwjgl-jemalloc/3.4.1/16b663092854fc6adfe0a941e61cae2bb2e437b6/lwjgl-jemalloc-3.4.1.jar:/home/bazzite/.gradle/caches/modules-2/files-2.1/org.lwjgl/lwjgl-jemalloc/3.4.1/b83c82d941f2e624d150d6d1e2efcf4ea49ff8ea/lwjgl-jemalloc-3.4.1-natives-linux.jar:/home/bazzite/.gradle/caches/modules-2/files-2.1/org.lwjgl/lwjgl-jemalloc/3.4.1/fc9ce35c94743e23855777cacaba34bc145da6ec/lwjgl-jemalloc-3.4.1-natives-linux-arm32.jar:/home/bazzite/.gradle/caches/modules-2/files-2.1/org.lwjgl/lwjgl-jemalloc/3.4.1/7891964dfb723209c6d02b0401432348fb707cc0/lwjgl-jemalloc-3.4.1-natives-linux-arm64.jar:/home/bazzite/.gradle/caches/modules-2/files-2.1/org.lwjgl/lwjgl-jemalloc/3.4.1/581b4d542e841015ce3265eed0495e2cde15b1d0/lwjgl-jemalloc-3.4.1-natives-macos.jar:/home/bazzite/.gradle/caches/modules-2/files-2.1/org.lwjgl/lwjgl-jemalloc/3.4.1/dcd7e3f9a2ca386e8c5b8f508a8511d9dd63bab0/lwjgl-jemalloc-3.4.1-natives-macos-arm64.jar:/home/bazzite/.gradle/caches/modules-2/files-2.1/org.lwjgl/lwjgl-jemalloc/3.4.1/70db8048d1aca8a6365f46f9963b8d6cd77b9e94/lwjgl-jemalloc-3.4.1-natives-windows.jar:/home/bazzite/.gradle/caches/modules-2/files-2.1/org.lwjgl/lwjgl-jemalloc/3.4.1/d8cf69e1155df83260f9bbe01944fe91f8ca3955/lwjgl-jemalloc-3.4.1-natives-windows-x86.jar:/home/bazzite/.gradle/caches/modules-2/files-2.1/org.lwjgl/lwjgl-openal/3.4.1/8508bd60589de0539aa465b78fcf838efd07ae9a/lwjgl-openal-3.4.1.jar:/home/bazzite/.gradle/caches/modules-2/files-2.1/org.lwjgl/lwjgl-openal/3.4.1/dbff577119266cd4312e4eb9cc2b171407c56360/lwjgl-openal-3.4.1-natives-linux.jar:/home/bazzite/.gradle/caches/modules-2/files-2.1/org.lwjgl/lwjgl-openal/3.4.1/6d4ac5f3d5bab7f2fadfd52c32177d9c12a43b49/lwjgl-openal-3.4.1-natives-linux-arm32.jar:/home/bazzite/.gradle/caches/modules-2/files-2.1/org.lwjgl/lwjgl-openal/3.4.1/3729b70cdd42df5571b075e051fa2fc8586dc538/lwjgl-openal-3.4.1-natives-linux-arm64.jar:/home/bazzite/.gradle/caches/modules-2/files-2.1/org.lwjgl/lwjgl-openal/3.4.1/a4dc57b7b0880d3fffb4d0b61649f45712bccc93/lwjgl-openal-3.4.1-natives-macos.jar:/home/bazzite/.gradle/caches/modules-2/files-2.1/org.lwjgl/lwjgl-openal/3.4.1/1c709a38c4a0e86aae96db7b8c78432307f2322a/lwjgl-openal-3.4.1-natives-macos-arm64.jar:/home/bazzite/.gradle/caches/modules-2/files-2.1/org.lwjgl/lwjgl-openal/3.4.1/8e83fdfdf65c80c9877c6fb6cb645d239ed7638/lwjgl-openal-3.4.1-natives-windows.jar:/home/bazzite/.gradle/caches/modules-2/files-2.1/org.lwjgl/lwjgl-openal/3.4.1/9e4bab87e9b89876fa77ea3c19e1b45334b97c10/lwjgl-openal-3.4.1-natives-windows-x86.jar:/home/bazzite/.gradle/caches/modules-2/files-2.1/org.lwjgl/lwjgl-opengl/3.4.1/830412cab823c029cda6b9729f9d2ed36cf79959/lwjgl-opengl-3.4.1.jar:/home/bazzite/.gradle/caches/modules-2/files-2.1/org.lwjgl/lwjgl-opengl/3.4.1/b750599f0e75ddb19f1d0fe993f3011334b710ae/lwjgl-opengl-3.4.1-natives-linux.jar:/home/bazzite/.gradle/caches/modules-2/files-2.1/org.lwjgl/lwjgl-opengl/3.4.1/172e575948234ff7920abf0d0083d25e37c91ba6/lwjgl-opengl-3.4.1-natives-linux-arm32.jar:/home/bazzite/.gradle/caches/modules-2/files-2.1/org.lwjgl/lwjgl-opengl/3.4.1/61a4103e56bbaeb74ad3f19ec14299fd6891c4b0/lwjgl-opengl-3.4.1-natives-linux-arm64.jar:/home/bazzite/.gradle/caches/modules-2/files-2.1/org.lwjgl/lwjgl-opengl/3.4.1/ba18fc6012b88494ee893506934b92b01c4ef14b/lwjgl-opengl-3.4.1-natives-macos.jar:/home/bazzite/.gradle/caches/modules-2/files-2.1/org.lwjgl/lwjgl-opengl/3.4.1/35b5550058de4960525f465243bd01805f04fd8b/lwjgl-opengl-3.4.1-natives-macos-arm64.jar:/home/bazzite/.gradle/caches/modules-2/files-2.1/org.lwjgl/lwjgl-opengl/3.4.1/617f37ef4e2ffb727bd5e74333e8073ef43ca1ec/lwjgl-opengl-3.4.1-natives-windows.jar:/home/bazzite/.gradle/caches/modules-2/files-2.1/org.lwjgl/lwjgl-opengl/3.4.1/cfd47352b758a0c9f7046de467b103182ec77eb1/lwjgl-opengl-3.4.1-natives-windows-x86.jar:/home/bazzite/.gradle/caches/modules-2/files-2.1/org.lwjgl/lwjgl-stb/3.4.1/f077c3dafc31924fbe8acb0b913f08977ba27f8e/lwjgl-stb-3.4.1.jar:/home/bazzite/.gradle/caches/modules-2/files-2.1/org.lwjgl/lwjgl-stb/3.4.1/7e1cfae909da6c68f3cb6073a9bfeb6c90e82a57/lwjgl-stb-3.4.1-natives-linux.jar:/home/bazzite/.gradle/caches/modules-2/files-2.1/org.lwjgl/lwjgl-stb/3.4.1/8f753f3772863989f1172d2b84b4e56ed18e8c35/lwjgl-stb-3.4.1-natives-linux-arm32.jar:/home/bazzite/.gradle/caches/modules-2/files-2.1/org.lwjgl/lwjgl-stb/3.4.1/3bc107f901f931fea07cb0d80b1d74a34b806a2b/lwjgl-stb-3.4.1-natives-linux-arm64.jar:/home/bazzite/.gradle/caches/modules-2/files-2.1/org.lwjgl/lwjgl-stb/3.4.1/fd1ea36b717b0832babca09324a6cfc43906e2aa/lwjgl-stb-3.4.1-natives-macos.jar:/home/bazzite/.gradle/caches/modules-2/files-2.1/org.lwjgl/lwjgl-stb/3.4.1/da554e04f819f09b0f3473bd931628ebf557965e/lwjgl-stb-3.4.1-natives-macos-arm64.jar:/home/bazzite/.gradle/caches/modules-2/files-2.1/org.lwjgl/lwjgl-stb/3.4.1/b4e13ece83c228ecf57354639d8555076a989d74/lwjgl-stb-3.4.1-natives-windows.jar:/home/bazzite/.gradle/caches/modules-2/files-2.1/org.lwjgl/lwjgl-stb/3.4.1/e091cd3b25ab7db88f0e34a0d2797dc396a528fa/lwjgl-stb-3.4.1-natives-windows-x86.jar:/home/bazzite/.gradle/caches/modules-2/files-2.1/org.lwjgl/lwjgl/3.4.1/6105690714874b995aa7812e4f7732a21109276c/lwjgl-3.4.1.jar:/home/bazzite/.gradle/caches/modules-2/files-2.1/org.lwjgl/lwjgl/3.4.1/2734e106bd95db49fe0da8cf8bf7fd96475c436c/lwjgl-3.4.1-natives-linux.jar:/home/bazzite/.gradle/caches/modules-2/files-2.1/org.lwjgl/lwjgl/3.4.1/1511ab1ffb1c8d8e00e2acb452663173ae09bca0/lwjgl-3.4.1-natives-linux-arm32.jar:/home/bazzite/.gradle/caches/modules-2/files-2.1/org.lwjgl/lwjgl/3.4.1/46883f3b622d8b4d7f27b627ca3360cda3db0e0e/lwjgl-3.4.1-natives-linux-arm64.jar:/home/bazzite/.gradle/caches/modules-2/files-2.1/org.lwjgl/lwjgl/3.4.1/b034fd9a67cb8646c01af7efcefcb93be835542b/lwjgl-3.4.1-natives-macos.jar:/home/bazzite/.gradle/caches/modules-2/files-2.1/org.lwjgl/lwjgl/3.4.1/b4cbdef4818abd714ee66985344c0949fd1cd6d6/lwjgl-3.4.1-natives-macos-arm64.jar:/home/bazzite/.gradle/caches/modules-2/files-2.1/org.lwjgl/lwjgl/3.4.1/96a217f0428ab73487f114a54179a4f41e851a04/lwjgl-3.4.1-natives-windows.jar:/home/bazzite/.gradle/caches/modules-2/files-2.1/org.lwjgl/lwjgl/3.4.1/65de43bd52507e108a58247c0da57a50ce3ee6f6/lwjgl-3.4.1-natives-windows-x86.jar:/home/bazzite/.gradle/caches/modules-2/files-2.1/org.jetbrains/annotations/13.0/919f0dfe192fb4e063e7dacadee7f8bb9a2672a9/annotations-13.0.jar:/home/bazzite/.gradle/caches/modules-2/files-2.1/de.golfgl.gdxcontrollerutils/gdx-controllerutils-mapping/2.3.0/4f0651c569245a0fcc2eb3a51f3d64cba33ab943/gdx-controllerutils-mapping-2.3.0.jar:/home/bazzite/.gradle/caches/modules-2/files-2.1/com.badlogicgames.gdx-controllers/gdx-controllers-core/2.2.4/d8a18ff371fb01c1763e9fe5ea050e39d2d66437/gdx-controllers-core-2.2.4.jar:/home/bazzite/.gradle/caches/modules-2/files-2.1/de.golfgl.gdxcontrollerutils/gdx-controllerutils-scene2d/2.3.0/f9a865856302ec274e78f2963cf7936bcd09e4a8/gdx-controllerutils-scene2d-2.3.0.jar:/home/bazzite/.gradle/caches/modules-2/files-2.1/com.vabrantgames/console/v0.3.0/72e7c7973b26a4e4a5cce0e7dae16c10bd73761a/console-v0.3.0.jar:/home/bazzite/.gradle/caches/modules-2/files-2.1/com.badlogicgames.gdx/gdx-freetype/1.14.0/90299d782fca725677549b88bc1958f968e09bd8/gdx-freetype-1.14.0.jar:/home/bazzite/.gradle/caches/modules-2/files-2.1/com.badlogicgames.gdx/gdx-backend-headless/1.14.0/91a9024d8424ffd4f0805a11f652aa4500f59e0b/gdx-backend-headless-1.14.0.jar:/home/bazzite/.gradle/caches/modules-2/files-2.1/com.badlogicgames.gdx/gdx/1.14.0/8accfce8d9313d9ddd23a2c9e315179783085ef2/gdx-1.14.0.jar:/home/bazzite/.gradle/caches/modules-2/files-2.1/com.badlogicgames.jamepad/jamepad/2.26.5.0/5c39b34fa0c39e3dd4607085d27d51b599ea30a0/jamepad-2.26.5.0.jar:/home/bazzite/.gradle/caches/modules-2/files-2.1/com.badlogicgames.jlayer/jlayer/1.0.1-gdx/7cca83cec5c1b2f011362f4d85aabd71a73b049d/jlayer-1.0.1-gdx.jar:/home/bazzite/.gradle/caches/modules-2/files-2.1/org.jcraft/jorbis/0.0.17/8872d22b293e8f5d7d56ff92be966e6dc28ebdc6/jorbis-0.0.17.jar:/home/bazzite/.gradle/caches/modules-2/files-2.1/com.badlogicgames.gdx/gdx-jnigen-loader/2.5.2/f35e90affe07c46b4f5e5958a1a4c1820c4890e2/gdx-jnigen-loader-2.5.2.jar
Launcher Type: SUN_STANDARD

[Global flags]
     intx CICompilerCount                          = 12                                        {product} {ergonomic}
     uint ConcGCThreads                            = 3                                         {product} {ergonomic}
     uint G1ConcRefinementThreads                  = 13                                        {product} {ergonomic}
   size_t G1HeapRegionSize                         = 4194304                                   {product} {ergonomic}
    uintx GCDrainStackTargetSize                   = 64                                        {product} {ergonomic}
   size_t InitialHeapSize                          = 515899392                                 {product} {ergonomic}
   size_t MarkStackSize                            = 4194304                                   {product} {ergonomic}
   size_t MaxHeapSize                              = 8195670016                                {product} {ergonomic}
   size_t MaxNewSize                               = 4915724288                                {product} {ergonomic}
   size_t MinHeapDeltaBytes                        = 4194304                                   {product} {ergonomic}
   size_t MinHeapSize                              = 8388608                                   {product} {ergonomic}
    uintx NonNMethodCodeHeapSize                   = 7602480                                {pd product} {ergonomic}
    uintx NonProfiledCodeHeapSize                  = 122027880                              {pd product} {ergonomic}
    uintx ProfiledCodeHeapSize                     = 122027880                              {pd product} {ergonomic}
    uintx ReservedCodeCacheSize                    = 251658240                              {pd product} {ergonomic}
     bool SegmentedCodeCache                       = true                                      {product} {ergonomic}
   size_t SoftMaxHeapSize                          = 8195670016                             {manageable} {ergonomic}
     bool UseCompressedOops                        = true                           {product lp64_product} {ergonomic}
     bool UseG1GC                                  = true                                      {product} {ergonomic}

Logging:
Log output configuration:
 #0: 
[error occurred during error reporting (printing log configuration), id 0xb, SIGSEGV (0xb) at pc=0x00007fced32ed05a]
Release file:
IMPLEMENTOR="Red Hat, Inc."
IMPLEMENTOR_VERSION="(Red_Hat-21.0.11.0.10-2)"
JAVA_RUNTIME_VERSION="21.0.11+10"
JAVA_VERSION="21.0.11"
JAVA_VERSION_DATE="2026-04-21"
LIBC="gnu"
MODULES="java.base java.compiler java.datatransfer java.xml java.prefs java.desktop java.instrument java.logging java.management java.security.sasl java.naming java.rmi java.management.rmi java.net.http java.scripting java.security.jgss java.transaction.xa java.sql java.sql.rowset java.xml.crypto java.se java.smartcardio jdk.accessibility jdk.internal.jvmstat jdk.attach jdk.charsets jdk.internal.opt jdk.zipfs jdk.compiler jdk.crypto.ec jdk.crypto.cryptoki jdk.dynalink jdk.internal.ed jdk.editpad jdk.hotspot.agent jdk.httpserver jdk.incubator.vector jdk.internal.le jdk.internal.vm.ci jdk.internal.vm.compiler jdk.internal.vm.compiler.management jdk.jartool jdk.javadoc jdk.jcmd jdk.management jdk.management.agent jdk.jconsole jdk.jdeps jdk.jdwp.agent jdk.jdi jdk.jfr jdk.jlink jdk.jpackage jdk.jshell jdk.jsobject jdk.jstatd jdk.localedata jdk.management.jfr jdk.naming.dns jdk.naming.rmi jdk.net jdk.nio.mapmode jdk.random jdk.sctp jdk.security.auth jdk.security.jgss jdk.unsupported jdk.unsupported.desktop jdk.xml.dom"
OS_ARCH="x86_64"
OS_NAME="Linux"
SOURCE=".:git:d8615be99208"

Environment Variables:
PATH=/home/bazzite/.local/bin:/home/bazzite/.local/bin:/home/bazzite/.local/share/../bin:/home/bazzite/.local/bin:/home/bazzite/bin:/usr/local/bin:/usr/bin:/bin:/home/bazzite/.local/share/yabridge:/home/bazzite/.local/share/yabridge:/usr/local/bin:/usr/bin:/usr/local/sbin:/usr/sbin:/sbin
XDG_CACHE_HOME=/home/bazzite/.cache
XDG_CONFIG_HOME=/home/bazzite/.config
SHELL=/usr/bin/zsh
DISPLAY=:0
WAYLAND_DISPLAY=wayland-0
LANG=en_US.UTF-8
TERM=xterm-256color

Active Locale:
LC_ALL=en_US.UTF-8
LC_COLLATE=en_US.UTF-8
LC_CTYPE=en_US.UTF-8
LC_MESSAGES=en_US.UTF-8
LC_MONETARY=en_US.UTF-8
LC_NUMERIC=en_US.UTF-8
LC_TIME=en_US.UTF-8

Signal Handlers:
   SIGSEGV: crash_handler in libjvm.so, mask=11100100010111111101111111111110, flags=SA_RESTART|SA_SIGINFO, unblocked
    SIGBUS: crash_handler in libjvm.so, mask=11100100010111111101111111111110, flags=SA_RESTART|SA_SIGINFO, unblocked
    SIGFPE: crash_handler in libjvm.so, mask=11100100010111111101111111111110, flags=SA_RESTART|SA_SIGINFO, unblocked
   SIGPIPE: SIG_IGN, mask=00000000000000000000000000000000, flags=none, blocked
  *** Handler was modified!
  *** Expected: javaSignalHandler in libjvm.so, mask=11100100110111111111111111111110, flags=SA_RESTART|SA_SIGINFO
   SIGXFSZ: javaSignalHandler in libjvm.so, mask=11100100010111111101111111111110, flags=SA_RESTART|SA_SIGINFO, blocked
    SIGILL: crash_handler in libjvm.so, mask=11100100010111111101111111111110, flags=SA_RESTART|SA_SIGINFO, unblocked
   SIGUSR2: SR_handler in libjvm.so, mask=00000000000000000000000000000000, flags=SA_RESTART|SA_SIGINFO, blocked
    SIGHUP: UserHandler in libjvm.so, mask=11100100010111111101111111111110, flags=SA_RESTART|SA_SIGINFO, blocked
    SIGINT: UserHandler in libjvm.so, mask=11100100010111111101111111111110, flags=SA_RESTART|SA_SIGINFO, blocked
   SIGTERM: UserHandler in libjvm.so, mask=11100100010111111101111111111110, flags=SA_RESTART|SA_SIGINFO, blocked
   SIGQUIT: UserHandler in libjvm.so, mask=11100100010111111101111111111110, flags=SA_RESTART|SA_SIGINFO, blocked
   SIGTRAP: crash_handler in libjvm.so, mask=11100100010111111101111111111110, flags=SA_RESTART|SA_SIGINFO, unblocked


Periodic native trim disabled

---------------  S Y S T E M  ---------------

OS:
Fedora release 43 (Forty Three)
uname: Linux 7.0.9-ogc3.2.fc44.x86_64 #1 SMP PREEMPT_DYNAMIC Wed May 20 01:34:43 UTC 2026 x86_64
OS uptime: 0 days 11:58 hours
libc: glibc 2.42 NPTL 2.42 
rlimit (soft/hard): STACK 8192k/infinity , CORE infinity/infinity , NPROC 123785/123785 , NOFILE 1048576/1048576 , AS infinity/infinity , CPU infinity/infinity , DATA infinity/infinity , FSIZE infinity/infinity , MEMLOCK 2147484k/2147484k
load average: 1.65 0.73 0.83

/proc/meminfo:
MemTotal:       32001840 kB
MemFree:         2692028 kB
MemAvailable:   11757172 kB
Buffers:            4296 kB
Cached:         10563120 kB
SwapCached:         7380 kB
Active:         16780404 kB
Inactive:        9484400 kB
Active(anon):   13145696 kB
Inactive(anon):  2821888 kB
Active(file):    3634708 kB
Inactive(file):  6662512 kB
Unevictable:         916 kB
Mlocked:             916 kB
SwapTotal:      16000508 kB
SwapFree:       12464552 kB
Zswap:                 0 kB
Zswapped:              0 kB
Dirty:              7232 kB
Writeback:           112 kB
AnonPages:      15693136 kB
Mapped:          2744872 kB
Shmem:            276296 kB
KReclaimable:     464696 kB
Slab:             945564 kB
SReclaimable:     464696 kB
SUnreclaim:       480868 kB
KernelStack:       49992 kB
PageTables:       174220 kB
SecPageTables:      5000 kB
NFS_Unstable:          0 kB
Bounce:                0 kB
WritebackTmp:          0 kB
CommitLimit:    32001428 kB
Committed_AS:   69176704 kB
VmallocTotal:   34359738367 kB
VmallocUsed:      367260 kB
VmallocChunk:          0 kB
Percpu:            21440 kB
HardwareCorrupted:     0 kB
AnonHugePages:         0 kB
ShmemHugePages:        0 kB
ShmemPmdMapped:        0 kB
FileHugePages:     12288 kB
FilePmdMapped:         0 kB
CmaTotal:              0 kB
CmaFree:               0 kB
Unaccepted:            0 kB
Balloon:               0 kB
HugePages_Total:       0
HugePages_Free:        0
HugePages_Rsvd:        0
HugePages_Surp:        0
Hugepagesize:       2048 kB
Hugetlb:               0 kB
DirectMap4k:     4178860 kB
DirectMap2M:    27473920 kB
DirectMap1G:     2097152 kB

/sys/kernel/mm/transparent_hugepage/enabled: always [madvise] never
/sys/kernel/mm/transparent_hugepage/hpage_pmd_size: 2097152
/sys/kernel/mm/transparent_hugepage/defrag (defrag/compaction efforts parameter): always defer defer+madvise [madvise] never

Process Memory:
Virtual Size: 13386428K (peak: 13386456K)
Resident Set Size: 298432K (peak: 298432K) (anon: 159872K, file: 126540K, shmem: 12020K)
Swapped out: 0K
C-Heap outstanding allocations: 118134K, retained: 29637K
glibc malloc tunables: (default)

/proc/sys/kernel/threads-max (system-wide limit on the number of threads): 247570
/proc/sys/vm/max_map_count (maximum number of memory map areas a process may have): 2147483642
/proc/sys/vm/swappiness (control to define how aggressively the kernel swaps out anonymous memory): 180
/proc/sys/kernel/pid_max (system-wide limit on number of process identifiers): 4194304

container information not found.
Steal ticks since vm start: 0
Steal ticks percentage since vm start:  0.000

CPU: total 16 (initial active 16) (16 cores per cpu, 2 threads per core) family 25 model 97 stepping 2 microcode 0xa60120a, cx8, cmov, fxsr, ht, mmx, 3dnowpref, sse, sse2, sse3, ssse3, sse4a, sse4.1, sse4.2, popcnt, lzcnt, tsc, tscinvbit, avx, avx2, aes, erms, clmul, bmi1, bmi2, adx, avx512f, avx512dq, avx512cd, avx512bw, avx512vl, sha, fma, vzeroupper, avx512_vpopcntdq, avx512_vpclmulqdq, avx512_vaes, avx512_vnni, clflush, clflushopt, avx512_vbmi2, avx512_vbmi, rdtscp, rdpid, fsrm, gfni, avx512_bitalg, f16c, pku, ospke, cet_ss, avx512_ifma
CPU Model and flags from /proc/cpuinfo:
model name	: AMD Ryzen 7 7700X 8-Core Processor
flags		: fpu vme de pse tsc msr pae mce cx8 apic sep mtrr pge mca cmov pat pse36 clflush mmx fxsr sse sse2 ht syscall nx mmxext fxsr_opt pdpe1gb rdtscp lm constant_tsc rep_good amd_lbr_v2 nopl xtopology nonstop_tsc cpuid extd_apicid aperfmperf rapl pni pclmulqdq monitor ssse3 fma cx16 sse4_1 sse4_2 movbe popcnt aes xsave avx f16c rdrand lahf_lm cmp_legacy svm extapic cr8_legacy abm sse4a misalignsse 3dnowprefetch osvw ibs skinit wdt tce topoext perfctr_core perfctr_nb bpext perfctr_llc mwaitx cpuid_fault cpb cat_l3 cdp_l3 hw_pstate ssbd mba perfmon_v2 ibrs ibpb stibp ibrs_enhanced vmmcall fsgsbase bmi1 avx2 smep bmi2 erms invpcid cqm rdt_a avx512f avx512dq rdseed adx smap avx512ifma clflushopt clwb avx512cd sha_ni avx512bw avx512vl xsaveopt xsavec xgetbv1 xsaves cqm_llc cqm_occup_llc cqm_mbm_total cqm_mbm_local user_shstk avx512_bf16 clzero irperf xsaveerptr rdpru wbnoinvd cppc arat npt lbrv svm_lock nrip_save tsc_scale vmcb_clean flushbyasid decodeassists pausefilter pfthreshold avic vgif x2avic v_spec_ctrl vnmi avx512vbmi umip pku ospke avx512_vbmi2 gfni vaes vpclmulqdq avx512_vnni avx512_bitalg avx512_vpopcntdq rdpid overflow_recov succor smca fsrm flush_l1d amd_lbr_pmc_freeze

Online cpus: 0-15
Offline cpus: 
BIOS frequency limitation: <Not Available>
Frequency switch latency (ns): 0
Available cpu frequencies: <Not Available>
Current governor: performance
Core performance/turbo boost: 1

Memory: 4k page, physical 32001840k(11757172k free), swap 16000508k(12464552k free)
Page Sizes: 4k

vm_info: OpenJDK 64-Bit Server VM (21.0.11+10) for linux-amd64 JRE (21.0.11+10), built on 2026-04-21T00:00:00Z by "mockbuild" with gcc 15.2.1 20260123 (Red Hat 15.2.1-7)

END.
