#
# A fatal error has been detected by the Java Runtime Environment:
#
#  SIGSEGV (0xb) at pc=0x00007fb07c0ff60e, pid=228517, tid=228552
#
# JRE version: OpenJDK Runtime Environment (Red_Hat-21.0.11.0.10-2) (21.0.11+10) (build 21.0.11+10)
# Java VM: OpenJDK 64-Bit Server VM (Red_Hat-21.0.11.0.10-2) (21.0.11+10, mixed mode, sharing, tiered, compressed oops, compressed class ptrs, g1 gc, linux-amd64)
# Problematic frame:
# C  [libEGL_nvidia.so.0+0xb660e]
#
# Core dump will be written. Default location: Core dumps may be processed with "/usr/lib/systemd/systemd-coredump %P %u %g %s %t %c %h %d %F" (or dumping to /home/bazzite/code/java/LibGDXDungeonCrawler/assets/core.228517)
#
# If you would like to submit a bug report, please visit:
#   https://bugzilla.redhat.com/enter_bug.cgi?product=Fedora&component=java-21-openjdk&version=42
#

---------------  S U M M A R Y ------------

Command Line: --enable-native-access=ALL-UNNAMED -Dfile.encoding=UTF-8 -Duser.country=US -Duser.language=en -Duser.variant dungeon.crawler.lwjgl3.Lwjgl3Launcher

Host: AMD Ryzen 7 7700X 8-Core Processor, 16 cores, 30G, Fedora release 43 (Forty Three)
Time: Sun Aug 16 20:17:34 2026 EDT elapsed time: 7.464542 seconds (0d 0h 0m 7s)

---------------  T H R E A D  ---------------

Current thread is native thread

Stack: [0x00007fb07c98e000,0x00007fb07d18e000],  sp=0x00007fb07d18cdd0,  free space=8187k
Native frames: (J=compiled Java code, j=interpreted, Vv=VM code, C=native code)
C  [libEGL_nvidia.so.0+0xb660e]

siginfo: si_signo: 11 (SIGSEGV), si_code: 1 (SEGV_MAPERR), si_addr: 0x0000000000000040

Registers:
RAX=0x0000000000000000, RBX=0x00007fb034d6ff80, RCX=0x0000000000000001, RDX=0x00007fb036f5581c
RSP=0x00007fb07d18cdd0, RBP=0x00007fb03444f040, RSI=0x00007fb07c0f2840, RDI=0x00007fb07c18b4a8
R8 =0x00000000046ca4e4, R9 =0x00007fb07d18cdc0, R10=0x0000000000000000, R11=0x00007fb11d06f000
R12=0x00007fb036f5aaa0, R13=0x00007fb03444f040, R14=0x00007fb034d70380, R15=0x0000000000000000
RIP=0x00007fb07c0ff60e, EFLAGS=0x0000000000010202, CSGSFS=0x002b000000000033, ERR=0x0000000000000004
  TRAPNO=0x000000000000000e

XMM[0]=0x0000000000000000 0x000000004adde8f4
XMM[1]=0x0000000000000000 0x0007000700070007
XMM[2]=0xffffffffffffffff 0xffffffffffffffff
XMM[3]=0xffffffffffffffff 0xffffffffffffffff
XMM[4]=0x0000000000000000 0x00007fb114000090
XMM[5]=0x0000000000000000 0x0000000000000000
XMM[6]=0x0000000000000000 0x0000000000000000
XMM[7]=0x0000000000000000 0x0000000000000000
XMM[8]=0x00007fb0353dfa30 0x00007fb0353dfa20
XMM[9]=0x22c497b022c497b0 0x22c497b03f5dc987
XMM[10]=0x0000000000000000 0x000000001c9931d7
XMM[11]=0xe834151de834151d 0xe834151d2791dea4
XMM[12]=0x0000000000000000 0x000000003f5dc987
XMM[13]=0x0000000000000000 0x00007fb11468c270
XMM[14]=0x0000000000000000 0x00007fb11468c260
XMM[15]=0x0000000000000000 0x00007fb11468c250
  MXCSR=0x00001fa2


Top of Stack: (sp=0x00007fb07d18cdd0)
0x00007fb07d18cdd0:   00007fb036f57900 00007fb0357e808a   .y.6......~5....
0x00007fb07d18cde0:   00007fb036f57900 00007fb03560e31f   .y.6......`5....
0x00007fb07d18cdf0:   00007fb034d8c080 00007fb036f03d00   ...4.....=.6....
0x00007fb07d18ce00:   00007fb07d18d6c0 00007fb00000001b   ...}............
0x00007fb07d18ce10:   00007fb114a49970 00007fb034d70380   p..........4....
0x00007fb07d18ce20:   00007fb0357e9530 00007fb07d18d6c0   0.~5.......}....
0x00007fb07d18ce30:   00007fb11b9cf9a0 00007fb07d18dce4   ...........}....
0x00007fb07d18ce40:   00007fb11b9cfaa7 00007fb0357ea50a   ..........~5....
0x00007fb07d18ce50:   00007fb07d18d6c0 00007fb07d18d6c0   ...}.......}....
0x00007fb07d18ce60:   00007fb07d18cf30 00007fb11cec53c4   0..}.....S......
0x00007fb07d18ce70:   0000000000801000 00007fb07c98d000   ...........|....
0x00007fb07d18ce80:   0000000000000000 0000008000000000   ................
0x00007fb07d18ce90:   ffffffffffffff00 0000000000000000   ................
0x00007fb07d18cea0:   0000000000000021 00007fb07d18d6c0   !..........}....
0x00007fb07d18ceb0:   00007fb07d18d6c0 a4461cb8469b4033   ...}....3@.F..F.
0x00007fb07d18cec0:   00007fb07d18d6c0 00007fb11b9cf9a0   ...}............
0x00007fb07d18ced0:   0000000000000000 00007fb11b9cfaa7   ................
0x00007fb07d18cee0:   a4461cb8441b4033 a444df517b514033   3@.D..F.3@Q{Q.D.
0x00007fb07d18cef0:   0000000000000000 0000000000000000   ................
0x00007fb07d18cf00:   0000000000000000 0000000000000000   ................
0x00007fb07d18cf10:   0000000000000000 5c16cacafd448d00   ..........D....\
0x00007fb07d18cf20:   00007fb11cec50e0 0000000000000000   .P..............
0x00007fb07d18cf30:   0000000000000000 00007fb11cf4856c   ........l.......
0x00007fb07d18cf40:   0000000000000000 0000000000000000   ................
0x00007fb07d18cf50:   0000000000000000 0000000000000000   ................
0x00007fb07d18cf60:   0000000000000000 0000000000000000   ................
0x00007fb07d18cf70:   0000000000000000 0000000000000000   ................
0x00007fb07d18cf80:   0000000000000000 0000000000000000   ................
0x00007fb07d18cf90:   0000000000000000 0000000000000000   ................
0x00007fb07d18cfa0:   0000000000000000 0000000000000000   ................
0x00007fb07d18cfb0:   0000000000000000 0000000000000000   ................
0x00007fb07d18cfc0:   0000000000000000 0000000000000000   ................

Instructions: (pc=0x00007fb07c0ff60e)
0x00007fb07c0ff50e:   4c 24 08 48 85 c0 48 89 c2 74 61 48 89 08 49 8b
0x00007fb07c0ff51e:   44 24 40 48 83 c2 08 48 85 c0 74 41 41 8b 4c 24
0x00007fb07c0ff52e:   34 31 c0 85 c9 74 19 49 8b 74 24 40 89 c1 83 c0
0x00007fb07c0ff53e:   01 48 8b 34 ce 48 89 34 ca 41 39 44 24 34 77 e7
0x00007fb07c0ff54e:   49 8b 44 24 40 48 85 c0 74 13 48 8d 78 f8 48 89
0x00007fb07c0ff55e:   54 24 08 e8 1a a8 00 00 48 8b 54 24 08 45 89 7c
0x00007fb07c0ff56e:   24 34 49 89 54 24 40 e9 9a fe ff ff 45 8b 74 24
0x00007fb07c0ff57e:   34 e9 90 fe ff ff 66 2e 0f 1f 84 00 00 00 00 00
0x00007fb07c0ff58e:   66 90 48 8b 07 48 39 f0 74 58 55 48 89 fd 53 48
0x00007fb07c0ff59e:   89 f3 48 83 ec 08 48 85 c0 74 15 48 8d 78 08 ff
0x00007fb07c0ff5ae:   50 18 85 c0 75 0a 48 8b 7d 00 48 8b 07 ff 50 08
0x00007fb07c0ff5be:   48 89 5d 00 48 85 db 74 19 48 8b 43 10 48 83 c4
0x00007fb07c0ff5ce:   08 48 8d 7b 08 5b 5d ff e0 66 0f 1f 84 00 00 00
0x00007fb07c0ff5de:   00 00 48 83 c4 08 5b 5d c3 66 0f 1f 84 00 00 00
0x00007fb07c0ff5ee:   00 00 c3 66 66 2e 0f 1f 84 00 00 00 00 00 0f 1f
0x00007fb07c0ff5fe:   40 00 48 83 ec 08 bf 01 00 00 00 e8 62 4a ff ff
0x00007fb07c0ff60e:   8b 70 40 48 8d 78 30 48 83 c4 08 e9 62 68 f8 ff
0x00007fb07c0ff61e:   66 90 48 83 ec 18 48 8b 87 b0 04 00 00 ba 04 00
0x00007fb07c0ff62e:   00 00 be 01 00 00 00 48 8d 4c 24 0c bf 01 00 00
0x00007fb07c0ff63e:   00 ff 90 d8 00 00 00 48 83 c4 18 c3 66 0f 1f 44
0x00007fb07c0ff64e:   00 00 49 89 fa 41 89 d1 40 0f b6 fe 89 ca 49 8b
0x00007fb07c0ff65e:   82 b0 04 00 00 4c 89 c1 44 89 ce 48 8b 80 d8 00
0x00007fb07c0ff66e:   00 00 ff e0 66 66 2e 0f 1f 84 00 00 00 00 00 0f
0x00007fb07c0ff67e:   1f 00 55 40 0f b6 f6 53 48 89 fb 48 83 ec 08 48
0x00007fb07c0ff68e:   8b af b0 04 00 00 e8 b7 ff ff ff ff 95 00 01 00
0x00007fb07c0ff69e:   00 8b 10 89 53 28 48 83 c4 08 5b 5d c3 0f 1f 44
0x00007fb07c0ff6ae:   00 00 41 57 41 56 49 89 fe bf 01 00 00 00 41 55
0x00007fb07c0ff6be:   49 89 f5 41 54 55 53 48 83 ec 58 48 89 14 24 e8
0x00007fb07c0ff6ce:   9e 49 ff ff 48 c7 44 24 18 00 00 00 00 83 b8 a0
0x00007fb07c0ff6de:   04 00 00 03 4c 8b b8 b0 04 00 00 48 89 c3 44 8b
0x00007fb07c0ff6ee:   60 38 0f 84 02 01 00 00 48 8d 4c 24 20 48 8d 70
0x00007fb07c0ff6fe:   30 ba 01 00 00 00 48 89 cf 48 89 4c 24 08 e8 7f



---------------  P R O C E S S  ---------------

VM state: at safepoint (shutting down)

VM Mutex/Monitor currently owned by a thread:  ([mutex/lock_event])
[0x00007fb11ce1c0f8] Threads_lock - owner thread: 0x00007fb114138250
[0x00007fb11ce1bff8] Heap_lock - owner thread: 0x00007fb074001080

Heap address: 0x0000000617800000, size: 7816 MB, Compressed Oops mode: Zero based, Oop shift amount: 3

CDS archive(s) mapped at: [0x00007fb097000000-0x00007fb097c9d000-0x00007fb097c9d000), size 13225984, SharedBaseAddress: 0x00007fb097000000, ArchiveRelocationMode: 1.
Compressed class space mapped at: 0x00007fb098000000-0x00007fb0d8000000, reserved size: 1073741824
Narrow klass base: 0x00007fb097000000, Narrow klass shift: 0, Narrow klass range: 0x100000000

GC Precious Log:
<Skipped>

Heap:
 garbage-first heap   total 507904K, used 7724K [0x0000000617800000, 0x0000000800000000)
  region size 4096K, 3 young (12288K), 1 survivors (4096K)
 Metaspace       used 8971K, committed 9152K, reserved 1114112K
  class space    used 749K, committed 832K, reserved 1048576K

Heap Regions: E=young(eden), S=young(survivor), O=old, HS=humongous(starts), HC=humongous(continues), CS=collection set, F=free, TAMS=top-at-mark-start, PB=parsable bottom
|   0|0x0000000617800000, 0x0000000617800000, 0x0000000617c00000|  0%| F|  |TAMS 0x0000000617800000| PB 0x0000000617800000| Untracked 
|   1|0x0000000617c00000, 0x0000000617c00000, 0x0000000618000000|  0%| F|  |TAMS 0x0000000617c00000| PB 0x0000000617c00000| Untracked 
|   2|0x0000000618000000, 0x0000000618000000, 0x0000000618400000|  0%| F|  |TAMS 0x0000000618000000| PB 0x0000000618000000| Untracked 
|   3|0x0000000618400000, 0x0000000618400000, 0x0000000618800000|  0%| F|  |TAMS 0x0000000618400000| PB 0x0000000618400000| Untracked 
|   4|0x0000000618800000, 0x0000000618800000, 0x0000000618c00000|  0%| F|  |TAMS 0x0000000618800000| PB 0x0000000618800000| Untracked 
|   5|0x0000000618c00000, 0x0000000618c00000, 0x0000000619000000|  0%| F|  |TAMS 0x0000000618c00000| PB 0x0000000618c00000| Untracked 
|   6|0x0000000619000000, 0x0000000619000000, 0x0000000619400000|  0%| F|  |TAMS 0x0000000619000000| PB 0x0000000619000000| Untracked 
|   7|0x0000000619400000, 0x0000000619400000, 0x0000000619800000|  0%| F|  |TAMS 0x0000000619400000| PB 0x0000000619400000| Untracked 
|   8|0x0000000619800000, 0x0000000619800000, 0x0000000619c00000|  0%| F|  |TAMS 0x0000000619800000| PB 0x0000000619800000| Untracked 
|   9|0x0000000619c00000, 0x0000000619c00000, 0x000000061a000000|  0%| F|  |TAMS 0x0000000619c00000| PB 0x0000000619c00000| Untracked 
|  10|0x000000061a000000, 0x000000061a000000, 0x000000061a400000|  0%| F|  |TAMS 0x000000061a000000| PB 0x000000061a000000| Untracked 
|  11|0x000000061a400000, 0x000000061a400000, 0x000000061a800000|  0%| F|  |TAMS 0x000000061a400000| PB 0x000000061a400000| Untracked 
|  12|0x000000061a800000, 0x000000061a800000, 0x000000061ac00000|  0%| F|  |TAMS 0x000000061a800000| PB 0x000000061a800000| Untracked 
|  13|0x000000061ac00000, 0x000000061ac00000, 0x000000061b000000|  0%| F|  |TAMS 0x000000061ac00000| PB 0x000000061ac00000| Untracked 
|  14|0x000000061b000000, 0x000000061b000000, 0x000000061b400000|  0%| F|  |TAMS 0x000000061b000000| PB 0x000000061b000000| Untracked 
|  15|0x000000061b400000, 0x000000061b400000, 0x000000061b800000|  0%| F|  |TAMS 0x000000061b400000| PB 0x000000061b400000| Untracked 
|  16|0x000000061b800000, 0x000000061b800000, 0x000000061bc00000|  0%| F|  |TAMS 0x000000061b800000| PB 0x000000061b800000| Untracked 
|  17|0x000000061bc00000, 0x000000061bc00000, 0x000000061c000000|  0%| F|  |TAMS 0x000000061bc00000| PB 0x000000061bc00000| Untracked 
|  18|0x000000061c000000, 0x000000061c000000, 0x000000061c400000|  0%| F|  |TAMS 0x000000061c000000| PB 0x000000061c000000| Untracked 
|  19|0x000000061c400000, 0x000000061c400000, 0x000000061c800000|  0%| F|  |TAMS 0x000000061c400000| PB 0x000000061c400000| Untracked 
|  20|0x000000061c800000, 0x000000061c800000, 0x000000061cc00000|  0%| F|  |TAMS 0x000000061c800000| PB 0x000000061c800000| Untracked 
|  21|0x000000061cc00000, 0x000000061cc00000, 0x000000061d000000|  0%| F|  |TAMS 0x000000061cc00000| PB 0x000000061cc00000| Untracked 
|  22|0x000000061d000000, 0x000000061d000000, 0x000000061d400000|  0%| F|  |TAMS 0x000000061d000000| PB 0x000000061d000000| Untracked 
|  23|0x000000061d400000, 0x000000061d400000, 0x000000061d800000|  0%| F|  |TAMS 0x000000061d400000| PB 0x000000061d400000| Untracked 
|  24|0x000000061d800000, 0x000000061d800000, 0x000000061dc00000|  0%| F|  |TAMS 0x000000061d800000| PB 0x000000061d800000| Untracked 
|  25|0x000000061dc00000, 0x000000061dc00000, 0x000000061e000000|  0%| F|  |TAMS 0x000000061dc00000| PB 0x000000061dc00000| Untracked 
|  26|0x000000061e000000, 0x000000061e000000, 0x000000061e400000|  0%| F|  |TAMS 0x000000061e000000| PB 0x000000061e000000| Untracked 
|  27|0x000000061e400000, 0x000000061e400000, 0x000000061e800000|  0%| F|  |TAMS 0x000000061e400000| PB 0x000000061e400000| Untracked 
|  28|0x000000061e800000, 0x000000061e800000, 0x000000061ec00000|  0%| F|  |TAMS 0x000000061e800000| PB 0x000000061e800000| Untracked 
|  29|0x000000061ec00000, 0x000000061ec00000, 0x000000061f000000|  0%| F|  |TAMS 0x000000061ec00000| PB 0x000000061ec00000| Untracked 
|  30|0x000000061f000000, 0x000000061f000000, 0x000000061f400000|  0%| F|  |TAMS 0x000000061f000000| PB 0x000000061f000000| Untracked 
|  31|0x000000061f400000, 0x000000061f400000, 0x000000061f800000|  0%| F|  |TAMS 0x000000061f400000| PB 0x000000061f400000| Untracked 
|  32|0x000000061f800000, 0x000000061f800000, 0x000000061fc00000|  0%| F|  |TAMS 0x000000061f800000| PB 0x000000061f800000| Untracked 
|  33|0x000000061fc00000, 0x000000061fc00000, 0x0000000620000000|  0%| F|  |TAMS 0x000000061fc00000| PB 0x000000061fc00000| Untracked 
|  34|0x0000000620000000, 0x0000000620000000, 0x0000000620400000|  0%| F|  |TAMS 0x0000000620000000| PB 0x0000000620000000| Untracked 
|  35|0x0000000620400000, 0x0000000620400000, 0x0000000620800000|  0%| F|  |TAMS 0x0000000620400000| PB 0x0000000620400000| Untracked 
|  36|0x0000000620800000, 0x0000000620800000, 0x0000000620c00000|  0%| F|  |TAMS 0x0000000620800000| PB 0x0000000620800000| Untracked 
|  37|0x0000000620c00000, 0x0000000620c00000, 0x0000000621000000|  0%| F|  |TAMS 0x0000000620c00000| PB 0x0000000620c00000| Untracked 
|  38|0x0000000621000000, 0x0000000621000000, 0x0000000621400000|  0%| F|  |TAMS 0x0000000621000000| PB 0x0000000621000000| Untracked 
|  39|0x0000000621400000, 0x0000000621400000, 0x0000000621800000|  0%| F|  |TAMS 0x0000000621400000| PB 0x0000000621400000| Untracked 
|  40|0x0000000621800000, 0x0000000621800000, 0x0000000621c00000|  0%| F|  |TAMS 0x0000000621800000| PB 0x0000000621800000| Untracked 
|  41|0x0000000621c00000, 0x0000000621c00000, 0x0000000622000000|  0%| F|  |TAMS 0x0000000621c00000| PB 0x0000000621c00000| Untracked 
|  42|0x0000000622000000, 0x0000000622000000, 0x0000000622400000|  0%| F|  |TAMS 0x0000000622000000| PB 0x0000000622000000| Untracked 
|  43|0x0000000622400000, 0x0000000622400000, 0x0000000622800000|  0%| F|  |TAMS 0x0000000622400000| PB 0x0000000622400000| Untracked 
|  44|0x0000000622800000, 0x0000000622800000, 0x0000000622c00000|  0%| F|  |TAMS 0x0000000622800000| PB 0x0000000622800000| Untracked 
|  45|0x0000000622c00000, 0x0000000622c00000, 0x0000000623000000|  0%| F|  |TAMS 0x0000000622c00000| PB 0x0000000622c00000| Untracked 
|  46|0x0000000623000000, 0x0000000623000000, 0x0000000623400000|  0%| F|  |TAMS 0x0000000623000000| PB 0x0000000623000000| Untracked 
|  47|0x0000000623400000, 0x0000000623400000, 0x0000000623800000|  0%| F|  |TAMS 0x0000000623400000| PB 0x0000000623400000| Untracked 
|  48|0x0000000623800000, 0x0000000623800000, 0x0000000623c00000|  0%| F|  |TAMS 0x0000000623800000| PB 0x0000000623800000| Untracked 
|  49|0x0000000623c00000, 0x0000000623c00000, 0x0000000624000000|  0%| F|  |TAMS 0x0000000623c00000| PB 0x0000000623c00000| Untracked 
|  50|0x0000000624000000, 0x0000000624000000, 0x0000000624400000|  0%| F|  |TAMS 0x0000000624000000| PB 0x0000000624000000| Untracked 
|  51|0x0000000624400000, 0x0000000624400000, 0x0000000624800000|  0%| F|  |TAMS 0x0000000624400000| PB 0x0000000624400000| Untracked 
|  52|0x0000000624800000, 0x0000000624800000, 0x0000000624c00000|  0%| F|  |TAMS 0x0000000624800000| PB 0x0000000624800000| Untracked 
|  53|0x0000000624c00000, 0x0000000624c00000, 0x0000000625000000|  0%| F|  |TAMS 0x0000000624c00000| PB 0x0000000624c00000| Untracked 
|  54|0x0000000625000000, 0x0000000625000000, 0x0000000625400000|  0%| F|  |TAMS 0x0000000625000000| PB 0x0000000625000000| Untracked 
|  55|0x0000000625400000, 0x0000000625400000, 0x0000000625800000|  0%| F|  |TAMS 0x0000000625400000| PB 0x0000000625400000| Untracked 
|  56|0x0000000625800000, 0x0000000625800000, 0x0000000625c00000|  0%| F|  |TAMS 0x0000000625800000| PB 0x0000000625800000| Untracked 
|  57|0x0000000625c00000, 0x0000000625c00000, 0x0000000626000000|  0%| F|  |TAMS 0x0000000625c00000| PB 0x0000000625c00000| Untracked 
|  58|0x0000000626000000, 0x0000000626000000, 0x0000000626400000|  0%| F|  |TAMS 0x0000000626000000| PB 0x0000000626000000| Untracked 
|  59|0x0000000626400000, 0x0000000626400000, 0x0000000626800000|  0%| F|  |TAMS 0x0000000626400000| PB 0x0000000626400000| Untracked 
|  60|0x0000000626800000, 0x0000000626800000, 0x0000000626c00000|  0%| F|  |TAMS 0x0000000626800000| PB 0x0000000626800000| Untracked 
|  61|0x0000000626c00000, 0x0000000626c00000, 0x0000000627000000|  0%| F|  |TAMS 0x0000000626c00000| PB 0x0000000626c00000| Untracked 
|  62|0x0000000627000000, 0x0000000627000000, 0x0000000627400000|  0%| F|  |TAMS 0x0000000627000000| PB 0x0000000627000000| Untracked 
|  63|0x0000000627400000, 0x0000000627400000, 0x0000000627800000|  0%| F|  |TAMS 0x0000000627400000| PB 0x0000000627400000| Untracked 
|  64|0x0000000627800000, 0x0000000627800000, 0x0000000627c00000|  0%| F|  |TAMS 0x0000000627800000| PB 0x0000000627800000| Untracked 
|  65|0x0000000627c00000, 0x0000000627c00000, 0x0000000628000000|  0%| F|  |TAMS 0x0000000627c00000| PB 0x0000000627c00000| Untracked 
|  66|0x0000000628000000, 0x0000000628000000, 0x0000000628400000|  0%| F|  |TAMS 0x0000000628000000| PB 0x0000000628000000| Untracked 
|  67|0x0000000628400000, 0x0000000628400000, 0x0000000628800000|  0%| F|  |TAMS 0x0000000628400000| PB 0x0000000628400000| Untracked 
|  68|0x0000000628800000, 0x0000000628800000, 0x0000000628c00000|  0%| F|  |TAMS 0x0000000628800000| PB 0x0000000628800000| Untracked 
|  69|0x0000000628c00000, 0x0000000628c00000, 0x0000000629000000|  0%| F|  |TAMS 0x0000000628c00000| PB 0x0000000628c00000| Untracked 
|  70|0x0000000629000000, 0x0000000629000000, 0x0000000629400000|  0%| F|  |TAMS 0x0000000629000000| PB 0x0000000629000000| Untracked 
|  71|0x0000000629400000, 0x0000000629400000, 0x0000000629800000|  0%| F|  |TAMS 0x0000000629400000| PB 0x0000000629400000| Untracked 
|  72|0x0000000629800000, 0x0000000629800000, 0x0000000629c00000|  0%| F|  |TAMS 0x0000000629800000| PB 0x0000000629800000| Untracked 
|  73|0x0000000629c00000, 0x0000000629c00000, 0x000000062a000000|  0%| F|  |TAMS 0x0000000629c00000| PB 0x0000000629c00000| Untracked 
|  74|0x000000062a000000, 0x000000062a000000, 0x000000062a400000|  0%| F|  |TAMS 0x000000062a000000| PB 0x000000062a000000| Untracked 
|  75|0x000000062a400000, 0x000000062a400000, 0x000000062a800000|  0%| F|  |TAMS 0x000000062a400000| PB 0x000000062a400000| Untracked 
|  76|0x000000062a800000, 0x000000062a800000, 0x000000062ac00000|  0%| F|  |TAMS 0x000000062a800000| PB 0x000000062a800000| Untracked 
|  77|0x000000062ac00000, 0x000000062ac00000, 0x000000062b000000|  0%| F|  |TAMS 0x000000062ac00000| PB 0x000000062ac00000| Untracked 
|  78|0x000000062b000000, 0x000000062b000000, 0x000000062b400000|  0%| F|  |TAMS 0x000000062b000000| PB 0x000000062b000000| Untracked 
|  79|0x000000062b400000, 0x000000062b400000, 0x000000062b800000|  0%| F|  |TAMS 0x000000062b400000| PB 0x000000062b400000| Untracked 
|  80|0x000000062b800000, 0x000000062b800000, 0x000000062bc00000|  0%| F|  |TAMS 0x000000062b800000| PB 0x000000062b800000| Untracked 
|  81|0x000000062bc00000, 0x000000062bc00000, 0x000000062c000000|  0%| F|  |TAMS 0x000000062bc00000| PB 0x000000062bc00000| Untracked 
|  82|0x000000062c000000, 0x000000062c000000, 0x000000062c400000|  0%| F|  |TAMS 0x000000062c000000| PB 0x000000062c000000| Untracked 
|  83|0x000000062c400000, 0x000000062c400000, 0x000000062c800000|  0%| F|  |TAMS 0x000000062c400000| PB 0x000000062c400000| Untracked 
|  84|0x000000062c800000, 0x000000062c800000, 0x000000062cc00000|  0%| F|  |TAMS 0x000000062c800000| PB 0x000000062c800000| Untracked 
|  85|0x000000062cc00000, 0x000000062cc00000, 0x000000062d000000|  0%| F|  |TAMS 0x000000062cc00000| PB 0x000000062cc00000| Untracked 
|  86|0x000000062d000000, 0x000000062d000000, 0x000000062d400000|  0%| F|  |TAMS 0x000000062d000000| PB 0x000000062d000000| Untracked 
|  87|0x000000062d400000, 0x000000062d400000, 0x000000062d800000|  0%| F|  |TAMS 0x000000062d400000| PB 0x000000062d400000| Untracked 
|  88|0x000000062d800000, 0x000000062d800000, 0x000000062dc00000|  0%| F|  |TAMS 0x000000062d800000| PB 0x000000062d800000| Untracked 
|  89|0x000000062dc00000, 0x000000062dc00000, 0x000000062e000000|  0%| F|  |TAMS 0x000000062dc00000| PB 0x000000062dc00000| Untracked 
|  90|0x000000062e000000, 0x000000062e000000, 0x000000062e400000|  0%| F|  |TAMS 0x000000062e000000| PB 0x000000062e000000| Untracked 
|  91|0x000000062e400000, 0x000000062e400000, 0x000000062e800000|  0%| F|  |TAMS 0x000000062e400000| PB 0x000000062e400000| Untracked 
|  92|0x000000062e800000, 0x000000062e800000, 0x000000062ec00000|  0%| F|  |TAMS 0x000000062e800000| PB 0x000000062e800000| Untracked 
|  93|0x000000062ec00000, 0x000000062ec00000, 0x000000062f000000|  0%| F|  |TAMS 0x000000062ec00000| PB 0x000000062ec00000| Untracked 
|  94|0x000000062f000000, 0x000000062f000000, 0x000000062f400000|  0%| F|  |TAMS 0x000000062f000000| PB 0x000000062f000000| Untracked 
|  95|0x000000062f400000, 0x000000062f400000, 0x000000062f800000|  0%| F|  |TAMS 0x000000062f400000| PB 0x000000062f400000| Untracked 
|  96|0x000000062f800000, 0x000000062f800000, 0x000000062fc00000|  0%| F|  |TAMS 0x000000062f800000| PB 0x000000062f800000| Untracked 
|  97|0x000000062fc00000, 0x000000062fc00000, 0x0000000630000000|  0%| F|  |TAMS 0x000000062fc00000| PB 0x000000062fc00000| Untracked 
|  98|0x0000000630000000, 0x0000000630000000, 0x0000000630400000|  0%| F|  |TAMS 0x0000000630000000| PB 0x0000000630000000| Untracked 
|  99|0x0000000630400000, 0x0000000630400000, 0x0000000630800000|  0%| F|  |TAMS 0x0000000630400000| PB 0x0000000630400000| Untracked 
| 100|0x0000000630800000, 0x0000000630800000, 0x0000000630c00000|  0%| F|  |TAMS 0x0000000630800000| PB 0x0000000630800000| Untracked 
| 101|0x0000000630c00000, 0x0000000630c00000, 0x0000000631000000|  0%| F|  |TAMS 0x0000000630c00000| PB 0x0000000630c00000| Untracked 
| 102|0x0000000631000000, 0x0000000631000000, 0x0000000631400000|  0%| F|  |TAMS 0x0000000631000000| PB 0x0000000631000000| Untracked 
| 103|0x0000000631400000, 0x0000000631400000, 0x0000000631800000|  0%| F|  |TAMS 0x0000000631400000| PB 0x0000000631400000| Untracked 
| 104|0x0000000631800000, 0x0000000631800000, 0x0000000631c00000|  0%| F|  |TAMS 0x0000000631800000| PB 0x0000000631800000| Untracked 
| 105|0x0000000631c00000, 0x0000000631c00000, 0x0000000632000000|  0%| F|  |TAMS 0x0000000631c00000| PB 0x0000000631c00000| Untracked 
| 106|0x0000000632000000, 0x0000000632000000, 0x0000000632400000|  0%| F|  |TAMS 0x0000000632000000| PB 0x0000000632000000| Untracked 
| 107|0x0000000632400000, 0x0000000632400000, 0x0000000632800000|  0%| F|  |TAMS 0x0000000632400000| PB 0x0000000632400000| Untracked 
| 108|0x0000000632800000, 0x0000000632800000, 0x0000000632c00000|  0%| F|  |TAMS 0x0000000632800000| PB 0x0000000632800000| Untracked 
| 109|0x0000000632c00000, 0x0000000632c00000, 0x0000000633000000|  0%| F|  |TAMS 0x0000000632c00000| PB 0x0000000632c00000| Untracked 
| 110|0x0000000633000000, 0x0000000633000000, 0x0000000633400000|  0%| F|  |TAMS 0x0000000633000000| PB 0x0000000633000000| Untracked 
| 111|0x0000000633400000, 0x0000000633400000, 0x0000000633800000|  0%| F|  |TAMS 0x0000000633400000| PB 0x0000000633400000| Untracked 
| 112|0x0000000633800000, 0x0000000633800000, 0x0000000633c00000|  0%| F|  |TAMS 0x0000000633800000| PB 0x0000000633800000| Untracked 
| 113|0x0000000633c00000, 0x0000000633c00000, 0x0000000634000000|  0%| F|  |TAMS 0x0000000633c00000| PB 0x0000000633c00000| Untracked 
| 114|0x0000000634000000, 0x0000000634000000, 0x0000000634400000|  0%| F|  |TAMS 0x0000000634000000| PB 0x0000000634000000| Untracked 
| 115|0x0000000634400000, 0x0000000634400000, 0x0000000634800000|  0%| F|  |TAMS 0x0000000634400000| PB 0x0000000634400000| Untracked 
| 116|0x0000000634800000, 0x0000000634a7e5f0, 0x0000000634c00000| 62%| S|CS|TAMS 0x0000000634800000| PB 0x0000000634800000| Complete 
| 117|0x0000000634c00000, 0x0000000634c00000, 0x0000000635000000|  0%| F|  |TAMS 0x0000000634c00000| PB 0x0000000634c00000| Untracked 
| 118|0x0000000635000000, 0x0000000635000000, 0x0000000635400000|  0%| F|  |TAMS 0x0000000635000000| PB 0x0000000635000000| Untracked 
| 119|0x0000000635400000, 0x0000000635400000, 0x0000000635800000|  0%| F|  |TAMS 0x0000000635400000| PB 0x0000000635400000| Untracked 
| 120|0x0000000635800000, 0x0000000635800000, 0x0000000635c00000|  0%| F|  |TAMS 0x0000000635800000| PB 0x0000000635800000| Untracked 
| 121|0x0000000635c00000, 0x0000000635ff0f50, 0x0000000636000000| 98%| E|  |TAMS 0x0000000635c00000| PB 0x0000000635c00000| Complete 
| 122|0x0000000636000000, 0x0000000636400000, 0x0000000636400000|100%| E|CS|TAMS 0x0000000636000000| PB 0x0000000636000000| Complete 
|1953|0x00000007ffc00000, 0x00000007ffd0cbc8, 0x0000000800000000| 26%| O|  |TAMS 0x00000007ffc00000| PB 0x00000007ffc00000| Untracked 

Card table byte_map: [0x00007fb118add000,0x00007fb119a21000] _byte_map_base: 0x00007fb115a21000

Marking Bits: (CMBitMap*) 0x00007fb11405a880
 Bits: [0x00007fb0f4de0000, 0x00007fb0fc800000)

Polling page: 0x00007fb11d04e000

Metaspace:

Usage:
  Non-class:      8.03 MB used.
      Class:    749.16 KB used.
       Both:      8.76 MB used.

Virtual space:
  Non-class space:       64.00 MB reserved,       8.12 MB ( 13%) committed,  1 nodes.
      Class space:        1.00 GB reserved,     832.00 KB ( <1%) committed,  1 nodes.
             Both:        1.06 GB reserved,       8.94 MB ( <1%) committed. 

Chunk freelists:
   Non-Class:  6.16 MB
       Class:  15.16 MB
        Both:  21.31 MB

MaxMetaspaceSize: unlimited
CompressedClassSpaceSize: 1.00 GB
Initial GC threshold: 21.00 MB
Current GC threshold: 21.00 MB
CDS: on
 - commit_granule_bytes: 65536.
 - commit_granule_words: 8192.
 - virtual_space_node_default_size: 8388608.
 - enlarge_chunks_in_place: 1.
 - use_allocation_guard: 0.


Internal statistics:

num_allocs_failed_limit: 0.
num_arena_births: 100.
num_arena_deaths: 0.
num_vsnodes_births: 2.
num_vsnodes_deaths: 0.
num_space_committed: 141.
num_space_uncommitted: 0.
num_chunks_returned_to_freelist: 0.
num_chunks_taken_from_freelist: 351.
num_chunk_merges: 0.
num_chunk_splits: 263.
num_chunks_enlarged: 218.
num_inconsistent_stats: 0.

CodeHeap 'non-profiled nmethods': size=119168Kb used=466Kb max_used=466Kb free=118701Kb
 bounds [0x00007fb1043a0000, 0x00007fb104610000, 0x00007fb10b800000]
CodeHeap 'profiled nmethods': size=119164Kb used=2820Kb max_used=2820Kb free=116343Kb
 bounds [0x00007fb0fc800000, 0x00007fb0fcad0000, 0x00007fb103c5f000]
CodeHeap 'non-nmethods': size=7428Kb used=2487Kb max_used=4164Kb free=4940Kb
 bounds [0x00007fb103c5f000, 0x00007fb10407f000, 0x00007fb1043a0000]
CodeCache: size=245760Kb, used=5773Kb, max_used=7450Kb, free=239984Kb
 total_blobs=2770, nmethods=1604, adapters=1072, full_count=0
Compilation: enabled, stopped_count=0, restarted_count=0

Compilation events (20 events):
Event: 5.439 Thread 0x00007fb11414a3e0 1595       3       com.badlogic.gdx.graphics.g2d.Sprite::draw (18 bytes)
Event: 5.439 Thread 0x00007fb11414a3e0 nmethod 1595 0x00007fb0fcabef90 code [0x00007fb0fcabf140, 0x00007fb0fcabf398]
Event: 5.439 Thread 0x00007fb11414a3e0 1596       3       com.badlogic.gdx.graphics.g2d.Sprite::getVertices (386 bytes)
Event: 5.439 Thread 0x00007fb11414a3e0 nmethod 1596 0x00007fb0fcabf510 code [0x00007fb0fcabf760, 0x00007fb0fcabffb0]
Event: 5.527 Thread 0x00007fb114148d20 1597       4       java.nio.MappedByteBuffer::limit (6 bytes)
Event: 5.527 Thread 0x00007fb114148d20 nmethod 1597 0x00007fb104412710 code [0x00007fb1044128a0, 0x00007fb1044129d8]
Event: 5.783 Thread 0x00007fb11414a3e0 1598       3       java.nio.CharBuffer::arrayOffset (35 bytes)
Event: 5.784 Thread 0x00007fb11414a3e0 nmethod 1598 0x00007fb0fcac0490 code [0x00007fb0fcac0660, 0x00007fb0fcac0928]
Event: 5.986 Thread 0x00007fb11414a3e0 1599       3       java.nio.CharBuffer::position (6 bytes)
Event: 5.986 Thread 0x00007fb11414a3e0 nmethod 1599 0x00007fb0fcac0a90 code [0x00007fb0fcac0c40, 0x00007fb0fcac0de8]
Event: 5.986 Thread 0x00007fb11414a3e0 1600       3       java.nio.CharBuffer::position (8 bytes)
Event: 5.986 Thread 0x00007fb11414a3e0 nmethod 1600 0x00007fb0fcac0e90 code [0x00007fb0fcac1040, 0x00007fb0fcac1188]
Event: 6.704 Thread 0x00007fb114148d20 1601       4       com.badlogic.gdx.math.Plane::set (60 bytes)
Event: 6.705 Thread 0x00007fb114148d20 nmethod 1601 0x00007fb104412b10 code [0x00007fb104412cc0, 0x00007fb104412ee8]
Event: 6.771 Thread 0x00007fb114148d20 1602       4       com.badlogic.gdx.graphics.g2d.SpriteBatch::flush (206 bytes)
Event: 6.774 Thread 0x00007fb114148d20 nmethod 1602 0x00007fb104413090 code [0x00007fb1044132e0, 0x00007fb104413ab8]
Event: 7.452 Thread 0x00007fb11414a3e0 1603       1       java.lang.Module::getDescriptor (5 bytes)
Event: 7.452 Thread 0x00007fb11414a3e0 nmethod 1603 0x00007fb104414410 code [0x00007fb1044145a0, 0x00007fb104414668]
Event: 7.452 Thread 0x00007fb11414a3e0 1604       1       java.lang.module.ModuleDescriptor::provides (5 bytes)
Event: 7.452 Thread 0x00007fb11414a3e0 nmethod 1604 0x00007fb104414710 code [0x00007fb1044148a0, 0x00007fb104414968]

GC Heap History (2 events):
Event: 0.416 GC heap before
{Heap before GC invocations=0 (full 0):
 garbage-first heap   total 507904K, used 25650K [0x0000000617800000, 0x0000000800000000)
  region size 4096K, 6 young (24576K), 0 survivors (0K)
 Metaspace       used 7195K, committed 7360K, reserved 1114112K
  class space    used 550K, committed 640K, reserved 1048576K
}
Event: 0.417 GC heap after
{Heap after GC invocations=1 (full 0):
 garbage-first heap   total 507904K, used 3628K [0x0000000617800000, 0x0000000800000000)
  region size 4096K, 1 young (4096K), 1 survivors (4096K)
 Metaspace       used 7195K, committed 7360K, reserved 1114112K
  class space    used 550K, committed 640K, reserved 1048576K
}

Dll operation events (10 events):
Event: 0.002 Loaded shared library /usr/lib/jvm/java-21-openjdk/lib/libjava.so
Event: 0.015 Loaded shared library /usr/lib/jvm/java-21-openjdk/lib/libjsvml.so
Event: 0.021 Loaded shared library /usr/lib/jvm/java-21-openjdk/lib/libnio.so
Event: 0.023 Loaded shared library /usr/lib/jvm/java-21-openjdk/lib/libzip.so
Event: 0.041 Loaded shared library /usr/lib/jvm/java-21-openjdk/lib/libjimage.so
Event: 0.042 Loaded shared library /tmp/libgdxbazzite/da3a4817/libgdx64.so
Event: 0.057 Loaded shared library /usr/lib/jvm/java-21-openjdk/lib/libnet.so
Event: 0.059 Loaded shared library /tmp/lwjgl_bazzite/3.4.1+2/x64/liblwjgl.so
Event: 0.064 Loaded shared library /usr/lib/jvm/java-21-openjdk/lib/libsystemconf.so
Event: 0.227 Loaded shared library /tmp/lwjgl_bazzite/3.4.1+2/x64/liblwjgl_opengl.so

Deoptimization events (20 events):
Event: 0.223 Thread 0x00007fb11402e790 DEOPT PACKING pc=0x00007fb1043dae90 sp=0x00007fb11b9d1f10
Event: 0.223 Thread 0x00007fb11402e790 DEOPT UNPACKING pc=0x00007fb103cb6619 sp=0x00007fb11b9d1e90 mode 2
Event: 0.228 Thread 0x00007fb11402e790 Uncommon trap: trap_request=0xffffff45 fr.pc=0x00007fb1043ac6ac relative=0x000000000000018c
Event: 0.228 Thread 0x00007fb11402e790 Uncommon trap: reason=unstable_if action=reinterpret pc=0x00007fb1043ac6ac method=jdk.internal.util.ArraysSupport.vectorizedHashCode(Ljava/lang/Object;IIII)I @ 2 c2
Event: 0.228 Thread 0x00007fb11402e790 DEOPT PACKING pc=0x00007fb1043ac6ac sp=0x00007fb11b9d1300
Event: 0.228 Thread 0x00007fb11402e790 DEOPT UNPACKING pc=0x00007fb103cb6619 sp=0x00007fb11b9d12d0 mode 2
Event: 0.229 Thread 0x00007fb11402e790 Uncommon trap: trap_request=0xffffff54 fr.pc=0x00007fb1043e66ec relative=0x000000000000006c
Event: 0.229 Thread 0x00007fb11402e790 Uncommon trap: reason=speculate_null_assert action=make_not_entrant pc=0x00007fb1043e66ec method=sun.misc.Unsafe.getLong(Ljava/lang/Object;J)J @ 5 c2
Event: 0.229 Thread 0x00007fb11402e790 DEOPT PACKING pc=0x00007fb1043e66ec sp=0x00007fb11b9d2370
Event: 0.229 Thread 0x00007fb11402e790 DEOPT UNPACKING pc=0x00007fb103cb6619 sp=0x00007fb11b9d2318 mode 2
Event: 2.753 Thread 0x00007fb11402e790 Uncommon trap: trap_request=0xffffff45 fr.pc=0x00007fb1043ed5bc relative=0x000000000000065c
Event: 2.753 Thread 0x00007fb11402e790 Uncommon trap: reason=unstable_if action=reinterpret pc=0x00007fb1043ed5bc method=java.lang.StringLatin1.newString([BII)Ljava/lang/String; @ 1 c2
Event: 2.753 Thread 0x00007fb11402e790 DEOPT PACKING pc=0x00007fb1043ed5bc sp=0x00007fb11b9d1c40
Event: 2.753 Thread 0x00007fb11402e790 DEOPT UNPACKING pc=0x00007fb103cb6619 sp=0x00007fb11b9d1ba0 mode 2
Event: 2.767 Thread 0x00007fb11402e790 Uncommon trap: trap_request=0xffffff45 fr.pc=0x00007fb104402384 relative=0x0000000000000584
Event: 2.767 Thread 0x00007fb11402e790 Uncommon trap: reason=unstable_if action=reinterpret pc=0x00007fb104402384 method=com.badlogic.gdx.utils.ObjectIntMap.locateKey(Ljava/lang/Object;)I @ 32 c2
Event: 2.767 Thread 0x00007fb11402e790 DEOPT PACKING pc=0x00007fb104402384 sp=0x00007fb11b9d1b50
Event: 2.767 Thread 0x00007fb11402e790 DEOPT UNPACKING pc=0x00007fb103cb6619 sp=0x00007fb11b9d1b18 mode 2
Event: 3.887 Thread 0x00007fb11402e790 DEOPT PACKING pc=0x00007fb0fcab1b70 sp=0x00007fb11b9d2410
Event: 3.887 Thread 0x00007fb11402e790 DEOPT UNPACKING pc=0x00007fb103cb714f sp=0x00007fb11b9d1848 mode 0

Classes loaded (20 events):
Event: 7.453 Loading class jdk/internal/logger/AbstractLoggerWrapper
Event: 7.453 Loading class jdk/internal/logger/AbstractLoggerWrapper done
Event: 7.453 Loading class jdk/internal/logger/LazyLoggers$LazyLoggerWrapper done
Event: 7.453 Loading class jdk/internal/logger/LazyLoggers$JdkLazyLogger done
Event: 7.453 Loading class jdk/internal/logger/LazyLoggers$LazyLoggerAccessor
Event: 7.453 Loading class jdk/internal/logger/LazyLoggers$LoggerAccessor
Event: 7.453 Loading class jdk/internal/logger/LazyLoggers$LoggerAccessor done
Event: 7.453 Loading class jdk/internal/logger/LazyLoggers$LazyLoggerAccessor done
Event: 7.453 Loading class java/lang/System$Logger$Level
Event: 7.453 Loading class java/lang/System$Logger$Level done
Event: 7.453 Loading class jdk/internal/logger/SurrogateLogger
Event: 7.453 Loading class jdk/internal/logger/SimpleConsoleLogger
Event: 7.453 Loading class sun/util/logging/PlatformLogger$ConfigurableBridge$LoggerConfiguration
Event: 7.453 Loading class sun/util/logging/PlatformLogger$ConfigurableBridge$LoggerConfiguration done
Event: 7.453 Loading class jdk/internal/logger/SimpleConsoleLogger done
Event: 7.453 Loading class jdk/internal/logger/SurrogateLogger done
Event: 7.453 Loading class sun/util/logging/PlatformLogger
Event: 7.453 Loading class sun/util/logging/PlatformLogger done
Event: 7.453 Loading class sun/util/logging/PlatformLogger$Level
Event: 7.453 Loading class sun/util/logging/PlatformLogger$Level done

Classes unloaded (0 events):
No events

Classes redefined (0 events):
No events

Internal exceptions (20 events):
Event: 0.052 Thread 0x00007fb11402e790 Exception <a 'java/lang/NoSuchMethodError'{0x0000000635d76570}: 'void java.lang.invoke.DirectMethodHandle$Holder.invokeSpecial(java.lang.Object, java.lang.Object, java.lang.Object)'> (0x0000000635d76570) 
thrown [src/hotspot/share/interpreter/linkResolver.cpp, line 772]
Event: 0.052 Thread 0x00007fb11402e790 Exception <a 'java/lang/NoSuchMethodError'{0x0000000635d887d0}: 'java.lang.Object java.lang.invoke.DirectMethodHandle$Holder.invokeStatic(java.lang.Object, java.lang.Object, int)'> (0x0000000635d887d0) 
thrown [src/hotspot/share/interpreter/linkResolver.cpp, line 772]
Event: 0.053 Thread 0x00007fb11402e790 Exception <a 'java/lang/NoSuchMethodError'{0x0000000635d94028}: 'void java.lang.invoke.DelegatingMethodHandle$Holder.delegate(java.lang.Object, java.lang.Object, int, java.lang.Object)'> (0x0000000635d94028) 
thrown [src/hotspot/share/interpreter/linkResolver.cpp, line 772]
Event: 0.053 Thread 0x00007fb11402e790 Exception <a 'java/lang/NoSuchMethodError'{0x0000000635d98020}: 'int java.lang.invoke.DirectMethodHandle$Holder.invokeSpecial(java.lang.Object, java.lang.Object, java.lang.Object)'> (0x0000000635d98020) 
thrown [src/hotspot/share/interpreter/linkResolver.cpp, line 772]
Event: 0.054 Thread 0x00007fb11402e790 Exception <a 'java/lang/NoSuchMethodError'{0x0000000635db2748}: 'void java.lang.System.loadLibrary(java.lang.String, java.lang.Class)'> (0x0000000635db2748) 
thrown [src/hotspot/share/interpreter/linkResolver.cpp, line 772]
Event: 0.083 Thread 0x00007fb11402e790 Exception <a 'java/lang/NoSuchMethodError'{0x0000000635f5bb88}: 'int java.lang.invoke.DirectMethodHandle$Holder.invokeStaticInit(java.lang.Object, java.lang.Object, int, long)'> (0x0000000635f5bb88) 
thrown [src/hotspot/share/interpreter/linkResolver.cpp, line 772]
Event: 0.083 Thread 0x00007fb11402e790 Exception <a 'java/lang/NoSuchMethodError'{0x0000000635f60cb0}: 'java.lang.Object java.lang.invoke.DirectMethodHandle$Holder.newInvokeSpecial(java.lang.Object, java.lang.Object, int)'> (0x0000000635f60cb0) 
thrown [src/hotspot/share/interpreter/linkResolver.cpp, line 772]
Event: 0.084 Thread 0x00007fb11402e790 Exception <a 'java/lang/NoSuchMethodError'{0x0000000635f6b188}: 'int java.lang.invoke.DirectMethodHandle$Holder.invokeStaticInit(java.lang.Object, java.lang.Object, long, long)'> (0x0000000635f6b188) 
thrown [src/hotspot/share/interpreter/linkResolver.cpp, line 772]
Event: 0.084 Thread 0x00007fb11402e790 Exception <a 'java/lang/NoSuchMethodError'{0x0000000635f70c30}: 'java.lang.Object java.lang.invoke.DirectMethodHandle$Holder.newInvokeSpecial(java.lang.Object, java.lang.Object, long)'> (0x0000000635f70c30) 
thrown [src/hotspot/share/interpreter/linkResolver.cpp, line 772]
Event: 0.084 Thread 0x00007fb11402e790 Exception <a 'java/lang/NoSuchMethodError'{0x0000000635f74cf0}: 'java.lang.Object java.lang.invoke.Invokers$Holder.linkToTargetMethod(java.lang.Object, long, java.lang.Object)'> (0x0000000635f74cf0) 
thrown [src/hotspot/share/interpreter/linkResolver.cpp, line 772]
Event: 0.085 Thread 0x00007fb11402e790 Exception <a 'java/lang/NoSuchMethodError'{0x0000000635f7bf38}: 'int java.lang.invoke.DirectMethodHandle$Holder.invokeStaticInit(java.lang.Object, java.lang.Object, java.lang.Object, long)'> (0x0000000635f7bf38) 
thrown [src/hotspot/share/interpreter/linkResolver.cpp, line 772]
Event: 0.101 Thread 0x00007fb11402e790 Exception <a 'java/lang/NoSuchMethodError'{0x00000006358bfb48}: 'int java.lang.invoke.Invokers$Holder.invokeExact_MT(java.lang.Object, java.lang.Object)'> (0x00000006358bfb48) 
thrown [src/hotspot/share/interpreter/linkResolver.cpp, line 772]
Event: 0.132 Thread 0x00007fb11402e790 Exception <a 'java/lang/NoSuchMethodError'{0x000000063590be48}: 'java.lang.Object java.lang.invoke.DirectMethodHandle$Holder.invokeStaticInit(java.lang.Object, int)'> (0x000000063590be48) 
thrown [src/hotspot/share/interpreter/linkResolver.cpp, line 772]
Event: 0.163 Thread 0x00007fb11402e790 Exception <a 'java/lang/NoSuchMethodError'{0x0000000635b18300}: 'java.lang.Object java.lang.invoke.DirectMethodHandle$Holder.newInvokeSpecial(java.lang.Object, long)'> (0x0000000635b18300) 
thrown [src/hotspot/share/interpreter/linkResolver.cpp, line 772]
Event: 0.225 Thread 0x00007fb11402e790 Exception <a 'java/lang/NoSuchMethodError'{0x0000000635536218}: 'void java.lang.System.load(java.lang.String, java.lang.Class)'> (0x0000000635536218) 
thrown [src/hotspot/share/interpreter/linkResolver.cpp, line 772]
Event: 0.226 Thread 0x00007fb11402e790 Exception <a 'java/lang/NoSuchMethodError'{0x0000000635538c48}: 'void java.lang.System.loadLibrary(java.lang.String, java.lang.Class)'> (0x0000000635538c48) 
thrown [src/hotspot/share/interpreter/linkResolver.cpp, line 772]
Event: 0.429 Thread 0x00007fb11402e790 Exception <a 'java/lang/NoSuchMethodError'{0x00000006361a0be8}: 'void java.lang.invoke.Invokers$Holder.invokeExact_MT(java.lang.Object, java.lang.Object, java.lang.Object, java.lang.Object)'> (0x00000006361a0be8) 
thrown [src/hotspot/share/interpreter/linkResolver.cpp, line 772]
Event: 0.432 Thread 0x00007fb11402e790 Exception <a 'java/lang/NoSuchMethodError'{0x00000006361da0f8}: 'float java.lang.invoke.DelegatingMethodHandle$Holder.reinvoke_L(java.lang.Object, java.lang.Object)'> (0x00000006361da0f8) 
thrown [src/hotspot/share/interpreter/linkResolver.cpp, line 772]
Event: 0.433 Thread 0x00007fb11402e790 Exception <a 'java/lang/NoSuchMethodError'{0x00000006361e4220}: 'void java.lang.invoke.DelegatingMethodHandle$Holder.reinvoke_L(java.lang.Object, java.lang.Object, float)'> (0x00000006361e4220) 
thrown [src/hotspot/share/interpreter/linkResolver.cpp, line 772]
Event: 2.767 Thread 0x00007fb11402e790 Implicit null exception at 0x00007fb10440208e to 0x00007fb104402370

ZGC Phase Switch (0 events):
No events

VM Operations (20 events):
Event: 0.042 Executing non-safepoint VM operation: HandshakeAllThreads (Deoptimize) done
Event: 0.052 Executing non-safepoint VM operation: HandshakeAllThreads (Deoptimize)
Event: 0.052 Executing non-safepoint VM operation: HandshakeAllThreads (Deoptimize) done
Event: 0.081 Executing non-safepoint VM operation: HandshakeAllThreads (Deoptimize)
Event: 0.081 Executing non-safepoint VM operation: HandshakeAllThreads (Deoptimize) done
Event: 0.326 Executing non-safepoint VM operation: HandshakeAllThreads (Deoptimize)
Event: 0.326 Executing non-safepoint VM operation: HandshakeAllThreads (Deoptimize) done
Event: 0.416 Executing safepoint VM operation: G1CollectForAllocation (G1 Evacuation Pause)
Event: 0.417 Executing safepoint VM operation: G1CollectForAllocation (G1 Evacuation Pause) done
Event: 0.427 Executing non-safepoint VM operation: HandshakeAllThreads (Deoptimize)
Event: 0.427 Executing non-safepoint VM operation: HandshakeAllThreads (Deoptimize) done
Event: 1.427 Executing safepoint VM operation: Cleanup
Event: 1.427 Executing safepoint VM operation: Cleanup done
Event: 3.427 Executing safepoint VM operation: Cleanup
Event: 3.427 Executing safepoint VM operation: Cleanup done
Event: 6.427 Executing safepoint VM operation: Cleanup
Event: 6.427 Executing safepoint VM operation: Cleanup done
Event: 7.427 Executing safepoint VM operation: Cleanup
Event: 7.427 Executing safepoint VM operation: Cleanup done
Event: 7.453 Executing safepoint VM operation: Exit

Memory protections (17 events):
Event: 0.002 Protecting memory [0x00007fb11b8d4000,0x00007fb11b8d8000] with protection modes 0
Event: 0.014 Protecting memory [0x00007fb0f4154000,0x00007fb0f4158000] with protection modes 0
Event: 0.014 Protecting memory [0x00007fb0f4054000,0x00007fb0f4058000] with protection modes 0
Event: 0.014 Protecting memory [0x00007fb0e5f00000,0x00007fb0e5f04000] with protection modes 0
Event: 0.014 Protecting memory [0x00007fb0e5e00000,0x00007fb0e5e04000] with protection modes 0
Event: 0.014 Protecting memory [0x00007fb0e5d00000,0x00007fb0e5d04000] with protection modes 0
Event: 0.014 Protecting memory [0x00007fb0e5c00000,0x00007fb0e5c04000] with protection modes 0
Event: 0.014 Protecting memory [0x00007fb0e5b00000,0x00007fb0e5b04000] with protection modes 0
Event: 0.019 Protecting memory [0x00007fb0e5930000,0x00007fb0e5934000] with protection modes 0
Event: 0.019 Protecting memory [0x00007fb0e5830000,0x00007fb0e5834000] with protection modes 0
Event: 0.020 Protecting memory [0x00007fb0e5730000,0x00007fb0e5734000] with protection modes 0
Event: 0.020 Protecting memory [0x00007fb0e5630000,0x00007fb0e5634000] with protection modes 0
Event: 0.077 Protecting memory [0x00007fb0e5101000,0x00007fb0e5105000] with protection modes 0
Event: 0.100 Protecting memory [0x00007fb0e4500000,0x00007fb0e4504000] with protection modes 0
Event: 0.168 Protecting memory [0x00007fb090086000,0x00007fb09008a000] with protection modes 0
Event: 0.321 Protecting memory [0x00007fb00a67c000,0x00007fb00a680000] with protection modes 0
Event: 7.451 Protecting memory [0x00007fb0e5930000,0x00007fb0e5934000] with protection modes 0

Nmethod flushes (0 events):
No events

Events (20 events):
Event: 0.014 Thread 0x00007fb11402e790 Thread added: 0x00007fb114142db0
Event: 0.014 Thread 0x00007fb11402e790 Thread added: 0x00007fb114144580
Event: 0.014 Thread 0x00007fb11402e790 Thread added: 0x00007fb114145bc0
Event: 0.014 Thread 0x00007fb11402e790 Thread added: 0x00007fb114147160
Event: 0.014 Thread 0x00007fb11402e790 Thread added: 0x00007fb114148d20
Event: 0.014 Thread 0x00007fb11402e790 Thread added: 0x00007fb11414a3e0
Event: 0.019 Thread 0x00007fb11414a3e0 Thread added: 0x00007fb064064a20
Event: 0.019 Thread 0x00007fb11414a3e0 Thread added: 0x00007fb06406e0e0
Event: 0.020 Thread 0x00007fb11402e790 Thread added: 0x00007fb11418bae0
Event: 0.020 Thread 0x00007fb11402e790 Thread added: 0x00007fb11418eb60
Event: 0.077 Thread 0x00007fb11414a3e0 Thread added: 0x00007fb0640ff8a0
Event: 0.100 Thread 0x00007fb11414a3e0 Thread added: 0x00007fb064103060
Event: 0.168 Thread 0x00007fb11402e790 Thread added: 0x00007fb1149fa660
Event: 0.321 Thread 0x00007fb11402e790 Thread added: 0x00007fb117001630
Event: 0.606 Thread 0x00007fb0640ff8a0 Thread exited: 0x00007fb0640ff8a0
Event: 2.752 Thread 0x00007fb064103060 Thread exited: 0x00007fb064103060
Event: 5.167 Thread 0x00007fb06406e0e0 Thread exited: 0x00007fb06406e0e0
Event: 5.433 Thread 0x00007fb064064a20 Thread exited: 0x00007fb064064a20
Event: 7.451 Thread 0x00007fb114144580 Thread added: 0x00007fb074001080
Event: 7.453 Thread 0x00007fb074001080 Before exit entered


Dynamic libraries:
617800000-636400000 rw-p 00000000 00:00 0 
636400000-7ffc00000 ---p 00000000 00:00 0 
7ffc00000-7ffd0d000 rw-p 00cdc000 00:49 7160503                          /usr/lib/jvm/java-21-openjdk/lib/server/classes.jsa
7ffd0d000-800000000 rw-p 00000000 00:00 0 
5652f1d78000-5652f1d79000 r-xp 00000000 00:49 7160208                    /usr/lib/jvm/java-21-openjdk/bin/java
5652f1d79000-5652f1d7a000 r--p 00001000 00:49 7160208                    /usr/lib/jvm/java-21-openjdk/bin/java
5652f1d7a000-5652f1d7b000 r--p 00001000 00:49 7160208                    /usr/lib/jvm/java-21-openjdk/bin/java
5652f1d7b000-5652f1d7c000 rw-p 00002000 00:49 7160208                    /usr/lib/jvm/java-21-openjdk/bin/java
56532e4ef000-56532e51b000 rw-p 00000000 00:00 0                          [heap]
7fafd4000000-7fafd4021000 rw-p 00000000 00:00 0 
7fafd4021000-7fafd8000000 ---p 00000000 00:00 0 
7fafd8000000-7fafd8021000 rw-p 00000000 00:00 0 
7fafd8021000-7fafdc000000 ---p 00000000 00:00 0 
7fafdc000000-7fafdc021000 rw-p 00000000 00:00 0 
7fafdc021000-7fafe0000000 ---p 00000000 00:00 0 
7fafe0000000-7fafe0021000 rw-p 00000000 00:00 0 
7fafe0021000-7fafe4000000 ---p 00000000 00:00 0 
7fafe4000000-7fafe4021000 rw-p 00000000 00:00 0 
7fafe4021000-7fafe8000000 ---p 00000000 00:00 0 
7fafe8000000-7fafe8021000 rw-p 00000000 00:00 0 
7fafe8021000-7fafec000000 ---p 00000000 00:00 0 
7fafec000000-7fafec021000 rw-p 00000000 00:00 0 
7fafec021000-7faff0000000 ---p 00000000 00:00 0 
7faff0000000-7faff0021000 rw-p 00000000 00:00 0 
7faff0021000-7faff4000000 ---p 00000000 00:00 0 
7faff4000000-7faff4021000 rw-p 00000000 00:00 0 
7faff4021000-7faff8000000 ---p 00000000 00:00 0 
7faff8000000-7faff8021000 rw-p 00000000 00:00 0 
7faff8021000-7faffc000000 ---p 00000000 00:00 0 
7faffc000000-7faffc021000 rw-p 00000000 00:00 0 
7faffc021000-7fb000000000 ---p 00000000 00:00 0 
7fb000000000-7fb0009e5000 rw-p 00000000 00:00 0 
7fb0009e5000-7fb004000000 ---p 00000000 00:00 0 
7fb004000000-7fb004073000 rw-p 00000000 00:00 0 
7fb004073000-7fb008000000 ---p 00000000 00:00 0 
7fb008600000-7fb009000000 rwxp 00000000 00:00 0 
7fb0091e5000-7fb009488000 rw-s 00000000 00:01 33320                      /memfd:mesa-shared (deleted)
7fb009488000-7fb009e92000 rw-p 00000000 00:00 0 
7fb009e92000-7fb00a67c000 rw-p 00000000 00:00 0 
7fb00a67c000-7fb00a680000 ---p 00000000 00:00 0 
7fb00a680000-7fb00a77c000 rw-p 00000000 00:00 0 
7fb00a77c000-7fb00a7bd000 rw-p 00000000 00:00 0 
7fb00a7bd000-7fb00a858000 r--p 00000000 00:27 257824                     /usr/local/share/fonts/google-noto/NotoSans-Bold.ttf
7fb00a858000-7fb00a8f3000 r--p 00000000 00:27 257824                     /usr/local/share/fonts/google-noto/NotoSans-Bold.ttf
7fb00a8f3000-7fb00a8f4000 r--s 00000000 00:23 7387248                    /home/bazzite/.cache/fontconfig/d7a569af8e223acb75bc30910d7ef9ed-le64.cache-9
7fb00a8f4000-7fb00a8f6000 r--s 00000000 00:23 12865309                   /home/bazzite/.cache/fontconfig/6b60f0e179979a2c9a4d5c4f7eefb67f-le64.cache-9
7fb00a8f6000-7fb00a8f7000 r--s 00000000 00:23 7387197                    /home/bazzite/.cache/fontconfig/fc75e9a4611ba4d5d1230dbca349abc2-le64.cache-9
7fb00a8f7000-7fb00a8f8000 r--s 00000000 00:23 12299779                   /home/bazzite/.cache/fontconfig/23ea6065a6d55ece5eb71d63bc4c9c7d-le64.cache-9
7fb00a8f8000-7fb00a915000 r--s 00000000 00:49 3822094                    /usr/lib/fontconfig/cache/123d59b33ddb0e7c76bb24004bd5cfac-le64.cache-9
7fb00a915000-7fb00a91a000 r--s 00000000 00:49 1082902                    /usr/lib/fontconfig/cache/d63f98f14a274bd69a5425fc33aaac6b-le64.cache-9
7fb00a91a000-7fb00a923000 r--s 00000000 00:49 3822092                    /usr/lib/fontconfig/cache/6ee3103884cce7b2fe6f32eba9089175-le64.cache-9
7fb00a923000-7fb00a92c000 r--s 00000000 00:49 1085967                    /usr/lib/fontconfig/cache/6cdba951d5a16891afaaf2fee13e80e7-le64.cache-9
7fb00a92c000-7fb00a92f000 r--s 00000000 00:49 1085965                    /usr/lib/fontconfig/cache/feeafda3627faad7596d025cfacea73f-le64.cache-9
7fb00a92f000-7fb00a932000 r--s 00000000 00:49 1082900                    /usr/lib/fontconfig/cache/18f520a508f13854f77176faf7889ae9-le64.cache-9
7fb00a932000-7fb00a937000 r--s 00000000 00:49 1082896                    /usr/lib/fontconfig/cache/6ec93c29005712963aaa22af1809da14-le64.cache-9
7fb00a937000-7fb00a954000 r--s 00000000 00:49 1082894                    /usr/lib/fontconfig/cache/876d1e5ed346defde032494815bfb839-le64.cache-9
7fb00a954000-7fb00a955000 r--s 00000000 00:49 1082892                    /usr/lib/fontconfig/cache/33c6bbd909a8f10851a4056c73c86d5d-le64.cache-9
7fb00a955000-7fb00a95a000 r--s 00000000 00:49 1082890                    /usr/lib/fontconfig/cache/c7ea5600018b5457f90a75a411dca181-le64.cache-9
7fb00a95a000-7fb00a95b000 r--s 00000000 00:49 1082888                    /usr/lib/fontconfig/cache/d6ea941674ae40559d2ff3d3b7033dc5-le64.cache-9
7fb00a95b000-7fb00a95d000 r--s 00000000 00:49 1082886                    /usr/lib/fontconfig/cache/ffb01ab76ea797771fc7a567b58060b1-le64.cache-9
7fb00a95d000-7fb00a95e000 r--s 00000000 00:49 1082884                    /usr/lib/fontconfig/cache/e0ab052bd3d44540ac0679a31c37147f-le64.cache-9
7fb00a95e000-7fb00a960000 r--s 00000000 00:49 1082882                    /usr/lib/fontconfig/cache/d08f6a95540f65647c5ddb26bc5ee44f-le64.cache-9
7fb00a960000-7fb00a965000 r--s 00000000 00:49 1082880                    /usr/lib/fontconfig/cache/c49556cff7e1a89b25831daeff5ebdc9-le64.cache-9
7fb00a965000-7fb00a967000 r--s 00000000 00:49 1082878                    /usr/lib/fontconfig/cache/8705ab89d754816d59fecae72f983cbb-le64.cache-9
7fb00a967000-7fb00a968000 r--s 00000000 00:49 1082876                    /usr/lib/fontconfig/cache/e1d7114fade3104855b784d52043788b-le64.cache-9
7fb00a968000-7fb00a96b000 r--s 00000000 00:49 1082874                    /usr/lib/fontconfig/cache/9df9a62f46596efacd17df59faea9e12-le64.cache-9
7fb00a96b000-7fb00a96d000 r--s 00000000 00:49 1082872                    /usr/lib/fontconfig/cache/81f440aff8695e62538f4d4aa4dda1b9-le64.cache-9
7fb00a96d000-7fb00a96f000 r--s 00000000 00:49 1082870                    /usr/lib/fontconfig/cache/9ba4c59e0897ff97e9ff83765e36aba0-le64.cache-9
7fb00a96f000-7fb00a978000 r--s 00000000 00:49 1082868                    /usr/lib/fontconfig/cache/2c94c36db93ab6a338646c01dbecb342-le64.cache-9
7fb00a978000-7fb00a979000 r--s 00000000 00:49 1082866                    /usr/lib/fontconfig/cache/149e020e1ffa29da6638c239e39df2a6-le64.cache-9
7fb00a979000-7fb00a9db000 r--s 00000000 00:49 1082864                    /usr/lib/fontconfig/cache/b57f9a2bb32865a9d06aed058fcf9161-le64.cache-9
7fb00a9db000-7fb00a9ee000 r--s 00000000 00:49 1082862                    /usr/lib/fontconfig/cache/225b3e7a21154b8bedfc9509e8cccdc5-le64.cache-9
7fb00a9ee000-7fb00a9f9000 r--s 00000000 00:49 1082860                    /usr/lib/fontconfig/cache/614ccbc80639b3a6f43af8bfce0af87e-le64.cache-9
7fb00a9f9000-7fb00aa11000 r--s 00000000 00:49 1082858                    /usr/lib/fontconfig/cache/1f8920c8d92ca109b30bca641140eeb4-le64.cache-9
7fb00aa11000-7fb00aa12000 r--s 00000000 00:49 1082856                    /usr/lib/fontconfig/cache/b5adcb31ec90862990a73c9baa385b38-le64.cache-9
7fb00aa12000-7fb00aa13000 r--s 00000000 00:49 1082854                    /usr/lib/fontconfig/cache/e7c90c5d6650b542ec5033b04921fa77-le64.cache-9
7fb00aa13000-7fb00aa6d000 r--s 00000000 00:49 1082852                    /usr/lib/fontconfig/cache/b73e02d9d19db59b33300e44f1f51e49-le64.cache-9
7fb00aa6d000-7fb00aa76000 r--s 00000000 00:49 1082850                    /usr/lib/fontconfig/cache/27ae899a46ebbb03076b2733a727ba91-le64.cache-9
7fb00aa76000-7fb00aa7a000 r--s 00000000 00:49 1082846                    /usr/lib/fontconfig/cache/44d36ec332e97361f14b43118a6bb4fa-le64.cache-9
7fb00aa7a000-7fb00aa83000 r--s 00000000 00:49 1082842                    /usr/lib/fontconfig/cache/fc4098c50360d5dff771e984a783ba6f-le64.cache-9
7fb00aa83000-7fb00b284000 rw-p 00000000 00:00 0 
7fb00b2ed000-7fb00b590000 rw-s 00000000 00:01 27422                      /memfd:mesa-shared (deleted)
7fb00b590000-7fb00b5a5000 r-xp 00000000 00:38 2567                       /tmp/lwjgl_bazzite/3.4.1+2/x64/liblwjgl_opengl.so
7fb00b5a5000-7fb00b5e8000 r--p 00015000 00:38 2567                       /tmp/lwjgl_bazzite/3.4.1+2/x64/liblwjgl_opengl.so
7fb00b5e8000-7fb00b5e9000 r--p 00057000 00:38 2567                       /tmp/lwjgl_bazzite/3.4.1+2/x64/liblwjgl_opengl.so
7fb00b5e9000-7fb00b5ea000 rw-p 00058000 00:38 2567                       /tmp/lwjgl_bazzite/3.4.1+2/x64/liblwjgl_opengl.so
7fb00b5ea000-7fb00ba0d000 rw-p 00000000 00:00 0 
7fb00ba0d000-7fb00bcb0000 rw-s 00000000 00:01 36202                      /memfd:mesa-shared (deleted)
7fb00bcb0000-7fb00bdc2000 rw-p 00000000 00:00 0 
7fb00bdc2000-7fb00c5c3000 rw-p 00000000 00:00 0 
7fb00c5c3000-7fb00c704000 rw-s 00000000 00:23 5884                       /home/bazzite/.cache/mesa_shader_cache/index
7fb00c704000-7fb01bf23000 rw-p 00000000 00:00 0 
7fb01bf23000-7fb01fd1a000 r--p 00000000 00:49 7154802                    /usr/lib64/libLLVM.so.21.1
7fb01fd1a000-7fb0245a3000 r-xp 03df6000 00:49 7154802                    /usr/lib64/libLLVM.so.21.1
7fb0245a3000-7fb0247af000 r--p 0867e000 00:49 7154802                    /usr/lib64/libLLVM.so.21.1
7fb0247af000-7fb0247f4000 rw-p 08889000 00:49 7154802                    /usr/lib64/libLLVM.so.21.1
7fb0247f4000-7fb024899000 rw-p 00000000 00:00 0 
7fb024899000-7fb02660b000 r-xp 00000000 00:49 7154882                    /usr/lib64/libgallium-25.3.6.so
7fb02660b000-7fb027724000 r--p 01d72000 00:49 7154882                    /usr/lib64/libgallium-25.3.6.so
7fb027724000-7fb02787b000 r--p 02e8b000 00:49 7154882                    /usr/lib64/libgallium-25.3.6.so
7fb02787b000-7fb0278a9000 rw-p 02fe2000 00:49 7154882                    /usr/lib64/libgallium-25.3.6.so
7fb0278a9000-7fb027a74000 rw-p 00000000 00:00 0 
7fb027a74000-7fb027d1f000 r--p 00000000 00:27 30957                      /usr/lib64/libnvidia-gpucomp.so.580.159.04
7fb027d1f000-7fb02ae0d000 r-xp 002ab000 00:27 30957                      /usr/lib64/libnvidia-gpucomp.so.580.159.04
7fb02ae0d000-7fb02bc7d000 r--p 03399000 00:27 30957                      /usr/lib64/libnvidia-gpucomp.so.580.159.04
7fb02bc7d000-7fb02bc7e000 ---p 04209000 00:27 30957                      /usr/lib64/libnvidia-gpucomp.so.580.159.04
7fb02bc7e000-7fb02be55000 r--p 04209000 00:27 30957                      /usr/lib64/libnvidia-gpucomp.so.580.159.04
7fb02be55000-7fb02bf60000 rw-p 043e0000 00:27 30957                      /usr/lib64/libnvidia-gpucomp.so.580.159.04
7fb02bf60000-7fb02c021000 rw-p 00000000 00:00 0 
7fb02c021000-7fb030000000 ---p 00000000 00:00 0 
7fb030000000-7fb03007e000 rw-p 00000000 00:00 0 
7fb03007e000-7fb034000000 ---p 00000000 00:00 0 
7fb034000000-7fb034003000 r--s 00000000 00:49 1082840                    /usr/lib/fontconfig/cache/f068ed1aed4cb4b8fd15a017c476fecc-le64.cache-9
7fb034004000-7fb034005000 r--p 00000000 00:00 0 
7fb034005000-7fb034006000 r-xp 00000000 00:00 0 
7fb034006000-7fb034007000 r--p 00000000 00:00 0 
7fb034007000-7fb034008000 r-xp 00000000 00:00 0 
7fb034008000-7fb034009000 rw-p 00000000 00:00 0 
7fb034009000-7fb03400a000 r--p 00000000 00:00 0 
7fb03400a000-7fb03400b000 r-xp 00000000 00:00 0 
7fb03400b000-7fb03400c000 r--p 00000000 00:00 0 
7fb03400c000-7fb03400d000 r-xp 00000000 00:00 0 
7fb03400d000-7fb03400e000 rw-p 00000000 00:00 0 
7fb03400e000-7fb03400f000 r--p 00000000 00:00 0 
7fb03400f000-7fb034010000 r-xp 00000000 00:00 0 
7fb034010000-7fb034011000 rw-p 00000000 00:00 0 
7fb034011000-7fb034012000 r--p 00000000 00:00 0 
7fb034012000-7fb034013000 r-xp 00000000 00:00 0 
7fb034013000-7fb034014000 r--p 00000000 00:00 0 
7fb034014000-7fb034015000 r-xp 00000000 00:00 0 
7fb034015000-7fb034016000 r--p 00000000 00:00 0 
7fb034016000-7fb034017000 r-xp 00000000 00:00 0 
7fb034017000-7fb034018000 rw-p 00000000 00:00 0 
7fb034018000-7fb034019000 r--p 00000000 00:00 0 
7fb034019000-7fb03401a000 r-xp 00000000 00:00 0 
7fb03401a000-7fb0340a6000 rw-p 00000000 00:00 0 
7fb0340a6000-7fb0340bb000 r-xp 00000000 00:49 590540                     /usr/lib64/libtinfo.so.6.5
7fb0340bb000-7fb0340ce000 r--p 00015000 00:49 590540                     /usr/lib64/libtinfo.so.6.5
7fb0340ce000-7fb0340d2000 r--p 00028000 00:49 590540                     /usr/lib64/libtinfo.so.6.5
7fb0340d2000-7fb0340d3000 rw-p 0002c000 00:49 590540                     /usr/lib64/libtinfo.so.6.5
7fb0340d3000-7fb0340d8000 r-xp 00000000 00:49 1067372                    /usr/lib64/libpciaccess.so.0.11.1
7fb0340d8000-7fb0340db000 r--p 00005000 00:49 1067372                    /usr/lib64/libpciaccess.so.0.11.1
7fb0340db000-7fb0340dc000 r--p 00008000 00:49 1067372                    /usr/lib64/libpciaccess.so.0.11.1
7fb0340dc000-7fb0340dd000 rw-p 00000000 00:00 0 
7fb0340dd000-7fb0340ff000 r-xp 00000000 00:49 1066457                    /usr/lib64/libedit.so.0.0.76
7fb0340ff000-7fb034111000 r--p 00022000 00:49 1066457                    /usr/lib64/libedit.so.0.0.76
7fb034111000-7fb034113000 r--p 00034000 00:49 1066457                    /usr/lib64/libedit.so.0.0.76
7fb034113000-7fb034114000 rw-p 00036000 00:49 1066457                    /usr/lib64/libedit.so.0.0.76
7fb034114000-7fb034117000 rw-p 00000000 00:00 0 
7fb034117000-7fb03412f000 r-xp 00000000 00:49 7151765                    /usr/lib64/libdrm_intel.so.1.131.0
7fb03412f000-7fb03413b000 r--p 00018000 00:49 7151765                    /usr/lib64/libdrm_intel.so.1.131.0
7fb03413b000-7fb03413c000 r--p 00023000 00:49 7151765                    /usr/lib64/libdrm_intel.so.1.131.0
7fb03413c000-7fb03413d000 rw-p 00024000 00:49 7151765                    /usr/lib64/libdrm_intel.so.1.131.0
7fb03413d000-7fb034151000 r-xp 00000000 00:49 7151795                    /usr/lib64/libelf-0.195.so
7fb034151000-7fb034158000 r--p 00014000 00:49 7151795                    /usr/lib64/libelf-0.195.so
7fb034158000-7fb034159000 r--p 0001a000 00:49 7151795                    /usr/lib64/libelf-0.195.so
7fb034159000-7fb03415a000 rw-p 00000000 00:00 0 
7fb03415a000-7fb034161000 r-xp 00000000 00:49 7151763                    /usr/lib64/libdrm_amdgpu.so.1.131.0
7fb034161000-7fb034166000 r--p 00007000 00:49 7151763                    /usr/lib64/libdrm_amdgpu.so.1.131.0
7fb034166000-7fb034167000 r--p 0000b000 00:49 7151763                    /usr/lib64/libdrm_amdgpu.so.1.131.0
7fb034167000-7fb034168000 rw-p 00000000 00:00 0 
7fb034168000-7fb03416b000 r-xp 00000000 00:49 1066406                    /usr/lib64/libxcb-sync.so.1.0.0
7fb03416b000-7fb03416e000 r--p 00003000 00:49 1066406                    /usr/lib64/libxcb-sync.so.1.0.0
7fb03416e000-7fb03416f000 r--p 00006000 00:49 1066406                    /usr/lib64/libxcb-sync.so.1.0.0
7fb03416f000-7fb034170000 rw-p 00007000 00:49 1066406                    /usr/lib64/libxcb-sync.so.1.0.0
7fb034170000-7fb034178000 r-xp 00000000 00:49 1066638                    /usr/lib64/libsensors.so.4.5.0
7fb034178000-7fb03417d000 r--p 00008000 00:49 1066638                    /usr/lib64/libsensors.so.4.5.0
7fb03417d000-7fb03417e000 r--p 0000d000 00:49 1066638                    /usr/lib64/libsensors.so.4.5.0
7fb03417e000-7fb03417f000 rw-p 0000e000 00:49 1066638                    /usr/lib64/libsensors.so.4.5.0
7fb03417f000-7fb034282000 r-xp 00000000 00:49 7151966                    /usr/lib64/libSPIRV-Tools.so
7fb034282000-7fb034311000 r--p 00103000 00:49 7151966                    /usr/lib64/libSPIRV-Tools.so
7fb034311000-7fb034314000 r--p 00192000 00:49 7151966                    /usr/lib64/libSPIRV-Tools.so
7fb034314000-7fb034315000 rw-p 00195000 00:49 7151966                    /usr/lib64/libSPIRV-Tools.so
7fb034315000-7fb0343c5000 r-xp 00000000 00:49 590585                     /usr/lib64/libzstd.so.1.5.7
7fb0343c5000-7fb0343d6000 r--p 000b0000 00:49 590585                     /usr/lib64/libzstd.so.1.5.7
7fb0343d6000-7fb0343d7000 r--p 000c0000 00:49 590585                     /usr/lib64/libzstd.so.1.5.7
7fb0343d7000-7fb0343d8000 rw-p 00000000 00:00 0 
7fb0343d8000-7fb0343d9000 r-xp 00000000 00:49 1066390                    /usr/lib64/libxcb-present.so.0.0.0
7fb0343d9000-7fb0343db000 r--p 00001000 00:49 1066390                    /usr/lib64/libxcb-present.so.0.0.0
7fb0343db000-7fb0343dc000 r--p 00002000 00:49 1066390                    /usr/lib64/libxcb-present.so.0.0.0
7fb0343dc000-7fb0343dd000 rw-p 00003000 00:49 1066390                    /usr/lib64/libxcb-present.so.0.0.0
7fb0343dd000-7fb0343e0000 r-xp 00000000 00:49 1066410                    /usr/lib64/libxcb-xfixes.so.0.0.0
7fb0343e0000-7fb0343e4000 r--p 00003000 00:49 1066410                    /usr/lib64/libxcb-xfixes.so.0.0.0
7fb0343e4000-7fb0343e5000 r--p 00007000 00:49 1066410                    /usr/lib64/libxcb-xfixes.so.0.0.0
7fb0343e5000-7fb0343e6000 rw-p 00008000 00:49 1066410                    /usr/lib64/libxcb-xfixes.so.0.0.0
7fb0343e6000-7fb0343ec000 r-xp 00000000 00:49 1066392                    /usr/lib64/libxcb-randr.so.0.1.0
7fb0343ec000-7fb0343f6000 r--p 00006000 00:49 1066392                    /usr/lib64/libxcb-randr.so.0.1.0
7fb0343f6000-7fb0343f7000 r--p 00010000 00:49 1066392                    /usr/lib64/libxcb-randr.so.0.1.0
7fb0343f7000-7fb0343f8000 rw-p 00011000 00:49 1066392                    /usr/lib64/libxcb-randr.so.0.1.0
7fb0343f8000-7fb034420000 r-xp 00000000 00:49 7173565                    /usr/lib64/libEGL_mesa.so.0.0.0
7fb034420000-7fb034437000 r--p 00028000 00:49 7173565                    /usr/lib64/libEGL_mesa.so.0.0.0
7fb034437000-7fb034443000 r--p 0003f000 00:49 7173565                    /usr/lib64/libEGL_mesa.so.0.0.0
7fb034443000-7fb034444000 rw-p 0004b000 00:49 7173565                    /usr/lib64/libEGL_mesa.so.0.0.0
7fb034444000-7fb034447000 r--s 00000000 00:49 1082838                    /usr/lib/fontconfig/cache/c8fe155264990cf0dc8a423973091113-le64.cache-9
7fb034447000-7fb03444a000 r--s 00000000 00:49 1082836                    /usr/lib/fontconfig/cache/61ea0c41d2b57119f60ea7e4839106cf-le64.cache-9
7fb03444a000-7fb03444f000 r--s 00000000 00:49 1083501                    /usr/lib/fontconfig/cache/beeeeb3dfe132a8a0633a017c99ce0c0-le64.cache-9
7fb03444f000-7fb034d71000 rw-p 00000000 00:00 0 
7fb034d71000-7fb034d7a000 rw-s 00008000 00:01 27421                      /memfd:pipewire-memfd:flags=0x0000000f,type=2,size=65664 (deleted)
7fb034d7a000-7fb034d83000 rw-s 00000000 00:01 27421                      /memfd:pipewire-memfd:flags=0x0000000f,type=2,size=65664 (deleted)
7fb034d83000-7fb034d8c000 rw-s 00008000 00:01 27420                      /memfd:pipewire-memfd:flags=0x0000000f,type=2,size=65664 (deleted)
7fb034d8c000-7fb034dd7000 rw-p 00000000 00:00 0 
7fb034dd7000-7fb035019000 r--p 00000000 00:27 30918                      /usr/lib64/libnvidia-eglcore.so.580.159.04
7fb035019000-7fb035cdd000 r-xp 00242000 00:27 30918                      /usr/lib64/libnvidia-eglcore.so.580.159.04
7fb035cdd000-7fb036d7f000 r--p 00f06000 00:27 30918                      /usr/lib64/libnvidia-eglcore.so.580.159.04
7fb036d7f000-7fb036d80000 ---p 01fa8000 00:27 30918                      /usr/lib64/libnvidia-eglcore.so.580.159.04
7fb036d80000-7fb036ef8000 r--p 01fa8000 00:27 30918                      /usr/lib64/libnvidia-eglcore.so.580.159.04
7fb036ef8000-7fb036f4c000 rw-p 02120000 00:27 30918                      /usr/lib64/libnvidia-eglcore.so.580.159.04
7fb036f4c000-7fb036f62000 rw-p 00000000 00:00 0 
7fb036f62000-7fb036f72000 r--p 00000000 00:27 30947                      /usr/lib64/libnvidia-glsi.so.580.159.04
7fb036f72000-7fb036fd2000 r-xp 00010000 00:27 30947                      /usr/lib64/libnvidia-glsi.so.580.159.04
7fb036fd2000-7fb036fef000 r--p 00070000 00:27 30947                      /usr/lib64/libnvidia-glsi.so.580.159.04
7fb036fef000-7fb036ff5000 r--p 0008c000 00:27 30947                      /usr/lib64/libnvidia-glsi.so.580.159.04
7fb036ff5000-7fb036ff6000 rw-p 00092000 00:27 30947                      /usr/lib64/libnvidia-glsi.so.580.159.04
7fb036ff6000-7fb036ffe000 rw-p 00000000 00:00 0 
7fb036ffe000-7fb038000000 rw-p 00000000 00:00 0 
7fb038000000-7fb038021000 rw-p 00000000 00:00 0 
7fb038021000-7fb03c000000 ---p 00000000 00:00 0 
7fb03c000000-7fb03c087000 rw-p 00000000 00:00 0 
7fb03c087000-7fb040000000 ---p 00000000 00:00 0 
7fb040000000-7fb040021000 rw-p 00000000 00:00 0 
7fb040021000-7fb044000000 ---p 00000000 00:00 0 
7fb044000000-7fb044022000 rw-p 00000000 00:00 0 
7fb044022000-7fb048000000 ---p 00000000 00:00 0 
7fb048000000-7fb0481b0000 rw-p 00000000 00:00 0 
7fb0481b0000-7fb04c000000 ---p 00000000 00:00 0 
7fb04c000000-7fb04c187000 rw-p 00000000 00:00 0 
7fb04c187000-7fb050000000 ---p 00000000 00:00 0 
7fb050000000-7fb050021000 rw-p 00000000 00:00 0 
7fb050021000-7fb054000000 ---p 00000000 00:00 0 
7fb054000000-7fb054021000 rw-p 00000000 00:00 0 
7fb054021000-7fb058000000 ---p 00000000 00:00 0 
7fb058000000-7fb0580c4000 rw-p 00000000 00:00 0 
7fb0580c4000-7fb05c000000 ---p 00000000 00:00 0 
7fb05c000000-7fb05c0eb000 rw-p 00000000 00:00 0 
7fb05c0eb000-7fb060000000 ---p 00000000 00:00 0 
7fb060000000-7fb06038d000 rw-p 00000000 00:00 0 
7fb06038d000-7fb064000000 ---p 00000000 00:00 0 
7fb064000000-7fb06417a000 rw-p 00000000 00:00 0 
7fb06417a000-7fb068000000 ---p 00000000 00:00 0 
7fb068000000-7fb068021000 rw-p 00000000 00:00 0 
7fb068021000-7fb06c000000 ---p 00000000 00:00 0 
7fb06c000000-7fb06c021000 rw-p 00000000 00:00 0 
7fb06c021000-7fb070000000 ---p 00000000 00:00 0 
7fb070000000-7fb070021000 rw-p 00000000 00:00 0 
7fb070021000-7fb074000000 ---p 00000000 00:00 0 
7fb074000000-7fb074021000 rw-p 00000000 00:00 0 
7fb074021000-7fb078000000 ---p 00000000 00:00 0 
7fb078000000-7fb078021000 rw-p 00000000 00:00 0 
7fb078021000-7fb07c000000 ---p 00000000 00:00 0 
7fb07c000000-7fb07c001000 r--s 00000000 00:49 1082848                    /usr/lib/fontconfig/cache/a5f2dcfa2bf6574e3790e0d984f4cd62-le64.cache-9
7fb07c001000-7fb07c003000 r-xp 00000000 00:49 1066386                    /usr/lib64/libxcb-dri3.so.0.1.0
7fb07c003000-7fb07c005000 r--p 00002000 00:49 1066386                    /usr/lib64/libxcb-dri3.so.0.1.0
7fb07c005000-7fb07c006000 r--p 00004000 00:49 1066386                    /usr/lib64/libxcb-dri3.so.0.1.0
7fb07c006000-7fb07c007000 rw-p 00005000 00:49 1066386                    /usr/lib64/libxcb-dri3.so.0.1.0
7fb07c007000-7fb07c025000 r-xp 00000000 00:49 1066326                    /usr/lib64/libexpat.so.1.11.1
7fb07c025000-7fb07c02f000 r--p 0001e000 00:49 1066326                    /usr/lib64/libexpat.so.1.11.1
7fb07c02f000-7fb07c031000 r--p 00027000 00:49 1066326                    /usr/lib64/libexpat.so.1.11.1
7fb07c031000-7fb07c032000 rw-p 00000000 00:00 0 
7fb07c032000-7fb07c03f000 r-xp 00000000 00:49 7151761                    /usr/lib64/libdrm.so.2.131.0
7fb07c03f000-7fb07c047000 r--p 0000d000 00:49 7151761                    /usr/lib64/libdrm.so.2.131.0
7fb07c047000-7fb07c048000 r--p 00015000 00:49 7151761                    /usr/lib64/libdrm.so.2.131.0
7fb07c048000-7fb07c049000 rw-p 00000000 00:00 0 
7fb07c049000-7fb07c07d000 r--p 00000000 00:27 21359                      /usr/lib64/libEGL_nvidia.so.0
7fb07c07d000-7fb07c114000 r-xp 00034000 00:27 21359                      /usr/lib64/libEGL_nvidia.so.0
7fb07c114000-7fb07c168000 r--p 000cb000 00:27 21359                      /usr/lib64/libEGL_nvidia.so.0
7fb07c168000-7fb07c169000 ---p 0011f000 00:27 21359                      /usr/lib64/libEGL_nvidia.so.0
7fb07c169000-7fb07c171000 r--p 0011f000 00:27 21359                      /usr/lib64/libEGL_nvidia.so.0
7fb07c171000-7fb07c187000 rw-p 00127000 00:27 21359                      /usr/lib64/libEGL_nvidia.so.0
7fb07c187000-7fb07c18c000 rw-p 00000000 00:00 0 
7fb07c18c000-7fb07e190000 rw-p 00000000 00:00 0 
7fb07e190000-7fb08c000000 r--p 00000000 00:49 7173786                    /usr/lib/locale/locale-archive
7fb08c000000-7fb08c021000 rw-p 00000000 00:00 0 
7fb08c021000-7fb090000000 ---p 00000000 00:00 0 
7fb090000000-7fb090001000 r-xp 00000000 00:49 1066452                    /usr/lib64/libxshmfence.so.1.0.0
7fb090001000-7fb090002000 r--p 00001000 00:49 1066452                    /usr/lib64/libxshmfence.so.1.0.0
7fb090002000-7fb090003000 r--p 00001000 00:49 1066452                    /usr/lib64/libxshmfence.so.1.0.0
7fb090003000-7fb090004000 rw-p 00002000 00:49 1066452                    /usr/lib64/libxshmfence.so.1.0.0
7fb090004000-7fb090005000 r-xp 00000000 00:49 7151793                    /usr/lib64/libX11-xcb.so.1.0.0
7fb090005000-7fb090006000 r--p 00001000 00:49 7151793                    /usr/lib64/libX11-xcb.so.1.0.0
7fb090006000-7fb090007000 r--p 00001000 00:49 7151793                    /usr/lib64/libX11-xcb.so.1.0.0
7fb090007000-7fb090008000 rw-p 00000000 00:00 0 
7fb090008000-7fb09000a000 r-xp 00000000 00:49 7154887                    /usr/lib64/libgbm.so.1.0.0
7fb09000a000-7fb09000c000 r--p 00002000 00:49 7154887                    /usr/lib64/libgbm.so.1.0.0
7fb09000c000-7fb09000d000 r--p 00003000 00:49 7154887                    /usr/lib64/libgbm.so.1.0.0
7fb09000d000-7fb09000e000 rw-p 00004000 00:49 7154887                    /usr/lib64/libgbm.so.1.0.0
7fb09000e000-7fb09004d000 r-xp 00000000 00:49 1070050                    /usr/lib64/libGLdispatch.so.0.0.0
7fb09004d000-7fb090061000 r--p 0003f000 00:49 1070050                    /usr/lib64/libGLdispatch.so.0.0.0
7fb090061000-7fb09007d000 r--p 00053000 00:49 1070050                    /usr/lib64/libGLdispatch.so.0.0.0
7fb09007d000-7fb09007e000 rw-p 0006f000 00:49 1070050                    /usr/lib64/libGLdispatch.so.0.0.0
7fb09007e000-7fb090086000 rw-p 00000000 00:00 0 
7fb090086000-7fb09008a000 ---p 00000000 00:00 0 
7fb09008a000-7fb090186000 rw-p 00000000 00:00 0 
7fb090186000-7fb090187000 r--p 00000000 00:00 0 
7fb09018e000-7fb090198000 r-xp 00000000 00:49 1070058                    /usr/lib64/libEGL.so.1.1.0
7fb090198000-7fb09019d000 r--p 0000a000 00:49 1070058                    /usr/lib64/libEGL.so.1.1.0
7fb09019d000-7fb09019e000 r--p 0000e000 00:49 1070058                    /usr/lib64/libEGL.so.1.1.0
7fb09019e000-7fb09019f000 rw-p 0000f000 00:49 1070058                    /usr/lib64/libEGL.so.1.1.0
7fb09019f000-7fb0901a0000 r-xp 00000000 00:00 0 
7fb0901a0000-7fb0901a1000 r--p 00000000 00:00 0 
7fb0901a1000-7fb0901aa000 rw-s 00000000 00:01 27420                      /memfd:pipewire-memfd:flags=0x0000000f,type=2,size=65664 (deleted)
7fb0901aa000-7fb090202000 r-xp 00000000 00:49 7156432                    /usr/lib64/spa-0.2/audioconvert/libspa-audioconvert.so
7fb090202000-7fb09026a000 r--p 00058000 00:49 7156432                    /usr/lib64/spa-0.2/audioconvert/libspa-audioconvert.so
7fb09026a000-7fb090271000 r--p 000c0000 00:49 7156432                    /usr/lib64/spa-0.2/audioconvert/libspa-audioconvert.so
7fb090271000-7fb090274000 rw-p 000c7000 00:49 7156432                    /usr/lib64/spa-0.2/audioconvert/libspa-audioconvert.so
7fb090274000-7fb090292000 r-xp 00000000 00:49 7156420                    /usr/lib64/pipewire-0.3/libpipewire-module-session-manager.so
7fb090292000-7fb090298000 r--p 0001e000 00:49 7156420                    /usr/lib64/pipewire-0.3/libpipewire-module-session-manager.so
7fb090298000-7fb09029a000 r--p 00024000 00:49 7156420                    /usr/lib64/pipewire-0.3/libpipewire-module-session-manager.so
7fb09029a000-7fb09029b000 rw-p 00000000 00:00 0 
7fb09029b000-7fb0902a5000 r-xp 00000000 00:49 7156402                    /usr/lib64/pipewire-0.3/libpipewire-module-metadata.so
7fb0902a5000-7fb0902a8000 r--p 0000a000 00:49 7156402                    /usr/lib64/pipewire-0.3/libpipewire-module-metadata.so
7fb0902a8000-7fb0902a9000 r--p 0000d000 00:49 7156402                    /usr/lib64/pipewire-0.3/libpipewire-module-metadata.so
7fb0902a9000-7fb0902aa000 rw-p 0000e000 00:49 7156402                    /usr/lib64/pipewire-0.3/libpipewire-module-metadata.so
7fb0902aa000-7fb0902ae000 r-xp 00000000 00:49 7156392                    /usr/lib64/pipewire-0.3/libpipewire-module-adapter.so
7fb0902ae000-7fb0902b1000 r--p 00004000 00:49 7156392                    /usr/lib64/pipewire-0.3/libpipewire-module-adapter.so
7fb0902b1000-7fb0902b2000 r--p 00007000 00:49 7156392                    /usr/lib64/pipewire-0.3/libpipewire-module-adapter.so
7fb0902b2000-7fb0902b3000 rw-p 00008000 00:49 7156392                    /usr/lib64/pipewire-0.3/libpipewire-module-adapter.so
7fb0902b3000-7fb0902bf000 r-xp 00000000 00:49 7156394                    /usr/lib64/pipewire-0.3/libpipewire-module-client-device.so
7fb0902bf000-7fb0902c2000 r--p 0000c000 00:49 7156394                    /usr/lib64/pipewire-0.3/libpipewire-module-client-device.so
7fb0902c2000-7fb0902c3000 r--p 0000e000 00:49 7156394                    /usr/lib64/pipewire-0.3/libpipewire-module-client-device.so
7fb0902c3000-7fb0902c4000 rw-p 0000f000 00:49 7156394                    /usr/lib64/pipewire-0.3/libpipewire-module-client-device.so
7fb0902c4000-7fb0902e8000 r-xp 00000000 00:49 7156395                    /usr/lib64/pipewire-0.3/libpipewire-module-client-node.so
7fb0902e8000-7fb0902f0000 r--p 00024000 00:49 7156395                    /usr/lib64/pipewire-0.3/libpipewire-module-client-node.so
7fb0902f0000-7fb0902f2000 r--p 0002c000 00:49 7156395                    /usr/lib64/pipewire-0.3/libpipewire-module-client-node.so
7fb0902f2000-7fb0902f3000 rw-p 0002e000 00:49 7156395                    /usr/lib64/pipewire-0.3/libpipewire-module-client-node.so
7fb0902f3000-7fb090316000 r-xp 00000000 00:49 7156409                    /usr/lib64/pipewire-0.3/libpipewire-module-protocol-native.so
7fb090316000-7fb090325000 r--p 00023000 00:49 7156409                    /usr/lib64/pipewire-0.3/libpipewire-module-protocol-native.so
7fb090325000-7fb090335000 r--p 00031000 00:49 7156409                    /usr/lib64/pipewire-0.3/libpipewire-module-protocol-native.so
7fb090335000-7fb090336000 rw-p 00041000 00:49 7156409                    /usr/lib64/pipewire-0.3/libpipewire-module-protocol-native.so
7fb090336000-7fb090b37000 rw-p 00000000 00:00 0 
7fb090b37000-7fb090b3b000 r-xp 00000000 00:49 7156414                    /usr/lib64/pipewire-0.3/libpipewire-module-rt.so
7fb090b3b000-7fb090b3e000 r--p 00004000 00:49 7156414                    /usr/lib64/pipewire-0.3/libpipewire-module-rt.so
7fb090b3e000-7fb090b3f000 r--p 00007000 00:49 7156414                    /usr/lib64/pipewire-0.3/libpipewire-module-rt.so
7fb090b3f000-7fb090b40000 rw-p 00008000 00:49 7156414                    /usr/lib64/pipewire-0.3/libpipewire-module-rt.so
7fb090b40000-7fb090b59000 r-xp 00000000 00:49 7156452                    /usr/lib64/spa-0.2/support/libspa-support.so
7fb090b59000-7fb090b60000 r--p 00019000 00:49 7156452                    /usr/lib64/spa-0.2/support/libspa-support.so
7fb090b60000-7fb090b62000 r--p 0001f000 00:49 7156452                    /usr/lib64/spa-0.2/support/libspa-support.so
7fb090b62000-7fb090b63000 rw-p 00021000 00:49 7156452                    /usr/lib64/spa-0.2/support/libspa-support.so
7fb090b63000-7fb090bdf000 r-xp 00000000 00:49 7156390                    /usr/lib64/libpipewire-0.3.so.0.1411.0
7fb090bdf000-7fb090c06000 r--p 0007c000 00:49 7156390                    /usr/lib64/libpipewire-0.3.so.0.1411.0
7fb090c06000-7fb090c23000 r--p 000a3000 00:49 7156390                    /usr/lib64/libpipewire-0.3.so.0.1411.0
7fb090c23000-7fb090c24000 rw-p 000c0000 00:49 7156390                    /usr/lib64/libpipewire-0.3.so.0.1411.0
7fb090c24000-7fb090c25000 rw-p 00000000 00:00 0 
7fb090c25000-7fb090d66000 r-xp 00000000 00:49 7151663                    /usr/lib64/libstdc++.so.6.0.34
7fb090d66000-7fb090e86000 r--p 00141000 00:49 7151663                    /usr/lib64/libstdc++.so.6.0.34
7fb090e86000-7fb090e97000 r--p 00260000 00:49 7151663                    /usr/lib64/libstdc++.so.6.0.34
7fb090e97000-7fb090e98000 rw-p 00271000 00:49 7151663                    /usr/lib64/libstdc++.so.6.0.34
7fb090e98000-7fb090e9c000 rw-p 00000000 00:00 0 
7fb090e9c000-7fb090ff4000 r-xp 00000000 00:38 2566                       /tmp/lwjgl_bazzite/3.4.1+2/x64/libopenal.so
7fb090ff4000-7fb09108e000 r--p 00158000 00:38 2566                       /tmp/lwjgl_bazzite/3.4.1+2/x64/libopenal.so
7fb09108e000-7fb091098000 r--p 001f2000 00:38 2566                       /tmp/lwjgl_bazzite/3.4.1+2/x64/libopenal.so
7fb091098000-7fb091099000 rw-p 001fc000 00:38 2566                       /tmp/lwjgl_bazzite/3.4.1+2/x64/libopenal.so
7fb091099000-7fb09117d000 rw-p 00000000 00:00 0 
7fb09117d000-7fb09126d000 rw-s 00000000 00:01 27419                      /memfd:wayland-cursor (deleted)
7fb09126d000-7fb09133d000 rw-s 00000000 00:01 27418                      /memfd:wayland-cursor (deleted)
7fb09133d000-7fb09134d000 r-xp 00000000 00:49 1069856                    /usr/lib64/libseccomp.so.2.6.0
7fb09134d000-7fb091367000 r--p 00010000 00:49 1069856                    /usr/lib64/libseccomp.so.2.6.0
7fb091367000-7fb091368000 r--p 0002a000 00:49 1069856                    /usr/lib64/libseccomp.so.2.6.0
7fb091368000-7fb091369000 rw-p 0002b000 00:49 1069856                    /usr/lib64/libseccomp.so.2.6.0
7fb091369000-7fb0913af000 r-xp 00000000 00:49 1069695                    /usr/lib64/liblcms2.so.2.0.16
7fb0913af000-7fb0913ca000 r--p 00046000 00:49 1069695                    /usr/lib64/liblcms2.so.2.0.16
7fb0913ca000-7fb0913cd000 r--p 00060000 00:49 1069695                    /usr/lib64/liblcms2.so.2.0.16
7fb0913cd000-7fb0913d0000 rw-p 00063000 00:49 1069695                    /usr/lib64/liblcms2.so.2.0.16
7fb0913d0000-7fb0913d1000 rw-p 00000000 00:00 0 
7fb0913d1000-7fb091509000 r-xp 00000000 00:49 590523                     /usr/lib64/libsqlite3.so.3.50.2
7fb091509000-7fb091542000 r--p 00138000 00:49 590523                     /usr/lib64/libsqlite3.so.3.50.2
7fb091542000-7fb091546000 r--p 00170000 00:49 590523                     /usr/lib64/libsqlite3.so.3.50.2
7fb091546000-7fb09154a000 rw-p 00174000 00:49 590523                     /usr/lib64/libsqlite3.so.3.50.2
7fb09154a000-7fb09154b000 rw-p 00000000 00:00 0 
7fb09154b000-7fb091563000 r-xp 00000000 00:49 1069644                    /usr/lib64/libjson-glib-1.0.so.0.1000.8
7fb091563000-7fb091574000 r--p 00018000 00:49 1069644                    /usr/lib64/libjson-glib-1.0.so.0.1000.8
7fb091574000-7fb091575000 r--p 00029000 00:49 1069644                    /usr/lib64/libjson-glib-1.0.so.0.1000.8
7fb091575000-7fb091576000 rw-p 00000000 00:00 0 
7fb091576000-7fb091592000 r-xp 00000000 00:49 7163058                    /usr/lib64/libatspi.so.0.0.1
7fb091592000-7fb0915ac000 r--p 0001c000 00:49 7163058                    /usr/lib64/libatspi.so.0.0.1
7fb0915ac000-7fb0915b0000 r--p 00036000 00:49 7163058                    /usr/lib64/libatspi.so.0.0.1
7fb0915b0000-7fb0915b1000 rw-p 0003a000 00:49 7163058                    /usr/lib64/libatspi.so.0.0.1
7fb0915b1000-7fb0918fc000 r-xp 00000000 00:49 7154507                    /usr/lib64/libglycin-2.so.0
7fb0918fc000-7fb0919b5000 r--p 0034b000 00:49 7154507                    /usr/lib64/libglycin-2.so.0
7fb0919b5000-7fb0919ce000 r--p 00403000 00:49 7154507                    /usr/lib64/libglycin-2.so.0
7fb0919ce000-7fb0919d1000 rw-p 0041c000 00:49 7154507                    /usr/lib64/libglycin-2.so.0
7fb0919d1000-7fb0919d2000 r-xp 00000000 00:49 1081827                    /usr/lib64/libXinerama.so.1.0.0
7fb0919d2000-7fb0919d3000 r--p 00001000 00:49 1081827                    /usr/lib64/libXinerama.so.1.0.0
7fb0919d3000-7fb0919d4000 r--p 00001000 00:49 1081827                    /usr/lib64/libXinerama.so.1.0.0
7fb0919d4000-7fb0919d5000 rw-p 00002000 00:49 1081827                    /usr/lib64/libXinerama.so.1.0.0
7fb0919d5000-7fb0919dd000 r-xp 00000000 00:49 1070474                    /usr/lib64/libXrandr.so.2.2.0
7fb0919dd000-7fb0919e0000 r--p 00008000 00:49 1070474                    /usr/lib64/libXrandr.so.2.2.0
7fb0919e0000-7fb0919e1000 r--p 0000a000 00:49 1070474                    /usr/lib64/libXrandr.so.2.2.0
7fb0919e1000-7fb0919e2000 rw-p 0000b000 00:49 1070474                    /usr/lib64/libXrandr.so.2.2.0
7fb0919e2000-7fb0919e3000 r-xp 00000000 00:49 1070270                    /usr/lib64/libXcomposite.so.1.0.0
7fb0919e3000-7fb0919e4000 r--p 00001000 00:49 1070270                    /usr/lib64/libXcomposite.so.1.0.0
7fb0919e4000-7fb0919e5000 r--p 00001000 00:49 1070270                    /usr/lib64/libXcomposite.so.1.0.0
7fb0919e5000-7fb0919e6000 rw-p 00000000 00:00 0 
7fb0919e6000-7fb0919e7000 r-xp 00000000 00:49 1070380                    /usr/lib64/libXdamage.so.1.1.0
7fb0919e7000-7fb0919e8000 r--p 00001000 00:49 1070380                    /usr/lib64/libXdamage.so.1.1.0
7fb0919e8000-7fb0919e9000 r--p 00001000 00:49 1070380                    /usr/lib64/libXdamage.so.1.1.0
7fb0919e9000-7fb0919ea000 rw-p 00000000 00:00 0 
7fb0919ea000-7fb0919f1000 r-xp 00000000 00:49 1070370                    /usr/lib64/libXcursor.so.1.0.2
7fb0919f1000-7fb0919f5000 r--p 00007000 00:49 1070370                    /usr/lib64/libXcursor.so.1.0.2
7fb0919f5000-7fb0919f6000 r--p 0000b000 00:49 1070370                    /usr/lib64/libXcursor.so.1.0.2
7fb0919f6000-7fb0919f7000 rw-p 00000000 00:00 0 
7fb0919f7000-7fb0919fa000 r-xp 00000000 00:49 1069885                    /usr/lib64/libXfixes.so.3.1.0
7fb0919fa000-7fb0919fc000 r--p 00003000 00:49 1069885                    /usr/lib64/libXfixes.so.3.1.0
7fb0919fc000-7fb0919fd000 r--p 00004000 00:49 1069885                    /usr/lib64/libXfixes.so.3.1.0
7fb0919fd000-7fb0919fe000 rw-p 00005000 00:49 1069885                    /usr/lib64/libXfixes.so.3.1.0
7fb0919fe000-7fb091a7f000 r-xp 00000000 00:49 1078632                    /usr/lib64/libtinysparql-3.0.so.0.1001.0
7fb091a7f000-7fb091ac3000 r--p 00081000 00:49 1078632                    /usr/lib64/libtinysparql-3.0.so.0.1001.0
7fb091ac3000-7fb091ad1000 r--p 000c5000 00:49 1078632                    /usr/lib64/libtinysparql-3.0.so.0.1001.0
7fb091ad1000-7fb091ad2000 rw-p 000d3000 00:49 1078632                    /usr/lib64/libtinysparql-3.0.so.0.1001.0
7fb091ad2000-7fb091ade000 r-xp 00000000 00:49 1081818                    /usr/lib64/libcloudproviders.so.0.3.6
7fb091ade000-7fb091ae9000 r--p 0000c000 00:49 1081818                    /usr/lib64/libcloudproviders.so.0.3.6
7fb091ae9000-7fb091aea000 r--p 00017000 00:49 1081818                    /usr/lib64/libcloudproviders.so.0.3.6
7fb091aea000-7fb091aeb000 rw-p 00018000 00:49 1081818                    /usr/lib64/libcloudproviders.so.0.3.6
7fb091aeb000-7fb091b07000 r-xp 00000000 00:49 7163083                    /usr/lib64/libatk-bridge-2.0.so.0.0.0
7fb091b07000-7fb091b24000 r--p 0001c000 00:49 7163083                    /usr/lib64/libatk-bridge-2.0.so.0.0.0
7fb091b24000-7fb091b26000 r--p 00039000 00:49 7163083                    /usr/lib64/libatk-bridge-2.0.so.0.0.0
7fb091b26000-7fb091b28000 rw-p 0003b000 00:49 7163083                    /usr/lib64/libatk-bridge-2.0.so.0.0.0
7fb091b28000-7fb091b35000 r-xp 00000000 00:49 1069808                    /usr/lib64/libXi.so.6.1.0
7fb091b35000-7fb091b39000 r--p 0000d000 00:49 1069808                    /usr/lib64/libXi.so.6.1.0
7fb091b39000-7fb091b3a000 r--p 00011000 00:49 1069808                    /usr/lib64/libXi.so.6.1.0
7fb091b3a000-7fb091b3b000 rw-p 00012000 00:49 1069808                    /usr/lib64/libXi.so.6.1.0
7fb091b3b000-7fb091ba8000 r-xp 00000000 00:49 1081809                    /usr/lib64/libepoxy.so.0.0.0
7fb091ba8000-7fb091c38000 r--p 0006d000 00:49 1081809                    /usr/lib64/libepoxy.so.0.0.0
7fb091c38000-7fb091c40000 r--p 000fc000 00:49 1081809                    /usr/lib64/libepoxy.so.0.0.0
7fb091c40000-7fb091c47000 rw-p 00104000 00:49 1081809                    /usr/lib64/libepoxy.so.0.0.0
7fb091c47000-7fb091c57000 r-xp 00000000 00:49 7163075                    /usr/lib64/libatk-1.0.so.0.25814.1
7fb091c57000-7fb091c69000 r--p 00010000 00:49 7163075                    /usr/lib64/libatk-1.0.so.0.25814.1
7fb091c69000-7fb091c6c000 r--p 00021000 00:49 7163075                    /usr/lib64/libatk-1.0.so.0.25814.1
7fb091c6c000-7fb091c6d000 rw-p 00024000 00:49 7163075                    /usr/lib64/libatk-1.0.so.0.25814.1
7fb091c6d000-7fb091c89000 r-xp 00000000 00:49 7154515                    /usr/lib64/libgdk_pixbuf-2.0.so.0.4400.4
7fb091c89000-7fb091c98000 r--p 0001c000 00:49 7154515                    /usr/lib64/libgdk_pixbuf-2.0.so.0.4400.4
7fb091c98000-7fb091c9a000 r--p 0002a000 00:49 7154515                    /usr/lib64/libgdk_pixbuf-2.0.so.0.4400.4
7fb091c9a000-7fb091c9b000 rw-p 0002c000 00:49 7154515                    /usr/lib64/libgdk_pixbuf-2.0.so.0.4400.4
7fb091c9b000-7fb091c9d000 r-xp 00000000 00:49 1082923                    /usr/lib64/libcairo-gobject.so.2.11804.4
7fb091c9d000-7fb091ca1000 r--p 00002000 00:49 1082923                    /usr/lib64/libcairo-gobject.so.2.11804.4
7fb091ca1000-7fb091ca3000 r--p 00005000 00:49 1082923                    /usr/lib64/libcairo-gobject.so.2.11804.4
7fb091ca3000-7fb091ca4000 rw-p 00000000 00:00 0 
7fb091ca4000-7fb091d31000 r-xp 00000000 00:49 7163107                    /usr/lib64/libgdk-3.so.0.2420.32
7fb091d31000-7fb091d92000 r--p 0008d000 00:49 7163107                    /usr/lib64/libgdk-3.so.0.2420.32
7fb091d92000-7fb091d9c000 r--p 000ed000 00:49 7163107                    /usr/lib64/libgdk-3.so.0.2420.32
7fb091d9c000-7fb091d9e000 rw-p 000f7000 00:49 7163107                    /usr/lib64/libgdk-3.so.0.2420.32
7fb091d9e000-7fb092156000 r-xp 00000000 00:49 7163109                    /usr/lib64/libgtk-3.so.0.2420.32
7fb092156000-7fb09248a000 r--p 003b8000 00:49 7163109                    /usr/lib64/libgtk-3.so.0.2420.32
7fb09248a000-7fb09249d000 r--p 006eb000 00:49 7163109                    /usr/lib64/libgtk-3.so.0.2420.32
7fb09249d000-7fb09249f000 rw-p 006fe000 00:49 7163109                    /usr/lib64/libgtk-3.so.0.2420.32
7fb09249f000-7fb0924a4000 rw-p 00000000 00:00 0 
7fb0924a4000-7fb0924a5000 r-xp 00000000 00:00 0 
7fb0924a5000-7fb0924a6000 r--p 00000000 00:00 0 
7fb0924a6000-7fb0924a7000 r-xp 00000000 00:00 0 
7fb0924a7000-7fb0924ae000 r--s 00000000 00:49 7176855                    /usr/lib64/gconv/gconv-modules.cache
7fb0924ae000-7fb0924b1000 r-xp 00000000 00:49 7156450                    /usr/lib64/spa-0.2/support/libspa-dbus.so
7fb0924b1000-7fb0924b3000 r--p 00003000 00:49 7156450                    /usr/lib64/spa-0.2/support/libspa-dbus.so
7fb0924b3000-7fb0924b4000 r--p 00004000 00:49 7156450                    /usr/lib64/spa-0.2/support/libspa-dbus.so
7fb0924b4000-7fb0924b5000 rw-p 00005000 00:49 7156450                    /usr/lib64/spa-0.2/support/libspa-dbus.so
7fb0924b5000-7fb0924b6000 r-xp 00000000 00:49 590297                     /usr/lib64/libbrotlicommon.so.1.2.0
7fb0924b6000-7fb0924d6000 r--p 00001000 00:49 590297                     /usr/lib64/libbrotlicommon.so.1.2.0
7fb0924d6000-7fb0924d7000 r--p 00020000 00:49 590297                     /usr/lib64/libbrotlicommon.so.1.2.0
7fb0924d7000-7fb0924d8000 rw-p 00000000 00:00 0 
7fb0924d8000-7fb0924fe000 r-xp 00000000 00:49 7151705                    /usr/lib64/libblkid.so.1.1.0
7fb0924fe000-7fb09250b000 r--p 00026000 00:49 7151705                    /usr/lib64/libblkid.so.1.1.0
7fb09250b000-7fb092511000 r--p 00033000 00:49 7151705                    /usr/lib64/libblkid.so.1.1.0
7fb092511000-7fb092512000 rw-p 00039000 00:49 7151705                    /usr/lib64/libblkid.so.1.1.0
7fb092512000-7fb092537000 r-xp 00000000 00:49 590433                     /usr/lib64/liblzma.so.5.8.1
7fb092537000-7fb092545000 r--p 00025000 00:49 590433                     /usr/lib64/liblzma.so.5.8.1
7fb092545000-7fb092546000 r--p 00033000 00:49 590433                     /usr/lib64/liblzma.so.5.8.1
7fb092546000-7fb092547000 rw-p 00034000 00:49 590433                     /usr/lib64/liblzma.so.5.8.1
7fb092547000-7fb09256a000 r-xp 00000000 00:49 6195619                    /usr/lib64/libgcc_s-15-20260123.so.1
7fb09256a000-7fb092571000 r--p 00023000 00:49 6195619                    /usr/lib64/libgcc_s-15-20260123.so.1
7fb092571000-7fb092572000 r--p 0002a000 00:49 6195619                    /usr/lib64/libgcc_s-15-20260123.so.1
7fb092572000-7fb092573000 rw-p 00000000 00:00 0 
7fb092573000-7fb092579000 r-xp 00000000 00:49 7151721                    /usr/lib64/libcap.so.2.76
7fb092579000-7fb09257d000 r--p 00006000 00:49 7151721                    /usr/lib64/libcap.so.2.76
7fb09257d000-7fb09257e000 r--p 00009000 00:49 7151721                    /usr/lib64/libcap.so.2.76
7fb09257e000-7fb09257f000 rw-p 0000a000 00:49 7151721                    /usr/lib64/libcap.so.2.76
7fb09257f000-7fb092581000 r-xp 00000000 00:49 1066338                    /usr/lib64/libXau.so.6.0.0
7fb092581000-7fb092582000 r--p 00002000 00:49 1066338                    /usr/lib64/libXau.so.6.0.0
7fb092582000-7fb092583000 r--p 00003000 00:49 1066338                    /usr/lib64/libXau.so.6.0.0
7fb092583000-7fb092584000 rw-p 00000000 00:00 0 
7fb092584000-7fb09258d000 r-xp 00000000 00:49 590314                     /usr/lib64/libbrotlidec.so.1.2.0
7fb09258d000-7fb092590000 r--p 00009000 00:49 590314                     /usr/lib64/libbrotlidec.so.1.2.0
7fb092590000-7fb092591000 r--p 0000c000 00:49 590314                     /usr/lib64/libbrotlidec.so.1.2.0
7fb092591000-7fb092592000 rw-p 00000000 00:00 0 
7fb092592000-7fb0925a1000 r-xp 00000000 00:49 590315                     /usr/lib64/libbz2.so.1.0.8
7fb0925a1000-7fb0925a4000 r--p 0000f000 00:49 590315                     /usr/lib64/libbz2.so.1.0.8
7fb0925a4000-7fb0925a5000 r--p 00011000 00:49 590315                     /usr/lib64/libbz2.so.1.0.8
7fb0925a5000-7fb0925a6000 rw-p 00012000 00:49 590315                     /usr/lib64/libbz2.so.1.0.8
7fb0925a6000-7fb0925aa000 r-xp 00000000 00:49 1079043                    /usr/lib64/libdatrie.so.1.4.0
7fb0925aa000-7fb0925ac000 r--p 00004000 00:49 1079043                    /usr/lib64/libdatrie.so.1.4.0
7fb0925ac000-7fb0925ad000 r--p 00005000 00:49 1079043                    /usr/lib64/libdatrie.so.1.4.0
7fb0925ad000-7fb0925ae000 rw-p 00000000 00:00 0 
7fb0925ae000-7fb0925ce000 r-xp 00000000 00:49 590514                     /usr/lib64/libselinux.so.1
7fb0925ce000-7fb0925db000 r--p 00020000 00:49 590514                     /usr/lib64/libselinux.so.1
7fb0925db000-7fb0925dc000 r--p 0002d000 00:49 590514                     /usr/lib64/libselinux.so.1
7fb0925dc000-7fb0925dd000 rw-p 0002e000 00:49 590514                     /usr/lib64/libselinux.so.1
7fb0925dd000-7fb0925df000 rw-p 00000000 00:00 0 
7fb0925df000-7fb09261a000 r-xp 00000000 00:49 7151787                    /usr/lib64/libmount.so.1.1.0
7fb09261a000-7fb092631000 r--p 0003b000 00:49 7151787                    /usr/lib64/libmount.so.1.1.0
7fb092631000-7fb092633000 r--p 00052000 00:49 7151787                    /usr/lib64/libmount.so.1.1.0
7fb092633000-7fb092634000 rw-p 00054000 00:49 7151787                    /usr/lib64/libmount.so.1.1.0
7fb092634000-7fb092636000 r-xp 00000000 00:49 7151903                    /usr/lib64/libgmodule-2.0.so.0.8600.5
7fb092636000-7fb092638000 r--p 00002000 00:49 7151903                    /usr/lib64/libgmodule-2.0.so.0.8600.5
7fb092638000-7fb092639000 r--p 00003000 00:49 7151903                    /usr/lib64/libgmodule-2.0.so.0.8600.5
7fb092639000-7fb09263a000 rw-p 00004000 00:49 7151903                    /usr/lib64/libgmodule-2.0.so.0.8600.5
7fb09263a000-7fb09272c000 r-xp 00000000 00:49 590580                     /usr/lib64/libxml2.so.2.12.10
7fb09272c000-7fb09278b000 r--p 000f2000 00:49 590580                     /usr/lib64/libxml2.so.2.12.10
7fb09278b000-7fb092796000 r--p 00150000 00:49 590580                     /usr/lib64/libxml2.so.2.12.10
7fb092796000-7fb092797000 rw-p 0015b000 00:49 590580                     /usr/lib64/libxml2.so.2.12.10
7fb092797000-7fb092798000 rw-p 00000000 00:00 0 
7fb092798000-7fb0927b0000 r-xp 00000000 00:49 1082614                    /usr/lib64/libgraphite2.so.3.2.1
7fb0927b0000-7fb0927b4000 r--p 00018000 00:49 1082614                    /usr/lib64/libgraphite2.so.3.2.1
7fb0927b4000-7fb0927b6000 r--p 0001c000 00:49 1082614                    /usr/lib64/libgraphite2.so.3.2.1
7fb0927b6000-7fb0927b7000 rw-p 00000000 00:00 0 
7fb0927b7000-7fb092835000 r-xp 00000000 00:49 590479                     /usr/lib64/libpcre2-8.so.0.15.0
7fb092835000-7fb092862000 r--p 0007e000 00:49 590479                     /usr/lib64/libpcre2-8.so.0.15.0
7fb092862000-7fb092863000 r--p 000aa000 00:49 590479                     /usr/lib64/libpcre2-8.so.0.15.0
7fb092863000-7fb092864000 rw-p 000ab000 00:49 590479                     /usr/lib64/libpcre2-8.so.0.15.0
7fb092864000-7fb092929000 r-xp 00000000 00:49 7151746                    /usr/lib64/libsystemd.so.0.41.0
7fb092929000-7fb092980000 r--p 000c5000 00:49 7151746                    /usr/lib64/libsystemd.so.0.41.0
7fb092980000-7fb092989000 r--p 0011b000 00:49 7151746                    /usr/lib64/libsystemd.so.0.41.0
7fb092989000-7fb09298a000 rw-p 00124000 00:49 7151746                    /usr/lib64/libsystemd.so.0.41.0
7fb09298a000-7fb09298b000 rw-p 00000000 00:00 0 
7fb09298b000-7fb092a1d000 r-xp 00000000 00:49 1079059                    /usr/lib64/libpixman-1.so.0.46.2
7fb092a1d000-7fb092a31000 r--p 00092000 00:49 1079059                    /usr/lib64/libpixman-1.so.0.46.2
7fb092a31000-7fb092a39000 r--p 000a6000 00:49 1079059                    /usr/lib64/libpixman-1.so.0.46.2
7fb092a39000-7fb092a3a000 rw-p 000ae000 00:49 1079059                    /usr/lib64/libpixman-1.so.0.46.2
7fb092a3a000-7fb092a40000 r-xp 00000000 00:49 1066396                    /usr/lib64/libxcb-render.so.0.0.0
7fb092a40000-7fb092a47000 r--p 00006000 00:49 1066396                    /usr/lib64/libxcb-render.so.0.0.0
7fb092a47000-7fb092a48000 r--p 0000d000 00:49 1066396                    /usr/lib64/libxcb-render.so.0.0.0
7fb092a48000-7fb092a49000 rw-p 0000e000 00:49 1066396                    /usr/lib64/libxcb-render.so.0.0.0
7fb092a49000-7fb092a5d000 r-xp 00000000 00:49 1066426                    /usr/lib64/libxcb.so.1.1.0
7fb092a5d000-7fb092a71000 r--p 00014000 00:49 1066426                    /usr/lib64/libxcb.so.1.1.0
7fb092a71000-7fb092a72000 r--p 00028000 00:49 1066426                    /usr/lib64/libxcb.so.1.1.0
7fb092a72000-7fb092a73000 rw-p 00029000 00:49 1066426                    /usr/lib64/libxcb.so.1.1.0
7fb092a73000-7fb092a7f000 r-xp 00000000 00:49 1066436                    /usr/lib64/libXext.so.6.4.0
7fb092a7f000-7fb092a85000 r--p 0000c000 00:49 1066436                    /usr/lib64/libXext.so.6.4.0
7fb092a85000-7fb092a86000 r--p 00011000 00:49 1066436                    /usr/lib64/libXext.so.6.4.0
7fb092a86000-7fb092a87000 rw-p 00012000 00:49 1066436                    /usr/lib64/libXext.so.6.4.0
7fb092a87000-7fb092b20000 r-xp 00000000 00:49 7155085                    /usr/lib64/libX11.so.6.4.0
7fb092b20000-7fb092bc5000 r--p 00099000 00:49 7155085                    /usr/lib64/libX11.so.6.4.0
7fb092bc5000-7fb092bc8000 r--p 0013d000 00:49 7155085                    /usr/lib64/libX11.so.6.4.0
7fb092bc8000-7fb092bcc000 rw-p 00140000 00:49 7155085                    /usr/lib64/libX11.so.6.4.0
7fb092bcc000-7fb092c62000 r-xp 00000000 00:49 1082624                    /usr/lib64/libfreetype.so.6.20.2
7fb092c62000-7fb092c8d000 r--p 00096000 00:49 1082624                    /usr/lib64/libfreetype.so.6.20.2
7fb092c8d000-7fb092c95000 r--p 000c1000 00:49 1082624                    /usr/lib64/libfreetype.so.6.20.2
7fb092c95000-7fb092c96000 rw-p 00000000 00:00 0 
7fb092c96000-7fb092cc1000 r-xp 00000000 00:49 7152136                    /usr/lib64/libpng16.so.16.56.0
7fb092cc1000-7fb092ccf000 r--p 0002b000 00:49 7152136                    /usr/lib64/libpng16.so.16.56.0
7fb092ccf000-7fb092cd0000 r--p 00038000 00:49 7152136                    /usr/lib64/libpng16.so.16.56.0
7fb092cd0000-7fb092cd1000 rw-p 00000000 00:00 0 
7fb092cd1000-7fb092ced000 r-xp 00000000 00:49 7151660                    /usr/lib64/libz.so.1.3.1.zlib-ng
7fb092ced000-7fb092cf7000 r--p 0001c000 00:49 7151660                    /usr/lib64/libz.so.1.3.1.zlib-ng
7fb092cf7000-7fb092cf8000 r--p 00026000 00:49 7151660                    /usr/lib64/libz.so.1.3.1.zlib-ng
7fb092cf8000-7fb092cf9000 rw-p 00027000 00:49 7151660                    /usr/lib64/libz.so.1.3.1.zlib-ng
7fb092cf9000-7fb092e18000 r-xp 00000000 00:49 7151897                    /usr/lib64/libgio-2.0.so.0.8600.5
7fb092e18000-7fb092ec0000 r--p 0011f000 00:49 7151897                    /usr/lib64/libgio-2.0.so.0.8600.5
7fb092ec0000-7fb092ec9000 r--p 001c6000 00:49 7151897                    /usr/lib64/libgio-2.0.so.0.8600.5
7fb092ec9000-7fb092eca000 rw-p 001cf000 00:49 7151897                    /usr/lib64/libgio-2.0.so.0.8600.5
7fb092eca000-7fb092ecc000 rw-p 00000000 00:00 0 
7fb092ecc000-7fb092fba000 r-xp 00000000 00:49 1082641                    /usr/lib64/libharfbuzz.so.0.61151.0
7fb092fba000-7fb092ffd000 r--p 000ee000 00:49 1082641                    /usr/lib64/libharfbuzz.so.0.61151.0
7fb092ffd000-7fb092fff000 r--p 00130000 00:49 1082641                    /usr/lib64/libharfbuzz.so.0.61151.0
7fb092fff000-7fb093000000 rw-p 00132000 00:49 1082641                    /usr/lib64/libharfbuzz.so.0.61151.0
7fb093000000-7fb093240000 rw-p 00000000 00:00 0 
7fb093240000-7fb093400000 ---p 00000000 00:00 0 
7fb093400000-7fb0939e0000 rw-p 00000000 00:00 0 
7fb0939e0000-7fb097000000 ---p 00000000 00:00 0 
7fb097000000-7fb097482000 rw-p 00001000 00:49 7160503                    /usr/lib/jvm/java-21-openjdk/lib/server/classes.jsa
7fb097482000-7fb097c9d000 rw-p 00483000 00:49 7160503                    /usr/lib/jvm/java-21-openjdk/lib/server/classes.jsa
7fb097c9d000-7fb098000000 ---p 00000000 00:00 0 
7fb098000000-7fb098040000 rw-p 00000000 00:00 0 
7fb098040000-7fb098070000 rw-p 00000000 00:00 0 
7fb098070000-7fb098080000 ---p 00000000 00:00 0 
7fb098080000-7fb0980e0000 rw-p 00000000 00:00 0 
7fb0980e0000-7fb0d8000000 ---p 00000000 00:00 0 
7fb0d8000000-7fb0d8021000 rw-p 00000000 00:00 0 
7fb0d8021000-7fb0dc000000 ---p 00000000 00:00 0 
7fb0dc000000-7fb0dc021000 rw-p 00000000 00:00 0 
7fb0dc021000-7fb0e0000000 ---p 00000000 00:00 0 
7fb0e0000000-7fb0e0021000 rw-p 00000000 00:00 0 
7fb0e0021000-7fb0e4000000 ---p 00000000 00:00 0 
7fb0e4000000-7fb0e4001000 r--p 00000000 00:00 0 
7fb0e4001000-7fb0e4002000 r-xp 00000000 00:00 0 
7fb0e4002000-7fb0e4003000 r--p 00000000 00:00 0 
7fb0e4003000-7fb0e400a000 r-xp 00000000 00:49 1069663                    /usr/lib64/libXrender.so.1.3.0
7fb0e400a000-7fb0e400d000 r--p 00007000 00:49 1069663                    /usr/lib64/libXrender.so.1.3.0
7fb0e400d000-7fb0e400e000 r--p 00009000 00:49 1069663                    /usr/lib64/libXrender.so.1.3.0
7fb0e400e000-7fb0e400f000 rw-p 0000a000 00:49 1069663                    /usr/lib64/libXrender.so.1.3.0
7fb0e400f000-7fb0e4015000 r-xp 00000000 00:49 1070236                    /usr/lib64/libfribidi.so.0.4.0
7fb0e4015000-7fb0e402d000 r--p 00006000 00:49 1070236                    /usr/lib64/libfribidi.so.0.4.0
7fb0e402d000-7fb0e402e000 r--p 0001d000 00:49 1070236                    /usr/lib64/libfribidi.so.0.4.0
7fb0e402e000-7fb0e402f000 rw-p 0001e000 00:49 1070236                    /usr/lib64/libfribidi.so.0.4.0
7fb0e402f000-7fb0e4060000 r-xp 00000000 00:49 1082696                    /usr/lib64/libfontconfig.so.1.16.0
7fb0e4060000-7fb0e407c000 r--p 00031000 00:49 1082696                    /usr/lib64/libfontconfig.so.1.16.0
7fb0e407c000-7fb0e407e000 r--p 0004d000 00:49 1082696                    /usr/lib64/libfontconfig.so.1.16.0
7fb0e407e000-7fb0e407f000 rw-p 0004f000 00:49 1082696                    /usr/lib64/libfontconfig.so.1.16.0
7fb0e407f000-7fb0e4126000 r-xp 00000000 00:49 7151901                    /usr/lib64/libglib-2.0.so.0.8600.5
7fb0e4126000-7fb0e41d3000 r--p 000a7000 00:49 7151901                    /usr/lib64/libglib-2.0.so.0.8600.5
7fb0e41d3000-7fb0e41d4000 r--p 00154000 00:49 7151901                    /usr/lib64/libglib-2.0.so.0.8600.5
7fb0e41d4000-7fb0e41d5000 rw-p 00155000 00:49 7151901                    /usr/lib64/libglib-2.0.so.0.8600.5
7fb0e41d5000-7fb0e41d6000 rw-p 00000000 00:00 0 
7fb0e41d6000-7fb0e41e5000 r-xp 00000000 00:49 7155108                    /usr/lib64/libpangoft2-1.0.so.0.5701.0
7fb0e41e5000-7fb0e41f0000 r--p 0000f000 00:49 7155108                    /usr/lib64/libpangoft2-1.0.so.0.5701.0
7fb0e41f0000-7fb0e41f1000 r--p 0001a000 00:49 7155108                    /usr/lib64/libpangoft2-1.0.so.0.5701.0
7fb0e41f1000-7fb0e41f2000 rw-p 00000000 00:00 0 
7fb0e41f2000-7fb0e4226000 r-xp 00000000 00:49 1069583                    /usr/lib64/libdbus-1.so.3.38.3
7fb0e4226000-7fb0e4243000 r--p 00034000 00:49 1069583                    /usr/lib64/libdbus-1.so.3.38.3
7fb0e4243000-7fb0e4245000 r--p 00051000 00:49 1069583                    /usr/lib64/libdbus-1.so.3.38.3
7fb0e4245000-7fb0e4246000 rw-p 00053000 00:49 1069583                    /usr/lib64/libdbus-1.so.3.38.3
7fb0e4246000-7fb0e433c000 r-xp 00000000 00:49 1082910                    /usr/lib64/libcairo.so.2.11804.4
7fb0e433c000-7fb0e437d000 r--p 000f6000 00:49 1082910                    /usr/lib64/libcairo.so.2.11804.4
7fb0e437d000-7fb0e4381000 r--p 00137000 00:49 1082910                    /usr/lib64/libcairo.so.2.11804.4
7fb0e4381000-7fb0e4383000 rw-p 0013b000 00:49 1082910                    /usr/lib64/libcairo.so.2.11804.4
7fb0e4383000-7fb0e4384000 rw-p 00000000 00:00 0 
7fb0e4384000-7fb0e43bc000 r-xp 00000000 00:49 7151905                    /usr/lib64/libgobject-2.0.so.0.8600.5
7fb0e43bc000-7fb0e43df000 r--p 00038000 00:49 7151905                    /usr/lib64/libgobject-2.0.so.0.8600.5
7fb0e43df000-7fb0e43e2000 r--p 0005a000 00:49 7151905                    /usr/lib64/libgobject-2.0.so.0.8600.5
7fb0e43e2000-7fb0e43e3000 rw-p 0005d000 00:49 7151905                    /usr/lib64/libgobject-2.0.so.0.8600.5
7fb0e43e3000-7fb0e4423000 r-xp 00000000 00:49 7155104                    /usr/lib64/libpango-1.0.so.0.5701.0
7fb0e4423000-7fb0e444a000 r--p 00040000 00:49 7155104                    /usr/lib64/libpango-1.0.so.0.5701.0
7fb0e444a000-7fb0e444e000 r--p 00066000 00:49 7155104                    /usr/lib64/libpango-1.0.so.0.5701.0
7fb0e444e000-7fb0e444f000 rw-p 0006a000 00:49 7155104                    /usr/lib64/libpango-1.0.so.0.5701.0
7fb0e444f000-7fb0e4459000 r-xp 00000000 00:49 7155106                    /usr/lib64/libpangocairo-1.0.so.0.5701.0
7fb0e4459000-7fb0e4460000 r--p 0000a000 00:49 7155106                    /usr/lib64/libpangocairo-1.0.so.0.5701.0
7fb0e4460000-7fb0e4461000 r--p 00010000 00:49 7155106                    /usr/lib64/libpangocairo-1.0.so.0.5701.0
7fb0e4461000-7fb0e4462000 rw-p 00011000 00:49 7155106                    /usr/lib64/libpangocairo-1.0.so.0.5701.0
7fb0e4462000-7fb0e4487000 r-xp 00000000 00:38 2565                       /tmp/lwjgl_bazzite/3.4.1+2/x64/libglfw.so
7fb0e4487000-7fb0e44d6000 r--p 00025000 00:38 2565                       /tmp/lwjgl_bazzite/3.4.1+2/x64/libglfw.so
7fb0e44d6000-7fb0e44da000 r--p 00074000 00:38 2565                       /tmp/lwjgl_bazzite/3.4.1+2/x64/libglfw.so
7fb0e44da000-7fb0e44dd000 rw-p 00078000 00:38 2565                       /tmp/lwjgl_bazzite/3.4.1+2/x64/libglfw.so
7fb0e44dd000-7fb0e4500000 rw-p 00000000 00:00 0 
7fb0e4500000-7fb0e4504000 ---p 00000000 00:00 0 
7fb0e4504000-7fb0e4600000 rw-p 00000000 00:00 0 
7fb0e4600000-7fb0e4e00000 rw-p 00000000 00:00 0 
7fb0e4e00000-7fb0e4e01000 r-xp 00000000 00:00 0 
7fb0e4e01000-7fb0e4e02000 r--p 00000000 00:00 0 
7fb0e4e02000-7fb0e4e07000 r-xp 00000000 00:49 1079049                    /usr/lib64/libthai.so.0.3.1
7fb0e4e07000-7fb0e4e0b000 r--p 00005000 00:49 1079049                    /usr/lib64/libthai.so.0.3.1
7fb0e4e0b000-7fb0e4e0c000 r--p 00009000 00:49 1079049                    /usr/lib64/libthai.so.0.3.1
7fb0e4e0c000-7fb0e4e0d000 rw-p 0000a000 00:49 1079049                    /usr/lib64/libthai.so.0.3.1
7fb0e4e0d000-7fb0e4e14000 r-xp 00000000 00:49 1221932                    /usr/lib64/libdecor/plugins-1/libdecor-cairo.so
7fb0e4e14000-7fb0e4e19000 r--p 00007000 00:49 1221932                    /usr/lib64/libdecor/plugins-1/libdecor-cairo.so
7fb0e4e19000-7fb0e4e1c000 r--p 0000b000 00:49 1221932                    /usr/lib64/libdecor/plugins-1/libdecor-cairo.so
7fb0e4e1c000-7fb0e4e1d000 rw-p 0000e000 00:49 1221932                    /usr/lib64/libdecor/plugins-1/libdecor-cairo.so
7fb0e4e1d000-7fb0e4e49000 r-xp 00000000 00:49 1079035                    /usr/lib64/libxkbcommon.so.0.11.0
7fb0e4e49000-7fb0e4e73000 r--p 0002c000 00:49 1079035                    /usr/lib64/libxkbcommon.so.0.11.0
7fb0e4e73000-7fb0e4e75000 r--p 00056000 00:49 1079035                    /usr/lib64/libxkbcommon.so.0.11.0
7fb0e4e75000-7fb0e4e76000 rw-p 00058000 00:49 1079035                    /usr/lib64/libxkbcommon.so.0.11.0
7fb0e4e76000-7fb0e4ed6000 r-xp 00000000 00:38 2564                       /tmp/lwjgl_bazzite/3.4.1+2/x64/libjemalloc.so
7fb0e4ed6000-7fb0e4eef000 r--p 00060000 00:38 2564                       /tmp/lwjgl_bazzite/3.4.1+2/x64/libjemalloc.so
7fb0e4eef000-7fb0e4ef6000 r--p 00078000 00:38 2564                       /tmp/lwjgl_bazzite/3.4.1+2/x64/libjemalloc.so
7fb0e4ef6000-7fb0e4ef7000 rw-p 0007f000 00:38 2564                       /tmp/lwjgl_bazzite/3.4.1+2/x64/libjemalloc.so
7fb0e4ef7000-7fb0e5101000 rw-p 00000000 00:00 0 
7fb0e5101000-7fb0e5105000 ---p 00000000 00:00 0 
7fb0e5105000-7fb0e5201000 rw-p 00000000 00:00 0 
7fb0e5201000-7fb0e5229000 r-xp 00000000 00:49 7151776                    /usr/lib64/libnspr4.so
7fb0e5229000-7fb0e523d000 r--p 00028000 00:49 7151776                    /usr/lib64/libnspr4.so
7fb0e523d000-7fb0e523f000 r--p 0003b000 00:49 7151776                    /usr/lib64/libnspr4.so
7fb0e523f000-7fb0e5240000 rw-p 0003d000 00:49 7151776                    /usr/lib64/libnspr4.so
7fb0e5240000-7fb0e5243000 rw-p 00000000 00:00 0 
7fb0e5243000-7fb0e532d000 r-xp 00000000 00:49 7160192                    /usr/lib64/libnss3.so
7fb0e532d000-7fb0e5377000 r--p 000ea000 00:49 7160192                    /usr/lib64/libnss3.so
7fb0e5377000-7fb0e537e000 r--p 00134000 00:49 7160192                    /usr/lib64/libnss3.so
7fb0e537e000-7fb0e537f000 rw-p 0013b000 00:49 7160192                    /usr/lib64/libnss3.so
7fb0e537f000-7fb0e5381000 rw-p 00000000 00:00 0 
7fb0e5381000-7fb0e53b6000 r-xp 00000000 00:38 2561                       /tmp/lwjgl_bazzite/3.4.1+2/x64/liblwjgl.so
7fb0e53b6000-7fb0e53fe000 r--p 00035000 00:38 2561                       /tmp/lwjgl_bazzite/3.4.1+2/x64/liblwjgl.so
7fb0e53fe000-7fb0e53ff000 r--p 0007c000 00:38 2561                       /tmp/lwjgl_bazzite/3.4.1+2/x64/liblwjgl.so
7fb0e53ff000-7fb0e5400000 rw-p 0007d000 00:38 2561                       /tmp/lwjgl_bazzite/3.4.1+2/x64/liblwjgl.so
7fb0e5400000-7fb0e5420000 r-xp 00000000 00:38 198                        /tmp/libgdxbazzite/da3a4817/libgdx64.so
7fb0e5420000-7fb0e5620000 ---p 00020000 00:38 198                        /tmp/libgdxbazzite/da3a4817/libgdx64.so
7fb0e5620000-7fb0e5621000 r--p 00020000 00:38 198                        /tmp/libgdxbazzite/da3a4817/libgdx64.so
7fb0e5621000-7fb0e5622000 rw-p 00021000 00:38 198                        /tmp/libgdxbazzite/da3a4817/libgdx64.so
7fb0e5622000-7fb0e5623000 r-xp 00000000 00:00 0 
7fb0e5623000-7fb0e5624000 r--p 00000000 00:00 0 
7fb0e5624000-7fb0e5625000 r-xp 00000000 00:49 1066404                    /usr/lib64/libxcb-shm.so.0.0.0
7fb0e5625000-7fb0e5626000 r--p 00001000 00:49 1066404                    /usr/lib64/libxcb-shm.so.0.0.0
7fb0e5626000-7fb0e5627000 r--p 00002000 00:49 1066404                    /usr/lib64/libxcb-shm.so.0.0.0
7fb0e5627000-7fb0e5628000 rw-p 00003000 00:49 1066404                    /usr/lib64/libxcb-shm.so.0.0.0
7fb0e5628000-7fb0e562b000 r-xp 00000000 00:49 1221930                    /usr/lib64/libdecor-0.so.0.200.5
7fb0e562b000-7fb0e562e000 r--p 00003000 00:49 1221930                    /usr/lib64/libdecor-0.so.0.200.5
7fb0e562e000-7fb0e562f000 r--p 00006000 00:49 1221930                    /usr/lib64/libdecor-0.so.0.200.5
7fb0e562f000-7fb0e5630000 rw-p 00007000 00:49 1221930                    /usr/lib64/libdecor-0.so.0.200.5
7fb0e5630000-7fb0e5634000 ---p 00000000 00:00 0 
7fb0e5634000-7fb0e5730000 rw-p 00000000 00:00 0 
7fb0e5730000-7fb0e5734000 ---p 00000000 00:00 0 
7fb0e5734000-7fb0e5830000 rw-p 00000000 00:00 0 
7fb0e5830000-7fb0e5834000 ---p 00000000 00:00 0 
7fb0e5834000-7fb0e5930000 rw-p 00000000 00:00 0 
7fb0e5930000-7fb0e5934000 ---p 00000000 00:00 0 
7fb0e5934000-7fb0e5a30000 rw-p 00000000 00:00 0 
7fb0e5a30000-7fb0e5a71000 r-xp 00000000 00:49 7160482                    /usr/lib/jvm/java-21-openjdk/lib/libjsvml.so
7fb0e5a71000-7fb0e5afe000 r--p 00041000 00:49 7160482                    /usr/lib/jvm/java-21-openjdk/lib/libjsvml.so
7fb0e5afe000-7fb0e5aff000 r--p 000cd000 00:49 7160482                    /usr/lib/jvm/java-21-openjdk/lib/libjsvml.so
7fb0e5aff000-7fb0e5b00000 rw-p 000ce000 00:49 7160482                    /usr/lib/jvm/java-21-openjdk/lib/libjsvml.so
7fb0e5b00000-7fb0e5b04000 ---p 00000000 00:00 0 
7fb0e5b04000-7fb0e5c00000 rw-p 00000000 00:00 0 
7fb0e5c00000-7fb0e5c04000 ---p 00000000 00:00 0 
7fb0e5c04000-7fb0e5d00000 rw-p 00000000 00:00 0 
7fb0e5d00000-7fb0e5d04000 ---p 00000000 00:00 0 
7fb0e5d04000-7fb0e5e00000 rw-p 00000000 00:00 0 
7fb0e5e00000-7fb0e5e04000 ---p 00000000 00:00 0 
7fb0e5e04000-7fb0e5f00000 rw-p 00000000 00:00 0 
7fb0e5f00000-7fb0e5f04000 ---p 00000000 00:00 0 
7fb0e5f04000-7fb0e6000000 rw-p 00000000 00:00 0 
7fb0e6000000-7fb0e8021000 rw-p 00000000 00:00 0 
7fb0e8021000-7fb0ec000000 ---p 00000000 00:00 0 
7fb0ec000000-7fb0ec021000 rw-p 00000000 00:00 0 
7fb0ec021000-7fb0f0000000 ---p 00000000 00:00 0 
7fb0f0000000-7fb0f0021000 rw-p 00000000 00:00 0 
7fb0f0021000-7fb0f4000000 ---p 00000000 00:00 0 
7fb0f4000000-7fb0f4001000 r-xp 00000000 00:00 0 
7fb0f4001000-7fb0f4002000 r--p 00000000 00:00 0 
7fb0f4002000-7fb0f4003000 r-xp 00000000 00:00 0 
7fb0f4003000-7fb0f4004000 r-xp 00000000 00:49 1070223                    /usr/lib64/libwayland-egl.so.1.24.0
7fb0f4004000-7fb0f4005000 r--p 00001000 00:49 1070223                    /usr/lib64/libwayland-egl.so.1.24.0
7fb0f4005000-7fb0f4006000 r--p 00001000 00:49 1070223                    /usr/lib64/libwayland-egl.so.1.24.0
7fb0f4006000-7fb0f4007000 rw-p 00000000 00:00 0 
7fb0f4007000-7fb0f4012000 r-xp 00000000 00:49 590336                     /usr/lib64/libffi.so.8.2.0
7fb0f4012000-7fb0f4015000 r--p 0000b000 00:49 590336                     /usr/lib64/libffi.so.8.2.0
7fb0f4015000-7fb0f4016000 r--p 0000d000 00:49 590336                     /usr/lib64/libffi.so.8.2.0
7fb0f4016000-7fb0f4017000 rw-p 0000e000 00:49 590336                     /usr/lib64/libffi.so.8.2.0
7fb0f4017000-7fb0f401e000 r-xp 00000000 00:49 1066644                    /usr/lib64/libwayland-client.so.0.24.0
7fb0f401e000-7fb0f4023000 r--p 00007000 00:49 1066644                    /usr/lib64/libwayland-client.so.0.24.0
7fb0f4023000-7fb0f4025000 r--p 0000c000 00:49 1066644                    /usr/lib64/libwayland-client.so.0.24.0
7fb0f4025000-7fb0f4026000 rw-p 0000e000 00:49 1066644                    /usr/lib64/libwayland-client.so.0.24.0
7fb0f4026000-7fb0f403a000 r-xp 00000000 00:49 7151782                    /usr/lib64/libnssutil3.so
7fb0f403a000-7fb0f404c000 r--p 00014000 00:49 7151782                    /usr/lib64/libnssutil3.so
7fb0f404c000-7fb0f4053000 r--p 00026000 00:49 7151782                    /usr/lib64/libnssutil3.so
7fb0f4053000-7fb0f4054000 rw-p 0002d000 00:49 7151782                    /usr/lib64/libnssutil3.so
7fb0f4054000-7fb0f4058000 ---p 00000000 00:00 0 
7fb0f4058000-7fb0f4154000 rw-p 00000000 00:00 0 
7fb0f4154000-7fb0f4158000 ---p 00000000 00:00 0 
7fb0f4158000-7fb0f4456000 rw-p 00000000 00:00 0 
7fb0f4456000-7fb0f44d7000 rw-p 00000000 00:00 0 
7fb0f44d7000-7fb0f46d9000 rw-p 00000000 00:00 0 
7fb0f46d9000-7fb0f5590000 rw-p 00000000 00:00 0 
7fb0f5590000-7fb0fc7f0000 ---p 00000000 00:00 0 
7fb0fc7f0000-7fb0fc800000 rw-p 00000000 00:00 0 
7fb0fc800000-7fb0fcad0000 rwxp 00000000 00:00 0 
7fb0fcad0000-7fb103c5f000 ---p 00000000 00:00 0 
7fb103c5f000-7fb10407f000 rwxp 00000000 00:00 0 
7fb10407f000-7fb1043a0000 ---p 00000000 00:00 0 
7fb1043a0000-7fb104610000 rwxp 00000000 00:00 0 
7fb104610000-7fb10b800000 ---p 00000000 00:00 0 
7fb10b800000-7fb10b801000 rw-s 00000000 00:01 37231                      /memfd:lp_dma_buf (deleted)
7fb10b801000-7fb10b802000 rw-s 00000000 00:01 38016                      /memfd:pipewire-memfd:flags=0x0000000f,type=2,size=4096 (deleted)
7fb10b802000-7fb10b805000 r-xp 00000000 00:49 1070228                    /usr/lib64/libwayland-cursor.so.0.24.0
7fb10b805000-7fb10b807000 r--p 00003000 00:49 1070228                    /usr/lib64/libwayland-cursor.so.0.24.0
7fb10b807000-7fb10b808000 r--p 00004000 00:49 1070228                    /usr/lib64/libwayland-cursor.so.0.24.0
7fb10b808000-7fb10b80c000 rw-p 00005000 00:49 1070228                    /usr/lib64/libwayland-cursor.so.0.24.0
7fb10b80c000-7fb10b80d000 r-xp 00000000 00:49 7150422                    /usr/lib64/librt.so.1
7fb10b80d000-7fb10b80e000 r--p 00001000 00:49 7150422                    /usr/lib64/librt.so.1
7fb10b80e000-7fb10b80f000 r--p 00001000 00:49 7150422                    /usr/lib64/librt.so.1
7fb10b80f000-7fb10b810000 rw-p 00000000 00:00 0 
7fb10b810000-7fb10b811000 rw-s 00000000 00:01 32060                      /memfd:pipewire-memfd:flags=0x0000000f,type=2,size=2312 (deleted)
7fb10b811000-7fb10b812000 rw-s 00000000 00:01 32061                      /memfd:pipewire-memfd:flags=0x0000000f,type=2,size=2312 (deleted)
7fb10b812000-7fb10b813000 rw-s 00000000 00:01 38015                      /memfd:pipewire-memfd:flags=0x0000000f,type=2,size=2312 (deleted)
7fb10b813000-7fb10b814000 rw-s 00000000 00:01 40029                      /memfd:pipewire-memfd:flags=0x0000000f,type=2,size=2312 (deleted)
7fb10b814000-7fb10b816000 r-xp 00000000 00:49 7156451                    /usr/lib64/spa-0.2/support/libspa-journal.so
7fb10b816000-7fb10b817000 r--p 00002000 00:49 7156451                    /usr/lib64/spa-0.2/support/libspa-journal.so
7fb10b817000-7fb10b818000 r--p 00002000 00:49 7156451                    /usr/lib64/spa-0.2/support/libspa-journal.so
7fb10b818000-7fb10b819000 rw-p 00003000 00:49 7156451                    /usr/lib64/spa-0.2/support/libspa-journal.so
7fb10b819000-7fb10b81a000 rw-p 00000000 00:00 0 
7fb10b81a000-7fb10b81b000 rw-p 00000000 00:00 0 
7fb10b81b000-7fb10b81c000 r-xp 00033000 00:38 2561                       /tmp/lwjgl_bazzite/3.4.1+2/x64/liblwjgl.so
7fb10b81c000-7fb10b81d000 rw-p 00000000 00:00 0 
7fb10b81d000-7fb10b831000 r-xp 00000000 00:49 7160498                    /usr/lib/jvm/java-21-openjdk/lib/libzip.so
7fb10b831000-7fb10b83a000 r--p 00014000 00:49 7160498                    /usr/lib/jvm/java-21-openjdk/lib/libzip.so
7fb10b83a000-7fb10b83b000 r--p 0001c000 00:49 7160498                    /usr/lib/jvm/java-21-openjdk/lib/libzip.so
7fb10b83b000-7fb10b83c000 rw-p 00000000 00:00 0 
7fb10b83c000-7fb114000000 r--s 00000000 00:49 7160499                    /usr/lib/jvm/java-21-openjdk/lib/modules
7fb114000000-7fb117fb9000 rw-p 00000000 00:00 0 
7fb117fb9000-7fb118000000 ---p 00000000 00:00 0 
7fb118000000-7fb118001000 rw-p 00000000 00:00 0 
7fb118001000-7fb118003000 r-xp 00000000 00:49 7151778                    /usr/lib64/libplds4.so
7fb118003000-7fb118005000 r--p 00002000 00:49 7151778                    /usr/lib64/libplds4.so
7fb118005000-7fb118006000 r--p 00003000 00:49 7151778                    /usr/lib64/libplds4.so
7fb118006000-7fb118007000 rw-p 00004000 00:49 7151778                    /usr/lib64/libplds4.so
7fb118007000-7fb118008000 r-xp 00000000 00:49 7150420                    /usr/lib64/libpthread.so.0
7fb118008000-7fb118009000 r--p 00001000 00:49 7150420                    /usr/lib64/libpthread.so.0
7fb118009000-7fb11800a000 r--p 00001000 00:49 7150420                    /usr/lib64/libpthread.so.0
7fb11800a000-7fb11800b000 rw-p 00000000 00:00 0 
7fb11800b000-7fb11800c000 r-xp 00000000 00:49 7150413                    /usr/lib64/libdl.so.2
7fb11800c000-7fb11800d000 r--p 00001000 00:49 7150413                    /usr/lib64/libdl.so.2
7fb11800d000-7fb11800e000 r--p 00001000 00:49 7150413                    /usr/lib64/libdl.so.2
7fb11800e000-7fb11800f000 rw-p 00000000 00:00 0 
7fb11800f000-7fb118012000 r-xp 00000000 00:49 7151777                    /usr/lib64/libplc4.so
7fb118012000-7fb118014000 r--p 00003000 00:49 7151777                    /usr/lib64/libplc4.so
7fb118014000-7fb118015000 r--p 00004000 00:49 7151777                    /usr/lib64/libplc4.so
7fb118015000-7fb118016000 rw-p 00005000 00:49 7151777                    /usr/lib64/libplc4.so
7fb118016000-7fb118017000 r-xp 00000000 00:49 7160496                    /usr/lib/jvm/java-21-openjdk/lib/libsystemconf.so
7fb118017000-7fb118018000 r--p 00001000 00:49 7160496                    /usr/lib/jvm/java-21-openjdk/lib/libsystemconf.so
7fb118018000-7fb118019000 r--p 00001000 00:49 7160496                    /usr/lib/jvm/java-21-openjdk/lib/libsystemconf.so
7fb118019000-7fb11801a000 rw-p 00000000 00:00 0 
7fb11801a000-7fb118022000 r-xp 00000000 00:49 7160489                    /usr/lib/jvm/java-21-openjdk/lib/libnet.so
7fb118022000-7fb118026000 r--p 00008000 00:49 7160489                    /usr/lib/jvm/java-21-openjdk/lib/libnet.so
7fb118026000-7fb118027000 r--p 0000b000 00:49 7160489                    /usr/lib/jvm/java-21-openjdk/lib/libnet.so
7fb118027000-7fb118028000 rw-p 00000000 00:00 0 
7fb118028000-7fb118032000 r-xp 00000000 00:49 7160490                    /usr/lib/jvm/java-21-openjdk/lib/libnio.so
7fb118032000-7fb11803c000 r--p 0000a000 00:49 7160490                    /usr/lib/jvm/java-21-openjdk/lib/libnio.so
7fb11803c000-7fb11803d000 r--p 00014000 00:49 7160490                    /usr/lib/jvm/java-21-openjdk/lib/libnio.so
7fb11803d000-7fb11803e000 rw-p 00015000 00:49 7160490                    /usr/lib/jvm/java-21-openjdk/lib/libnio.so
7fb11803e000-7fb1186e0000 rw-p 00000000 00:00 0 
7fb1186e0000-7fb1189e3000 rw-p 00000000 00:00 0 
7fb1189e3000-7fb118bd3000 rw-p 00000000 00:00 0 
7fb118bd3000-7fb119a1f000 ---p 00000000 00:00 0 
7fb119a1f000-7fb119b17000 rw-p 00000000 00:00 0 
7fb119b17000-7fb11a963000 ---p 00000000 00:00 0 
7fb11a963000-7fb11b6b5000 rw-p 00000000 00:00 0 
7fb11b6b5000-7fb11b799000 ---p 00000000 00:00 0 
7fb11b799000-7fb11b79f000 rw-p 00000000 00:00 0 
7fb11b79f000-7fb11b882000 ---p 00000000 00:00 0 
7fb11b882000-7fb11b88b000 rw-p 00000000 00:00 0 
7fb11b88b000-7fb11b891000 ---p 00000000 00:00 0 
7fb11b891000-7fb11b8a1000 r-xp 00000000 00:49 7160475                    /usr/lib/jvm/java-21-openjdk/lib/libjava.so
7fb11b8a1000-7fb11b8b0000 r--p 00010000 00:49 7160475                    /usr/lib/jvm/java-21-openjdk/lib/libjava.so
7fb11b8b0000-7fb11b8b1000 r--p 0001f000 00:49 7160475                    /usr/lib/jvm/java-21-openjdk/lib/libjava.so
7fb11b8b1000-7fb11b8b2000 rw-p 00020000 00:49 7160475                    /usr/lib/jvm/java-21-openjdk/lib/libjava.so
7fb11b8b2000-7fb11b8b3000 rw-p 00000000 00:00 0 
7fb11b8b3000-7fb11b8cb000 r-xp 00000000 00:49 7160478                    /usr/lib/jvm/java-21-openjdk/lib/libjimage.so
7fb11b8cb000-7fb11b8d1000 r--p 00018000 00:49 7160478                    /usr/lib/jvm/java-21-openjdk/lib/libjimage.so
7fb11b8d1000-7fb11b8d3000 r--p 0001e000 00:49 7160478                    /usr/lib/jvm/java-21-openjdk/lib/libjimage.so
7fb11b8d3000-7fb11b8d4000 rw-p 00020000 00:49 7160478                    /usr/lib/jvm/java-21-openjdk/lib/libjimage.so
7fb11b8d4000-7fb11b8d8000 ---p 00000000 00:00 0 
7fb11b8d8000-7fb11b9d4000 rw-p 00000000 00:00 0 
7fb11b9d4000-7fb11ba56000 r-xp 00000000 00:49 7150414                    /usr/lib64/libm.so.6
7fb11ba56000-7fb11bac7000 r--p 00082000 00:49 7150414                    /usr/lib64/libm.so.6
7fb11bac7000-7fb11bac8000 r--p 000f2000 00:49 7150414                    /usr/lib64/libm.so.6
7fb11bac8000-7fb11bac9000 rw-p 000f3000 00:49 7150414                    /usr/lib64/libm.so.6
7fb11bac9000-7fb11c9ff000 r-xp 00000000 00:49 7160506                    /usr/lib/jvm/java-21-openjdk/lib/server/libjvm.so
7fb11c9ff000-7fb11cce3000 r--p 00f36000 00:49 7160506                    /usr/lib/jvm/java-21-openjdk/lib/server/libjvm.so
7fb11cce3000-7fb11cdba000 r--p 0121a000 00:49 7160506                    /usr/lib/jvm/java-21-openjdk/lib/server/libjvm.so
7fb11cdba000-7fb11cdea000 rw-p 012f1000 00:49 7160506                    /usr/lib/jvm/java-21-openjdk/lib/server/libjvm.so
7fb11cdea000-7fb11ce53000 rw-p 00000000 00:00 0 
7fb11ce53000-7fb11cfc2000 r-xp 00000000 00:49 7150412                    /usr/lib64/libc.so.6
7fb11cfc2000-7fb11d038000 r--p 0016f000 00:49 7150412                    /usr/lib64/libc.so.6
7fb11d038000-7fb11d03c000 r--p 001e4000 00:49 7150412                    /usr/lib64/libc.so.6
7fb11d03c000-7fb11d03e000 rw-p 001e8000 00:49 7150412                    /usr/lib64/libc.so.6
7fb11d03e000-7fb11d046000 rw-p 00000000 00:00 0 
7fb11d046000-7fb11d04e000 rw-s 00000000 00:38 2890                       /tmp/hsperfdata_bazzite/228517 (deleted)
7fb11d04e000-7fb11d04f000 ---p 00000000 00:00 0 
7fb11d04f000-7fb11d050000 r--p 00000000 00:00 0 
7fb11d050000-7fb11d051000 ---p 00000000 00:00 0 
7fb11d051000-7fb11d063000 r-xp 00000000 00:49 7160479                    /usr/lib/jvm/java-21-openjdk/lib/libjli.so
7fb11d063000-7fb11d06b000 r--p 00012000 00:49 7160479                    /usr/lib/jvm/java-21-openjdk/lib/libjli.so
7fb11d06b000-7fb11d06c000 r--p 0001a000 00:49 7160479                    /usr/lib/jvm/java-21-openjdk/lib/libjli.so
7fb11d06c000-7fb11d06d000 rw-p 0001b000 00:49 7160479                    /usr/lib/jvm/java-21-openjdk/lib/libjli.so
7fb11d06d000-7fb11d06f000 rw-p 00000000 00:00 0 
7fb11d06f000-7fb11d073000 r--p 00000000 00:00 0                          [vvar]
7fb11d073000-7fb11d075000 r--p 00000000 00:00 0                          [vvar_vclock]
7fb11d075000-7fb11d077000 r-xp 00000000 00:00 0                          [vdso]
7fb11d077000-7fb11d0a1000 r-xp 00000000 00:49 7150409                    /usr/lib64/ld-linux-x86-64.so.2
7fb11d0a1000-7fb11d0ad000 r--p 0002a000 00:49 7150409                    /usr/lib64/ld-linux-x86-64.so.2
7fb11d0ad000-7fb11d0af000 r--p 00035000 00:49 7150409                    /usr/lib64/ld-linux-x86-64.so.2
7fb11d0af000-7fb11d0b0000 rw-p 00037000 00:49 7150409                    /usr/lib64/ld-linux-x86-64.so.2
7fb11d0b0000-7fb11d0b1000 rw-p 00000000 00:00 0 
7ffea91a2000-7ffea91c6000 rw-p 00000000 00:00 0                          [stack]
ffffffffff600000-ffffffffff601000 --xp 00000000 00:00 0                  [vsyscall]
Total number of mappings: 857

JVMTI agents: none


VM Arguments:
jvm_args: --enable-native-access=ALL-UNNAMED -Dfile.encoding=UTF-8 -Duser.country=US -Duser.language=en -Duser.variant 
java_command: dungeon.crawler.lwjgl3.Lwjgl3Launcher
java_class_path (initial): /home/bazzite/code/java/LibGDXDungeonCrawler/lwjgl3/build/classes/java/main:/home/bazzite/code/java/LibGDXDungeonCrawler/lwjgl3/build/classes/kotlin/main:/home/bazzite/code/java/LibGDXDungeonCrawler/lwjgl3/build/resources/main:/home/bazzite/code/java/LibGDXDungeonCrawler/core/build/libs/core-1.0.0.jar:/home/bazzite/.gradle/caches/modules-2/files-2.1/org.jetbrains.kotlin/kotlin-stdlib/2.3.10/8b80e2f80a3b7daa99c16017f91d4c72cd8b31a6/kotlin-stdlib-2.3.10.jar:/home/bazzite/.gradle/caches/modules-2/files-2.1/com.badlogicgames.gdx-controllers/gdx-controllers-desktop/2.2.4/44c8bdf023f04ea9a84ad105d5e2f59ff5d7768a/gdx-controllers-desktop-2.2.4.jar:/home/bazzite/.gradle/caches/modules-2/files-2.1/com.badlogicgames.gdx/gdx-backend-lwjgl3/1.14.0/122cf51d4a3bcd4e14e8fbd16ae2b65f27fe2d57/gdx-backend-lwjgl3-1.14.0.jar:/home/bazzite/.gradle/caches/modules-2/files-2.1/com.badlogicgames.gdx/gdx-platform/1.14.0/d0ecc53f2c20576f1ba4ac9ba157cf48f7bd9821/gdx-platform-1.14.0-natives-desktop.jar:/home/bazzite/.gradle/caches/modules-2/files-2.1/com.badlogicgames.gdx/gdx-tools/1.14.0/127ace6e61276431b23a963c99cee397da72c783/gdx-tools-1.14.0.jar:/home/bazzite/.gradle/caches/modules-2/files-2.1/org.lwjgl/lwjgl-glfw/3.4.1/a782b1ddd175c9107bf300fd92920579ea65e2a4/lwjgl-glfw-3.4.1.jar:/home/bazzite/.gradle/caches/modules-2/files-2.1/org.lwjgl/lwjgl-glfw/3.4.1/23cdf7655ce9f3b27ad90f08e73345e0d5b46362/lwjgl-glfw-3.4.1-natives-linux.jar:/home/bazzite/.gradle/caches/modules-2/files-2.1/org.lwjgl/lwjgl-glfw/3.4.1/bb243e9a857c4301bf7d5e668538686eaa64101e/lwjgl-glfw-3.4.1-natives-linux-arm32.jar:/home/bazzite/.gradle/caches/modules-2/files-2.1/org.lwjgl/lwjgl-glfw/3.4.1/e5e87034c47118960746077dba46280e8de864b3/lwjgl-glfw-3.4.1-natives-linux-arm64.jar:/home/bazzite/.gradle/caches/modules-2/files-2.1/org.lwjgl/lwjgl-glfw/3.4.1/3c8538942f58377d59cd7be2dc164ba71a53868a/lwjgl-glfw-3.4.1-natives-macos.jar:/home/bazzite/.gradle/caches/modules-2/files-2.1/org.lwjgl/lwjgl-glfw/3.4.1/ef1f8efca5a60ba3512bc4982b88e446ecc43378/lwjgl-glfw-3.4.1-natives-macos-arm64.jar:/home/bazzite/.gradle/caches/modules-2/files-2.1/org.lwjgl/lwjgl-glfw/3.4.1/2eb4aa895ea190ba8cf4356f8cea24d3ebb40ea1/lwjgl-glfw-3.4.1-natives-windows.jar:/home/bazzite/.gradle/caches/modules-2/files-2.1/org.lwjgl/lwjgl-glfw/3.4.1/a48bbdd544f00c88f8906e9d09e3f31bc1c17fac/lwjgl-glfw-3.4.1-natives-windows-x86.jar:/home/bazzite/.gradle/caches/modules-2/files-2.1/org.lwjgl/lwjgl-jemalloc/3.4.1/16b663092854fc6adfe0a941e61cae2bb2e437b6/lwjgl-jemalloc-3.4.1.jar:/home/bazzite/.gradle/caches/modules-2/files-2.1/org.lwjgl/lwjgl-jemalloc/3.4.1/b83c82d941f2e624d150d6d1e2efcf4ea49ff8ea/lwjgl-jemalloc-3.4.1-natives-linux.jar:/home/bazzite/.gradle/caches/modules-2/files-2.1/org.lwjgl/lwjgl-jemalloc/3.4.1/fc9ce35c94743e23855777cacaba34bc145da6ec/lwjgl-jemalloc-3.4.1-natives-linux-arm32.jar:/home/bazzite/.gradle/caches/modules-2/files-2.1/org.lwjgl/lwjgl-jemalloc/3.4.1/7891964dfb723209c6d02b0401432348fb707cc0/lwjgl-jemalloc-3.4.1-natives-linux-arm64.jar:/home/bazzite/.gradle/caches/modules-2/files-2.1/org.lwjgl/lwjgl-jemalloc/3.4.1/581b4d542e841015ce3265eed0495e2cde15b1d0/lwjgl-jemalloc-3.4.1-natives-macos.jar:/home/bazzite/.gradle/caches/modules-2/files-2.1/org.lwjgl/lwjgl-jemalloc/3.4.1/dcd7e3f9a2ca386e8c5b8f508a8511d9dd63bab0/lwjgl-jemalloc-3.4.1-natives-macos-arm64.jar:/home/bazzite/.gradle/caches/modules-2/files-2.1/org.lwjgl/lwjgl-jemalloc/3.4.1/70db8048d1aca8a6365f46f9963b8d6cd77b9e94/lwjgl-jemalloc-3.4.1-natives-windows.jar:/home/bazzite/.gradle/caches/modules-2/files-2.1/org.lwjgl/lwjgl-jemalloc/3.4.1/d8cf69e1155df83260f9bbe01944fe91f8ca3955/lwjgl-jemalloc-3.4.1-natives-windows-x86.jar:/home/bazzite/.gradle/caches/modules-2/files-2.1/org.lwjgl/lwjgl-openal/3.4.1/8508bd60589de0539aa465b78fcf838efd07ae9a/lwjgl-openal-3.4.1.jar:/home/bazzite/.gradle/caches/modules-2/files-2.1/org.lwjgl/lwjgl-openal/3.4.1/dbff577119266cd4312e4eb9cc2b171407c56360/lwjgl-openal-3.4.1-natives-linux.jar:/home/bazzite/.gradle/caches/modules-2/files-2.1/org.lwjgl/lwjgl-openal/3.4.1/6d4ac5f3d5bab7f2fadfd52c32177d9c12a43b49/lwjgl-openal-3.4.1-natives-linux-arm32.jar:/home/bazzite/.gradle/caches/modules-2/files-2.1/org.lwjgl/lwjgl-openal/3.4.1/3729b70cdd42df5571b075e051fa2fc8586dc538/lwjgl-openal-3.4.1-natives-linux-arm64.jar:/home/bazzite/.gradle/caches/modules-2/files-2.1/org.lwjgl/lwjgl-openal/3.4.1/a4dc57b7b0880d3fffb4d0b61649f45712bccc93/lwjgl-openal-3.4.1-natives-macos.jar:/home/bazzite/.gradle/caches/modules-2/files-2.1/org.lwjgl/lwjgl-openal/3.4.1/1c709a38c4a0e86aae96db7b8c78432307f2322a/lwjgl-openal-3.4.1-natives-macos-arm64.jar:/home/bazzite/.gradle/caches/modules-2/files-2.1/org.lwjgl/lwjgl-openal/3.4.1/8e83fdfdf65c80c9877c6fb6cb645d239ed7638/lwjgl-openal-3.4.1-natives-windows.jar:/home/bazzite/.gradle/caches/modules-2/files-2.1/org.lwjgl/lwjgl-openal/3.4.1/9e4bab87e9b89876fa77ea3c19e1b45334b97c10/lwjgl-openal-3.4.1-natives-windows-x86.jar:/home/bazzite/.gradle/caches/modules-2/files-2.1/org.lwjgl/lwjgl-opengl/3.4.1/830412cab823c029cda6b9729f9d2ed36cf79959/lwjgl-opengl-3.4.1.jar:/home/bazzite/.gradle/caches/modules-2/files-2.1/org.lwjgl/lwjgl-opengl/3.4.1/b750599f0e75ddb19f1d0fe993f3011334b710ae/lwjgl-opengl-3.4.1-natives-linux.jar:/home/bazzite/.gradle/caches/modules-2/files-2.1/org.lwjgl/lwjgl-opengl/3.4.1/172e575948234ff7920abf0d0083d25e37c91ba6/lwjgl-opengl-3.4.1-natives-linux-arm32.jar:/home/bazzite/.gradle/caches/modules-2/files-2.1/org.lwjgl/lwjgl-opengl/3.4.1/61a4103e56bbaeb74ad3f19ec14299fd6891c4b0/lwjgl-opengl-3.4.1-natives-linux-arm64.jar:/home/bazzite/.gradle/caches/modules-2/files-2.1/org.lwjgl/lwjgl-opengl/3.4.1/ba18fc6012b88494ee893506934b92b01c4ef14b/lwjgl-opengl-3.4.1-natives-macos.jar:/home/bazzite/.gradle/caches/modules-2/files-2.1/org.lwjgl/lwjgl-opengl/3.4.1/35b5550058de4960525f465243bd01805f04fd8b/lwjgl-opengl-3.4.1-natives-macos-arm64.jar:/home/bazzite/.gradle/caches/modules-2/files-2.1/org.lwjgl/lwjgl-opengl/3.4.1/617f37ef4e2ffb727bd5e74333e8073ef43ca1ec/lwjgl-opengl-3.4.1-natives-windows.jar:/home/bazzite/.gradle/caches/modules-2/files-2.1/org.lwjgl/lwjgl-opengl/3.4.1/cfd47352b758a0c9f7046de467b103182ec77eb1/lwjgl-opengl-3.4.1-natives-windows-x86.jar:/home/bazzite/.gradle/caches/modules-2/files-2.1/org.lwjgl/lwjgl-stb/3.4.1/f077c3dafc31924fbe8acb0b913f08977ba27f8e/lwjgl-stb-3.4.1.jar:/home/bazzite/.gradle/caches/modules-2/files-2.1/org.lwjgl/lwjgl-stb/3.4.1/7e1cfae909da6c68f3cb6073a9bfeb6c90e82a57/lwjgl-stb-3.4.1-natives-linux.jar:/home/bazzite/.gradle/caches/modules-2/files-2.1/org.lwjgl/lwjgl-stb/3.4.1/8f753f3772863989f1172d2b84b4e56ed18e8c35/lwjgl-stb-3.4.1-natives-linux-arm32.jar:/home/bazzite/.gradle/caches/modules-2/files-2.1/org.lwjgl/lwjgl-stb/3.4.1/3bc107f901f931fea07cb0d80b1d74a34b806a2b/lwjgl-stb-3.4.1-natives-linux-arm64.jar:/home/bazzite/.gradle/caches/modules-2/files-2.1/org.lwjgl/lwjgl-stb/3.4.1/fd1ea36b717b0832babca09324a6cfc43906e2aa/lwjgl-stb-3.4.1-natives-macos.jar:/home/bazzite/.gradle/caches/modules-2/files-2.1/org.lwjgl/lwjgl-stb/3.4.1/da554e04f819f09b0f3473bd931628ebf557965e/lwjgl-stb-3.4.1-natives-macos-arm64.jar:/home/bazzite/.gradle/caches/modules-2/files-2.1/org.lwjgl/lwjgl-stb/3.4.1/b4e13ece83c228ecf57354639d8555076a989d74/lwjgl-stb-3.4.1-natives-windows.jar:/home/bazzite/.gradle/caches/modules-2/files-2.1/org.lwjgl/lwjgl-stb/3.4.1/e091cd3b25ab7db88f0e34a0d2797dc396a528fa/lwjgl-stb-3.4.1-natives-windows-x86.jar:/home/bazzite/.gradle/caches/modules-2/files-2.1/org.lwjgl/lwjgl/3.4.1/6105690714874b995aa7812e4f7732a21109276c/lwjgl-3.4.1.jar:/home/bazzite/.gradle/caches/modules-2/files-2.1/org.lwjgl/lwjgl/3.4.1/2734e106bd95db49fe0da8cf8bf7fd96475c436c/lwjgl-3.4.1-natives-linux.jar:/home/bazzite/.gradle/caches/modules-2/files-2.1/org.lwjgl/lwjgl/3.4.1/1511ab1ffb1c8d8e00e2acb452663173ae09bca0/lwjgl-3.4.1-natives-linux-arm32.jar:/home/bazzite/.gradle/caches/modules-2/files-2.1/org.lwjgl/lwjgl/3.4.1/46883f3b622d8b4d7f27b627ca3360cda3db0e0e/lwjgl-3.4.1-natives-linux-arm64.jar:/home/bazzite/.gradle/caches/modules-2/files-2.1/org.lwjgl/lwjgl/3.4.1/b034fd9a67cb8646c01af7efcefcb93be835542b/lwjgl-3.4.1-natives-macos.jar:/home/bazzite/.gradle/caches/modules-2/files-2.1/org.lwjgl/lwjgl/3.4.1/b4cbdef4818abd714ee66985344c0949fd1cd6d6/lwjgl-3.4.1-natives-macos-arm64.jar:/home/bazzite/.gradle/caches/modules-2/files-2.1/org.lwjgl/lwjgl/3.4.1/96a217f0428ab73487f114a54179a4f41e851a04/lwjgl-3.4.1-natives-windows.jar:/home/bazzite/.gradle/caches/modules-2/files-2.1/org.lwjgl/lwjgl/3.4.1/65de43bd52507e108a58247c0da57a50ce3ee6f6/lwjgl-3.4.1-natives-windows-x86.jar:/home/bazzite/.gradle/caches/modules-2/files-2.1/org.jetbrains/annotations/13.0/919f0dfe192fb4e063e7dacadee7f8bb9a2672a9/annotations-13.0.jar:/home/bazzite/.gradle/caches/modules-2/files-2.1/de.golfgl.gdxcontrollerutils/gdx-controllerutils-mapping/2.3.0/4f0651c569245a0fcc2eb3a51f3d64cba33ab943/gdx-controllerutils-mapping-2.3.0.jar:/home/bazzite/.gradle/caches/modules-2/files-2.1/com.badlogicgames.gdx-controllers/gdx-controllers-core/2.2.4/d8a18ff371fb01c1763e9fe5ea050e39d2d66437/gdx-controllers-core-2.2.4.jar:/home/bazzite/.gradle/caches/modules-2/files-2.1/de.golfgl.gdxcontrollerutils/gdx-controllerutils-scene2d/2.3.0/f9a865856302ec274e78f2963cf7936bcd09e4a8/gdx-controllerutils-scene2d-2.3.0.jar:/home/bazzite/.gradle/caches/modules-2/files-2.1/com.vabrantgames/console/v0.3.0/72e7c7973b26a4e4a5cce0e7dae16c10bd73761a/console-v0.3.0.jar:/home/bazzite/.gradle/caches/modules-2/files-2.1/com.badlogicgames.gdx/gdx-freetype/1.14.0/90299d782fca725677549b88bc1958f968e09bd8/gdx-freetype-1.14.0.jar:/home/bazzite/.gradle/caches/modules-2/files-2.1/com.badlogicgames.gdx/gdx-backend-headless/1.14.0/91a9024d8424ffd4f0805a11f652aa4500f59e0b/gdx-backend-headless-1.14.0.jar:/home/bazzite/.gradle/caches/modules-2/files-2.1/com.badlogicgames.gdx/gdx/1.14.0/8accfce8d9313d9ddd23a2c9e315179783085ef2/gdx-1.14.0.jar:/home/bazzite/.gradle/caches/modules-2/files-2.1/com.badlogicgames.jamepad/jamepad/2.26.5.0/5c39b34fa0c39e3dd4607085d27d51b599ea30a0/jamepad-2.26.5.0.jar:/home/bazzite/.gradle/caches/modules-2/files-2.1/com.badlogicgames.jlayer/jlayer/1.0.1-gdx/7cca83cec5c1b2f011362f4d85aabd71a73b049d/jlayer-1.0.1-gdx.jar:/home/bazzite/.gradle/caches/modules-2/files-2.1/org.jcraft/jorbis/0.0.17/8872d22b293e8f5d7d56ff92be966e6dc28ebdc6/jorbis-0.0.17.jar:/home/bazzite/.gradle/caches/modules-2/files-2.1/com.badlogicgames.gdx/gdx-jnigen-loader/2.5.2/f35e90affe07c46b4f5e5958a1a4c1820c4890e2/gdx-jnigen-loader-2.5.2.jar
Launcher Type: SUN_STANDARD

[Global flags]
     intx CICompilerCount                          = 12                                        {product} {ergonomic}
     uint ConcGCThreads                            = 3                                         {product} {ergonomic}
     uint G1ConcRefinementThreads                  = 13                                        {product} {ergonomic}
   size_t G1HeapRegionSize                         = 4194304                                   {product} {ergonomic}
    uintx GCDrainStackTargetSize                   = 64                                        {product} {ergonomic}
   size_t InitialHeapSize                          = 515899392                                 {product} {ergonomic}
   size_t MarkStackSize                            = 4194304                                   {product} {ergonomic}
   size_t MaxHeapSize                              = 8195670016                                {product} {ergonomic}
   size_t MaxNewSize                               = 4915724288                                {product} {ergonomic}
   size_t MinHeapDeltaBytes                        = 4194304                                   {product} {ergonomic}
   size_t MinHeapSize                              = 8388608                                   {product} {ergonomic}
    uintx NonNMethodCodeHeapSize                   = 7602480                                {pd product} {ergonomic}
    uintx NonProfiledCodeHeapSize                  = 122027880                              {pd product} {ergonomic}
    uintx ProfiledCodeHeapSize                     = 122027880                              {pd product} {ergonomic}
    uintx ReservedCodeCacheSize                    = 251658240                              {pd product} {ergonomic}
     bool SegmentedCodeCache                       = true                                      {product} {ergonomic}
   size_t SoftMaxHeapSize                          = 8195670016                             {manageable} {ergonomic}
     bool UseCompressedOops                        = true                           {product lp64_product} {ergonomic}
     bool UseG1GC                                  = true                                      {product} {ergonomic}

Logging:
Log output configuration:
 #0: 
[error occurred during error reporting (printing log configuration), id 0xb, SIGSEGV (0xb) at pc=0x00007fb11c43005a]
Release file:
IMPLEMENTOR="Red Hat, Inc."
IMPLEMENTOR_VERSION="(Red_Hat-21.0.11.0.10-2)"
JAVA_RUNTIME_VERSION="21.0.11+10"
JAVA_VERSION="21.0.11"
JAVA_VERSION_DATE="2026-04-21"
LIBC="gnu"
MODULES="java.base java.compiler java.datatransfer java.xml java.prefs java.desktop java.instrument java.logging java.management java.security.sasl java.naming java.rmi java.management.rmi java.net.http java.scripting java.security.jgss java.transaction.xa java.sql java.sql.rowset java.xml.crypto java.se java.smartcardio jdk.accessibility jdk.internal.jvmstat jdk.attach jdk.charsets jdk.internal.opt jdk.zipfs jdk.compiler jdk.crypto.ec jdk.crypto.cryptoki jdk.dynalink jdk.internal.ed jdk.editpad jdk.hotspot.agent jdk.httpserver jdk.incubator.vector jdk.internal.le jdk.internal.vm.ci jdk.internal.vm.compiler jdk.internal.vm.compiler.management jdk.jartool jdk.javadoc jdk.jcmd jdk.management jdk.management.agent jdk.jconsole jdk.jdeps jdk.jdwp.agent jdk.jdi jdk.jfr jdk.jlink jdk.jpackage jdk.jshell jdk.jsobject jdk.jstatd jdk.localedata jdk.management.jfr jdk.naming.dns jdk.naming.rmi jdk.net jdk.nio.mapmode jdk.random jdk.sctp jdk.security.auth jdk.security.jgss jdk.unsupported jdk.unsupported.desktop jdk.xml.dom"
OS_ARCH="x86_64"
OS_NAME="Linux"
SOURCE=".:git:d8615be99208"

Environment Variables:
PATH=/home/bazzite/.local/bin:/home/bazzite/.local/bin:/home/bazzite/.local/share/../bin:/home/bazzite/.local/bin:/home/bazzite/bin:/usr/local/bin:/usr/bin:/bin:/home/bazzite/.local/share/yabridge:/home/bazzite/.local/share/yabridge:/usr/local/bin:/usr/bin:/usr/local/sbin:/usr/sbin:/sbin
XDG_CACHE_HOME=/home/bazzite/.cache
XDG_CONFIG_HOME=/home/bazzite/.config
SHELL=/usr/bin/zsh
DISPLAY=:0
WAYLAND_DISPLAY=wayland-0
LANG=en_US.UTF-8
TERM=xterm-256color

Active Locale:
LC_ALL=en_US.UTF-8
LC_COLLATE=en_US.UTF-8
LC_CTYPE=en_US.UTF-8
LC_MESSAGES=en_US.UTF-8
LC_MONETARY=en_US.UTF-8
LC_NUMERIC=en_US.UTF-8
LC_TIME=en_US.UTF-8

Signal Handlers:
   SIGSEGV: crash_handler in libjvm.so, mask=11100100010111111101111111111110, flags=SA_RESTART|SA_SIGINFO, unblocked
    SIGBUS: crash_handler in libjvm.so, mask=11100100010111111101111111111110, flags=SA_RESTART|SA_SIGINFO, unblocked
    SIGFPE: crash_handler in libjvm.so, mask=11100100010111111101111111111110, flags=SA_RESTART|SA_SIGINFO, unblocked
   SIGPIPE: SIG_IGN, mask=00000000000000000000000000000000, flags=none, blocked
  *** Handler was modified!
  *** Expected: javaSignalHandler in libjvm.so, mask=11100100110111111111111111111110, flags=SA_RESTART|SA_SIGINFO
   SIGXFSZ: javaSignalHandler in libjvm.so, mask=11100100010111111101111111111110, flags=SA_RESTART|SA_SIGINFO, blocked
    SIGILL: crash_handler in libjvm.so, mask=11100100010111111101111111111110, flags=SA_RESTART|SA_SIGINFO, unblocked
   SIGUSR2: SR_handler in libjvm.so, mask=00000000000000000000000000000000, flags=SA_RESTART|SA_SIGINFO, blocked
    SIGHUP: UserHandler in libjvm.so, mask=11100100010111111101111111111110, flags=SA_RESTART|SA_SIGINFO, blocked
    SIGINT: UserHandler in libjvm.so, mask=11100100010111111101111111111110, flags=SA_RESTART|SA_SIGINFO, blocked
   SIGTERM: UserHandler in libjvm.so, mask=11100100010111111101111111111110, flags=SA_RESTART|SA_SIGINFO, blocked
   SIGQUIT: UserHandler in libjvm.so, mask=11100100010111111101111111111110, flags=SA_RESTART|SA_SIGINFO, blocked
   SIGTRAP: crash_handler in libjvm.so, mask=11100100010111111101111111111110, flags=SA_RESTART|SA_SIGINFO, unblocked


Periodic native trim disabled

---------------  S Y S T E M  ---------------

OS:
Fedora release 43 (Forty Three)
uname: Linux 7.0.9-ogc3.2.fc44.x86_64 #1 SMP PREEMPT_DYNAMIC Wed May 20 01:34:43 UTC 2026 x86_64
OS uptime: 0 days 12:13 hours
libc: glibc 2.42 NPTL 2.42 
rlimit (soft/hard): STACK 8192k/infinity , CORE infinity/infinity , NPROC 123785/123785 , NOFILE 1048576/1048576 , AS infinity/infinity , CPU infinity/infinity , DATA infinity/infinity , FSIZE infinity/infinity , MEMLOCK 2147484k/2147484k
load average: 1.07 0.73 0.78

/proc/meminfo:
MemTotal:       32001840 kB
MemFree:         2815172 kB
MemAvailable:   11639416 kB
Buffers:            4228 kB
Cached:         10321768 kB
SwapCached:         7772 kB
Active:         10987452 kB
Inactive:       14904136 kB
Active(anon):    7356748 kB
Inactive(anon):  8482384 kB
Active(file):    3630704 kB
Inactive(file):  6421752 kB
Unevictable:         916 kB
Mlocked:             916 kB
SwapTotal:      16000508 kB
SwapFree:       12019708 kB
Zswap:                 0 kB
Zswapped:              0 kB
Dirty:              5504 kB
Writeback:             0 kB
AnonPages:      15561184 kB
Mapped:          2677948 kB
Shmem:            280260 kB
KReclaimable:     472424 kB
Slab:             954460 kB
SReclaimable:     472424 kB
SUnreclaim:       482036 kB
KernelStack:       50948 kB
PageTables:       177592 kB
SecPageTables:      5000 kB
NFS_Unstable:          0 kB
Bounce:                0 kB
WritebackTmp:          0 kB
CommitLimit:    32001428 kB
Committed_AS:   70585184 kB
VmallocTotal:   34359738367 kB
VmallocUsed:      368244 kB
VmallocChunk:          0 kB
Percpu:            21440 kB
HardwareCorrupted:     0 kB
AnonHugePages:         0 kB
ShmemHugePages:        0 kB
ShmemPmdMapped:        0 kB
FileHugePages:     12288 kB
FilePmdMapped:         0 kB
CmaTotal:              0 kB
CmaFree:               0 kB
Unaccepted:            0 kB
Balloon:               0 kB
HugePages_Total:       0
HugePages_Free:        0
HugePages_Rsvd:        0
HugePages_Surp:        0
Hugepagesize:       2048 kB
Hugetlb:               0 kB
DirectMap4k:     4187052 kB
DirectMap2M:    27465728 kB
DirectMap1G:     2097152 kB

/sys/kernel/mm/transparent_hugepage/enabled: always [madvise] never
/sys/kernel/mm/transparent_hugepage/hpage_pmd_size: 2097152
/sys/kernel/mm/transparent_hugepage/defrag (defrag/compaction efforts parameter): always defer defer+madvise [madvise] never

Process Memory:
Virtual Size: 13386428K (peak: 13386456K)
Resident Set Size: 297792K (peak: 297792K) (anon: 159364K, file: 126384K, shmem: 12044K)
Swapped out: 0K
C-Heap outstanding allocations: 119255K, retained: 27752K
glibc malloc tunables: (default)

/proc/sys/kernel/threads-max (system-wide limit on the number of threads): 247570
/proc/sys/vm/max_map_count (maximum number of memory map areas a process may have): 2147483642
/proc/sys/vm/swappiness (control to define how aggressively the kernel swaps out anonymous memory): 180
/proc/sys/kernel/pid_max (system-wide limit on number of process identifiers): 4194304

container information not found.
Steal ticks since vm start: 0
Steal ticks percentage since vm start:  0.000

CPU: total 16 (initial active 16) (16 cores per cpu, 2 threads per core) family 25 model 97 stepping 2 microcode 0xa60120a, cx8, cmov, fxsr, ht, mmx, 3dnowpref, sse, sse2, sse3, ssse3, sse4a, sse4.1, sse4.2, popcnt, lzcnt, tsc, tscinvbit, avx, avx2, aes, erms, clmul, bmi1, bmi2, adx, avx512f, avx512dq, avx512cd, avx512bw, avx512vl, sha, fma, vzeroupper, avx512_vpopcntdq, avx512_vpclmulqdq, avx512_vaes, avx512_vnni, clflush, clflushopt, avx512_vbmi2, avx512_vbmi, rdtscp, rdpid, fsrm, gfni, avx512_bitalg, f16c, pku, ospke, cet_ss, avx512_ifma
CPU Model and flags from /proc/cpuinfo:
model name	: AMD Ryzen 7 7700X 8-Core Processor
flags		: fpu vme de pse tsc msr pae mce cx8 apic sep mtrr pge mca cmov pat pse36 clflush mmx fxsr sse sse2 ht syscall nx mmxext fxsr_opt pdpe1gb rdtscp lm constant_tsc rep_good amd_lbr_v2 nopl xtopology nonstop_tsc cpuid extd_apicid aperfmperf rapl pni pclmulqdq monitor ssse3 fma cx16 sse4_1 sse4_2 movbe popcnt aes xsave avx f16c rdrand lahf_lm cmp_legacy svm extapic cr8_legacy abm sse4a misalignsse 3dnowprefetch osvw ibs skinit wdt tce topoext perfctr_core perfctr_nb bpext perfctr_llc mwaitx cpuid_fault cpb cat_l3 cdp_l3 hw_pstate ssbd mba perfmon_v2 ibrs ibpb stibp ibrs_enhanced vmmcall fsgsbase bmi1 avx2 smep bmi2 erms invpcid cqm rdt_a avx512f avx512dq rdseed adx smap avx512ifma clflushopt clwb avx512cd sha_ni avx512bw avx512vl xsaveopt xsavec xgetbv1 xsaves cqm_llc cqm_occup_llc cqm_mbm_total cqm_mbm_local user_shstk avx512_bf16 clzero irperf xsaveerptr rdpru wbnoinvd cppc arat npt lbrv svm_lock nrip_save tsc_scale vmcb_clean flushbyasid decodeassists pausefilter pfthreshold avic vgif x2avic v_spec_ctrl vnmi avx512vbmi umip pku ospke avx512_vbmi2 gfni vaes vpclmulqdq avx512_vnni avx512_bitalg avx512_vpopcntdq rdpid overflow_recov succor smca fsrm flush_l1d amd_lbr_pmc_freeze

Online cpus: 0-15
Offline cpus: 
BIOS frequency limitation: <Not Available>
Frequency switch latency (ns): 0
Available cpu frequencies: <Not Available>
Current governor: performance
Core performance/turbo boost: 1

Memory: 4k page, physical 32001840k(11639416k free), swap 16000508k(12019708k free)
Page Sizes: 4k

vm_info: OpenJDK 64-Bit Server VM (21.0.11+10) for linux-amd64 JRE (21.0.11+10), built on 2026-04-21T00:00:00Z by "mockbuild" with gcc 15.2.1 20260123 (Red Hat 15.2.1-7)

END.
