#
# A fatal error has been detected by the Java Runtime Environment:
#
#  SIGSEGV (0xb) at pc=0x00007f89a0d0760e, pid=223184, tid=223216
#
# JRE version: OpenJDK Runtime Environment (Red_Hat-21.0.11.0.10-2) (21.0.11+10) (build 21.0.11+10)
# Java VM: OpenJDK 64-Bit Server VM (Red_Hat-21.0.11.0.10-2) (21.0.11+10, mixed mode, sharing, tiered, compressed oops, compressed class ptrs, g1 gc, linux-amd64)
# Problematic frame:
# C  [libEGL_nvidia.so.0+0xb660e]
#
# Core dump will be written. Default location: Core dumps may be processed with "/usr/lib/systemd/systemd-coredump %P %u %g %s %t %c %h %d %F" (or dumping to /home/bazzite/code/java/LibGDXDungeonCrawler/assets/core.223184)
#
# If you would like to submit a bug report, please visit:
#   https://bugzilla.redhat.com/enter_bug.cgi?product=Fedora&component=java-21-openjdk&version=42
#

---------------  S U M M A R Y ------------

Command Line: --enable-native-access=ALL-UNNAMED -Dfile.encoding=UTF-8 -Duser.country=US -Duser.language=en -Duser.variant dungeon.crawler.lwjgl3.Lwjgl3Launcher

Host: AMD Ryzen 7 7700X 8-Core Processor, 16 cores, 30G, Fedora release 43 (Forty Three)
Time: Sun Aug 16 20:07:01 2026 EDT elapsed time: 10.236155 seconds (0d 0h 0m 10s)

---------------  T H R E A D  ---------------

Current thread is native thread

Stack: [0x00007f89a27fe000,0x00007f89a2ffe000],  sp=0x00007f89a2ffcdd0,  free space=8187k
Native frames: (J=compiled Java code, j=interpreted, Vv=VM code, C=native code)
C  [libEGL_nvidia.so.0+0xb660e]

siginfo: si_signo: 11 (SIGSEGV), si_code: 1 (SEGV_MAPERR), si_addr: 0x0000000000000040

Registers:
RAX=0x0000000000000000, RBX=0x00007f89a0b05f80, RCX=0x0000000000000001, RDX=0x00007f898bff381c
RSP=0x00007f89a2ffcdd0, RBP=0x00007f89a01e5040, RSI=0x00007f89a0cfa840, RDI=0x00007f89a0d934a8
R8 =0x0000000004595e7a, R9 =0x00007f89a2ffcdc0, R10=0x0000000000000000, R11=0x00007f8a7ac67000
R12=0x00007f898bff8aa0, R13=0x00007f89a01e5040, R14=0x00007f89a0b06380, R15=0x0000000000000000
RIP=0x00007f89a0d0760e, EFLAGS=0x0000000000010202, CSGSFS=0x002b000000000033, ERR=0x0000000000000004
  TRAPNO=0x000000000000000e

XMM[0]=0x0000000000000000 0x000000004b191fe2
XMM[1]=0x0000000000000000 0x0007000700070007
XMM[2]=0xffffffffffffffff 0xffffffffffffffff
XMM[3]=0xffffffffffffffff 0xffffffffffffffff
XMM[4]=0x0000000000000000 0x00007f8a74000090
XMM[5]=0x0000000000000000 0x0000000000000000
XMM[6]=0x0000000000000000 0x0000000000000000
XMM[7]=0x0000000000000000 0x0000000000000000
XMM[8]=0x00007f898a47da30 0x00007f898a47da20
XMM[9]=0x22c497b022c497b0 0x22c497b03f5dc987
XMM[10]=0x0000000000000000 0x000000001c9931d7
XMM[11]=0xe834151de834151d 0xe834151d2791dea4
XMM[12]=0x0000000000000000 0x000000003f5dc987
XMM[13]=0x0000000000000000 0x00007f8a74683290
XMM[14]=0x0000000000000000 0x00007f8a74683280
XMM[15]=0x0000000000000000 0x00007f8a74683270
  MXCSR=0x00001fa2


Top of Stack: (sp=0x00007f89a2ffcdd0)
0x00007f89a2ffcdd0:   00007f898bff5900 00007f898a88608a   .Y.......`......
0x00007f89a2ffcde0:   00007f898bff5900 00007f898a6ac31f   .Y........j.....
0x00007f89a2ffcdf0:   00007f89a0b07080 00007f898bfa1d00   .p..............
0x00007f89a2ffce00:   00007f89a2ffd6c0 00017f8900000000   ................
0x00007f89a2ffce10:   00007f8a74a40780 00007f89a0b06380   ...t.....c......
0x00007f89a2ffce20:   00007f898a887530 00007f89a2ffd6c0   0u..............
0x00007f89a2ffce30:   00007f8a795c79a0 00007f89a2ffdce4   .y\y............
0x00007f89a2ffce40:   00007f8a795c7aa7 00007f898a88850a   .z\y............
0x00007f89a2ffce50:   00007f89a2ffd6c0 00007f89a2ffd6c0   ................
0x00007f89a2ffce60:   00007f89a2ffcf30 00007f8a7aabd3c4   0..........z....
0x00007f89a2ffce70:   0000000000801000 00007f89a27fd000   ................
0x00007f89a2ffce80:   0000000000000000 0000008000000000   ................
0x00007f89a2ffce90:   ffffffffffffff00 0000000000000000   ................
0x00007f89a2ffcea0:   0000000000000021 00007f89a2ffd6c0   !...............
0x00007f89a2ffceb0:   00007f89a2ffd6c0 1bc366cff595a4cd   .............f..
0x00007f89a2ffcec0:   00007f89a2ffd6c0 00007f8a795c79a0   .........y\y....
0x00007f89a2ffced0:   0000000000000000 00007f8a795c7aa7   .........z\y....
0x00007f89a2ffcee0:   1bc366cff715a4cd 1bc4d667c85fa4cd   .....f...._.g...
0x00007f89a2ffcef0:   0000000000000000 0000000000000000   ................
0x00007f89a2ffcf00:   0000000000000000 0000000000000000   ................
0x00007f89a2ffcf10:   0000000000000000 233bf357072ffd00   ........../.W.;#
0x00007f89a2ffcf20:   00007f8a7aabd0e0 0000000000000000   ...z............
0x00007f89a2ffcf30:   0000000000000000 00007f8a7ab4056c   ........l..z....
0x00007f89a2ffcf40:   0000000000000000 0000000000000000   ................
0x00007f89a2ffcf50:   0000000000000000 0000000000000000   ................
0x00007f89a2ffcf60:   0000000000000000 0000000000000000   ................
0x00007f89a2ffcf70:   0000000000000000 0000000000000000   ................
0x00007f89a2ffcf80:   0000000000000000 0000000000000000   ................
0x00007f89a2ffcf90:   0000000000000000 0000000000000000   ................
0x00007f89a2ffcfa0:   0000000000000000 0000000000000000   ................
0x00007f89a2ffcfb0:   0000000000000000 0000000000000000   ................
0x00007f89a2ffcfc0:   0000000000000000 0000000000000000   ................

Instructions: (pc=0x00007f89a0d0760e)
0x00007f89a0d0750e:   4c 24 08 48 85 c0 48 89 c2 74 61 48 89 08 49 8b
0x00007f89a0d0751e:   44 24 40 48 83 c2 08 48 85 c0 74 41 41 8b 4c 24
0x00007f89a0d0752e:   34 31 c0 85 c9 74 19 49 8b 74 24 40 89 c1 83 c0
0x00007f89a0d0753e:   01 48 8b 34 ce 48 89 34 ca 41 39 44 24 34 77 e7
0x00007f89a0d0754e:   49 8b 44 24 40 48 85 c0 74 13 48 8d 78 f8 48 89
0x00007f89a0d0755e:   54 24 08 e8 1a a8 00 00 48 8b 54 24 08 45 89 7c
0x00007f89a0d0756e:   24 34 49 89 54 24 40 e9 9a fe ff ff 45 8b 74 24
0x00007f89a0d0757e:   34 e9 90 fe ff ff 66 2e 0f 1f 84 00 00 00 00 00
0x00007f89a0d0758e:   66 90 48 8b 07 48 39 f0 74 58 55 48 89 fd 53 48
0x00007f89a0d0759e:   89 f3 48 83 ec 08 48 85 c0 74 15 48 8d 78 08 ff
0x00007f89a0d075ae:   50 18 85 c0 75 0a 48 8b 7d 00 48 8b 07 ff 50 08
0x00007f89a0d075be:   48 89 5d 00 48 85 db 74 19 48 8b 43 10 48 83 c4
0x00007f89a0d075ce:   08 48 8d 7b 08 5b 5d ff e0 66 0f 1f 84 00 00 00
0x00007f89a0d075de:   00 00 48 83 c4 08 5b 5d c3 66 0f 1f 84 00 00 00
0x00007f89a0d075ee:   00 00 c3 66 66 2e 0f 1f 84 00 00 00 00 00 0f 1f
0x00007f89a0d075fe:   40 00 48 83 ec 08 bf 01 00 00 00 e8 62 4a ff ff
0x00007f89a0d0760e:   8b 70 40 48 8d 78 30 48 83 c4 08 e9 62 68 f8 ff
0x00007f89a0d0761e:   66 90 48 83 ec 18 48 8b 87 b0 04 00 00 ba 04 00
0x00007f89a0d0762e:   00 00 be 01 00 00 00 48 8d 4c 24 0c bf 01 00 00
0x00007f89a0d0763e:   00 ff 90 d8 00 00 00 48 83 c4 18 c3 66 0f 1f 44
0x00007f89a0d0764e:   00 00 49 89 fa 41 89 d1 40 0f b6 fe 89 ca 49 8b
0x00007f89a0d0765e:   82 b0 04 00 00 4c 89 c1 44 89 ce 48 8b 80 d8 00
0x00007f89a0d0766e:   00 00 ff e0 66 66 2e 0f 1f 84 00 00 00 00 00 0f
0x00007f89a0d0767e:   1f 00 55 40 0f b6 f6 53 48 89 fb 48 83 ec 08 48
0x00007f89a0d0768e:   8b af b0 04 00 00 e8 b7 ff ff ff ff 95 00 01 00
0x00007f89a0d0769e:   00 8b 10 89 53 28 48 83 c4 08 5b 5d c3 0f 1f 44
0x00007f89a0d076ae:   00 00 41 57 41 56 49 89 fe bf 01 00 00 00 41 55
0x00007f89a0d076be:   49 89 f5 41 54 55 53 48 83 ec 58 48 89 14 24 e8
0x00007f89a0d076ce:   9e 49 ff ff 48 c7 44 24 18 00 00 00 00 83 b8 a0
0x00007f89a0d076de:   04 00 00 03 4c 8b b8 b0 04 00 00 48 89 c3 44 8b
0x00007f89a0d076ee:   60 38 0f 84 02 01 00 00 48 8d 4c 24 20 48 8d 70
0x00007f89a0d076fe:   30 ba 01 00 00 00 48 89 cf 48 89 4c 24 08 e8 7f



---------------  P R O C E S S  ---------------

VM state: at safepoint (shutting down)

VM Mutex/Monitor currently owned by a thread:  ([mutex/lock_event])
[0x00007f8a7aa14378] ThreadsLockThrottle_lock - owner thread: 0x00007f8a74144580
[0x00007f8a7aa140f8] Threads_lock - owner thread: 0x00007f8a74138250
[0x00007f8a7aa13ff8] Heap_lock - owner thread: 0x00007f89cc009070

Heap address: 0x0000000617800000, size: 7816 MB, Compressed Oops mode: Zero based, Oop shift amount: 3

CDS archive(s) mapped at: [0x00007f89fb000000-0x00007f89fbc9d000-0x00007f89fbc9d000), size 13225984, SharedBaseAddress: 0x00007f89fb000000, ArchiveRelocationMode: 1.
Compressed class space mapped at: 0x00007f89fc000000-0x00007f8a3c000000, reserved size: 1073741824
Narrow klass base: 0x00007f89fb000000, Narrow klass shift: 0, Narrow klass range: 0x100000000

GC Precious Log:
<Skipped>

Heap:
 garbage-first heap   total 507904K, used 7630K [0x0000000617800000, 0x0000000800000000)
  region size 4096K, 3 young (12288K), 1 survivors (4096K)
 Metaspace       used 8955K, committed 9152K, reserved 1114112K
  class space    used 748K, committed 832K, reserved 1048576K

Heap Regions: E=young(eden), S=young(survivor), O=old, HS=humongous(starts), HC=humongous(continues), CS=collection set, F=free, TAMS=top-at-mark-start, PB=parsable bottom
|   0|0x0000000617800000, 0x0000000617800000, 0x0000000617c00000|  0%| F|  |TAMS 0x0000000617800000| PB 0x0000000617800000| Untracked 
|   1|0x0000000617c00000, 0x0000000617c00000, 0x0000000618000000|  0%| F|  |TAMS 0x0000000617c00000| PB 0x0000000617c00000| Untracked 
|   2|0x0000000618000000, 0x0000000618000000, 0x0000000618400000|  0%| F|  |TAMS 0x0000000618000000| PB 0x0000000618000000| Untracked 
|   3|0x0000000618400000, 0x0000000618400000, 0x0000000618800000|  0%| F|  |TAMS 0x0000000618400000| PB 0x0000000618400000| Untracked 
|   4|0x0000000618800000, 0x0000000618800000, 0x0000000618c00000|  0%| F|  |TAMS 0x0000000618800000| PB 0x0000000618800000| Untracked 
|   5|0x0000000618c00000, 0x0000000618c00000, 0x0000000619000000|  0%| F|  |TAMS 0x0000000618c00000| PB 0x0000000618c00000| Untracked 
|   6|0x0000000619000000, 0x0000000619000000, 0x0000000619400000|  0%| F|  |TAMS 0x0000000619000000| PB 0x0000000619000000| Untracked 
|   7|0x0000000619400000, 0x0000000619400000, 0x0000000619800000|  0%| F|  |TAMS 0x0000000619400000| PB 0x0000000619400000| Untracked 
|   8|0x0000000619800000, 0x0000000619800000, 0x0000000619c00000|  0%| F|  |TAMS 0x0000000619800000| PB 0x0000000619800000| Untracked 
|   9|0x0000000619c00000, 0x0000000619c00000, 0x000000061a000000|  0%| F|  |TAMS 0x0000000619c00000| PB 0x0000000619c00000| Untracked 
|  10|0x000000061a000000, 0x000000061a000000, 0x000000061a400000|  0%| F|  |TAMS 0x000000061a000000| PB 0x000000061a000000| Untracked 
|  11|0x000000061a400000, 0x000000061a400000, 0x000000061a800000|  0%| F|  |TAMS 0x000000061a400000| PB 0x000000061a400000| Untracked 
|  12|0x000000061a800000, 0x000000061a800000, 0x000000061ac00000|  0%| F|  |TAMS 0x000000061a800000| PB 0x000000061a800000| Untracked 
|  13|0x000000061ac00000, 0x000000061ac00000, 0x000000061b000000|  0%| F|  |TAMS 0x000000061ac00000| PB 0x000000061ac00000| Untracked 
|  14|0x000000061b000000, 0x000000061b000000, 0x000000061b400000|  0%| F|  |TAMS 0x000000061b000000| PB 0x000000061b000000| Untracked 
|  15|0x000000061b400000, 0x000000061b400000, 0x000000061b800000|  0%| F|  |TAMS 0x000000061b400000| PB 0x000000061b400000| Untracked 
|  16|0x000000061b800000, 0x000000061b800000, 0x000000061bc00000|  0%| F|  |TAMS 0x000000061b800000| PB 0x000000061b800000| Untracked 
|  17|0x000000061bc00000, 0x000000061bc00000, 0x000000061c000000|  0%| F|  |TAMS 0x000000061bc00000| PB 0x000000061bc00000| Untracked 
|  18|0x000000061c000000, 0x000000061c000000, 0x000000061c400000|  0%| F|  |TAMS 0x000000061c000000| PB 0x000000061c000000| Untracked 
|  19|0x000000061c400000, 0x000000061c400000, 0x000000061c800000|  0%| F|  |TAMS 0x000000061c400000| PB 0x000000061c400000| Untracked 
|  20|0x000000061c800000, 0x000000061c800000, 0x000000061cc00000|  0%| F|  |TAMS 0x000000061c800000| PB 0x000000061c800000| Untracked 
|  21|0x000000061cc00000, 0x000000061cc00000, 0x000000061d000000|  0%| F|  |TAMS 0x000000061cc00000| PB 0x000000061cc00000| Untracked 
|  22|0x000000061d000000, 0x000000061d000000, 0x000000061d400000|  0%| F|  |TAMS 0x000000061d000000| PB 0x000000061d000000| Untracked 
|  23|0x000000061d400000, 0x000000061d400000, 0x000000061d800000|  0%| F|  |TAMS 0x000000061d400000| PB 0x000000061d400000| Untracked 
|  24|0x000000061d800000, 0x000000061d800000, 0x000000061dc00000|  0%| F|  |TAMS 0x000000061d800000| PB 0x000000061d800000| Untracked 
|  25|0x000000061dc00000, 0x000000061dc00000, 0x000000061e000000|  0%| F|  |TAMS 0x000000061dc00000| PB 0x000000061dc00000| Untracked 
|  26|0x000000061e000000, 0x000000061e000000, 0x000000061e400000|  0%| F|  |TAMS 0x000000061e000000| PB 0x000000061e000000| Untracked 
|  27|0x000000061e400000, 0x000000061e400000, 0x000000061e800000|  0%| F|  |TAMS 0x000000061e400000| PB 0x000000061e400000| Untracked 
|  28|0x000000061e800000, 0x000000061e800000, 0x000000061ec00000|  0%| F|  |TAMS 0x000000061e800000| PB 0x000000061e800000| Untracked 
|  29|0x000000061ec00000, 0x000000061ec00000, 0x000000061f000000|  0%| F|  |TAMS 0x000000061ec00000| PB 0x000000061ec00000| Untracked 
|  30|0x000000061f000000, 0x000000061f000000, 0x000000061f400000|  0%| F|  |TAMS 0x000000061f000000| PB 0x000000061f000000| Untracked 
|  31|0x000000061f400000, 0x000000061f400000, 0x000000061f800000|  0%| F|  |TAMS 0x000000061f400000| PB 0x000000061f400000| Untracked 
|  32|0x000000061f800000, 0x000000061f800000, 0x000000061fc00000|  0%| F|  |TAMS 0x000000061f800000| PB 0x000000061f800000| Untracked 
|  33|0x000000061fc00000, 0x000000061fc00000, 0x0000000620000000|  0%| F|  |TAMS 0x000000061fc00000| PB 0x000000061fc00000| Untracked 
|  34|0x0000000620000000, 0x0000000620000000, 0x0000000620400000|  0%| F|  |TAMS 0x0000000620000000| PB 0x0000000620000000| Untracked 
|  35|0x0000000620400000, 0x0000000620400000, 0x0000000620800000|  0%| F|  |TAMS 0x0000000620400000| PB 0x0000000620400000| Untracked 
|  36|0x0000000620800000, 0x0000000620800000, 0x0000000620c00000|  0%| F|  |TAMS 0x0000000620800000| PB 0x0000000620800000| Untracked 
|  37|0x0000000620c00000, 0x0000000620c00000, 0x0000000621000000|  0%| F|  |TAMS 0x0000000620c00000| PB 0x0000000620c00000| Untracked 
|  38|0x0000000621000000, 0x0000000621000000, 0x0000000621400000|  0%| F|  |TAMS 0x0000000621000000| PB 0x0000000621000000| Untracked 
|  39|0x0000000621400000, 0x0000000621400000, 0x0000000621800000|  0%| F|  |TAMS 0x0000000621400000| PB 0x0000000621400000| Untracked 
|  40|0x0000000621800000, 0x0000000621800000, 0x0000000621c00000|  0%| F|  |TAMS 0x0000000621800000| PB 0x0000000621800000| Untracked 
|  41|0x0000000621c00000, 0x0000000621c00000, 0x0000000622000000|  0%| F|  |TAMS 0x0000000621c00000| PB 0x0000000621c00000| Untracked 
|  42|0x0000000622000000, 0x0000000622000000, 0x0000000622400000|  0%| F|  |TAMS 0x0000000622000000| PB 0x0000000622000000| Untracked 
|  43|0x0000000622400000, 0x0000000622400000, 0x0000000622800000|  0%| F|  |TAMS 0x0000000622400000| PB 0x0000000622400000| Untracked 
|  44|0x0000000622800000, 0x0000000622800000, 0x0000000622c00000|  0%| F|  |TAMS 0x0000000622800000| PB 0x0000000622800000| Untracked 
|  45|0x0000000622c00000, 0x0000000622c00000, 0x0000000623000000|  0%| F|  |TAMS 0x0000000622c00000| PB 0x0000000622c00000| Untracked 
|  46|0x0000000623000000, 0x0000000623000000, 0x0000000623400000|  0%| F|  |TAMS 0x0000000623000000| PB 0x0000000623000000| Untracked 
|  47|0x0000000623400000, 0x0000000623400000, 0x0000000623800000|  0%| F|  |TAMS 0x0000000623400000| PB 0x0000000623400000| Untracked 
|  48|0x0000000623800000, 0x0000000623800000, 0x0000000623c00000|  0%| F|  |TAMS 0x0000000623800000| PB 0x0000000623800000| Untracked 
|  49|0x0000000623c00000, 0x0000000623c00000, 0x0000000624000000|  0%| F|  |TAMS 0x0000000623c00000| PB 0x0000000623c00000| Untracked 
|  50|0x0000000624000000, 0x0000000624000000, 0x0000000624400000|  0%| F|  |TAMS 0x0000000624000000| PB 0x0000000624000000| Untracked 
|  51|0x0000000624400000, 0x0000000624400000, 0x0000000624800000|  0%| F|  |TAMS 0x0000000624400000| PB 0x0000000624400000| Untracked 
|  52|0x0000000624800000, 0x0000000624800000, 0x0000000624c00000|  0%| F|  |TAMS 0x0000000624800000| PB 0x0000000624800000| Untracked 
|  53|0x0000000624c00000, 0x0000000624c00000, 0x0000000625000000|  0%| F|  |TAMS 0x0000000624c00000| PB 0x0000000624c00000| Untracked 
|  54|0x0000000625000000, 0x0000000625000000, 0x0000000625400000|  0%| F|  |TAMS 0x0000000625000000| PB 0x0000000625000000| Untracked 
|  55|0x0000000625400000, 0x0000000625400000, 0x0000000625800000|  0%| F|  |TAMS 0x0000000625400000| PB 0x0000000625400000| Untracked 
|  56|0x0000000625800000, 0x0000000625800000, 0x0000000625c00000|  0%| F|  |TAMS 0x0000000625800000| PB 0x0000000625800000| Untracked 
|  57|0x0000000625c00000, 0x0000000625c00000, 0x0000000626000000|  0%| F|  |TAMS 0x0000000625c00000| PB 0x0000000625c00000| Untracked 
|  58|0x0000000626000000, 0x0000000626000000, 0x0000000626400000|  0%| F|  |TAMS 0x0000000626000000| PB 0x0000000626000000| Untracked 
|  59|0x0000000626400000, 0x0000000626400000, 0x0000000626800000|  0%| F|  |TAMS 0x0000000626400000| PB 0x0000000626400000| Untracked 
|  60|0x0000000626800000, 0x0000000626800000, 0x0000000626c00000|  0%| F|  |TAMS 0x0000000626800000| PB 0x0000000626800000| Untracked 
|  61|0x0000000626c00000, 0x0000000626c00000, 0x0000000627000000|  0%| F|  |TAMS 0x0000000626c00000| PB 0x0000000626c00000| Untracked 
|  62|0x0000000627000000, 0x0000000627000000, 0x0000000627400000|  0%| F|  |TAMS 0x0000000627000000| PB 0x0000000627000000| Untracked 
|  63|0x0000000627400000, 0x0000000627400000, 0x0000000627800000|  0%| F|  |TAMS 0x0000000627400000| PB 0x0000000627400000| Untracked 
|  64|0x0000000627800000, 0x0000000627800000, 0x0000000627c00000|  0%| F|  |TAMS 0x0000000627800000| PB 0x0000000627800000| Untracked 
|  65|0x0000000627c00000, 0x0000000627c00000, 0x0000000628000000|  0%| F|  |TAMS 0x0000000627c00000| PB 0x0000000627c00000| Untracked 
|  66|0x0000000628000000, 0x0000000628000000, 0x0000000628400000|  0%| F|  |TAMS 0x0000000628000000| PB 0x0000000628000000| Untracked 
|  67|0x0000000628400000, 0x0000000628400000, 0x0000000628800000|  0%| F|  |TAMS 0x0000000628400000| PB 0x0000000628400000| Untracked 
|  68|0x0000000628800000, 0x0000000628800000, 0x0000000628c00000|  0%| F|  |TAMS 0x0000000628800000| PB 0x0000000628800000| Untracked 
|  69|0x0000000628c00000, 0x0000000628c00000, 0x0000000629000000|  0%| F|  |TAMS 0x0000000628c00000| PB 0x0000000628c00000| Untracked 
|  70|0x0000000629000000, 0x0000000629000000, 0x0000000629400000|  0%| F|  |TAMS 0x0000000629000000| PB 0x0000000629000000| Untracked 
|  71|0x0000000629400000, 0x0000000629400000, 0x0000000629800000|  0%| F|  |TAMS 0x0000000629400000| PB 0x0000000629400000| Untracked 
|  72|0x0000000629800000, 0x0000000629800000, 0x0000000629c00000|  0%| F|  |TAMS 0x0000000629800000| PB 0x0000000629800000| Untracked 
|  73|0x0000000629c00000, 0x0000000629c00000, 0x000000062a000000|  0%| F|  |TAMS 0x0000000629c00000| PB 0x0000000629c00000| Untracked 
|  74|0x000000062a000000, 0x000000062a000000, 0x000000062a400000|  0%| F|  |TAMS 0x000000062a000000| PB 0x000000062a000000| Untracked 
|  75|0x000000062a400000, 0x000000062a400000, 0x000000062a800000|  0%| F|  |TAMS 0x000000062a400000| PB 0x000000062a400000| Untracked 
|  76|0x000000062a800000, 0x000000062a800000, 0x000000062ac00000|  0%| F|  |TAMS 0x000000062a800000| PB 0x000000062a800000| Untracked 
|  77|0x000000062ac00000, 0x000000062ac00000, 0x000000062b000000|  0%| F|  |TAMS 0x000000062ac00000| PB 0x000000062ac00000| Untracked 
|  78|0x000000062b000000, 0x000000062b000000, 0x000000062b400000|  0%| F|  |TAMS 0x000000062b000000| PB 0x000000062b000000| Untracked 
|  79|0x000000062b400000, 0x000000062b400000, 0x000000062b800000|  0%| F|  |TAMS 0x000000062b400000| PB 0x000000062b400000| Untracked 
|  80|0x000000062b800000, 0x000000062b800000, 0x000000062bc00000|  0%| F|  |TAMS 0x000000062b800000| PB 0x000000062b800000| Untracked 
|  81|0x000000062bc00000, 0x000000062bc00000, 0x000000062c000000|  0%| F|  |TAMS 0x000000062bc00000| PB 0x000000062bc00000| Untracked 
|  82|0x000000062c000000, 0x000000062c000000, 0x000000062c400000|  0%| F|  |TAMS 0x000000062c000000| PB 0x000000062c000000| Untracked 
|  83|0x000000062c400000, 0x000000062c400000, 0x000000062c800000|  0%| F|  |TAMS 0x000000062c400000| PB 0x000000062c400000| Untracked 
|  84|0x000000062c800000, 0x000000062c800000, 0x000000062cc00000|  0%| F|  |TAMS 0x000000062c800000| PB 0x000000062c800000| Untracked 
|  85|0x000000062cc00000, 0x000000062cc00000, 0x000000062d000000|  0%| F|  |TAMS 0x000000062cc00000| PB 0x000000062cc00000| Untracked 
|  86|0x000000062d000000, 0x000000062d000000, 0x000000062d400000|  0%| F|  |TAMS 0x000000062d000000| PB 0x000000062d000000| Untracked 
|  87|0x000000062d400000, 0x000000062d400000, 0x000000062d800000|  0%| F|  |TAMS 0x000000062d400000| PB 0x000000062d400000| Untracked 
|  88|0x000000062d800000, 0x000000062d800000, 0x000000062dc00000|  0%| F|  |TAMS 0x000000062d800000| PB 0x000000062d800000| Untracked 
|  89|0x000000062dc00000, 0x000000062dc00000, 0x000000062e000000|  0%| F|  |TAMS 0x000000062dc00000| PB 0x000000062dc00000| Untracked 
|  90|0x000000062e000000, 0x000000062e000000, 0x000000062e400000|  0%| F|  |TAMS 0x000000062e000000| PB 0x000000062e000000| Untracked 
|  91|0x000000062e400000, 0x000000062e400000, 0x000000062e800000|  0%| F|  |TAMS 0x000000062e400000| PB 0x000000062e400000| Untracked 
|  92|0x000000062e800000, 0x000000062e800000, 0x000000062ec00000|  0%| F|  |TAMS 0x000000062e800000| PB 0x000000062e800000| Untracked 
|  93|0x000000062ec00000, 0x000000062ec00000, 0x000000062f000000|  0%| F|  |TAMS 0x000000062ec00000| PB 0x000000062ec00000| Untracked 
|  94|0x000000062f000000, 0x000000062f000000, 0x000000062f400000|  0%| F|  |TAMS 0x000000062f000000| PB 0x000000062f000000| Untracked 
|  95|0x000000062f400000, 0x000000062f400000, 0x000000062f800000|  0%| F|  |TAMS 0x000000062f400000| PB 0x000000062f400000| Untracked 
|  96|0x000000062f800000, 0x000000062f800000, 0x000000062fc00000|  0%| F|  |TAMS 0x000000062f800000| PB 0x000000062f800000| Untracked 
|  97|0x000000062fc00000, 0x000000062fc00000, 0x0000000630000000|  0%| F|  |TAMS 0x000000062fc00000| PB 0x000000062fc00000| Untracked 
|  98|0x0000000630000000, 0x0000000630000000, 0x0000000630400000|  0%| F|  |TAMS 0x0000000630000000| PB 0x0000000630000000| Untracked 
|  99|0x0000000630400000, 0x0000000630400000, 0x0000000630800000|  0%| F|  |TAMS 0x0000000630400000| PB 0x0000000630400000| Untracked 
| 100|0x0000000630800000, 0x0000000630800000, 0x0000000630c00000|  0%| F|  |TAMS 0x0000000630800000| PB 0x0000000630800000| Untracked 
| 101|0x0000000630c00000, 0x0000000630c00000, 0x0000000631000000|  0%| F|  |TAMS 0x0000000630c00000| PB 0x0000000630c00000| Untracked 
| 102|0x0000000631000000, 0x0000000631000000, 0x0000000631400000|  0%| F|  |TAMS 0x0000000631000000| PB 0x0000000631000000| Untracked 
| 103|0x0000000631400000, 0x0000000631400000, 0x0000000631800000|  0%| F|  |TAMS 0x0000000631400000| PB 0x0000000631400000| Untracked 
| 104|0x0000000631800000, 0x0000000631800000, 0x0000000631c00000|  0%| F|  |TAMS 0x0000000631800000| PB 0x0000000631800000| Untracked 
| 105|0x0000000631c00000, 0x0000000631c00000, 0x0000000632000000|  0%| F|  |TAMS 0x0000000631c00000| PB 0x0000000631c00000| Untracked 
| 106|0x0000000632000000, 0x0000000632000000, 0x0000000632400000|  0%| F|  |TAMS 0x0000000632000000| PB 0x0000000632000000| Untracked 
| 107|0x0000000632400000, 0x0000000632400000, 0x0000000632800000|  0%| F|  |TAMS 0x0000000632400000| PB 0x0000000632400000| Untracked 
| 108|0x0000000632800000, 0x0000000632800000, 0x0000000632c00000|  0%| F|  |TAMS 0x0000000632800000| PB 0x0000000632800000| Untracked 
| 109|0x0000000632c00000, 0x0000000632c00000, 0x0000000633000000|  0%| F|  |TAMS 0x0000000632c00000| PB 0x0000000632c00000| Untracked 
| 110|0x0000000633000000, 0x0000000633000000, 0x0000000633400000|  0%| F|  |TAMS 0x0000000633000000| PB 0x0000000633000000| Untracked 
| 111|0x0000000633400000, 0x0000000633400000, 0x0000000633800000|  0%| F|  |TAMS 0x0000000633400000| PB 0x0000000633400000| Untracked 
| 112|0x0000000633800000, 0x0000000633800000, 0x0000000633c00000|  0%| F|  |TAMS 0x0000000633800000| PB 0x0000000633800000| Untracked 
| 113|0x0000000633c00000, 0x0000000633c00000, 0x0000000634000000|  0%| F|  |TAMS 0x0000000633c00000| PB 0x0000000633c00000| Untracked 
| 114|0x0000000634000000, 0x0000000634000000, 0x0000000634400000|  0%| F|  |TAMS 0x0000000634000000| PB 0x0000000634000000| Untracked 
| 115|0x0000000634400000, 0x0000000634400000, 0x0000000634800000|  0%| F|  |TAMS 0x0000000634400000| PB 0x0000000634400000| Untracked 
| 116|0x0000000634800000, 0x0000000634a66e48, 0x0000000634c00000| 60%| S|CS|TAMS 0x0000000634800000| PB 0x0000000634800000| Complete 
| 117|0x0000000634c00000, 0x0000000634c00000, 0x0000000635000000|  0%| F|  |TAMS 0x0000000634c00000| PB 0x0000000634c00000| Untracked 
| 118|0x0000000635000000, 0x0000000635000000, 0x0000000635400000|  0%| F|  |TAMS 0x0000000635000000| PB 0x0000000635000000| Untracked 
| 119|0x0000000635400000, 0x0000000635400000, 0x0000000635800000|  0%| F|  |TAMS 0x0000000635400000| PB 0x0000000635400000| Untracked 
| 120|0x0000000635800000, 0x0000000635800000, 0x0000000635c00000|  0%| F|  |TAMS 0x0000000635800000| PB 0x0000000635800000| Untracked 
| 121|0x0000000635c00000, 0x0000000635f9d158, 0x0000000636000000| 90%| E|  |TAMS 0x0000000635c00000| PB 0x0000000635c00000| Complete 
| 122|0x0000000636000000, 0x0000000636400000, 0x0000000636400000|100%| E|CS|TAMS 0x0000000636000000| PB 0x0000000636000000| Complete 
|1953|0x00000007ffc00000, 0x00000007ffd0cbc8, 0x0000000800000000| 26%| O|  |TAMS 0x00000007ffc00000| PB 0x00000007ffc00000| Untracked 

Card table byte_map: [0x00007f8a5a978000,0x00007f8a5b8bc000] _byte_map_base: 0x00007f8a578bc000

Marking Bits: (CMBitMap*) 0x00007f8a7405a880
 Bits: [0x00007f8a52f58000, 0x00007f8a5a978000)

Polling page: 0x00007f8a7ac46000

Metaspace:

Usage:
  Non-class:      8.02 MB used.
      Class:    748.14 KB used.
       Both:      8.75 MB used.

Virtual space:
  Non-class space:       64.00 MB reserved,       8.12 MB ( 13%) committed,  1 nodes.
      Class space:        1.00 GB reserved,     832.00 KB ( <1%) committed,  1 nodes.
             Both:        1.06 GB reserved,       8.94 MB ( <1%) committed. 

Chunk freelists:
   Non-Class:  6.16 MB
       Class:  15.16 MB
        Both:  21.31 MB

MaxMetaspaceSize: unlimited
CompressedClassSpaceSize: 1.00 GB
Initial GC threshold: 21.00 MB
Current GC threshold: 21.00 MB
CDS: on
 - commit_granule_bytes: 65536.
 - commit_granule_words: 8192.
 - virtual_space_node_default_size: 8388608.
 - enlarge_chunks_in_place: 1.
 - use_allocation_guard: 0.


Internal statistics:

num_allocs_failed_limit: 0.
num_arena_births: 100.
num_arena_deaths: 0.
num_vsnodes_births: 2.
num_vsnodes_deaths: 0.
num_space_committed: 141.
num_space_uncommitted: 0.
num_chunks_returned_to_freelist: 0.
num_chunks_taken_from_freelist: 351.
num_chunk_merges: 0.
num_chunk_splits: 263.
num_chunks_enlarged: 218.
num_inconsistent_stats: 0.

CodeHeap 'non-profiled nmethods': size=119168Kb used=492Kb max_used=492Kb free=118675Kb
 bounds [0x00007f8a643a0000, 0x00007f8a64610000, 0x00007f8a6b800000]
CodeHeap 'profiled nmethods': size=119164Kb used=2865Kb max_used=2865Kb free=116298Kb
 bounds [0x00007f8a5c800000, 0x00007f8a5cad0000, 0x00007f8a63c5f000]
CodeHeap 'non-nmethods': size=7428Kb used=2486Kb max_used=4189Kb free=4941Kb
 bounds [0x00007f8a63c5f000, 0x00007f8a6407f000, 0x00007f8a643a0000]
CodeCache: size=245760Kb, used=5843Kb, max_used=7546Kb, free=239914Kb
 total_blobs=2786, nmethods=1620, adapters=1072, full_count=0
Compilation: enabled, stopped_count=0, restarted_count=0

Compilation events (20 events):
Event: 8.371 Thread 0x00007f8a74148d20 1611       4       com.badlogic.gdx.graphics.glutils.VertexBufferObject::unbind (100 bytes)
Event: 8.374 Thread 0x00007f8a74148d20 nmethod 1611 0x00007f8a64415e90 code [0x00007f8a644160e0, 0x00007f8a64416c40]
Event: 8.436 Thread 0x00007f8a74148d20 1612       4       com.badlogic.gdx.utils.Array::iterator (43 bytes)
Event: 8.438 Thread 0x00007f8a74148d20 nmethod 1612 0x00007f8a64417490 code [0x00007f8a64417660, 0x00007f8a64417c68]
Event: 9.339 Thread 0x00007f8a74148d20 1613       4       com.badlogic.gdx.math.Matrix4::setToOrtho (191 bytes)
Event: 9.340 Thread 0x00007f8a74148d20 nmethod 1613 0x00007f8a64417e10 code [0x00007f8a64417fe0, 0x00007f8a64418188]
Event: 9.374 Thread 0x00007f8a74148d20 1614       4       com.badlogic.gdx.math.Matrix4::idt (124 bytes)
Event: 9.374 Thread 0x00007f8a74148d20 nmethod 1614 0x00007f8a64418290 code [0x00007f8a64418420, 0x00007f8a64418548]
Event: 9.374 Thread 0x00007f8a74148d20 1615       4       com.badlogic.gdx.math.Matrix4::translate (152 bytes)
Event: 9.375 Thread 0x00007f8a74148d20 nmethod 1615 0x00007f8a64418610 code [0x00007f8a644187a0, 0x00007f8a64418930]
Event: 9.375 Thread 0x00007f8a74148d20 1616       4       com.badlogic.gdx.math.Matrix4::det (444 bytes)
Event: 9.377 Thread 0x00007f8a74148d20 nmethod 1616 0x00007f8a64418a10 code [0x00007f8a64418ba0, 0x00007f8a64418e38]
Event: 9.683 Thread 0x00007f8a74148d20 1617       4       com.badlogic.gdx.graphics.glutils.IndexBufferObject::bind (91 bytes)
Event: 9.685 Thread 0x00007f8a74148d20 nmethod 1617 0x00007f8a64418f10 code [0x00007f8a644190e0, 0x00007f8a644193f0]
Event: 9.745 Thread 0x00007f8a74148d20 1618       4       com.badlogic.gdx.graphics.Mesh::render (327 bytes)
Event: 9.748 Thread 0x00007f8a74148d20 nmethod 1618 0x00007f8a64419710 code [0x00007f8a644199c0, 0x00007f8a6441a278]
Event: 10.233 Thread 0x00007f8a7414a3e0 1619       1       java.lang.Module::getDescriptor (5 bytes)
Event: 10.234 Thread 0x00007f8a7414a3e0 nmethod 1619 0x00007f8a6441ad10 code [0x00007f8a6441aea0, 0x00007f8a6441af68]
Event: 10.234 Thread 0x00007f8a7414a3e0 1620       1       java.lang.module.ModuleDescriptor::provides (5 bytes)
Event: 10.234 Thread 0x00007f8a7414a3e0 nmethod 1620 0x00007f8a6441b010 code [0x00007f8a6441b1a0, 0x00007f8a6441b268]

GC Heap History (2 events):
Event: 0.421 GC heap before
{Heap before GC invocations=0 (full 0):
 garbage-first heap   total 507904K, used 25650K [0x0000000617800000, 0x0000000800000000)
  region size 4096K, 6 young (24576K), 0 survivors (0K)
 Metaspace       used 7213K, committed 7360K, reserved 1114112K
  class space    used 555K, committed 640K, reserved 1048576K
}
Event: 0.423 GC heap after
{Heap after GC invocations=1 (full 0):
 garbage-first heap   total 507904K, used 3534K [0x0000000617800000, 0x0000000800000000)
  region size 4096K, 1 young (4096K), 1 survivors (4096K)
 Metaspace       used 7213K, committed 7360K, reserved 1114112K
  class space    used 555K, committed 640K, reserved 1048576K
}

Dll operation events (10 events):
Event: 0.003 Loaded shared library /usr/lib/jvm/java-21-openjdk/lib/libjava.so
Event: 0.016 Loaded shared library /usr/lib/jvm/java-21-openjdk/lib/libjsvml.so
Event: 0.024 Loaded shared library /usr/lib/jvm/java-21-openjdk/lib/libnio.so
Event: 0.025 Loaded shared library /usr/lib/jvm/java-21-openjdk/lib/libzip.so
Event: 0.048 Loaded shared library /usr/lib/jvm/java-21-openjdk/lib/libjimage.so
Event: 0.050 Loaded shared library /tmp/libgdxbazzite/da3a4817/libgdx64.so
Event: 0.066 Loaded shared library /usr/lib/jvm/java-21-openjdk/lib/libnet.so
Event: 0.069 Loaded shared library /tmp/lwjgl_bazzite/3.4.1+2/x64/liblwjgl.so
Event: 0.075 Loaded shared library /usr/lib/jvm/java-21-openjdk/lib/libsystemconf.so
Event: 0.233 Loaded shared library /tmp/lwjgl_bazzite/3.4.1+2/x64/liblwjgl_opengl.so

Deoptimization events (20 events):
Event: 0.229 Thread 0x00007f8a7402e790 DEOPT PACKING pc=0x00007f8a643dcb90 sp=0x00007f8a795c9f10
Event: 0.229 Thread 0x00007f8a7402e790 DEOPT UNPACKING pc=0x00007f8a63cb6619 sp=0x00007f8a795c9e90 mode 2
Event: 0.233 Thread 0x00007f8a7402e790 Uncommon trap: trap_request=0xffffff45 fr.pc=0x00007f8a643ac62c relative=0x000000000000018c
Event: 0.233 Thread 0x00007f8a7402e790 Uncommon trap: reason=unstable_if action=reinterpret pc=0x00007f8a643ac62c method=jdk.internal.util.ArraysSupport.vectorizedHashCode(Ljava/lang/Object;IIII)I @ 2 c2
Event: 0.233 Thread 0x00007f8a7402e790 DEOPT PACKING pc=0x00007f8a643ac62c sp=0x00007f8a795c9300
Event: 0.233 Thread 0x00007f8a7402e790 DEOPT UNPACKING pc=0x00007f8a63cb6619 sp=0x00007f8a795c92d0 mode 2
Event: 0.235 Thread 0x00007f8a7402e790 Uncommon trap: trap_request=0xffffff54 fr.pc=0x00007f8a643e426c relative=0x000000000000006c
Event: 0.235 Thread 0x00007f8a7402e790 Uncommon trap: reason=speculate_null_assert action=make_not_entrant pc=0x00007f8a643e426c method=sun.misc.Unsafe.getLong(Ljava/lang/Object;J)J @ 5 c2
Event: 0.235 Thread 0x00007f8a7402e790 DEOPT PACKING pc=0x00007f8a643e426c sp=0x00007f8a795ca370
Event: 0.235 Thread 0x00007f8a7402e790 DEOPT UNPACKING pc=0x00007f8a63cb6619 sp=0x00007f8a795ca318 mode 2
Event: 3.289 Thread 0x00007f8a7402e790 Uncommon trap: trap_request=0xffffff45 fr.pc=0x00007f8a643eac3c relative=0x000000000000065c
Event: 3.289 Thread 0x00007f8a7402e790 Uncommon trap: reason=unstable_if action=reinterpret pc=0x00007f8a643eac3c method=java.lang.StringLatin1.newString([BII)Ljava/lang/String; @ 1 c2
Event: 3.289 Thread 0x00007f8a7402e790 DEOPT PACKING pc=0x00007f8a643eac3c sp=0x00007f8a795c9c40
Event: 3.289 Thread 0x00007f8a7402e790 DEOPT UNPACKING pc=0x00007f8a63cb6619 sp=0x00007f8a795c9ba0 mode 2
Event: 3.303 Thread 0x00007f8a7402e790 Uncommon trap: trap_request=0xffffff45 fr.pc=0x00007f8a64400e04 relative=0x0000000000000584
Event: 3.303 Thread 0x00007f8a7402e790 Uncommon trap: reason=unstable_if action=reinterpret pc=0x00007f8a64400e04 method=com.badlogic.gdx.utils.ObjectIntMap.locateKey(Ljava/lang/Object;)I @ 32 c2
Event: 3.303 Thread 0x00007f8a7402e790 DEOPT PACKING pc=0x00007f8a64400e04 sp=0x00007f8a795c9b50
Event: 3.303 Thread 0x00007f8a7402e790 DEOPT UNPACKING pc=0x00007f8a63cb6619 sp=0x00007f8a795c9b18 mode 2
Event: 4.431 Thread 0x00007f8a7402e790 DEOPT PACKING pc=0x00007f8a5cab90f0 sp=0x00007f8a795ca410
Event: 4.431 Thread 0x00007f8a7402e790 DEOPT UNPACKING pc=0x00007f8a63cb714f sp=0x00007f8a795c9848 mode 0

Classes loaded (20 events):
Event: 10.234 Loading class jdk/internal/logger/AbstractLoggerWrapper
Event: 10.234 Loading class jdk/internal/logger/AbstractLoggerWrapper done
Event: 10.234 Loading class jdk/internal/logger/LazyLoggers$LazyLoggerWrapper done
Event: 10.234 Loading class jdk/internal/logger/LazyLoggers$JdkLazyLogger done
Event: 10.234 Loading class jdk/internal/logger/LazyLoggers$LazyLoggerAccessor
Event: 10.234 Loading class jdk/internal/logger/LazyLoggers$LoggerAccessor
Event: 10.234 Loading class jdk/internal/logger/LazyLoggers$LoggerAccessor done
Event: 10.234 Loading class jdk/internal/logger/LazyLoggers$LazyLoggerAccessor done
Event: 10.234 Loading class java/lang/System$Logger$Level
Event: 10.234 Loading class java/lang/System$Logger$Level done
Event: 10.234 Loading class jdk/internal/logger/SurrogateLogger
Event: 10.234 Loading class jdk/internal/logger/SimpleConsoleLogger
Event: 10.234 Loading class sun/util/logging/PlatformLogger$ConfigurableBridge$LoggerConfiguration
Event: 10.234 Loading class sun/util/logging/PlatformLogger$ConfigurableBridge$LoggerConfiguration done
Event: 10.234 Loading class jdk/internal/logger/SimpleConsoleLogger done
Event: 10.234 Loading class jdk/internal/logger/SurrogateLogger done
Event: 10.234 Loading class sun/util/logging/PlatformLogger
Event: 10.235 Loading class sun/util/logging/PlatformLogger done
Event: 10.235 Loading class sun/util/logging/PlatformLogger$Level
Event: 10.235 Loading class sun/util/logging/PlatformLogger$Level done

Classes unloaded (0 events):
No events

Classes redefined (0 events):
No events

Internal exceptions (20 events):
Event: 0.060 Thread 0x00007f8a7402e790 Exception <a 'java/lang/NoSuchMethodError'{0x0000000635d76570}: 'void java.lang.invoke.DirectMethodHandle$Holder.invokeSpecial(java.lang.Object, java.lang.Object, java.lang.Object)'> (0x0000000635d76570) 
thrown [src/hotspot/share/interpreter/linkResolver.cpp, line 772]
Event: 0.061 Thread 0x00007f8a7402e790 Exception <a 'java/lang/NoSuchMethodError'{0x0000000635d887d0}: 'java.lang.Object java.lang.invoke.DirectMethodHandle$Holder.invokeStatic(java.lang.Object, java.lang.Object, int)'> (0x0000000635d887d0) 
thrown [src/hotspot/share/interpreter/linkResolver.cpp, line 772]
Event: 0.062 Thread 0x00007f8a7402e790 Exception <a 'java/lang/NoSuchMethodError'{0x0000000635d94028}: 'void java.lang.invoke.DelegatingMethodHandle$Holder.delegate(java.lang.Object, java.lang.Object, int, java.lang.Object)'> (0x0000000635d94028) 
thrown [src/hotspot/share/interpreter/linkResolver.cpp, line 772]
Event: 0.062 Thread 0x00007f8a7402e790 Exception <a 'java/lang/NoSuchMethodError'{0x0000000635d98020}: 'int java.lang.invoke.DirectMethodHandle$Holder.invokeSpecial(java.lang.Object, java.lang.Object, java.lang.Object)'> (0x0000000635d98020) 
thrown [src/hotspot/share/interpreter/linkResolver.cpp, line 772]
Event: 0.064 Thread 0x00007f8a7402e790 Exception <a 'java/lang/NoSuchMethodError'{0x0000000635db2748}: 'void java.lang.System.loadLibrary(java.lang.String, java.lang.Class)'> (0x0000000635db2748) 
thrown [src/hotspot/share/interpreter/linkResolver.cpp, line 772]
Event: 0.095 Thread 0x00007f8a7402e790 Exception <a 'java/lang/NoSuchMethodError'{0x0000000635f5bb88}: 'int java.lang.invoke.DirectMethodHandle$Holder.invokeStaticInit(java.lang.Object, java.lang.Object, int, long)'> (0x0000000635f5bb88) 
thrown [src/hotspot/share/interpreter/linkResolver.cpp, line 772]
Event: 0.095 Thread 0x00007f8a7402e790 Exception <a 'java/lang/NoSuchMethodError'{0x0000000635f60cb0}: 'java.lang.Object java.lang.invoke.DirectMethodHandle$Holder.newInvokeSpecial(java.lang.Object, java.lang.Object, int)'> (0x0000000635f60cb0) 
thrown [src/hotspot/share/interpreter/linkResolver.cpp, line 772]
Event: 0.096 Thread 0x00007f8a7402e790 Exception <a 'java/lang/NoSuchMethodError'{0x0000000635f6b188}: 'int java.lang.invoke.DirectMethodHandle$Holder.invokeStaticInit(java.lang.Object, java.lang.Object, long, long)'> (0x0000000635f6b188) 
thrown [src/hotspot/share/interpreter/linkResolver.cpp, line 772]
Event: 0.096 Thread 0x00007f8a7402e790 Exception <a 'java/lang/NoSuchMethodError'{0x0000000635f70c30}: 'java.lang.Object java.lang.invoke.DirectMethodHandle$Holder.newInvokeSpecial(java.lang.Object, java.lang.Object, long)'> (0x0000000635f70c30) 
thrown [src/hotspot/share/interpreter/linkResolver.cpp, line 772]
Event: 0.096 Thread 0x00007f8a7402e790 Exception <a 'java/lang/NoSuchMethodError'{0x0000000635f74cf0}: 'java.lang.Object java.lang.invoke.Invokers$Holder.linkToTargetMethod(java.lang.Object, long, java.lang.Object)'> (0x0000000635f74cf0) 
thrown [src/hotspot/share/interpreter/linkResolver.cpp, line 772]
Event: 0.096 Thread 0x00007f8a7402e790 Exception <a 'java/lang/NoSuchMethodError'{0x0000000635f7bf38}: 'int java.lang.invoke.DirectMethodHandle$Holder.invokeStaticInit(java.lang.Object, java.lang.Object, java.lang.Object, long)'> (0x0000000635f7bf38) 
thrown [src/hotspot/share/interpreter/linkResolver.cpp, line 772]
Event: 0.114 Thread 0x00007f8a7402e790 Exception <a 'java/lang/NoSuchMethodError'{0x00000006358bfb48}: 'int java.lang.invoke.Invokers$Holder.invokeExact_MT(java.lang.Object, java.lang.Object)'> (0x00000006358bfb48) 
thrown [src/hotspot/share/interpreter/linkResolver.cpp, line 772]
Event: 0.145 Thread 0x00007f8a7402e790 Exception <a 'java/lang/NoSuchMethodError'{0x000000063590be48}: 'java.lang.Object java.lang.invoke.DirectMethodHandle$Holder.invokeStaticInit(java.lang.Object, int)'> (0x000000063590be48) 
thrown [src/hotspot/share/interpreter/linkResolver.cpp, line 772]
Event: 0.174 Thread 0x00007f8a7402e790 Exception <a 'java/lang/NoSuchMethodError'{0x0000000635a90d70}: 'java.lang.Object java.lang.invoke.DirectMethodHandle$Holder.newInvokeSpecial(java.lang.Object, long)'> (0x0000000635a90d70) 
thrown [src/hotspot/share/interpreter/linkResolver.cpp, line 772]
Event: 0.231 Thread 0x00007f8a7402e790 Exception <a 'java/lang/NoSuchMethodError'{0x0000000635506590}: 'void java.lang.System.load(java.lang.String, java.lang.Class)'> (0x0000000635506590) 
thrown [src/hotspot/share/interpreter/linkResolver.cpp, line 772]
Event: 0.231 Thread 0x00007f8a7402e790 Exception <a 'java/lang/NoSuchMethodError'{0x0000000635508fc0}: 'void java.lang.System.loadLibrary(java.lang.String, java.lang.Class)'> (0x0000000635508fc0) 
thrown [src/hotspot/share/interpreter/linkResolver.cpp, line 772]
Event: 0.434 Thread 0x00007f8a7402e790 Exception <a 'java/lang/NoSuchMethodError'{0x00000006361782b0}: 'void java.lang.invoke.Invokers$Holder.invokeExact_MT(java.lang.Object, java.lang.Object, java.lang.Object, java.lang.Object)'> (0x00000006361782b0) 
thrown [src/hotspot/share/interpreter/linkResolver.cpp, line 772]
Event: 0.438 Thread 0x00007f8a7402e790 Exception <a 'java/lang/NoSuchMethodError'{0x00000006361b1730}: 'float java.lang.invoke.DelegatingMethodHandle$Holder.reinvoke_L(java.lang.Object, java.lang.Object)'> (0x00000006361b1730) 
thrown [src/hotspot/share/interpreter/linkResolver.cpp, line 772]
Event: 0.438 Thread 0x00007f8a7402e790 Exception <a 'java/lang/NoSuchMethodError'{0x00000006361bb858}: 'void java.lang.invoke.DelegatingMethodHandle$Holder.reinvoke_L(java.lang.Object, java.lang.Object, float)'> (0x00000006361bb858) 
thrown [src/hotspot/share/interpreter/linkResolver.cpp, line 772]
Event: 3.303 Thread 0x00007f8a7402e790 Implicit null exception at 0x00007f8a64400b0e to 0x00007f8a64400df0

ZGC Phase Switch (0 events):
No events

VM Operations (20 events):
Event: 0.332 Executing non-safepoint VM operation: HandshakeAllThreads (Deoptimize) done
Event: 0.421 Executing safepoint VM operation: G1CollectForAllocation (G1 Evacuation Pause)
Event: 0.423 Executing safepoint VM operation: G1CollectForAllocation (G1 Evacuation Pause) done
Event: 0.432 Executing non-safepoint VM operation: HandshakeAllThreads (Deoptimize)
Event: 0.432 Executing non-safepoint VM operation: HandshakeAllThreads (Deoptimize) done
Event: 1.432 Executing safepoint VM operation: Cleanup
Event: 1.432 Executing safepoint VM operation: Cleanup done
Event: 2.432 Executing safepoint VM operation: Cleanup
Event: 2.432 Executing safepoint VM operation: Cleanup done
Event: 3.432 Executing safepoint VM operation: Cleanup
Event: 3.432 Executing safepoint VM operation: Cleanup done
Event: 4.432 Executing safepoint VM operation: Cleanup
Event: 4.432 Executing safepoint VM operation: Cleanup done
Event: 6.433 Executing safepoint VM operation: Cleanup
Event: 6.433 Executing safepoint VM operation: Cleanup done
Event: 7.433 Executing safepoint VM operation: Cleanup
Event: 7.433 Executing safepoint VM operation: Cleanup done
Event: 8.433 Executing safepoint VM operation: Cleanup
Event: 8.433 Executing safepoint VM operation: Cleanup done
Event: 10.235 Executing safepoint VM operation: Exit

Memory protections (17 events):
Event: 0.003 Protecting memory [0x00007f8a794cc000,0x00007f8a794d0000] with protection modes 0
Event: 0.015 Protecting memory [0x00007f89facfe000,0x00007f89fad02000] with protection modes 0
Event: 0.015 Protecting memory [0x00007f89fabfe000,0x00007f89fac02000] with protection modes 0
Event: 0.015 Protecting memory [0x00007f89faafe000,0x00007f89fab02000] with protection modes 0
Event: 0.015 Protecting memory [0x00007f89fa9fe000,0x00007f89faa02000] with protection modes 0
Event: 0.015 Protecting memory [0x00007f89fa8fe000,0x00007f89fa902000] with protection modes 0
Event: 0.015 Protecting memory [0x00007f89fa7fe000,0x00007f89fa802000] with protection modes 0
Event: 0.015 Protecting memory [0x00007f89fa6fe000,0x00007f89fa702000] with protection modes 0
Event: 0.020 Protecting memory [0x00007f89fa52e000,0x00007f89fa532000] with protection modes 0
Event: 0.022 Protecting memory [0x00007f89fa42e000,0x00007f89fa432000] with protection modes 0
Event: 0.022 Protecting memory [0x00007f89fa32e000,0x00007f89fa332000] with protection modes 0
Event: 0.074 Protecting memory [0x00007f89f9f00000,0x00007f89f9f04000] with protection modes 0
Event: 0.113 Protecting memory [0x00007f89f9100000,0x00007f89f9104000] with protection modes 0
Event: 0.113 Protecting memory [0x00007f89f9000000,0x00007f89f9004000] with protection modes 0
Event: 0.179 Protecting memory [0x00007f89a1e0e000,0x00007f89a1e12000] with protection modes 0
Event: 0.327 Protecting memory [0x00007f8968274000,0x00007f8968278000] with protection modes 0
Event: 10.233 Protecting memory [0x00007f89fa52e000,0x00007f89fa532000] with protection modes 0

Nmethod flushes (0 events):
No events

Events (20 events):
Event: 0.015 Thread 0x00007f8a7402e790 Thread added: 0x00007f8a74142db0
Event: 0.015 Thread 0x00007f8a7402e790 Thread added: 0x00007f8a74144580
Event: 0.015 Thread 0x00007f8a7402e790 Thread added: 0x00007f8a74145bc0
Event: 0.015 Thread 0x00007f8a7402e790 Thread added: 0x00007f8a74147160
Event: 0.015 Thread 0x00007f8a7402e790 Thread added: 0x00007f8a74148d20
Event: 0.015 Thread 0x00007f8a7402e790 Thread added: 0x00007f8a7414a3e0
Event: 0.020 Thread 0x00007f8a7414a3e0 Thread added: 0x00007f89bc044ab0
Event: 0.022 Thread 0x00007f8a7402e790 Thread added: 0x00007f8a7418b1c0
Event: 0.022 Thread 0x00007f8a7402e790 Thread added: 0x00007f8a7418e230
Event: 0.074 Thread 0x00007f8a7414a3e0 Thread added: 0x00007f89bc121420
Event: 0.113 Thread 0x00007f8a7414a3e0 Thread added: 0x00007f89bc1612f0
Event: 0.113 Thread 0x00007f8a7414a3e0 Thread added: 0x00007f89bc162600
Event: 0.179 Thread 0x00007f8a7402e790 Thread added: 0x00007f8a749f1680
Event: 0.327 Thread 0x00007f8a7402e790 Thread added: 0x00007f8a76ffacd0
Event: 0.659 Thread 0x00007f89bc121420 Thread exited: 0x00007f89bc121420
Event: 4.665 Thread 0x00007f89bc162600 Thread exited: 0x00007f89bc162600
Event: 5.083 Thread 0x00007f89bc1612f0 Thread exited: 0x00007f89bc1612f0
Event: 5.693 Thread 0x00007f89bc044ab0 Thread exited: 0x00007f89bc044ab0
Event: 10.233 Thread 0x00007f8a74144580 Thread added: 0x00007f89cc009070
Event: 10.235 Thread 0x00007f89cc009070 Before exit entered


Dynamic libraries:
617800000-636400000 rw-p 00000000 00:00 0 
636400000-7ffc00000 ---p 00000000 00:00 0 
7ffc00000-7ffd0d000 rw-p 00cdc000 00:49 7160503                          /usr/lib/jvm/java-21-openjdk/lib/server/classes.jsa
7ffd0d000-800000000 rw-p 00000000 00:00 0 
55a7ed2f6000-55a7ed2f7000 r-xp 00000000 00:49 7160208                    /usr/lib/jvm/java-21-openjdk/bin/java
55a7ed2f7000-55a7ed2f8000 r--p 00001000 00:49 7160208                    /usr/lib/jvm/java-21-openjdk/bin/java
55a7ed2f8000-55a7ed2f9000 r--p 00001000 00:49 7160208                    /usr/lib/jvm/java-21-openjdk/bin/java
55a7ed2f9000-55a7ed2fa000 rw-p 00002000 00:49 7160208                    /usr/lib/jvm/java-21-openjdk/bin/java
55a80ca5d000-55a80ca89000 rw-p 00000000 00:00 0                          [heap]
7f8930000000-7f8930021000 rw-p 00000000 00:00 0 
7f8930021000-7f8934000000 ---p 00000000 00:00 0 
7f8934000000-7f8934021000 rw-p 00000000 00:00 0 
7f8934021000-7f8938000000 ---p 00000000 00:00 0 
7f8938000000-7f8938021000 rw-p 00000000 00:00 0 
7f8938021000-7f893c000000 ---p 00000000 00:00 0 
7f893c000000-7f893c021000 rw-p 00000000 00:00 0 
7f893c021000-7f8940000000 ---p 00000000 00:00 0 
7f8940000000-7f8940021000 rw-p 00000000 00:00 0 
7f8940021000-7f8944000000 ---p 00000000 00:00 0 
7f8944000000-7f8944021000 rw-p 00000000 00:00 0 
7f8944021000-7f8948000000 ---p 00000000 00:00 0 
7f8948000000-7f8948021000 rw-p 00000000 00:00 0 
7f8948021000-7f894c000000 ---p 00000000 00:00 0 
7f894c000000-7f894c021000 rw-p 00000000 00:00 0 
7f894c021000-7f8950000000 ---p 00000000 00:00 0 
7f8950000000-7f8950021000 rw-p 00000000 00:00 0 
7f8950021000-7f8954000000 ---p 00000000 00:00 0 
7f8954000000-7f8954021000 rw-p 00000000 00:00 0 
7f8954021000-7f8958000000 ---p 00000000 00:00 0 
7f8958000000-7f89589e5000 rw-p 00000000 00:00 0 
7f89589e5000-7f895c000000 ---p 00000000 00:00 0 
7f895c000000-7f895c021000 rw-p 00000000 00:00 0 
7f895c021000-7f8960000000 ---p 00000000 00:00 0 
7f8962200000-7f8962c00000 rwxp 00000000 00:00 0 
7f8962d6b000-7f896300e000 rw-s 00000000 00:01 35064                      /memfd:mesa-shared (deleted)
7f896300e000-7f8963816000 rw-p 00000000 00:00 0 
7f8963816000-7f8964073000 rw-p 00000000 00:00 0 
7f8964073000-7f8968000000 ---p 00000000 00:00 0 
7f8968072000-7f8968274000 rw-p 00000000 00:00 0 
7f8968274000-7f8968278000 ---p 00000000 00:00 0 
7f8968278000-7f8968374000 rw-p 00000000 00:00 0 
7f8968374000-7f89683b5000 rw-p 00000000 00:00 0 
7f89683b5000-7f8968450000 r--p 00000000 00:27 257824                     /usr/local/share/fonts/google-noto/NotoSans-Bold.ttf
7f8968450000-7f89684eb000 r--p 00000000 00:27 257824                     /usr/local/share/fonts/google-noto/NotoSans-Bold.ttf
7f89684eb000-7f89684ec000 r--s 00000000 00:23 7387248                    /home/bazzite/.cache/fontconfig/d7a569af8e223acb75bc30910d7ef9ed-le64.cache-9
7f89684ec000-7f89684ee000 r--s 00000000 00:23 12865309                   /home/bazzite/.cache/fontconfig/6b60f0e179979a2c9a4d5c4f7eefb67f-le64.cache-9
7f89684ee000-7f89684ef000 r--s 00000000 00:23 7387197                    /home/bazzite/.cache/fontconfig/fc75e9a4611ba4d5d1230dbca349abc2-le64.cache-9
7f89684ef000-7f89684f0000 r--s 00000000 00:23 12299779                   /home/bazzite/.cache/fontconfig/23ea6065a6d55ece5eb71d63bc4c9c7d-le64.cache-9
7f89684f0000-7f896850d000 r--s 00000000 00:49 3822094                    /usr/lib/fontconfig/cache/123d59b33ddb0e7c76bb24004bd5cfac-le64.cache-9
7f896850d000-7f8968512000 r--s 00000000 00:49 1082902                    /usr/lib/fontconfig/cache/d63f98f14a274bd69a5425fc33aaac6b-le64.cache-9
7f8968512000-7f896851b000 r--s 00000000 00:49 3822092                    /usr/lib/fontconfig/cache/6ee3103884cce7b2fe6f32eba9089175-le64.cache-9
7f896851b000-7f8968524000 r--s 00000000 00:49 1085967                    /usr/lib/fontconfig/cache/6cdba951d5a16891afaaf2fee13e80e7-le64.cache-9
7f8968524000-7f8968527000 r--s 00000000 00:49 1085965                    /usr/lib/fontconfig/cache/feeafda3627faad7596d025cfacea73f-le64.cache-9
7f8968527000-7f896852a000 r--s 00000000 00:49 1082900                    /usr/lib/fontconfig/cache/18f520a508f13854f77176faf7889ae9-le64.cache-9
7f896852a000-7f896852f000 r--s 00000000 00:49 1082896                    /usr/lib/fontconfig/cache/6ec93c29005712963aaa22af1809da14-le64.cache-9
7f896852f000-7f896854c000 r--s 00000000 00:49 1082894                    /usr/lib/fontconfig/cache/876d1e5ed346defde032494815bfb839-le64.cache-9
7f896854c000-7f896854d000 r--s 00000000 00:49 1082892                    /usr/lib/fontconfig/cache/33c6bbd909a8f10851a4056c73c86d5d-le64.cache-9
7f896854d000-7f8968552000 r--s 00000000 00:49 1082890                    /usr/lib/fontconfig/cache/c7ea5600018b5457f90a75a411dca181-le64.cache-9
7f8968552000-7f8968553000 r--s 00000000 00:49 1082888                    /usr/lib/fontconfig/cache/d6ea941674ae40559d2ff3d3b7033dc5-le64.cache-9
7f8968553000-7f8968555000 r--s 00000000 00:49 1082886                    /usr/lib/fontconfig/cache/ffb01ab76ea797771fc7a567b58060b1-le64.cache-9
7f8968555000-7f8968556000 r--s 00000000 00:49 1082884                    /usr/lib/fontconfig/cache/e0ab052bd3d44540ac0679a31c37147f-le64.cache-9
7f8968556000-7f8968558000 r--s 00000000 00:49 1082882                    /usr/lib/fontconfig/cache/d08f6a95540f65647c5ddb26bc5ee44f-le64.cache-9
7f8968558000-7f896855d000 r--s 00000000 00:49 1082880                    /usr/lib/fontconfig/cache/c49556cff7e1a89b25831daeff5ebdc9-le64.cache-9
7f896855d000-7f896855f000 r--s 00000000 00:49 1082878                    /usr/lib/fontconfig/cache/8705ab89d754816d59fecae72f983cbb-le64.cache-9
7f896855f000-7f8968560000 r--s 00000000 00:49 1082876                    /usr/lib/fontconfig/cache/e1d7114fade3104855b784d52043788b-le64.cache-9
7f8968560000-7f8968563000 r--s 00000000 00:49 1082874                    /usr/lib/fontconfig/cache/9df9a62f46596efacd17df59faea9e12-le64.cache-9
7f8968563000-7f8968565000 r--s 00000000 00:49 1082872                    /usr/lib/fontconfig/cache/81f440aff8695e62538f4d4aa4dda1b9-le64.cache-9
7f8968565000-7f8968567000 r--s 00000000 00:49 1082870                    /usr/lib/fontconfig/cache/9ba4c59e0897ff97e9ff83765e36aba0-le64.cache-9
7f8968567000-7f8968570000 r--s 00000000 00:49 1082868                    /usr/lib/fontconfig/cache/2c94c36db93ab6a338646c01dbecb342-le64.cache-9
7f8968570000-7f89685d2000 r--s 00000000 00:49 1082864                    /usr/lib/fontconfig/cache/b57f9a2bb32865a9d06aed058fcf9161-le64.cache-9
7f89685d2000-7f89685e5000 r--s 00000000 00:49 1082862                    /usr/lib/fontconfig/cache/225b3e7a21154b8bedfc9509e8cccdc5-le64.cache-9
7f89685e5000-7f89685f0000 r--s 00000000 00:49 1082860                    /usr/lib/fontconfig/cache/614ccbc80639b3a6f43af8bfce0af87e-le64.cache-9
7f89685f0000-7f8968608000 r--s 00000000 00:49 1082858                    /usr/lib/fontconfig/cache/1f8920c8d92ca109b30bca641140eeb4-le64.cache-9
7f8968608000-7f8968662000 r--s 00000000 00:49 1082852                    /usr/lib/fontconfig/cache/b73e02d9d19db59b33300e44f1f51e49-le64.cache-9
7f8968662000-7f896866b000 r--s 00000000 00:49 1082850                    /usr/lib/fontconfig/cache/27ae899a46ebbb03076b2733a727ba91-le64.cache-9
7f896866b000-7f896866f000 r--s 00000000 00:49 1082846                    /usr/lib/fontconfig/cache/44d36ec332e97361f14b43118a6bb4fa-le64.cache-9
7f896866f000-7f8968e70000 rw-p 00000000 00:00 0 
7f8968ed9000-7f896917c000 rw-s 00000000 00:01 11189                      /memfd:mesa-shared (deleted)
7f896917c000-7f8969191000 r-xp 00000000 00:38 2567                       /tmp/lwjgl_bazzite/3.4.1+2/x64/liblwjgl_opengl.so
7f8969191000-7f89691d4000 r--p 00015000 00:38 2567                       /tmp/lwjgl_bazzite/3.4.1+2/x64/liblwjgl_opengl.so
7f89691d4000-7f89691d5000 r--p 00057000 00:38 2567                       /tmp/lwjgl_bazzite/3.4.1+2/x64/liblwjgl_opengl.so
7f89691d5000-7f89691d6000 rw-p 00058000 00:38 2567                       /tmp/lwjgl_bazzite/3.4.1+2/x64/liblwjgl_opengl.so
7f89691d6000-7f89695f9000 rw-p 00000000 00:00 0 
7f89695f9000-7f896989c000 rw-s 00000000 00:01 35986                      /memfd:mesa-shared (deleted)
7f896989c000-7f8969a3a000 rw-p 00000000 00:00 0 
7f8969a3a000-7f896a23b000 rw-p 00000000 00:00 0 
7f896a23b000-7f896a37c000 rw-s 00000000 00:23 5884                       /home/bazzite/.cache/mesa_shader_cache/index
7f896a37c000-7f8979b9b000 rw-p 00000000 00:00 0 
7f8979b9b000-7f8979bb0000 r-xp 00000000 00:49 590540                     /usr/lib64/libtinfo.so.6.5
7f8979bb0000-7f8979bc3000 r--p 00015000 00:49 590540                     /usr/lib64/libtinfo.so.6.5
7f8979bc3000-7f8979bc7000 r--p 00028000 00:49 590540                     /usr/lib64/libtinfo.so.6.5
7f8979bc7000-7f8979bc8000 rw-p 0002c000 00:49 590540                     /usr/lib64/libtinfo.so.6.5
7f8979bc8000-7f8979bea000 r-xp 00000000 00:49 1066457                    /usr/lib64/libedit.so.0.0.76
7f8979bea000-7f8979bfc000 r--p 00022000 00:49 1066457                    /usr/lib64/libedit.so.0.0.76
7f8979bfc000-7f8979bfe000 r--p 00034000 00:49 1066457                    /usr/lib64/libedit.so.0.0.76
7f8979bfe000-7f8979bff000 rw-p 00036000 00:49 1066457                    /usr/lib64/libedit.so.0.0.76
7f8979bff000-7f8979c02000 rw-p 00000000 00:00 0 
7f8979c02000-7f8979d05000 r-xp 00000000 00:49 7151966                    /usr/lib64/libSPIRV-Tools.so
7f8979d05000-7f8979d94000 r--p 00103000 00:49 7151966                    /usr/lib64/libSPIRV-Tools.so
7f8979d94000-7f8979d97000 r--p 00192000 00:49 7151966                    /usr/lib64/libSPIRV-Tools.so
7f8979d97000-7f8979d98000 rw-p 00195000 00:49 7151966                    /usr/lib64/libSPIRV-Tools.so
7f8979d98000-7f897db8f000 r--p 00000000 00:49 7154802                    /usr/lib64/libLLVM.so.21.1
7f897db8f000-7f8982418000 r-xp 03df6000 00:49 7154802                    /usr/lib64/libLLVM.so.21.1
7f8982418000-7f8982624000 r--p 0867e000 00:49 7154802                    /usr/lib64/libLLVM.so.21.1
7f8982624000-7f8982669000 rw-p 08889000 00:49 7154802                    /usr/lib64/libLLVM.so.21.1
7f8982669000-7f898270e000 rw-p 00000000 00:00 0 
7f898270e000-7f8984480000 r-xp 00000000 00:49 7154882                    /usr/lib64/libgallium-25.3.6.so
7f8984480000-7f8985599000 r--p 01d72000 00:49 7154882                    /usr/lib64/libgallium-25.3.6.so
7f8985599000-7f89856f0000 r--p 02e8b000 00:49 7154882                    /usr/lib64/libgallium-25.3.6.so
7f89856f0000-7f898571e000 rw-p 02fe2000 00:49 7154882                    /usr/lib64/libgallium-25.3.6.so
7f898571e000-7f89858e9000 rw-p 00000000 00:00 0 
7f89858e9000-7f8985b94000 r--p 00000000 00:27 30957                      /usr/lib64/libnvidia-gpucomp.so.580.159.04
7f8985b94000-7f8988c82000 r-xp 002ab000 00:27 30957                      /usr/lib64/libnvidia-gpucomp.so.580.159.04
7f8988c82000-7f8989af2000 r--p 03399000 00:27 30957                      /usr/lib64/libnvidia-gpucomp.so.580.159.04
7f8989af2000-7f8989af3000 ---p 04209000 00:27 30957                      /usr/lib64/libnvidia-gpucomp.so.580.159.04
7f8989af3000-7f8989cca000 r--p 04209000 00:27 30957                      /usr/lib64/libnvidia-gpucomp.so.580.159.04
7f8989cca000-7f8989dd5000 rw-p 043e0000 00:27 30957                      /usr/lib64/libnvidia-gpucomp.so.580.159.04
7f8989dd5000-7f8989e75000 rw-p 00000000 00:00 0 
7f8989e75000-7f898a0b7000 r--p 00000000 00:27 30918                      /usr/lib64/libnvidia-eglcore.so.580.159.04
7f898a0b7000-7f898ad7b000 r-xp 00242000 00:27 30918                      /usr/lib64/libnvidia-eglcore.so.580.159.04
7f898ad7b000-7f898be1d000 r--p 00f06000 00:27 30918                      /usr/lib64/libnvidia-eglcore.so.580.159.04
7f898be1d000-7f898be1e000 ---p 01fa8000 00:27 30918                      /usr/lib64/libnvidia-eglcore.so.580.159.04
7f898be1e000-7f898bf96000 r--p 01fa8000 00:27 30918                      /usr/lib64/libnvidia-eglcore.so.580.159.04
7f898bf96000-7f898bfea000 rw-p 02120000 00:27 30918                      /usr/lib64/libnvidia-eglcore.so.580.159.04
7f898bfea000-7f898c07e000 rw-p 00000000 00:00 0 
7f898c07e000-7f8990000000 ---p 00000000 00:00 0 
7f8990000000-7f8990021000 rw-p 00000000 00:00 0 
7f8990021000-7f8994000000 ---p 00000000 00:00 0 
7f8994000000-7f8994021000 rw-p 00000000 00:00 0 
7f8994021000-7f8998000000 ---p 00000000 00:00 0 
7f8998000000-7f8998087000 rw-p 00000000 00:00 0 
7f8998087000-7f899c000000 ---p 00000000 00:00 0 
7f899c000000-7f899c022000 rw-p 00000000 00:00 0 
7f899c022000-7f89a0000000 ---p 00000000 00:00 0 
7f89a0000000-7f89a0001000 r--s 00000000 00:49 1082866                    /usr/lib/fontconfig/cache/149e020e1ffa29da6638c239e39df2a6-le64.cache-9
7f89a0001000-7f89a0002000 r--s 00000000 00:49 1082856                    /usr/lib/fontconfig/cache/b5adcb31ec90862990a73c9baa385b38-le64.cache-9
7f89a0002000-7f89a000b000 r--s 00000000 00:49 1082842                    /usr/lib/fontconfig/cache/fc4098c50360d5dff771e984a783ba6f-le64.cache-9
7f89a000b000-7f89a000e000 r--s 00000000 00:49 1082840                    /usr/lib/fontconfig/cache/f068ed1aed4cb4b8fd15a017c476fecc-le64.cache-9
7f89a000e000-7f89a0011000 r--s 00000000 00:49 1082838                    /usr/lib/fontconfig/cache/c8fe155264990cf0dc8a423973091113-le64.cache-9
7f89a0011000-7f89a0014000 r--s 00000000 00:49 1082836                    /usr/lib/fontconfig/cache/61ea0c41d2b57119f60ea7e4839106cf-le64.cache-9
7f89a0015000-7f89a0016000 r--p 00000000 00:00 0 
7f89a0016000-7f89a0017000 r-xp 00000000 00:00 0 
7f89a0017000-7f89a0018000 r--p 00000000 00:00 0 
7f89a0018000-7f89a0019000 r-xp 00000000 00:00 0 
7f89a0019000-7f89a001a000 rw-p 00000000 00:00 0 
7f89a001a000-7f89a001b000 r--p 00000000 00:00 0 
7f89a001b000-7f89a001c000 r-xp 00000000 00:00 0 
7f89a001c000-7f89a001d000 r--p 00000000 00:00 0 
7f89a001d000-7f89a001e000 r-xp 00000000 00:00 0 
7f89a001e000-7f89a001f000 rw-p 00000000 00:00 0 
7f89a001f000-7f89a0020000 r--p 00000000 00:00 0 
7f89a0020000-7f89a0021000 r-xp 00000000 00:00 0 
7f89a0021000-7f89a0022000 rw-p 00000000 00:00 0 
7f89a0022000-7f89a0023000 r--p 00000000 00:00 0 
7f89a0023000-7f89a0024000 r-xp 00000000 00:00 0 
7f89a0024000-7f89a0025000 r--p 00000000 00:00 0 
7f89a0025000-7f89a0026000 r-xp 00000000 00:00 0 
7f89a0026000-7f89a0027000 r--p 00000000 00:00 0 
7f89a0027000-7f89a0028000 r-xp 00000000 00:00 0 
7f89a0028000-7f89a0029000 rw-p 00000000 00:00 0 
7f89a0029000-7f89a002a000 r--p 00000000 00:00 0 
7f89a002a000-7f89a002b000 r-xp 00000000 00:00 0 
7f89a002b000-7f89a0030000 r-xp 00000000 00:49 1067372                    /usr/lib64/libpciaccess.so.0.11.1
7f89a0030000-7f89a0033000 r--p 00005000 00:49 1067372                    /usr/lib64/libpciaccess.so.0.11.1
7f89a0033000-7f89a0034000 r--p 00008000 00:49 1067372                    /usr/lib64/libpciaccess.so.0.11.1
7f89a0034000-7f89a0035000 rw-p 00000000 00:00 0 
7f89a0035000-7f89a004d000 r-xp 00000000 00:49 7151765                    /usr/lib64/libdrm_intel.so.1.131.0
7f89a004d000-7f89a0059000 r--p 00018000 00:49 7151765                    /usr/lib64/libdrm_intel.so.1.131.0
7f89a0059000-7f89a005a000 r--p 00023000 00:49 7151765                    /usr/lib64/libdrm_intel.so.1.131.0
7f89a005a000-7f89a005b000 rw-p 00024000 00:49 7151765                    /usr/lib64/libdrm_intel.so.1.131.0
7f89a005b000-7f89a006f000 r-xp 00000000 00:49 7151795                    /usr/lib64/libelf-0.195.so
7f89a006f000-7f89a0076000 r--p 00014000 00:49 7151795                    /usr/lib64/libelf-0.195.so
7f89a0076000-7f89a0077000 r--p 0001a000 00:49 7151795                    /usr/lib64/libelf-0.195.so
7f89a0077000-7f89a0078000 rw-p 00000000 00:00 0 
7f89a0078000-7f89a007f000 r-xp 00000000 00:49 7151763                    /usr/lib64/libdrm_amdgpu.so.1.131.0
7f89a007f000-7f89a0084000 r--p 00007000 00:49 7151763                    /usr/lib64/libdrm_amdgpu.so.1.131.0
7f89a0084000-7f89a0085000 r--p 0000b000 00:49 7151763                    /usr/lib64/libdrm_amdgpu.so.1.131.0
7f89a0085000-7f89a0086000 rw-p 00000000 00:00 0 
7f89a0086000-7f89a0087000 r-xp 00000000 00:49 1066452                    /usr/lib64/libxshmfence.so.1.0.0
7f89a0087000-7f89a0088000 r--p 00001000 00:49 1066452                    /usr/lib64/libxshmfence.so.1.0.0
7f89a0088000-7f89a0089000 r--p 00001000 00:49 1066452                    /usr/lib64/libxshmfence.so.1.0.0
7f89a0089000-7f89a008a000 rw-p 00002000 00:49 1066452                    /usr/lib64/libxshmfence.so.1.0.0
7f89a008a000-7f89a008d000 r-xp 00000000 00:49 1066406                    /usr/lib64/libxcb-sync.so.1.0.0
7f89a008d000-7f89a0090000 r--p 00003000 00:49 1066406                    /usr/lib64/libxcb-sync.so.1.0.0
7f89a0090000-7f89a0091000 r--p 00006000 00:49 1066406                    /usr/lib64/libxcb-sync.so.1.0.0
7f89a0091000-7f89a0092000 rw-p 00007000 00:49 1066406                    /usr/lib64/libxcb-sync.so.1.0.0
7f89a0092000-7f89a009a000 r-xp 00000000 00:49 1066638                    /usr/lib64/libsensors.so.4.5.0
7f89a009a000-7f89a009f000 r--p 00008000 00:49 1066638                    /usr/lib64/libsensors.so.4.5.0
7f89a009f000-7f89a00a0000 r--p 0000d000 00:49 1066638                    /usr/lib64/libsensors.so.4.5.0
7f89a00a0000-7f89a00a1000 rw-p 0000e000 00:49 1066638                    /usr/lib64/libsensors.so.4.5.0
7f89a00a1000-7f89a0151000 r-xp 00000000 00:49 590585                     /usr/lib64/libzstd.so.1.5.7
7f89a0151000-7f89a0162000 r--p 000b0000 00:49 590585                     /usr/lib64/libzstd.so.1.5.7
7f89a0162000-7f89a0163000 r--p 000c0000 00:49 590585                     /usr/lib64/libzstd.so.1.5.7
7f89a0163000-7f89a0164000 rw-p 00000000 00:00 0 
7f89a0164000-7f89a0165000 r-xp 00000000 00:49 1066390                    /usr/lib64/libxcb-present.so.0.0.0
7f89a0165000-7f89a0167000 r--p 00001000 00:49 1066390                    /usr/lib64/libxcb-present.so.0.0.0
7f89a0167000-7f89a0168000 r--p 00002000 00:49 1066390                    /usr/lib64/libxcb-present.so.0.0.0
7f89a0168000-7f89a0169000 rw-p 00003000 00:49 1066390                    /usr/lib64/libxcb-present.so.0.0.0
7f89a0169000-7f89a016b000 r-xp 00000000 00:49 1066386                    /usr/lib64/libxcb-dri3.so.0.1.0
7f89a016b000-7f89a016d000 r--p 00002000 00:49 1066386                    /usr/lib64/libxcb-dri3.so.0.1.0
7f89a016d000-7f89a016e000 r--p 00004000 00:49 1066386                    /usr/lib64/libxcb-dri3.so.0.1.0
7f89a016e000-7f89a016f000 rw-p 00005000 00:49 1066386                    /usr/lib64/libxcb-dri3.so.0.1.0
7f89a016f000-7f89a0172000 r-xp 00000000 00:49 1066410                    /usr/lib64/libxcb-xfixes.so.0.0.0
7f89a0172000-7f89a0176000 r--p 00003000 00:49 1066410                    /usr/lib64/libxcb-xfixes.so.0.0.0
7f89a0176000-7f89a0177000 r--p 00007000 00:49 1066410                    /usr/lib64/libxcb-xfixes.so.0.0.0
7f89a0177000-7f89a0178000 rw-p 00008000 00:49 1066410                    /usr/lib64/libxcb-xfixes.so.0.0.0
7f89a0178000-7f89a017e000 r-xp 00000000 00:49 1066392                    /usr/lib64/libxcb-randr.so.0.1.0
7f89a017e000-7f89a0188000 r--p 00006000 00:49 1066392                    /usr/lib64/libxcb-randr.so.0.1.0
7f89a0188000-7f89a0189000 r--p 00010000 00:49 1066392                    /usr/lib64/libxcb-randr.so.0.1.0
7f89a0189000-7f89a018a000 rw-p 00011000 00:49 1066392                    /usr/lib64/libxcb-randr.so.0.1.0
7f89a018a000-7f89a018b000 r-xp 00000000 00:49 7151793                    /usr/lib64/libX11-xcb.so.1.0.0
7f89a018b000-7f89a018c000 r--p 00001000 00:49 7151793                    /usr/lib64/libX11-xcb.so.1.0.0
7f89a018c000-7f89a018d000 r--p 00001000 00:49 7151793                    /usr/lib64/libX11-xcb.so.1.0.0
7f89a018d000-7f89a018e000 rw-p 00000000 00:00 0 
7f89a018e000-7f89a01b6000 r-xp 00000000 00:49 7173565                    /usr/lib64/libEGL_mesa.so.0.0.0
7f89a01b6000-7f89a01cd000 r--p 00028000 00:49 7173565                    /usr/lib64/libEGL_mesa.so.0.0.0
7f89a01cd000-7f89a01d9000 r--p 0003f000 00:49 7173565                    /usr/lib64/libEGL_mesa.so.0.0.0
7f89a01d9000-7f89a01da000 rw-p 0004b000 00:49 7173565                    /usr/lib64/libEGL_mesa.so.0.0.0
7f89a01da000-7f89a01db000 r--s 00000000 00:49 1082854                    /usr/lib/fontconfig/cache/e7c90c5d6650b542ec5033b04921fa77-le64.cache-9
7f89a01db000-7f89a01dc000 r--s 00000000 00:49 1082848                    /usr/lib/fontconfig/cache/a5f2dcfa2bf6574e3790e0d984f4cd62-le64.cache-9
7f89a01dc000-7f89a01e1000 r--s 00000000 00:49 1083501                    /usr/lib/fontconfig/cache/beeeeb3dfe132a8a0633a017c99ce0c0-le64.cache-9
7f89a01e1000-7f89a01e2000 r--p 00000000 00:00 0 
7f89a01e2000-7f89a01e3000 r-xp 00000000 00:00 0 
7f89a01e3000-7f89a01e4000 r--p 00000000 00:00 0 
7f89a01e4000-7f89a01e5000 r-xp 00000000 00:00 0 
7f89a01e5000-7f89a0b52000 rw-p 00000000 00:00 0 
7f89a0b52000-7f89a0b5b000 rw-s 00008000 00:01 34263                      /memfd:pipewire-memfd:flags=0x0000000f,type=2,size=65664 (deleted)
7f89a0b5b000-7f89a0b64000 rw-s 00000000 00:01 34263                      /memfd:pipewire-memfd:flags=0x0000000f,type=2,size=65664 (deleted)
7f89a0b64000-7f89a0b6d000 rw-s 00008000 00:01 34262                      /memfd:pipewire-memfd:flags=0x0000000f,type=2,size=65664 (deleted)
7f89a0b6d000-7f89a0b8b000 r-xp 00000000 00:49 1066326                    /usr/lib64/libexpat.so.1.11.1
7f89a0b8b000-7f89a0b95000 r--p 0001e000 00:49 1066326                    /usr/lib64/libexpat.so.1.11.1
7f89a0b95000-7f89a0b97000 r--p 00027000 00:49 1066326                    /usr/lib64/libexpat.so.1.11.1
7f89a0b97000-7f89a0b98000 rw-p 00000000 00:00 0 
7f89a0b98000-7f89a0ba5000 r-xp 00000000 00:49 7151761                    /usr/lib64/libdrm.so.2.131.0
7f89a0ba5000-7f89a0bad000 r--p 0000d000 00:49 7151761                    /usr/lib64/libdrm.so.2.131.0
7f89a0bad000-7f89a0bae000 r--p 00015000 00:49 7151761                    /usr/lib64/libdrm.so.2.131.0
7f89a0bae000-7f89a0baf000 rw-p 00000000 00:00 0 
7f89a0baf000-7f89a0bb1000 r-xp 00000000 00:49 7154887                    /usr/lib64/libgbm.so.1.0.0
7f89a0bb1000-7f89a0bb3000 r--p 00002000 00:49 7154887                    /usr/lib64/libgbm.so.1.0.0
7f89a0bb3000-7f89a0bb4000 r--p 00003000 00:49 7154887                    /usr/lib64/libgbm.so.1.0.0
7f89a0bb4000-7f89a0bb5000 rw-p 00004000 00:49 7154887                    /usr/lib64/libgbm.so.1.0.0
7f89a0bb5000-7f89a0bc5000 r--p 00000000 00:27 30947                      /usr/lib64/libnvidia-glsi.so.580.159.04
7f89a0bc5000-7f89a0c25000 r-xp 00010000 00:27 30947                      /usr/lib64/libnvidia-glsi.so.580.159.04
7f89a0c25000-7f89a0c42000 r--p 00070000 00:27 30947                      /usr/lib64/libnvidia-glsi.so.580.159.04
7f89a0c42000-7f89a0c48000 r--p 0008c000 00:27 30947                      /usr/lib64/libnvidia-glsi.so.580.159.04
7f89a0c48000-7f89a0c49000 rw-p 00092000 00:27 30947                      /usr/lib64/libnvidia-glsi.so.580.159.04
7f89a0c49000-7f89a0c51000 rw-p 00000000 00:00 0 
7f89a0c51000-7f89a0c85000 r--p 00000000 00:27 21359                      /usr/lib64/libEGL_nvidia.so.0
7f89a0c85000-7f89a0d1c000 r-xp 00034000 00:27 21359                      /usr/lib64/libEGL_nvidia.so.0
7f89a0d1c000-7f89a0d70000 r--p 000cb000 00:27 21359                      /usr/lib64/libEGL_nvidia.so.0
7f89a0d70000-7f89a0d71000 ---p 0011f000 00:27 21359                      /usr/lib64/libEGL_nvidia.so.0
7f89a0d71000-7f89a0d79000 r--p 0011f000 00:27 21359                      /usr/lib64/libEGL_nvidia.so.0
7f89a0d79000-7f89a0d8f000 rw-p 00127000 00:27 21359                      /usr/lib64/libEGL_nvidia.so.0
7f89a0d8f000-7f89a0d94000 rw-p 00000000 00:00 0 
7f89a0d94000-7f89a0dd3000 r-xp 00000000 00:49 1070050                    /usr/lib64/libGLdispatch.so.0.0.0
7f89a0dd3000-7f89a0de7000 r--p 0003f000 00:49 1070050                    /usr/lib64/libGLdispatch.so.0.0.0
7f89a0de7000-7f89a0e03000 r--p 00053000 00:49 1070050                    /usr/lib64/libGLdispatch.so.0.0.0
7f89a0e03000-7f89a0e04000 rw-p 0006f000 00:49 1070050                    /usr/lib64/libGLdispatch.so.0.0.0
7f89a0e04000-7f89a0e0c000 rw-p 00000000 00:00 0 
7f89a0e0c000-7f89a1e0e000 rw-p 00000000 00:00 0 
7f89a1e0e000-7f89a1e12000 ---p 00000000 00:00 0 
7f89a1e12000-7f89a1f0e000 rw-p 00000000 00:00 0 
7f89a1f0e000-7f89a1f0f000 r--p 00000000 00:00 0 
7f89a1f16000-7f89a1f20000 r-xp 00000000 00:49 1070058                    /usr/lib64/libEGL.so.1.1.0
7f89a1f20000-7f89a1f25000 r--p 0000a000 00:49 1070058                    /usr/lib64/libEGL.so.1.1.0
7f89a1f25000-7f89a1f26000 r--p 0000e000 00:49 1070058                    /usr/lib64/libEGL.so.1.1.0
7f89a1f26000-7f89a1f27000 rw-p 0000f000 00:49 1070058                    /usr/lib64/libEGL.so.1.1.0
7f89a1f27000-7f89a1f28000 r-xp 00000000 00:00 0 
7f89a1f28000-7f89a1f29000 r--p 00000000 00:00 0 
7f89a1f29000-7f89a1f32000 rw-s 00000000 00:01 34262                      /memfd:pipewire-memfd:flags=0x0000000f,type=2,size=65664 (deleted)
7f89a1f32000-7f89a2733000 rw-p 00000000 00:00 0 
7f89a2733000-7f89a278b000 r-xp 00000000 00:49 7156432                    /usr/lib64/spa-0.2/audioconvert/libspa-audioconvert.so
7f89a278b000-7f89a27f3000 r--p 00058000 00:49 7156432                    /usr/lib64/spa-0.2/audioconvert/libspa-audioconvert.so
7f89a27f3000-7f89a27fa000 r--p 000c0000 00:49 7156432                    /usr/lib64/spa-0.2/audioconvert/libspa-audioconvert.so
7f89a27fa000-7f89a27fd000 rw-p 000c7000 00:49 7156432                    /usr/lib64/spa-0.2/audioconvert/libspa-audioconvert.so
7f89a27fd000-7f89a4000000 rw-p 00000000 00:00 0 
7f89a4000000-7f89a4062000 rw-p 00000000 00:00 0 
7f89a4062000-7f89a8000000 ---p 00000000 00:00 0 
7f89a8000000-7f89a8021000 rw-p 00000000 00:00 0 
7f89a8021000-7f89ac000000 ---p 00000000 00:00 0 
7f89ac000000-7f89ac233000 rw-p 00000000 00:00 0 
7f89ac233000-7f89b0000000 ---p 00000000 00:00 0 
7f89b0000000-7f89b0032000 rw-p 00000000 00:00 0 
7f89b0032000-7f89b4000000 ---p 00000000 00:00 0 
7f89b4000000-7f89b4021000 rw-p 00000000 00:00 0 
7f89b4021000-7f89b8000000 ---p 00000000 00:00 0 
7f89b8000000-7f89b8021000 rw-p 00000000 00:00 0 
7f89b8021000-7f89bc000000 ---p 00000000 00:00 0 
7f89bc000000-7f89bc2ea000 rw-p 00000000 00:00 0 
7f89bc2ea000-7f89c0000000 ---p 00000000 00:00 0 
7f89c0000000-7f89c00d2000 rw-p 00000000 00:00 0 
7f89c00d2000-7f89c4000000 ---p 00000000 00:00 0 
7f89c4000000-7f89c4021000 rw-p 00000000 00:00 0 
7f89c4021000-7f89c8000000 ---p 00000000 00:00 0 
7f89c8000000-7f89c8320000 rw-p 00000000 00:00 0 
7f89c8320000-7f89cc000000 ---p 00000000 00:00 0 
7f89cc000000-7f89cc021000 rw-p 00000000 00:00 0 
7f89cc021000-7f89d0000000 ---p 00000000 00:00 0 
7f89d0000000-7f89d0021000 rw-p 00000000 00:00 0 
7f89d0021000-7f89d4000000 ---p 00000000 00:00 0 
7f89d4000000-7f89d4021000 rw-p 00000000 00:00 0 
7f89d4021000-7f89d8000000 ---p 00000000 00:00 0 
7f89d8000000-7f89d8001000 r-xp 00000000 00:00 0 
7f89d8001000-7f89d801f000 r-xp 00000000 00:49 7156420                    /usr/lib64/pipewire-0.3/libpipewire-module-session-manager.so
7f89d801f000-7f89d8025000 r--p 0001e000 00:49 7156420                    /usr/lib64/pipewire-0.3/libpipewire-module-session-manager.so
7f89d8025000-7f89d8027000 r--p 00024000 00:49 7156420                    /usr/lib64/pipewire-0.3/libpipewire-module-session-manager.so
7f89d8027000-7f89d8028000 rw-p 00000000 00:00 0 
7f89d8028000-7f89d8032000 r-xp 00000000 00:49 7156402                    /usr/lib64/pipewire-0.3/libpipewire-module-metadata.so
7f89d8032000-7f89d8035000 r--p 0000a000 00:49 7156402                    /usr/lib64/pipewire-0.3/libpipewire-module-metadata.so
7f89d8035000-7f89d8036000 r--p 0000d000 00:49 7156402                    /usr/lib64/pipewire-0.3/libpipewire-module-metadata.so
7f89d8036000-7f89d8037000 rw-p 0000e000 00:49 7156402                    /usr/lib64/pipewire-0.3/libpipewire-module-metadata.so
7f89d8037000-7f89d803b000 r-xp 00000000 00:49 7156392                    /usr/lib64/pipewire-0.3/libpipewire-module-adapter.so
7f89d803b000-7f89d803e000 r--p 00004000 00:49 7156392                    /usr/lib64/pipewire-0.3/libpipewire-module-adapter.so
7f89d803e000-7f89d803f000 r--p 00007000 00:49 7156392                    /usr/lib64/pipewire-0.3/libpipewire-module-adapter.so
7f89d803f000-7f89d8040000 rw-p 00008000 00:49 7156392                    /usr/lib64/pipewire-0.3/libpipewire-module-adapter.so
7f89d8040000-7f89d804c000 r-xp 00000000 00:49 7156394                    /usr/lib64/pipewire-0.3/libpipewire-module-client-device.so
7f89d804c000-7f89d804f000 r--p 0000c000 00:49 7156394                    /usr/lib64/pipewire-0.3/libpipewire-module-client-device.so
7f89d804f000-7f89d8050000 r--p 0000e000 00:49 7156394                    /usr/lib64/pipewire-0.3/libpipewire-module-client-device.so
7f89d8050000-7f89d8051000 rw-p 0000f000 00:49 7156394                    /usr/lib64/pipewire-0.3/libpipewire-module-client-device.so
7f89d8051000-7f89d8075000 r-xp 00000000 00:49 7156395                    /usr/lib64/pipewire-0.3/libpipewire-module-client-node.so
7f89d8075000-7f89d807d000 r--p 00024000 00:49 7156395                    /usr/lib64/pipewire-0.3/libpipewire-module-client-node.so
7f89d807d000-7f89d807f000 r--p 0002c000 00:49 7156395                    /usr/lib64/pipewire-0.3/libpipewire-module-client-node.so
7f89d807f000-7f89d8080000 rw-p 0002e000 00:49 7156395                    /usr/lib64/pipewire-0.3/libpipewire-module-client-node.so
7f89d8080000-7f89d80a3000 r-xp 00000000 00:49 7156409                    /usr/lib64/pipewire-0.3/libpipewire-module-protocol-native.so
7f89d80a3000-7f89d80b2000 r--p 00023000 00:49 7156409                    /usr/lib64/pipewire-0.3/libpipewire-module-protocol-native.so
7f89d80b2000-7f89d80c2000 r--p 00031000 00:49 7156409                    /usr/lib64/pipewire-0.3/libpipewire-module-protocol-native.so
7f89d80c2000-7f89d80c3000 rw-p 00041000 00:49 7156409                    /usr/lib64/pipewire-0.3/libpipewire-module-protocol-native.so
7f89d80c3000-7f89d88c4000 rw-p 00000000 00:00 0 
7f89d88c4000-7f89d88c8000 r-xp 00000000 00:49 7156414                    /usr/lib64/pipewire-0.3/libpipewire-module-rt.so
7f89d88c8000-7f89d88cb000 r--p 00004000 00:49 7156414                    /usr/lib64/pipewire-0.3/libpipewire-module-rt.so
7f89d88cb000-7f89d88cc000 r--p 00007000 00:49 7156414                    /usr/lib64/pipewire-0.3/libpipewire-module-rt.so
7f89d88cc000-7f89d88cd000 rw-p 00008000 00:49 7156414                    /usr/lib64/pipewire-0.3/libpipewire-module-rt.so
7f89d88cd000-7f89d88e6000 r-xp 00000000 00:49 7156452                    /usr/lib64/spa-0.2/support/libspa-support.so
7f89d88e6000-7f89d88ed000 r--p 00019000 00:49 7156452                    /usr/lib64/spa-0.2/support/libspa-support.so
7f89d88ed000-7f89d88ef000 r--p 0001f000 00:49 7156452                    /usr/lib64/spa-0.2/support/libspa-support.so
7f89d88ef000-7f89d88f0000 rw-p 00021000 00:49 7156452                    /usr/lib64/spa-0.2/support/libspa-support.so
7f89d88f0000-7f89d896c000 r-xp 00000000 00:49 7156390                    /usr/lib64/libpipewire-0.3.so.0.1411.0
7f89d896c000-7f89d8993000 r--p 0007c000 00:49 7156390                    /usr/lib64/libpipewire-0.3.so.0.1411.0
7f89d8993000-7f89d89b0000 r--p 000a3000 00:49 7156390                    /usr/lib64/libpipewire-0.3.so.0.1411.0
7f89d89b0000-7f89d89b1000 rw-p 000c0000 00:49 7156390                    /usr/lib64/libpipewire-0.3.so.0.1411.0
7f89d89b1000-7f89d89b2000 rw-p 00000000 00:00 0 
7f89d89b2000-7f89d8af3000 r-xp 00000000 00:49 7151663                    /usr/lib64/libstdc++.so.6.0.34
7f89d8af3000-7f89d8c13000 r--p 00141000 00:49 7151663                    /usr/lib64/libstdc++.so.6.0.34
7f89d8c13000-7f89d8c24000 r--p 00260000 00:49 7151663                    /usr/lib64/libstdc++.so.6.0.34
7f89d8c24000-7f89d8c25000 rw-p 00271000 00:49 7151663                    /usr/lib64/libstdc++.so.6.0.34
7f89d8c25000-7f89d8c29000 rw-p 00000000 00:00 0 
7f89d8c29000-7f89d8d81000 r-xp 00000000 00:38 2566                       /tmp/lwjgl_bazzite/3.4.1+2/x64/libopenal.so
7f89d8d81000-7f89d8e1b000 r--p 00158000 00:38 2566                       /tmp/lwjgl_bazzite/3.4.1+2/x64/libopenal.so
7f89d8e1b000-7f89d8e25000 r--p 001f2000 00:38 2566                       /tmp/lwjgl_bazzite/3.4.1+2/x64/libopenal.so
7f89d8e25000-7f89d8e26000 rw-p 001fc000 00:38 2566                       /tmp/lwjgl_bazzite/3.4.1+2/x64/libopenal.so
7f89d8e26000-7f89d8f0a000 rw-p 00000000 00:00 0 
7f89d8f0a000-7f89d8ffa000 rw-s 00000000 00:01 34261                      /memfd:wayland-cursor (deleted)
7f89d8ffa000-7f89d90ca000 rw-s 00000000 00:01 34260                      /memfd:wayland-cursor (deleted)
7f89d90ca000-7f89d90da000 r-xp 00000000 00:49 1069856                    /usr/lib64/libseccomp.so.2.6.0
7f89d90da000-7f89d90f4000 r--p 00010000 00:49 1069856                    /usr/lib64/libseccomp.so.2.6.0
7f89d90f4000-7f89d90f5000 r--p 0002a000 00:49 1069856                    /usr/lib64/libseccomp.so.2.6.0
7f89d90f5000-7f89d90f6000 rw-p 0002b000 00:49 1069856                    /usr/lib64/libseccomp.so.2.6.0
7f89d90f6000-7f89d913c000 r-xp 00000000 00:49 1069695                    /usr/lib64/liblcms2.so.2.0.16
7f89d913c000-7f89d9157000 r--p 00046000 00:49 1069695                    /usr/lib64/liblcms2.so.2.0.16
7f89d9157000-7f89d915a000 r--p 00060000 00:49 1069695                    /usr/lib64/liblcms2.so.2.0.16
7f89d915a000-7f89d915d000 rw-p 00063000 00:49 1069695                    /usr/lib64/liblcms2.so.2.0.16
7f89d915d000-7f89d915e000 rw-p 00000000 00:00 0 
7f89d915e000-7f89d9296000 r-xp 00000000 00:49 590523                     /usr/lib64/libsqlite3.so.3.50.2
7f89d9296000-7f89d92cf000 r--p 00138000 00:49 590523                     /usr/lib64/libsqlite3.so.3.50.2
7f89d92cf000-7f89d92d3000 r--p 00170000 00:49 590523                     /usr/lib64/libsqlite3.so.3.50.2
7f89d92d3000-7f89d92d7000 rw-p 00174000 00:49 590523                     /usr/lib64/libsqlite3.so.3.50.2
7f89d92d7000-7f89d92d8000 rw-p 00000000 00:00 0 
7f89d92d8000-7f89d92f0000 r-xp 00000000 00:49 1069644                    /usr/lib64/libjson-glib-1.0.so.0.1000.8
7f89d92f0000-7f89d9301000 r--p 00018000 00:49 1069644                    /usr/lib64/libjson-glib-1.0.so.0.1000.8
7f89d9301000-7f89d9302000 r--p 00029000 00:49 1069644                    /usr/lib64/libjson-glib-1.0.so.0.1000.8
7f89d9302000-7f89d9303000 rw-p 00000000 00:00 0 
7f89d9303000-7f89d931f000 r-xp 00000000 00:49 7163058                    /usr/lib64/libatspi.so.0.0.1
7f89d931f000-7f89d9339000 r--p 0001c000 00:49 7163058                    /usr/lib64/libatspi.so.0.0.1
7f89d9339000-7f89d933d000 r--p 00036000 00:49 7163058                    /usr/lib64/libatspi.so.0.0.1
7f89d933d000-7f89d933e000 rw-p 0003a000 00:49 7163058                    /usr/lib64/libatspi.so.0.0.1
7f89d933e000-7f89d9689000 r-xp 00000000 00:49 7154507                    /usr/lib64/libglycin-2.so.0
7f89d9689000-7f89d9742000 r--p 0034b000 00:49 7154507                    /usr/lib64/libglycin-2.so.0
7f89d9742000-7f89d975b000 r--p 00403000 00:49 7154507                    /usr/lib64/libglycin-2.so.0
7f89d975b000-7f89d975e000 rw-p 0041c000 00:49 7154507                    /usr/lib64/libglycin-2.so.0
7f89d975e000-7f89d975f000 r-xp 00000000 00:49 1081827                    /usr/lib64/libXinerama.so.1.0.0
7f89d975f000-7f89d9760000 r--p 00001000 00:49 1081827                    /usr/lib64/libXinerama.so.1.0.0
7f89d9760000-7f89d9761000 r--p 00001000 00:49 1081827                    /usr/lib64/libXinerama.so.1.0.0
7f89d9761000-7f89d9762000 rw-p 00002000 00:49 1081827                    /usr/lib64/libXinerama.so.1.0.0
7f89d9762000-7f89d976a000 r-xp 00000000 00:49 1070474                    /usr/lib64/libXrandr.so.2.2.0
7f89d976a000-7f89d976d000 r--p 00008000 00:49 1070474                    /usr/lib64/libXrandr.so.2.2.0
7f89d976d000-7f89d976e000 r--p 0000a000 00:49 1070474                    /usr/lib64/libXrandr.so.2.2.0
7f89d976e000-7f89d976f000 rw-p 0000b000 00:49 1070474                    /usr/lib64/libXrandr.so.2.2.0
7f89d976f000-7f89d9770000 r-xp 00000000 00:49 1070270                    /usr/lib64/libXcomposite.so.1.0.0
7f89d9770000-7f89d9771000 r--p 00001000 00:49 1070270                    /usr/lib64/libXcomposite.so.1.0.0
7f89d9771000-7f89d9772000 r--p 00001000 00:49 1070270                    /usr/lib64/libXcomposite.so.1.0.0
7f89d9772000-7f89d9773000 rw-p 00000000 00:00 0 
7f89d9773000-7f89d97f4000 r-xp 00000000 00:49 1078632                    /usr/lib64/libtinysparql-3.0.so.0.1001.0
7f89d97f4000-7f89d9838000 r--p 00081000 00:49 1078632                    /usr/lib64/libtinysparql-3.0.so.0.1001.0
7f89d9838000-7f89d9846000 r--p 000c5000 00:49 1078632                    /usr/lib64/libtinysparql-3.0.so.0.1001.0
7f89d9846000-7f89d9847000 rw-p 000d3000 00:49 1078632                    /usr/lib64/libtinysparql-3.0.so.0.1001.0
7f89d9847000-7f89d9863000 r-xp 00000000 00:49 7163083                    /usr/lib64/libatk-bridge-2.0.so.0.0.0
7f89d9863000-7f89d9880000 r--p 0001c000 00:49 7163083                    /usr/lib64/libatk-bridge-2.0.so.0.0.0
7f89d9880000-7f89d9882000 r--p 00039000 00:49 7163083                    /usr/lib64/libatk-bridge-2.0.so.0.0.0
7f89d9882000-7f89d9884000 rw-p 0003b000 00:49 7163083                    /usr/lib64/libatk-bridge-2.0.so.0.0.0
7f89d9884000-7f89d98f1000 r-xp 00000000 00:49 1081809                    /usr/lib64/libepoxy.so.0.0.0
7f89d98f1000-7f89d9981000 r--p 0006d000 00:49 1081809                    /usr/lib64/libepoxy.so.0.0.0
7f89d9981000-7f89d9989000 r--p 000fc000 00:49 1081809                    /usr/lib64/libepoxy.so.0.0.0
7f89d9989000-7f89d9990000 rw-p 00104000 00:49 1081809                    /usr/lib64/libepoxy.so.0.0.0
7f89d9990000-7f89d9a1d000 r-xp 00000000 00:49 7163107                    /usr/lib64/libgdk-3.so.0.2420.32
7f89d9a1d000-7f89d9a7e000 r--p 0008d000 00:49 7163107                    /usr/lib64/libgdk-3.so.0.2420.32
7f89d9a7e000-7f89d9a88000 r--p 000ed000 00:49 7163107                    /usr/lib64/libgdk-3.so.0.2420.32
7f89d9a88000-7f89d9a8a000 rw-p 000f7000 00:49 7163107                    /usr/lib64/libgdk-3.so.0.2420.32
7f89d9a8a000-7f89d9e42000 r-xp 00000000 00:49 7163109                    /usr/lib64/libgtk-3.so.0.2420.32
7f89d9e42000-7f89da176000 r--p 003b8000 00:49 7163109                    /usr/lib64/libgtk-3.so.0.2420.32
7f89da176000-7f89da189000 r--p 006eb000 00:49 7163109                    /usr/lib64/libgtk-3.so.0.2420.32
7f89da189000-7f89da18b000 rw-p 006fe000 00:49 7163109                    /usr/lib64/libgtk-3.so.0.2420.32
7f89da18b000-7f89da190000 rw-p 00000000 00:00 0 
7f89da190000-7f89e8000000 r--p 00000000 00:49 7173786                    /usr/lib/locale/locale-archive
7f89e8000000-7f89e8021000 rw-p 00000000 00:00 0 
7f89e8021000-7f89ec000000 ---p 00000000 00:00 0 
7f89ec000000-7f89ec021000 rw-p 00000000 00:00 0 
7f89ec021000-7f89f0000000 ---p 00000000 00:00 0 
7f89f0000000-7f89f0240000 rw-p 00000000 00:00 0 
7f89f0240000-7f89f0400000 ---p 00000000 00:00 0 
7f89f0400000-7f89f09e0000 rw-p 00000000 00:00 0 
7f89f09e0000-7f89f4000000 ---p 00000000 00:00 0 
7f89f4000000-7f89f4021000 rw-p 00000000 00:00 0 
7f89f4021000-7f89f8000000 ---p 00000000 00:00 0 
7f89f8000000-7f89f8001000 r--p 00000000 00:00 0 
7f89f8001000-7f89f8002000 r-xp 00000000 00:00 0 
7f89f8002000-7f89f8009000 r-xp 00000000 00:49 1070370                    /usr/lib64/libXcursor.so.1.0.2
7f89f8009000-7f89f800d000 r--p 00007000 00:49 1070370                    /usr/lib64/libXcursor.so.1.0.2
7f89f800d000-7f89f800e000 r--p 0000b000 00:49 1070370                    /usr/lib64/libXcursor.so.1.0.2
7f89f800e000-7f89f800f000 rw-p 00000000 00:00 0 
7f89f800f000-7f89f8012000 r-xp 00000000 00:49 1069885                    /usr/lib64/libXfixes.so.3.1.0
7f89f8012000-7f89f8014000 r--p 00003000 00:49 1069885                    /usr/lib64/libXfixes.so.3.1.0
7f89f8014000-7f89f8015000 r--p 00004000 00:49 1069885                    /usr/lib64/libXfixes.so.3.1.0
7f89f8015000-7f89f8016000 rw-p 00005000 00:49 1069885                    /usr/lib64/libXfixes.so.3.1.0
7f89f8016000-7f89f8022000 r-xp 00000000 00:49 1081818                    /usr/lib64/libcloudproviders.so.0.3.6
7f89f8022000-7f89f802d000 r--p 0000c000 00:49 1081818                    /usr/lib64/libcloudproviders.so.0.3.6
7f89f802d000-7f89f802e000 r--p 00017000 00:49 1081818                    /usr/lib64/libcloudproviders.so.0.3.6
7f89f802e000-7f89f802f000 rw-p 00018000 00:49 1081818                    /usr/lib64/libcloudproviders.so.0.3.6
7f89f802f000-7f89f803c000 r-xp 00000000 00:49 1069808                    /usr/lib64/libXi.so.6.1.0
7f89f803c000-7f89f8040000 r--p 0000d000 00:49 1069808                    /usr/lib64/libXi.so.6.1.0
7f89f8040000-7f89f8041000 r--p 00011000 00:49 1069808                    /usr/lib64/libXi.so.6.1.0
7f89f8041000-7f89f8042000 rw-p 00012000 00:49 1069808                    /usr/lib64/libXi.so.6.1.0
7f89f8042000-7f89f8052000 r-xp 00000000 00:49 7163075                    /usr/lib64/libatk-1.0.so.0.25814.1
7f89f8052000-7f89f8064000 r--p 00010000 00:49 7163075                    /usr/lib64/libatk-1.0.so.0.25814.1
7f89f8064000-7f89f8067000 r--p 00021000 00:49 7163075                    /usr/lib64/libatk-1.0.so.0.25814.1
7f89f8067000-7f89f8068000 rw-p 00024000 00:49 7163075                    /usr/lib64/libatk-1.0.so.0.25814.1
7f89f8068000-7f89f8084000 r-xp 00000000 00:49 7154515                    /usr/lib64/libgdk_pixbuf-2.0.so.0.4400.4
7f89f8084000-7f89f8093000 r--p 0001c000 00:49 7154515                    /usr/lib64/libgdk_pixbuf-2.0.so.0.4400.4
7f89f8093000-7f89f8095000 r--p 0002a000 00:49 7154515                    /usr/lib64/libgdk_pixbuf-2.0.so.0.4400.4
7f89f8095000-7f89f8096000 rw-p 0002c000 00:49 7154515                    /usr/lib64/libgdk_pixbuf-2.0.so.0.4400.4
7f89f8096000-7f89f8098000 r-xp 00000000 00:49 1082923                    /usr/lib64/libcairo-gobject.so.2.11804.4
7f89f8098000-7f89f809c000 r--p 00002000 00:49 1082923                    /usr/lib64/libcairo-gobject.so.2.11804.4
7f89f809c000-7f89f809e000 r--p 00005000 00:49 1082923                    /usr/lib64/libcairo-gobject.so.2.11804.4
7f89f809e000-7f89f809f000 rw-p 00000000 00:00 0 
7f89f809f000-7f89f80a0000 r--p 00000000 00:00 0 
7f89f80a0000-7f89f80a1000 r-xp 00000000 00:00 0 
7f89f80a1000-7f89f80a2000 r--p 00000000 00:00 0 
7f89f80a2000-7f89f80a9000 r--s 00000000 00:49 7176855                    /usr/lib64/gconv/gconv-modules.cache
7f89f80a9000-7f89f80ac000 r-xp 00000000 00:49 7156450                    /usr/lib64/spa-0.2/support/libspa-dbus.so
7f89f80ac000-7f89f80ae000 r--p 00003000 00:49 7156450                    /usr/lib64/spa-0.2/support/libspa-dbus.so
7f89f80ae000-7f89f80af000 r--p 00004000 00:49 7156450                    /usr/lib64/spa-0.2/support/libspa-dbus.so
7f89f80af000-7f89f80b0000 rw-p 00005000 00:49 7156450                    /usr/lib64/spa-0.2/support/libspa-dbus.so
7f89f80b0000-7f89f80b1000 r-xp 00000000 00:49 590297                     /usr/lib64/libbrotlicommon.so.1.2.0
7f89f80b1000-7f89f80d1000 r--p 00001000 00:49 590297                     /usr/lib64/libbrotlicommon.so.1.2.0
7f89f80d1000-7f89f80d2000 r--p 00020000 00:49 590297                     /usr/lib64/libbrotlicommon.so.1.2.0
7f89f80d2000-7f89f80d3000 rw-p 00000000 00:00 0 
7f89f80d3000-7f89f80f9000 r-xp 00000000 00:49 7151705                    /usr/lib64/libblkid.so.1.1.0
7f89f80f9000-7f89f8106000 r--p 00026000 00:49 7151705                    /usr/lib64/libblkid.so.1.1.0
7f89f8106000-7f89f810c000 r--p 00033000 00:49 7151705                    /usr/lib64/libblkid.so.1.1.0
7f89f810c000-7f89f810d000 rw-p 00039000 00:49 7151705                    /usr/lib64/libblkid.so.1.1.0
7f89f810d000-7f89f8132000 r-xp 00000000 00:49 590433                     /usr/lib64/liblzma.so.5.8.1
7f89f8132000-7f89f8140000 r--p 00025000 00:49 590433                     /usr/lib64/liblzma.so.5.8.1
7f89f8140000-7f89f8141000 r--p 00033000 00:49 590433                     /usr/lib64/liblzma.so.5.8.1
7f89f8141000-7f89f8142000 rw-p 00034000 00:49 590433                     /usr/lib64/liblzma.so.5.8.1
7f89f8142000-7f89f8165000 r-xp 00000000 00:49 6195619                    /usr/lib64/libgcc_s-15-20260123.so.1
7f89f8165000-7f89f816c000 r--p 00023000 00:49 6195619                    /usr/lib64/libgcc_s-15-20260123.so.1
7f89f816c000-7f89f816d000 r--p 0002a000 00:49 6195619                    /usr/lib64/libgcc_s-15-20260123.so.1
7f89f816d000-7f89f816e000 rw-p 00000000 00:00 0 
7f89f816e000-7f89f8174000 r-xp 00000000 00:49 7151721                    /usr/lib64/libcap.so.2.76
7f89f8174000-7f89f8178000 r--p 00006000 00:49 7151721                    /usr/lib64/libcap.so.2.76
7f89f8178000-7f89f8179000 r--p 00009000 00:49 7151721                    /usr/lib64/libcap.so.2.76
7f89f8179000-7f89f817a000 rw-p 0000a000 00:49 7151721                    /usr/lib64/libcap.so.2.76
7f89f817a000-7f89f8183000 r-xp 00000000 00:49 590314                     /usr/lib64/libbrotlidec.so.1.2.0
7f89f8183000-7f89f8186000 r--p 00009000 00:49 590314                     /usr/lib64/libbrotlidec.so.1.2.0
7f89f8186000-7f89f8187000 r--p 0000c000 00:49 590314                     /usr/lib64/libbrotlidec.so.1.2.0
7f89f8187000-7f89f8188000 rw-p 00000000 00:00 0 
7f89f8188000-7f89f8197000 r-xp 00000000 00:49 590315                     /usr/lib64/libbz2.so.1.0.8
7f89f8197000-7f89f819a000 r--p 0000f000 00:49 590315                     /usr/lib64/libbz2.so.1.0.8
7f89f819a000-7f89f819b000 r--p 00011000 00:49 590315                     /usr/lib64/libbz2.so.1.0.8
7f89f819b000-7f89f819c000 rw-p 00012000 00:49 590315                     /usr/lib64/libbz2.so.1.0.8
7f89f819c000-7f89f81a0000 r-xp 00000000 00:49 1079043                    /usr/lib64/libdatrie.so.1.4.0
7f89f81a0000-7f89f81a2000 r--p 00004000 00:49 1079043                    /usr/lib64/libdatrie.so.1.4.0
7f89f81a2000-7f89f81a3000 r--p 00005000 00:49 1079043                    /usr/lib64/libdatrie.so.1.4.0
7f89f81a3000-7f89f81a4000 rw-p 00000000 00:00 0 
7f89f81a4000-7f89f81c4000 r-xp 00000000 00:49 590514                     /usr/lib64/libselinux.so.1
7f89f81c4000-7f89f81d1000 r--p 00020000 00:49 590514                     /usr/lib64/libselinux.so.1
7f89f81d1000-7f89f81d2000 r--p 0002d000 00:49 590514                     /usr/lib64/libselinux.so.1
7f89f81d2000-7f89f81d3000 rw-p 0002e000 00:49 590514                     /usr/lib64/libselinux.so.1
7f89f81d3000-7f89f81d5000 rw-p 00000000 00:00 0 
7f89f81d5000-7f89f8210000 r-xp 00000000 00:49 7151787                    /usr/lib64/libmount.so.1.1.0
7f89f8210000-7f89f8227000 r--p 0003b000 00:49 7151787                    /usr/lib64/libmount.so.1.1.0
7f89f8227000-7f89f8229000 r--p 00052000 00:49 7151787                    /usr/lib64/libmount.so.1.1.0
7f89f8229000-7f89f822a000 rw-p 00054000 00:49 7151787                    /usr/lib64/libmount.so.1.1.0
7f89f822a000-7f89f831c000 r-xp 00000000 00:49 590580                     /usr/lib64/libxml2.so.2.12.10
7f89f831c000-7f89f837b000 r--p 000f2000 00:49 590580                     /usr/lib64/libxml2.so.2.12.10
7f89f837b000-7f89f8386000 r--p 00150000 00:49 590580                     /usr/lib64/libxml2.so.2.12.10
7f89f8386000-7f89f8387000 rw-p 0015b000 00:49 590580                     /usr/lib64/libxml2.so.2.12.10
7f89f8387000-7f89f8388000 rw-p 00000000 00:00 0 
7f89f8388000-7f89f83a0000 r-xp 00000000 00:49 1082614                    /usr/lib64/libgraphite2.so.3.2.1
7f89f83a0000-7f89f83a4000 r--p 00018000 00:49 1082614                    /usr/lib64/libgraphite2.so.3.2.1
7f89f83a4000-7f89f83a6000 r--p 0001c000 00:49 1082614                    /usr/lib64/libgraphite2.so.3.2.1
7f89f83a6000-7f89f83a7000 rw-p 00000000 00:00 0 
7f89f83a7000-7f89f8425000 r-xp 00000000 00:49 590479                     /usr/lib64/libpcre2-8.so.0.15.0
7f89f8425000-7f89f8452000 r--p 0007e000 00:49 590479                     /usr/lib64/libpcre2-8.so.0.15.0
7f89f8452000-7f89f8453000 r--p 000aa000 00:49 590479                     /usr/lib64/libpcre2-8.so.0.15.0
7f89f8453000-7f89f8454000 rw-p 000ab000 00:49 590479                     /usr/lib64/libpcre2-8.so.0.15.0
7f89f8454000-7f89f8519000 r-xp 00000000 00:49 7151746                    /usr/lib64/libsystemd.so.0.41.0
7f89f8519000-7f89f8570000 r--p 000c5000 00:49 7151746                    /usr/lib64/libsystemd.so.0.41.0
7f89f8570000-7f89f8579000 r--p 0011b000 00:49 7151746                    /usr/lib64/libsystemd.so.0.41.0
7f89f8579000-7f89f857a000 rw-p 00124000 00:49 7151746                    /usr/lib64/libsystemd.so.0.41.0
7f89f857a000-7f89f857b000 rw-p 00000000 00:00 0 
7f89f857b000-7f89f860d000 r-xp 00000000 00:49 1079059                    /usr/lib64/libpixman-1.so.0.46.2
7f89f860d000-7f89f8621000 r--p 00092000 00:49 1079059                    /usr/lib64/libpixman-1.so.0.46.2
7f89f8621000-7f89f8629000 r--p 000a6000 00:49 1079059                    /usr/lib64/libpixman-1.so.0.46.2
7f89f8629000-7f89f862a000 rw-p 000ae000 00:49 1079059                    /usr/lib64/libpixman-1.so.0.46.2
7f89f862a000-7f89f8630000 r-xp 00000000 00:49 1066396                    /usr/lib64/libxcb-render.so.0.0.0
7f89f8630000-7f89f8637000 r--p 00006000 00:49 1066396                    /usr/lib64/libxcb-render.so.0.0.0
7f89f8637000-7f89f8638000 r--p 0000d000 00:49 1066396                    /usr/lib64/libxcb-render.so.0.0.0
7f89f8638000-7f89f8639000 rw-p 0000e000 00:49 1066396                    /usr/lib64/libxcb-render.so.0.0.0
7f89f8639000-7f89f864d000 r-xp 00000000 00:49 1066426                    /usr/lib64/libxcb.so.1.1.0
7f89f864d000-7f89f8661000 r--p 00014000 00:49 1066426                    /usr/lib64/libxcb.so.1.1.0
7f89f8661000-7f89f8662000 r--p 00028000 00:49 1066426                    /usr/lib64/libxcb.so.1.1.0
7f89f8662000-7f89f8663000 rw-p 00029000 00:49 1066426                    /usr/lib64/libxcb.so.1.1.0
7f89f8663000-7f89f866a000 r-xp 00000000 00:49 1069663                    /usr/lib64/libXrender.so.1.3.0
7f89f866a000-7f89f866d000 r--p 00007000 00:49 1069663                    /usr/lib64/libXrender.so.1.3.0
7f89f866d000-7f89f866e000 r--p 00009000 00:49 1069663                    /usr/lib64/libXrender.so.1.3.0
7f89f866e000-7f89f866f000 rw-p 0000a000 00:49 1069663                    /usr/lib64/libXrender.so.1.3.0
7f89f866f000-7f89f867b000 r-xp 00000000 00:49 1066436                    /usr/lib64/libXext.so.6.4.0
7f89f867b000-7f89f8681000 r--p 0000c000 00:49 1066436                    /usr/lib64/libXext.so.6.4.0
7f89f8681000-7f89f8682000 r--p 00011000 00:49 1066436                    /usr/lib64/libXext.so.6.4.0
7f89f8682000-7f89f8683000 rw-p 00012000 00:49 1066436                    /usr/lib64/libXext.so.6.4.0
7f89f8683000-7f89f871c000 r-xp 00000000 00:49 7155085                    /usr/lib64/libX11.so.6.4.0
7f89f871c000-7f89f87c1000 r--p 00099000 00:49 7155085                    /usr/lib64/libX11.so.6.4.0
7f89f87c1000-7f89f87c4000 r--p 0013d000 00:49 7155085                    /usr/lib64/libX11.so.6.4.0
7f89f87c4000-7f89f87c8000 rw-p 00140000 00:49 7155085                    /usr/lib64/libX11.so.6.4.0
7f89f87c8000-7f89f885e000 r-xp 00000000 00:49 1082624                    /usr/lib64/libfreetype.so.6.20.2
7f89f885e000-7f89f8889000 r--p 00096000 00:49 1082624                    /usr/lib64/libfreetype.so.6.20.2
7f89f8889000-7f89f8891000 r--p 000c1000 00:49 1082624                    /usr/lib64/libfreetype.so.6.20.2
7f89f8891000-7f89f8892000 rw-p 00000000 00:00 0 
7f89f8892000-7f89f88bd000 r-xp 00000000 00:49 7152136                    /usr/lib64/libpng16.so.16.56.0
7f89f88bd000-7f89f88cb000 r--p 0002b000 00:49 7152136                    /usr/lib64/libpng16.so.16.56.0
7f89f88cb000-7f89f88cc000 r--p 00038000 00:49 7152136                    /usr/lib64/libpng16.so.16.56.0
7f89f88cc000-7f89f88cd000 rw-p 00000000 00:00 0 
7f89f88cd000-7f89f88e9000 r-xp 00000000 00:49 7151660                    /usr/lib64/libz.so.1.3.1.zlib-ng
7f89f88e9000-7f89f88f3000 r--p 0001c000 00:49 7151660                    /usr/lib64/libz.so.1.3.1.zlib-ng
7f89f88f3000-7f89f88f4000 r--p 00026000 00:49 7151660                    /usr/lib64/libz.so.1.3.1.zlib-ng
7f89f88f4000-7f89f88f5000 rw-p 00027000 00:49 7151660                    /usr/lib64/libz.so.1.3.1.zlib-ng
7f89f88f5000-7f89f8a14000 r-xp 00000000 00:49 7151897                    /usr/lib64/libgio-2.0.so.0.8600.5
7f89f8a14000-7f89f8abc000 r--p 0011f000 00:49 7151897                    /usr/lib64/libgio-2.0.so.0.8600.5
7f89f8abc000-7f89f8ac5000 r--p 001c6000 00:49 7151897                    /usr/lib64/libgio-2.0.so.0.8600.5
7f89f8ac5000-7f89f8ac6000 rw-p 001cf000 00:49 7151897                    /usr/lib64/libgio-2.0.so.0.8600.5
7f89f8ac6000-7f89f8ac8000 rw-p 00000000 00:00 0 
7f89f8ac8000-7f89f8af9000 r-xp 00000000 00:49 1082696                    /usr/lib64/libfontconfig.so.1.16.0
7f89f8af9000-7f89f8b15000 r--p 00031000 00:49 1082696                    /usr/lib64/libfontconfig.so.1.16.0
7f89f8b15000-7f89f8b17000 r--p 0004d000 00:49 1082696                    /usr/lib64/libfontconfig.so.1.16.0
7f89f8b17000-7f89f8b18000 rw-p 0004f000 00:49 1082696                    /usr/lib64/libfontconfig.so.1.16.0
7f89f8b18000-7f89f8c06000 r-xp 00000000 00:49 1082641                    /usr/lib64/libharfbuzz.so.0.61151.0
7f89f8c06000-7f89f8c49000 r--p 000ee000 00:49 1082641                    /usr/lib64/libharfbuzz.so.0.61151.0
7f89f8c49000-7f89f8c4b000 r--p 00130000 00:49 1082641                    /usr/lib64/libharfbuzz.so.0.61151.0
7f89f8c4b000-7f89f8c4c000 rw-p 00132000 00:49 1082641                    /usr/lib64/libharfbuzz.so.0.61151.0
7f89f8c4c000-7f89f8cf3000 r-xp 00000000 00:49 7151901                    /usr/lib64/libglib-2.0.so.0.8600.5
7f89f8cf3000-7f89f8da0000 r--p 000a7000 00:49 7151901                    /usr/lib64/libglib-2.0.so.0.8600.5
7f89f8da0000-7f89f8da1000 r--p 00154000 00:49 7151901                    /usr/lib64/libglib-2.0.so.0.8600.5
7f89f8da1000-7f89f8da2000 rw-p 00155000 00:49 7151901                    /usr/lib64/libglib-2.0.so.0.8600.5
7f89f8da2000-7f89f8da3000 rw-p 00000000 00:00 0 
7f89f8da3000-7f89f8dd7000 r-xp 00000000 00:49 1069583                    /usr/lib64/libdbus-1.so.3.38.3
7f89f8dd7000-7f89f8df4000 r--p 00034000 00:49 1069583                    /usr/lib64/libdbus-1.so.3.38.3
7f89f8df4000-7f89f8df6000 r--p 00051000 00:49 1069583                    /usr/lib64/libdbus-1.so.3.38.3
7f89f8df6000-7f89f8df7000 rw-p 00053000 00:49 1069583                    /usr/lib64/libdbus-1.so.3.38.3
7f89f8df7000-7f89f8eed000 r-xp 00000000 00:49 1082910                    /usr/lib64/libcairo.so.2.11804.4
7f89f8eed000-7f89f8f2e000 r--p 000f6000 00:49 1082910                    /usr/lib64/libcairo.so.2.11804.4
7f89f8f2e000-7f89f8f32000 r--p 00137000 00:49 1082910                    /usr/lib64/libcairo.so.2.11804.4
7f89f8f32000-7f89f8f34000 rw-p 0013b000 00:49 1082910                    /usr/lib64/libcairo.so.2.11804.4
7f89f8f34000-7f89f8f35000 rw-p 00000000 00:00 0 
7f89f8f35000-7f89f8f6d000 r-xp 00000000 00:49 7151905                    /usr/lib64/libgobject-2.0.so.0.8600.5
7f89f8f6d000-7f89f8f90000 r--p 00038000 00:49 7151905                    /usr/lib64/libgobject-2.0.so.0.8600.5
7f89f8f90000-7f89f8f93000 r--p 0005a000 00:49 7151905                    /usr/lib64/libgobject-2.0.so.0.8600.5
7f89f8f93000-7f89f8f94000 rw-p 0005d000 00:49 7151905                    /usr/lib64/libgobject-2.0.so.0.8600.5
7f89f8f94000-7f89f8fd4000 r-xp 00000000 00:49 7155104                    /usr/lib64/libpango-1.0.so.0.5701.0
7f89f8fd4000-7f89f8ffb000 r--p 00040000 00:49 7155104                    /usr/lib64/libpango-1.0.so.0.5701.0
7f89f8ffb000-7f89f8fff000 r--p 00066000 00:49 7155104                    /usr/lib64/libpango-1.0.so.0.5701.0
7f89f8fff000-7f89f9000000 rw-p 0006a000 00:49 7155104                    /usr/lib64/libpango-1.0.so.0.5701.0
7f89f9000000-7f89f9004000 ---p 00000000 00:00 0 
7f89f9004000-7f89f9100000 rw-p 00000000 00:00 0 
7f89f9100000-7f89f9104000 ---p 00000000 00:00 0 
7f89f9104000-7f89f9200000 rw-p 00000000 00:00 0 
7f89f9200000-7f89f9a00000 rw-p 00000000 00:00 0 
7f89f9a00000-7f89f9a01000 r-xp 00000000 00:49 1070380                    /usr/lib64/libXdamage.so.1.1.0
7f89f9a01000-7f89f9a02000 r--p 00001000 00:49 1070380                    /usr/lib64/libXdamage.so.1.1.0
7f89f9a02000-7f89f9a03000 r--p 00001000 00:49 1070380                    /usr/lib64/libXdamage.so.1.1.0
7f89f9a03000-7f89f9a04000 rw-p 00000000 00:00 0 
7f89f9a04000-7f89f9a0a000 r-xp 00000000 00:49 1070236                    /usr/lib64/libfribidi.so.0.4.0
7f89f9a0a000-7f89f9a22000 r--p 00006000 00:49 1070236                    /usr/lib64/libfribidi.so.0.4.0
7f89f9a22000-7f89f9a23000 r--p 0001d000 00:49 1070236                    /usr/lib64/libfribidi.so.0.4.0
7f89f9a23000-7f89f9a24000 rw-p 0001e000 00:49 1070236                    /usr/lib64/libfribidi.so.0.4.0
7f89f9a24000-7f89f9a33000 r-xp 00000000 00:49 7155108                    /usr/lib64/libpangoft2-1.0.so.0.5701.0
7f89f9a33000-7f89f9a3e000 r--p 0000f000 00:49 7155108                    /usr/lib64/libpangoft2-1.0.so.0.5701.0
7f89f9a3e000-7f89f9a3f000 r--p 0001a000 00:49 7155108                    /usr/lib64/libpangoft2-1.0.so.0.5701.0
7f89f9a3f000-7f89f9a40000 rw-p 00000000 00:00 0 
7f89f9a40000-7f89f9a6c000 r-xp 00000000 00:49 1079035                    /usr/lib64/libxkbcommon.so.0.11.0
7f89f9a6c000-7f89f9a96000 r--p 0002c000 00:49 1079035                    /usr/lib64/libxkbcommon.so.0.11.0
7f89f9a96000-7f89f9a98000 r--p 00056000 00:49 1079035                    /usr/lib64/libxkbcommon.so.0.11.0
7f89f9a98000-7f89f9a99000 rw-p 00058000 00:49 1079035                    /usr/lib64/libxkbcommon.so.0.11.0
7f89f9a99000-7f89f9abe000 r-xp 00000000 00:38 2565                       /tmp/lwjgl_bazzite/3.4.1+2/x64/libglfw.so
7f89f9abe000-7f89f9b0d000 r--p 00025000 00:38 2565                       /tmp/lwjgl_bazzite/3.4.1+2/x64/libglfw.so
7f89f9b0d000-7f89f9b11000 r--p 00074000 00:38 2565                       /tmp/lwjgl_bazzite/3.4.1+2/x64/libglfw.so
7f89f9b11000-7f89f9b14000 rw-p 00078000 00:38 2565                       /tmp/lwjgl_bazzite/3.4.1+2/x64/libglfw.so
7f89f9b14000-7f89f9b37000 rw-p 00000000 00:00 0 
7f89f9b37000-7f89f9b97000 r-xp 00000000 00:38 2564                       /tmp/lwjgl_bazzite/3.4.1+2/x64/libjemalloc.so
7f89f9b97000-7f89f9bb0000 r--p 00060000 00:38 2564                       /tmp/lwjgl_bazzite/3.4.1+2/x64/libjemalloc.so
7f89f9bb0000-7f89f9bb7000 r--p 00078000 00:38 2564                       /tmp/lwjgl_bazzite/3.4.1+2/x64/libjemalloc.so
7f89f9bb7000-7f89f9bb8000 rw-p 0007f000 00:38 2564                       /tmp/lwjgl_bazzite/3.4.1+2/x64/libjemalloc.so
7f89f9bb8000-7f89f9dc2000 rw-p 00000000 00:00 0 
7f89f9dc2000-7f89f9eac000 r-xp 00000000 00:49 7160192                    /usr/lib64/libnss3.so
7f89f9eac000-7f89f9ef6000 r--p 000ea000 00:49 7160192                    /usr/lib64/libnss3.so
7f89f9ef6000-7f89f9efd000 r--p 00134000 00:49 7160192                    /usr/lib64/libnss3.so
7f89f9efd000-7f89f9efe000 rw-p 0013b000 00:49 7160192                    /usr/lib64/libnss3.so
7f89f9efe000-7f89f9f00000 rw-p 00000000 00:00 0 
7f89f9f00000-7f89f9f04000 ---p 00000000 00:00 0 
7f89f9f04000-7f89fa000000 rw-p 00000000 00:00 0 
7f89fa000000-7f89fa020000 r-xp 00000000 00:38 198                        /tmp/libgdxbazzite/da3a4817/libgdx64.so
7f89fa020000-7f89fa220000 ---p 00020000 00:38 198                        /tmp/libgdxbazzite/da3a4817/libgdx64.so
7f89fa220000-7f89fa221000 r--p 00020000 00:38 198                        /tmp/libgdxbazzite/da3a4817/libgdx64.so
7f89fa221000-7f89fa222000 rw-p 00021000 00:38 198                        /tmp/libgdxbazzite/da3a4817/libgdx64.so
7f89fa222000-7f89fa224000 r-xp 00000000 00:49 1066338                    /usr/lib64/libXau.so.6.0.0
7f89fa224000-7f89fa225000 r--p 00002000 00:49 1066338                    /usr/lib64/libXau.so.6.0.0
7f89fa225000-7f89fa226000 r--p 00003000 00:49 1066338                    /usr/lib64/libXau.so.6.0.0
7f89fa226000-7f89fa227000 rw-p 00000000 00:00 0 
7f89fa227000-7f89fa229000 r-xp 00000000 00:49 7151903                    /usr/lib64/libgmodule-2.0.so.0.8600.5
7f89fa229000-7f89fa22b000 r--p 00002000 00:49 7151903                    /usr/lib64/libgmodule-2.0.so.0.8600.5
7f89fa22b000-7f89fa22c000 r--p 00003000 00:49 7151903                    /usr/lib64/libgmodule-2.0.so.0.8600.5
7f89fa22c000-7f89fa22d000 rw-p 00004000 00:49 7151903                    /usr/lib64/libgmodule-2.0.so.0.8600.5
7f89fa22d000-7f89fa232000 r-xp 00000000 00:49 1079049                    /usr/lib64/libthai.so.0.3.1
7f89fa232000-7f89fa236000 r--p 00005000 00:49 1079049                    /usr/lib64/libthai.so.0.3.1
7f89fa236000-7f89fa237000 r--p 00009000 00:49 1079049                    /usr/lib64/libthai.so.0.3.1
7f89fa237000-7f89fa238000 rw-p 0000a000 00:49 1079049                    /usr/lib64/libthai.so.0.3.1
7f89fa238000-7f89fa242000 r-xp 00000000 00:49 7155106                    /usr/lib64/libpangocairo-1.0.so.0.5701.0
7f89fa242000-7f89fa249000 r--p 0000a000 00:49 7155106                    /usr/lib64/libpangocairo-1.0.so.0.5701.0
7f89fa249000-7f89fa24a000 r--p 00010000 00:49 7155106                    /usr/lib64/libpangocairo-1.0.so.0.5701.0
7f89fa24a000-7f89fa24b000 rw-p 00011000 00:49 7155106                    /usr/lib64/libpangocairo-1.0.so.0.5701.0
7f89fa24b000-7f89fa252000 r-xp 00000000 00:49 1221932                    /usr/lib64/libdecor/plugins-1/libdecor-cairo.so
7f89fa252000-7f89fa257000 r--p 00007000 00:49 1221932                    /usr/lib64/libdecor/plugins-1/libdecor-cairo.so
7f89fa257000-7f89fa25a000 r--p 0000b000 00:49 1221932                    /usr/lib64/libdecor/plugins-1/libdecor-cairo.so
7f89fa25a000-7f89fa25b000 rw-p 0000e000 00:49 1221932                    /usr/lib64/libdecor/plugins-1/libdecor-cairo.so
7f89fa25b000-7f89fa25e000 r-xp 00000000 00:49 1221930                    /usr/lib64/libdecor-0.so.0.200.5
7f89fa25e000-7f89fa261000 r--p 00003000 00:49 1221930                    /usr/lib64/libdecor-0.so.0.200.5
7f89fa261000-7f89fa262000 r--p 00006000 00:49 1221930                    /usr/lib64/libdecor-0.so.0.200.5
7f89fa262000-7f89fa263000 rw-p 00007000 00:49 1221930                    /usr/lib64/libdecor-0.so.0.200.5
7f89fa263000-7f89fa266000 r-xp 00000000 00:49 1070228                    /usr/lib64/libwayland-cursor.so.0.24.0
7f89fa266000-7f89fa268000 r--p 00003000 00:49 1070228                    /usr/lib64/libwayland-cursor.so.0.24.0
7f89fa268000-7f89fa269000 r--p 00004000 00:49 1070228                    /usr/lib64/libwayland-cursor.so.0.24.0
7f89fa269000-7f89fa26d000 rw-p 00005000 00:49 1070228                    /usr/lib64/libwayland-cursor.so.0.24.0
7f89fa26d000-7f89fa295000 r-xp 00000000 00:49 7151776                    /usr/lib64/libnspr4.so
7f89fa295000-7f89fa2a9000 r--p 00028000 00:49 7151776                    /usr/lib64/libnspr4.so
7f89fa2a9000-7f89fa2ab000 r--p 0003b000 00:49 7151776                    /usr/lib64/libnspr4.so
7f89fa2ab000-7f89fa2ac000 rw-p 0003d000 00:49 7151776                    /usr/lib64/libnspr4.so
7f89fa2ac000-7f89fa2af000 rw-p 00000000 00:00 0 
7f89fa2af000-7f89fa2e4000 r-xp 00000000 00:38 2561                       /tmp/lwjgl_bazzite/3.4.1+2/x64/liblwjgl.so
7f89fa2e4000-7f89fa32c000 r--p 00035000 00:38 2561                       /tmp/lwjgl_bazzite/3.4.1+2/x64/liblwjgl.so
7f89fa32c000-7f89fa32d000 r--p 0007c000 00:38 2561                       /tmp/lwjgl_bazzite/3.4.1+2/x64/liblwjgl.so
7f89fa32d000-7f89fa32e000 rw-p 0007d000 00:38 2561                       /tmp/lwjgl_bazzite/3.4.1+2/x64/liblwjgl.so
7f89fa32e000-7f89fa332000 ---p 00000000 00:00 0 
7f89fa332000-7f89fa42e000 rw-p 00000000 00:00 0 
7f89fa42e000-7f89fa432000 ---p 00000000 00:00 0 
7f89fa432000-7f89fa52e000 rw-p 00000000 00:00 0 
7f89fa52e000-7f89fa532000 ---p 00000000 00:00 0 
7f89fa532000-7f89fa62e000 rw-p 00000000 00:00 0 
7f89fa62e000-7f89fa66f000 r-xp 00000000 00:49 7160482                    /usr/lib/jvm/java-21-openjdk/lib/libjsvml.so
7f89fa66f000-7f89fa6fc000 r--p 00041000 00:49 7160482                    /usr/lib/jvm/java-21-openjdk/lib/libjsvml.so
7f89fa6fc000-7f89fa6fd000 r--p 000cd000 00:49 7160482                    /usr/lib/jvm/java-21-openjdk/lib/libjsvml.so
7f89fa6fd000-7f89fa6fe000 rw-p 000ce000 00:49 7160482                    /usr/lib/jvm/java-21-openjdk/lib/libjsvml.so
7f89fa6fe000-7f89fa702000 ---p 00000000 00:00 0 
7f89fa702000-7f89fa7fe000 rw-p 00000000 00:00 0 
7f89fa7fe000-7f89fa802000 ---p 00000000 00:00 0 
7f89fa802000-7f89fa8fe000 rw-p 00000000 00:00 0 
7f89fa8fe000-7f89fa902000 ---p 00000000 00:00 0 
7f89fa902000-7f89fa9fe000 rw-p 00000000 00:00 0 
7f89fa9fe000-7f89faa02000 ---p 00000000 00:00 0 
7f89faa02000-7f89faafe000 rw-p 00000000 00:00 0 
7f89faafe000-7f89fab02000 ---p 00000000 00:00 0 
7f89fab02000-7f89fabfe000 rw-p 00000000 00:00 0 
7f89fabfe000-7f89fac02000 ---p 00000000 00:00 0 
7f89fac02000-7f89facfe000 rw-p 00000000 00:00 0 
7f89facfe000-7f89fad02000 ---p 00000000 00:00 0 
7f89fad02000-7f89fb000000 rw-p 00000000 00:00 0 
7f89fb000000-7f89fb482000 rw-p 00001000 00:49 7160503                    /usr/lib/jvm/java-21-openjdk/lib/server/classes.jsa
7f89fb482000-7f89fbc9d000 rw-p 00483000 00:49 7160503                    /usr/lib/jvm/java-21-openjdk/lib/server/classes.jsa
7f89fbc9d000-7f89fc000000 ---p 00000000 00:00 0 
7f89fc000000-7f89fc040000 rw-p 00000000 00:00 0 
7f89fc040000-7f89fc070000 rw-p 00000000 00:00 0 
7f89fc070000-7f89fc080000 ---p 00000000 00:00 0 
7f89fc080000-7f89fc0e0000 rw-p 00000000 00:00 0 
7f89fc0e0000-7f8a3c000000 ---p 00000000 00:00 0 
7f8a3c000000-7f8a3c021000 rw-p 00000000 00:00 0 
7f8a3c021000-7f8a40000000 ---p 00000000 00:00 0 
7f8a40000000-7f8a40021000 rw-p 00000000 00:00 0 
7f8a40021000-7f8a44000000 ---p 00000000 00:00 0 
7f8a44000000-7f8a44021000 rw-p 00000000 00:00 0 
7f8a44021000-7f8a48000000 ---p 00000000 00:00 0 
7f8a48000000-7f8a48021000 rw-p 00000000 00:00 0 
7f8a48021000-7f8a4c000000 ---p 00000000 00:00 0 
7f8a4c000000-7f8a4c021000 rw-p 00000000 00:00 0 
7f8a4c021000-7f8a50000000 ---p 00000000 00:00 0 
7f8a50000000-7f8a50001000 r-xp 00000000 00:00 0 
7f8a50001000-7f8a50002000 r--p 00000000 00:00 0 
7f8a50002000-7f8a50003000 r-xp 00000000 00:00 0 
7f8a50003000-7f8a50004000 r-xp 00000000 00:49 1066404                    /usr/lib64/libxcb-shm.so.0.0.0
7f8a50004000-7f8a50005000 r--p 00001000 00:49 1066404                    /usr/lib64/libxcb-shm.so.0.0.0
7f8a50005000-7f8a50006000 r--p 00002000 00:49 1066404                    /usr/lib64/libxcb-shm.so.0.0.0
7f8a50006000-7f8a50007000 rw-p 00003000 00:49 1066404                    /usr/lib64/libxcb-shm.so.0.0.0
7f8a50007000-7f8a50012000 r-xp 00000000 00:49 590336                     /usr/lib64/libffi.so.8.2.0
7f8a50012000-7f8a50015000 r--p 0000b000 00:49 590336                     /usr/lib64/libffi.so.8.2.0
7f8a50015000-7f8a50016000 r--p 0000d000 00:49 590336                     /usr/lib64/libffi.so.8.2.0
7f8a50016000-7f8a50017000 rw-p 0000e000 00:49 590336                     /usr/lib64/libffi.so.8.2.0
7f8a50017000-7f8a500f3000 rw-p 00000000 00:00 0 
7f8a500f3000-7f8a502f5000 rw-p 00000000 00:00 0 
7f8a502f5000-7f8a52e00000 rw-p 00000000 00:00 0 
7f8a52e00000-7f8a52e01000 rw-s 00000000 00:01 36987                      /memfd:lp_dma_buf (deleted)
7f8a52e01000-7f8a52e02000 rw-s 00000000 00:01 28967                      /memfd:pipewire-memfd:flags=0x0000000f,type=2,size=4096 (deleted)
7f8a52e02000-7f8a52e09000 r-xp 00000000 00:49 1066644                    /usr/lib64/libwayland-client.so.0.24.0
7f8a52e09000-7f8a52e0e000 r--p 00007000 00:49 1066644                    /usr/lib64/libwayland-client.so.0.24.0
7f8a52e0e000-7f8a52e10000 r--p 0000c000 00:49 1066644                    /usr/lib64/libwayland-client.so.0.24.0
7f8a52e10000-7f8a52e11000 rw-p 0000e000 00:49 1066644                    /usr/lib64/libwayland-client.so.0.24.0
7f8a52e11000-7f8a52e12000 rw-s 00000000 00:01 32060                      /memfd:pipewire-memfd:flags=0x0000000f,type=2,size=2312 (deleted)
7f8a52e12000-7f8a52e13000 rw-s 00000000 00:01 32061                      /memfd:pipewire-memfd:flags=0x0000000f,type=2,size=2312 (deleted)
7f8a52e13000-7f8a52e14000 rw-s 00000000 00:01 28966                      /memfd:pipewire-memfd:flags=0x0000000f,type=2,size=2312 (deleted)
7f8a52e14000-7f8a52e15000 rw-s 00000000 00:01 27204                      /memfd:pipewire-memfd:flags=0x0000000f,type=2,size=2312 (deleted)
7f8a52e15000-7f8a52e17000 r-xp 00000000 00:49 7156451                    /usr/lib64/spa-0.2/support/libspa-journal.so
7f8a52e17000-7f8a52e18000 r--p 00002000 00:49 7156451                    /usr/lib64/spa-0.2/support/libspa-journal.so
7f8a52e18000-7f8a52e19000 r--p 00002000 00:49 7156451                    /usr/lib64/spa-0.2/support/libspa-journal.so
7f8a52e19000-7f8a52e1a000 rw-p 00003000 00:49 7156451                    /usr/lib64/spa-0.2/support/libspa-journal.so
7f8a52e1a000-7f8a52e1b000 rw-p 00000000 00:00 0 
7f8a52e1b000-7f8a52e1c000 rw-p 00000000 00:00 0 
7f8a52e1c000-7f8a52e1e000 r-xp 00000000 00:49 7151778                    /usr/lib64/libplds4.so
7f8a52e1e000-7f8a52e20000 r--p 00002000 00:49 7151778                    /usr/lib64/libplds4.so
7f8a52e20000-7f8a52e21000 r--p 00003000 00:49 7151778                    /usr/lib64/libplds4.so
7f8a52e21000-7f8a52e22000 rw-p 00004000 00:49 7151778                    /usr/lib64/libplds4.so
7f8a52e22000-7f8a52e25000 r-xp 00000000 00:49 7151777                    /usr/lib64/libplc4.so
7f8a52e25000-7f8a52e27000 r--p 00003000 00:49 7151777                    /usr/lib64/libplc4.so
7f8a52e27000-7f8a52e28000 r--p 00004000 00:49 7151777                    /usr/lib64/libplc4.so
7f8a52e28000-7f8a52e29000 rw-p 00005000 00:49 7151777                    /usr/lib64/libplc4.so
7f8a52e29000-7f8a52e3d000 r-xp 00000000 00:49 7151782                    /usr/lib64/libnssutil3.so
7f8a52e3d000-7f8a52e4f000 r--p 00014000 00:49 7151782                    /usr/lib64/libnssutil3.so
7f8a52e4f000-7f8a52e56000 r--p 00026000 00:49 7151782                    /usr/lib64/libnssutil3.so
7f8a52e56000-7f8a52e57000 rw-p 0002d000 00:49 7151782                    /usr/lib64/libnssutil3.so
7f8a52e57000-7f8a53708000 rw-p 00000000 00:00 0 
7f8a53708000-7f8a5a968000 ---p 00000000 00:00 0 
7f8a5a968000-7f8a5aa6e000 rw-p 00000000 00:00 0 
7f8a5aa6e000-7f8a5b8ba000 ---p 00000000 00:00 0 
7f8a5b8ba000-7f8a5b9b2000 rw-p 00000000 00:00 0 
7f8a5b9b2000-7f8a5c7fe000 ---p 00000000 00:00 0 
7f8a5c7fe000-7f8a5c800000 rw-p 00000000 00:00 0 
7f8a5c800000-7f8a5cad0000 rwxp 00000000 00:00 0 
7f8a5cad0000-7f8a63c5f000 ---p 00000000 00:00 0 
7f8a63c5f000-7f8a6407f000 rwxp 00000000 00:00 0 
7f8a6407f000-7f8a643a0000 ---p 00000000 00:00 0 
7f8a643a0000-7f8a64610000 rwxp 00000000 00:00 0 
7f8a64610000-7f8a6b800000 ---p 00000000 00:00 0 
7f8a6b800000-7f8a6b801000 r-xp 00000000 00:49 1070223                    /usr/lib64/libwayland-egl.so.1.24.0
7f8a6b801000-7f8a6b802000 r--p 00001000 00:49 1070223                    /usr/lib64/libwayland-egl.so.1.24.0
7f8a6b802000-7f8a6b803000 r--p 00001000 00:49 1070223                    /usr/lib64/libwayland-egl.so.1.24.0
7f8a6b803000-7f8a6b804000 rw-p 00000000 00:00 0 
7f8a6b804000-7f8a6b805000 r-xp 00000000 00:49 7150422                    /usr/lib64/librt.so.1
7f8a6b805000-7f8a6b806000 r--p 00001000 00:49 7150422                    /usr/lib64/librt.so.1
7f8a6b806000-7f8a6b807000 r--p 00001000 00:49 7150422                    /usr/lib64/librt.so.1
7f8a6b807000-7f8a6b809000 rw-p 00000000 00:00 0 
7f8a6b809000-7f8a6b80a000 r-xp 00033000 00:38 2561                       /tmp/lwjgl_bazzite/3.4.1+2/x64/liblwjgl.so
7f8a6b80a000-7f8a6b80b000 rw-p 00000000 00:00 0 
7f8a6b80b000-7f8a6b80c000 r-xp 00000000 00:49 7160496                    /usr/lib/jvm/java-21-openjdk/lib/libsystemconf.so
7f8a6b80c000-7f8a6b80d000 r--p 00001000 00:49 7160496                    /usr/lib/jvm/java-21-openjdk/lib/libsystemconf.so
7f8a6b80d000-7f8a6b80e000 r--p 00001000 00:49 7160496                    /usr/lib/jvm/java-21-openjdk/lib/libsystemconf.so
7f8a6b80e000-7f8a6b80f000 rw-p 00000000 00:00 0 
7f8a6b80f000-7f8a6b823000 r-xp 00000000 00:49 7160498                    /usr/lib/jvm/java-21-openjdk/lib/libzip.so
7f8a6b823000-7f8a6b82c000 r--p 00014000 00:49 7160498                    /usr/lib/jvm/java-21-openjdk/lib/libzip.so
7f8a6b82c000-7f8a6b82d000 r--p 0001c000 00:49 7160498                    /usr/lib/jvm/java-21-openjdk/lib/libzip.so
7f8a6b82d000-7f8a6b82e000 rw-p 00000000 00:00 0 
7f8a6b82e000-7f8a6b836000 r-xp 00000000 00:49 7160489                    /usr/lib/jvm/java-21-openjdk/lib/libnet.so
7f8a6b836000-7f8a6b83a000 r--p 00008000 00:49 7160489                    /usr/lib/jvm/java-21-openjdk/lib/libnet.so
7f8a6b83a000-7f8a6b83b000 r--p 0000b000 00:49 7160489                    /usr/lib/jvm/java-21-openjdk/lib/libnet.so
7f8a6b83b000-7f8a6b83c000 rw-p 00000000 00:00 0 
7f8a6b83c000-7f8a74000000 r--s 00000000 00:49 7160499                    /usr/lib/jvm/java-21-openjdk/lib/modules
7f8a74000000-7f8a77fb3000 rw-p 00000000 00:00 0 
7f8a77fb3000-7f8a78000000 ---p 00000000 00:00 0 
7f8a78000000-7f8a78001000 r-xp 00000000 00:49 7150420                    /usr/lib64/libpthread.so.0
7f8a78001000-7f8a78002000 r--p 00001000 00:49 7150420                    /usr/lib64/libpthread.so.0
7f8a78002000-7f8a78003000 r--p 00001000 00:49 7150420                    /usr/lib64/libpthread.so.0
7f8a78003000-7f8a78004000 rw-p 00000000 00:00 0 
7f8a78004000-7f8a78005000 r-xp 00000000 00:49 7150413                    /usr/lib64/libdl.so.2
7f8a78005000-7f8a78006000 r--p 00001000 00:49 7150413                    /usr/lib64/libdl.so.2
7f8a78006000-7f8a78007000 r--p 00001000 00:49 7150413                    /usr/lib64/libdl.so.2
7f8a78007000-7f8a78008000 rw-p 00000000 00:00 0 
7f8a78008000-7f8a78012000 r-xp 00000000 00:49 7160490                    /usr/lib/jvm/java-21-openjdk/lib/libnio.so
7f8a78012000-7f8a7801c000 r--p 0000a000 00:49 7160490                    /usr/lib/jvm/java-21-openjdk/lib/libnio.so
7f8a7801c000-7f8a7801d000 r--p 00014000 00:49 7160490                    /usr/lib/jvm/java-21-openjdk/lib/libnio.so
7f8a7801d000-7f8a7801e000 rw-p 00015000 00:49 7160490                    /usr/lib/jvm/java-21-openjdk/lib/libnio.so
7f8a7801e000-7f8a78160000 rw-p 00000000 00:00 0 
7f8a78160000-7f8a78463000 rw-p 00000000 00:00 0 
7f8a78463000-7f8a792ad000 rw-p 00000000 00:00 0 
7f8a792ad000-7f8a79391000 ---p 00000000 00:00 0 
7f8a79391000-7f8a79397000 rw-p 00000000 00:00 0 
7f8a79397000-7f8a7947a000 ---p 00000000 00:00 0 
7f8a7947a000-7f8a79483000 rw-p 00000000 00:00 0 
7f8a79483000-7f8a79489000 ---p 00000000 00:00 0 
7f8a79489000-7f8a79499000 r-xp 00000000 00:49 7160475                    /usr/lib/jvm/java-21-openjdk/lib/libjava.so
7f8a79499000-7f8a794a8000 r--p 00010000 00:49 7160475                    /usr/lib/jvm/java-21-openjdk/lib/libjava.so
7f8a794a8000-7f8a794a9000 r--p 0001f000 00:49 7160475                    /usr/lib/jvm/java-21-openjdk/lib/libjava.so
7f8a794a9000-7f8a794aa000 rw-p 00020000 00:49 7160475                    /usr/lib/jvm/java-21-openjdk/lib/libjava.so
7f8a794aa000-7f8a794ab000 rw-p 00000000 00:00 0 
7f8a794ab000-7f8a794c3000 r-xp 00000000 00:49 7160478                    /usr/lib/jvm/java-21-openjdk/lib/libjimage.so
7f8a794c3000-7f8a794c9000 r--p 00018000 00:49 7160478                    /usr/lib/jvm/java-21-openjdk/lib/libjimage.so
7f8a794c9000-7f8a794cb000 r--p 0001e000 00:49 7160478                    /usr/lib/jvm/java-21-openjdk/lib/libjimage.so
7f8a794cb000-7f8a794cc000 rw-p 00020000 00:49 7160478                    /usr/lib/jvm/java-21-openjdk/lib/libjimage.so
7f8a794cc000-7f8a794d0000 ---p 00000000 00:00 0 
7f8a794d0000-7f8a795cc000 rw-p 00000000 00:00 0 
7f8a795cc000-7f8a7964e000 r-xp 00000000 00:49 7150414                    /usr/lib64/libm.so.6
7f8a7964e000-7f8a796bf000 r--p 00082000 00:49 7150414                    /usr/lib64/libm.so.6
7f8a796bf000-7f8a796c0000 r--p 000f2000 00:49 7150414                    /usr/lib64/libm.so.6
7f8a796c0000-7f8a796c1000 rw-p 000f3000 00:49 7150414                    /usr/lib64/libm.so.6
7f8a796c1000-7f8a7a5f7000 r-xp 00000000 00:49 7160506                    /usr/lib/jvm/java-21-openjdk/lib/server/libjvm.so
7f8a7a5f7000-7f8a7a8db000 r--p 00f36000 00:49 7160506                    /usr/lib/jvm/java-21-openjdk/lib/server/libjvm.so
7f8a7a8db000-7f8a7a9b2000 r--p 0121a000 00:49 7160506                    /usr/lib/jvm/java-21-openjdk/lib/server/libjvm.so
7f8a7a9b2000-7f8a7a9e2000 rw-p 012f1000 00:49 7160506                    /usr/lib/jvm/java-21-openjdk/lib/server/libjvm.so
7f8a7a9e2000-7f8a7aa4b000 rw-p 00000000 00:00 0 
7f8a7aa4b000-7f8a7abba000 r-xp 00000000 00:49 7150412                    /usr/lib64/libc.so.6
7f8a7abba000-7f8a7ac30000 r--p 0016f000 00:49 7150412                    /usr/lib64/libc.so.6
7f8a7ac30000-7f8a7ac34000 r--p 001e4000 00:49 7150412                    /usr/lib64/libc.so.6
7f8a7ac34000-7f8a7ac36000 rw-p 001e8000 00:49 7150412                    /usr/lib64/libc.so.6
7f8a7ac36000-7f8a7ac3e000 rw-p 00000000 00:00 0 
7f8a7ac3e000-7f8a7ac46000 rw-s 00000000 00:38 2858                       /tmp/hsperfdata_bazzite/223184 (deleted)
7f8a7ac46000-7f8a7ac47000 ---p 00000000 00:00 0 
7f8a7ac47000-7f8a7ac48000 r--p 00000000 00:00 0 
7f8a7ac48000-7f8a7ac49000 ---p 00000000 00:00 0 
7f8a7ac49000-7f8a7ac5b000 r-xp 00000000 00:49 7160479                    /usr/lib/jvm/java-21-openjdk/lib/libjli.so
7f8a7ac5b000-7f8a7ac63000 r--p 00012000 00:49 7160479                    /usr/lib/jvm/java-21-openjdk/lib/libjli.so
7f8a7ac63000-7f8a7ac64000 r--p 0001a000 00:49 7160479                    /usr/lib/jvm/java-21-openjdk/lib/libjli.so
7f8a7ac64000-7f8a7ac65000 rw-p 0001b000 00:49 7160479                    /usr/lib/jvm/java-21-openjdk/lib/libjli.so
7f8a7ac65000-7f8a7ac67000 rw-p 00000000 00:00 0 
7f8a7ac67000-7f8a7ac6b000 r--p 00000000 00:00 0                          [vvar]
7f8a7ac6b000-7f8a7ac6d000 r--p 00000000 00:00 0                          [vvar_vclock]
7f8a7ac6d000-7f8a7ac6f000 r-xp 00000000 00:00 0                          [vdso]
7f8a7ac6f000-7f8a7ac99000 r-xp 00000000 00:49 7150409                    /usr/lib64/ld-linux-x86-64.so.2
7f8a7ac99000-7f8a7aca5000 r--p 0002a000 00:49 7150409                    /usr/lib64/ld-linux-x86-64.so.2
7f8a7aca5000-7f8a7aca7000 r--p 00035000 00:49 7150409                    /usr/lib64/ld-linux-x86-64.so.2
7f8a7aca7000-7f8a7aca8000 rw-p 00037000 00:49 7150409                    /usr/lib64/ld-linux-x86-64.so.2
7f8a7aca8000-7f8a7aca9000 rw-p 00000000 00:00 0 
7ffe50e00000-7ffe50e24000 rw-p 00000000 00:00 0                          [stack]
ffffffffff600000-ffffffffff601000 --xp 00000000 00:00 0                  [vsyscall]
Total number of mappings: 856

JVMTI agents: none


VM Arguments:
jvm_args: --enable-native-access=ALL-UNNAMED -Dfile.encoding=UTF-8 -Duser.country=US -Duser.language=en -Duser.variant 
java_command: dungeon.crawler.lwjgl3.Lwjgl3Launcher
java_class_path (initial): /home/bazzite/code/java/LibGDXDungeonCrawler/lwjgl3/build/classes/java/main:/home/bazzite/code/java/LibGDXDungeonCrawler/lwjgl3/build/classes/kotlin/main:/home/bazzite/code/java/LibGDXDungeonCrawler/lwjgl3/build/resources/main:/home/bazzite/code/java/LibGDXDungeonCrawler/core/build/libs/core-1.0.0.jar:/home/bazzite/.gradle/caches/modules-2/files-2.1/org.jetbrains.kotlin/kotlin-stdlib/2.3.10/8b80e2f80a3b7daa99c16017f91d4c72cd8b31a6/kotlin-stdlib-2.3.10.jar:/home/bazzite/.gradle/caches/modules-2/files-2.1/com.badlogicgames.gdx-controllers/gdx-controllers-desktop/2.2.4/44c8bdf023f04ea9a84ad105d5e2f59ff5d7768a/gdx-controllers-desktop-2.2.4.jar:/home/bazzite/.gradle/caches/modules-2/files-2.1/com.badlogicgames.gdx/gdx-backend-lwjgl3/1.14.0/122cf51d4a3bcd4e14e8fbd16ae2b65f27fe2d57/gdx-backend-lwjgl3-1.14.0.jar:/home/bazzite/.gradle/caches/modules-2/files-2.1/com.badlogicgames.gdx/gdx-platform/1.14.0/d0ecc53f2c20576f1ba4ac9ba157cf48f7bd9821/gdx-platform-1.14.0-natives-desktop.jar:/home/bazzite/.gradle/caches/modules-2/files-2.1/com.badlogicgames.gdx/gdx-tools/1.14.0/127ace6e61276431b23a963c99cee397da72c783/gdx-tools-1.14.0.jar:/home/bazzite/.gradle/caches/modules-2/files-2.1/org.lwjgl/lwjgl-glfw/3.4.1/a782b1ddd175c9107bf300fd92920579ea65e2a4/lwjgl-glfw-3.4.1.jar:/home/bazzite/.gradle/caches/modules-2/files-2.1/org.lwjgl/lwjgl-glfw/3.4.1/23cdf7655ce9f3b27ad90f08e73345e0d5b46362/lwjgl-glfw-3.4.1-natives-linux.jar:/home/bazzite/.gradle/caches/modules-2/files-2.1/org.lwjgl/lwjgl-glfw/3.4.1/bb243e9a857c4301bf7d5e668538686eaa64101e/lwjgl-glfw-3.4.1-natives-linux-arm32.jar:/home/bazzite/.gradle/caches/modules-2/files-2.1/org.lwjgl/lwjgl-glfw/3.4.1/e5e87034c47118960746077dba46280e8de864b3/lwjgl-glfw-3.4.1-natives-linux-arm64.jar:/home/bazzite/.gradle/caches/modules-2/files-2.1/org.lwjgl/lwjgl-glfw/3.4.1/3c8538942f58377d59cd7be2dc164ba71a53868a/lwjgl-glfw-3.4.1-natives-macos.jar:/home/bazzite/.gradle/caches/modules-2/files-2.1/org.lwjgl/lwjgl-glfw/3.4.1/ef1f8efca5a60ba3512bc4982b88e446ecc43378/lwjgl-glfw-3.4.1-natives-macos-arm64.jar:/home/bazzite/.gradle/caches/modules-2/files-2.1/org.lwjgl/lwjgl-glfw/3.4.1/2eb4aa895ea190ba8cf4356f8cea24d3ebb40ea1/lwjgl-glfw-3.4.1-natives-windows.jar:/home/bazzite/.gradle/caches/modules-2/files-2.1/org.lwjgl/lwjgl-glfw/3.4.1/a48bbdd544f00c88f8906e9d09e3f31bc1c17fac/lwjgl-glfw-3.4.1-natives-windows-x86.jar:/home/bazzite/.gradle/caches/modules-2/files-2.1/org.lwjgl/lwjgl-jemalloc/3.4.1/16b663092854fc6adfe0a941e61cae2bb2e437b6/lwjgl-jemalloc-3.4.1.jar:/home/bazzite/.gradle/caches/modules-2/files-2.1/org.lwjgl/lwjgl-jemalloc/3.4.1/b83c82d941f2e624d150d6d1e2efcf4ea49ff8ea/lwjgl-jemalloc-3.4.1-natives-linux.jar:/home/bazzite/.gradle/caches/modules-2/files-2.1/org.lwjgl/lwjgl-jemalloc/3.4.1/fc9ce35c94743e23855777cacaba34bc145da6ec/lwjgl-jemalloc-3.4.1-natives-linux-arm32.jar:/home/bazzite/.gradle/caches/modules-2/files-2.1/org.lwjgl/lwjgl-jemalloc/3.4.1/7891964dfb723209c6d02b0401432348fb707cc0/lwjgl-jemalloc-3.4.1-natives-linux-arm64.jar:/home/bazzite/.gradle/caches/modules-2/files-2.1/org.lwjgl/lwjgl-jemalloc/3.4.1/581b4d542e841015ce3265eed0495e2cde15b1d0/lwjgl-jemalloc-3.4.1-natives-macos.jar:/home/bazzite/.gradle/caches/modules-2/files-2.1/org.lwjgl/lwjgl-jemalloc/3.4.1/dcd7e3f9a2ca386e8c5b8f508a8511d9dd63bab0/lwjgl-jemalloc-3.4.1-natives-macos-arm64.jar:/home/bazzite/.gradle/caches/modules-2/files-2.1/org.lwjgl/lwjgl-jemalloc/3.4.1/70db8048d1aca8a6365f46f9963b8d6cd77b9e94/lwjgl-jemalloc-3.4.1-natives-windows.jar:/home/bazzite/.gradle/caches/modules-2/files-2.1/org.lwjgl/lwjgl-jemalloc/3.4.1/d8cf69e1155df83260f9bbe01944fe91f8ca3955/lwjgl-jemalloc-3.4.1-natives-windows-x86.jar:/home/bazzite/.gradle/caches/modules-2/files-2.1/org.lwjgl/lwjgl-openal/3.4.1/8508bd60589de0539aa465b78fcf838efd07ae9a/lwjgl-openal-3.4.1.jar:/home/bazzite/.gradle/caches/modules-2/files-2.1/org.lwjgl/lwjgl-openal/3.4.1/dbff577119266cd4312e4eb9cc2b171407c56360/lwjgl-openal-3.4.1-natives-linux.jar:/home/bazzite/.gradle/caches/modules-2/files-2.1/org.lwjgl/lwjgl-openal/3.4.1/6d4ac5f3d5bab7f2fadfd52c32177d9c12a43b49/lwjgl-openal-3.4.1-natives-linux-arm32.jar:/home/bazzite/.gradle/caches/modules-2/files-2.1/org.lwjgl/lwjgl-openal/3.4.1/3729b70cdd42df5571b075e051fa2fc8586dc538/lwjgl-openal-3.4.1-natives-linux-arm64.jar:/home/bazzite/.gradle/caches/modules-2/files-2.1/org.lwjgl/lwjgl-openal/3.4.1/a4dc57b7b0880d3fffb4d0b61649f45712bccc93/lwjgl-openal-3.4.1-natives-macos.jar:/home/bazzite/.gradle/caches/modules-2/files-2.1/org.lwjgl/lwjgl-openal/3.4.1/1c709a38c4a0e86aae96db7b8c78432307f2322a/lwjgl-openal-3.4.1-natives-macos-arm64.jar:/home/bazzite/.gradle/caches/modules-2/files-2.1/org.lwjgl/lwjgl-openal/3.4.1/8e83fdfdf65c80c9877c6fb6cb645d239ed7638/lwjgl-openal-3.4.1-natives-windows.jar:/home/bazzite/.gradle/caches/modules-2/files-2.1/org.lwjgl/lwjgl-openal/3.4.1/9e4bab87e9b89876fa77ea3c19e1b45334b97c10/lwjgl-openal-3.4.1-natives-windows-x86.jar:/home/bazzite/.gradle/caches/modules-2/files-2.1/org.lwjgl/lwjgl-opengl/3.4.1/830412cab823c029cda6b9729f9d2ed36cf79959/lwjgl-opengl-3.4.1.jar:/home/bazzite/.gradle/caches/modules-2/files-2.1/org.lwjgl/lwjgl-opengl/3.4.1/b750599f0e75ddb19f1d0fe993f3011334b710ae/lwjgl-opengl-3.4.1-natives-linux.jar:/home/bazzite/.gradle/caches/modules-2/files-2.1/org.lwjgl/lwjgl-opengl/3.4.1/172e575948234ff7920abf0d0083d25e37c91ba6/lwjgl-opengl-3.4.1-natives-linux-arm32.jar:/home/bazzite/.gradle/caches/modules-2/files-2.1/org.lwjgl/lwjgl-opengl/3.4.1/61a4103e56bbaeb74ad3f19ec14299fd6891c4b0/lwjgl-opengl-3.4.1-natives-linux-arm64.jar:/home/bazzite/.gradle/caches/modules-2/files-2.1/org.lwjgl/lwjgl-opengl/3.4.1/ba18fc6012b88494ee893506934b92b01c4ef14b/lwjgl-opengl-3.4.1-natives-macos.jar:/home/bazzite/.gradle/caches/modules-2/files-2.1/org.lwjgl/lwjgl-opengl/3.4.1/35b5550058de4960525f465243bd01805f04fd8b/lwjgl-opengl-3.4.1-natives-macos-arm64.jar:/home/bazzite/.gradle/caches/modules-2/files-2.1/org.lwjgl/lwjgl-opengl/3.4.1/617f37ef4e2ffb727bd5e74333e8073ef43ca1ec/lwjgl-opengl-3.4.1-natives-windows.jar:/home/bazzite/.gradle/caches/modules-2/files-2.1/org.lwjgl/lwjgl-opengl/3.4.1/cfd47352b758a0c9f7046de467b103182ec77eb1/lwjgl-opengl-3.4.1-natives-windows-x86.jar:/home/bazzite/.gradle/caches/modules-2/files-2.1/org.lwjgl/lwjgl-stb/3.4.1/f077c3dafc31924fbe8acb0b913f08977ba27f8e/lwjgl-stb-3.4.1.jar:/home/bazzite/.gradle/caches/modules-2/files-2.1/org.lwjgl/lwjgl-stb/3.4.1/7e1cfae909da6c68f3cb6073a9bfeb6c90e82a57/lwjgl-stb-3.4.1-natives-linux.jar:/home/bazzite/.gradle/caches/modules-2/files-2.1/org.lwjgl/lwjgl-stb/3.4.1/8f753f3772863989f1172d2b84b4e56ed18e8c35/lwjgl-stb-3.4.1-natives-linux-arm32.jar:/home/bazzite/.gradle/caches/modules-2/files-2.1/org.lwjgl/lwjgl-stb/3.4.1/3bc107f901f931fea07cb0d80b1d74a34b806a2b/lwjgl-stb-3.4.1-natives-linux-arm64.jar:/home/bazzite/.gradle/caches/modules-2/files-2.1/org.lwjgl/lwjgl-stb/3.4.1/fd1ea36b717b0832babca09324a6cfc43906e2aa/lwjgl-stb-3.4.1-natives-macos.jar:/home/bazzite/.gradle/caches/modules-2/files-2.1/org.lwjgl/lwjgl-stb/3.4.1/da554e04f819f09b0f3473bd931628ebf557965e/lwjgl-stb-3.4.1-natives-macos-arm64.jar:/home/bazzite/.gradle/caches/modules-2/files-2.1/org.lwjgl/lwjgl-stb/3.4.1/b4e13ece83c228ecf57354639d8555076a989d74/lwjgl-stb-3.4.1-natives-windows.jar:/home/bazzite/.gradle/caches/modules-2/files-2.1/org.lwjgl/lwjgl-stb/3.4.1/e091cd3b25ab7db88f0e34a0d2797dc396a528fa/lwjgl-stb-3.4.1-natives-windows-x86.jar:/home/bazzite/.gradle/caches/modules-2/files-2.1/org.lwjgl/lwjgl/3.4.1/6105690714874b995aa7812e4f7732a21109276c/lwjgl-3.4.1.jar:/home/bazzite/.gradle/caches/modules-2/files-2.1/org.lwjgl/lwjgl/3.4.1/2734e106bd95db49fe0da8cf8bf7fd96475c436c/lwjgl-3.4.1-natives-linux.jar:/home/bazzite/.gradle/caches/modules-2/files-2.1/org.lwjgl/lwjgl/3.4.1/1511ab1ffb1c8d8e00e2acb452663173ae09bca0/lwjgl-3.4.1-natives-linux-arm32.jar:/home/bazzite/.gradle/caches/modules-2/files-2.1/org.lwjgl/lwjgl/3.4.1/46883f3b622d8b4d7f27b627ca3360cda3db0e0e/lwjgl-3.4.1-natives-linux-arm64.jar:/home/bazzite/.gradle/caches/modules-2/files-2.1/org.lwjgl/lwjgl/3.4.1/b034fd9a67cb8646c01af7efcefcb93be835542b/lwjgl-3.4.1-natives-macos.jar:/home/bazzite/.gradle/caches/modules-2/files-2.1/org.lwjgl/lwjgl/3.4.1/b4cbdef4818abd714ee66985344c0949fd1cd6d6/lwjgl-3.4.1-natives-macos-arm64.jar:/home/bazzite/.gradle/caches/modules-2/files-2.1/org.lwjgl/lwjgl/3.4.1/96a217f0428ab73487f114a54179a4f41e851a04/lwjgl-3.4.1-natives-windows.jar:/home/bazzite/.gradle/caches/modules-2/files-2.1/org.lwjgl/lwjgl/3.4.1/65de43bd52507e108a58247c0da57a50ce3ee6f6/lwjgl-3.4.1-natives-windows-x86.jar:/home/bazzite/.gradle/caches/modules-2/files-2.1/org.jetbrains/annotations/13.0/919f0dfe192fb4e063e7dacadee7f8bb9a2672a9/annotations-13.0.jar:/home/bazzite/.gradle/caches/modules-2/files-2.1/de.golfgl.gdxcontrollerutils/gdx-controllerutils-mapping/2.3.0/4f0651c569245a0fcc2eb3a51f3d64cba33ab943/gdx-controllerutils-mapping-2.3.0.jar:/home/bazzite/.gradle/caches/modules-2/files-2.1/com.badlogicgames.gdx-controllers/gdx-controllers-core/2.2.4/d8a18ff371fb01c1763e9fe5ea050e39d2d66437/gdx-controllers-core-2.2.4.jar:/home/bazzite/.gradle/caches/modules-2/files-2.1/de.golfgl.gdxcontrollerutils/gdx-controllerutils-scene2d/2.3.0/f9a865856302ec274e78f2963cf7936bcd09e4a8/gdx-controllerutils-scene2d-2.3.0.jar:/home/bazzite/.gradle/caches/modules-2/files-2.1/com.vabrantgames/console/v0.3.0/72e7c7973b26a4e4a5cce0e7dae16c10bd73761a/console-v0.3.0.jar:/home/bazzite/.gradle/caches/modules-2/files-2.1/com.badlogicgames.gdx/gdx-freetype/1.14.0/90299d782fca725677549b88bc1958f968e09bd8/gdx-freetype-1.14.0.jar:/home/bazzite/.gradle/caches/modules-2/files-2.1/com.badlogicgames.gdx/gdx-backend-headless/1.14.0/91a9024d8424ffd4f0805a11f652aa4500f59e0b/gdx-backend-headless-1.14.0.jar:/home/bazzite/.gradle/caches/modules-2/files-2.1/com.badlogicgames.gdx/gdx/1.14.0/8accfce8d9313d9ddd23a2c9e315179783085ef2/gdx-1.14.0.jar:/home/bazzite/.gradle/caches/modules-2/files-2.1/com.badlogicgames.jamepad/jamepad/2.26.5.0/5c39b34fa0c39e3dd4607085d27d51b599ea30a0/jamepad-2.26.5.0.jar:/home/bazzite/.gradle/caches/modules-2/files-2.1/com.badlogicgames.jlayer/jlayer/1.0.1-gdx/7cca83cec5c1b2f011362f4d85aabd71a73b049d/jlayer-1.0.1-gdx.jar:/home/bazzite/.gradle/caches/modules-2/files-2.1/org.jcraft/jorbis/0.0.17/8872d22b293e8f5d7d56ff92be966e6dc28ebdc6/jorbis-0.0.17.jar:/home/bazzite/.gradle/caches/modules-2/files-2.1/com.badlogicgames.gdx/gdx-jnigen-loader/2.5.2/f35e90affe07c46b4f5e5958a1a4c1820c4890e2/gdx-jnigen-loader-2.5.2.jar
Launcher Type: SUN_STANDARD

[Global flags]
     intx CICompilerCount                          = 12                                        {product} {ergonomic}
     uint ConcGCThreads                            = 3                                         {product} {ergonomic}
     uint G1ConcRefinementThreads                  = 13                                        {product} {ergonomic}
   size_t G1HeapRegionSize                         = 4194304                                   {product} {ergonomic}
    uintx GCDrainStackTargetSize                   = 64                                        {product} {ergonomic}
   size_t InitialHeapSize                          = 515899392                                 {product} {ergonomic}
   size_t MarkStackSize                            = 4194304                                   {product} {ergonomic}
   size_t MaxHeapSize                              = 8195670016                                {product} {ergonomic}
   size_t MaxNewSize                               = 4915724288                                {product} {ergonomic}
   size_t MinHeapDeltaBytes                        = 4194304                                   {product} {ergonomic}
   size_t MinHeapSize                              = 8388608                                   {product} {ergonomic}
    uintx NonNMethodCodeHeapSize                   = 7602480                                {pd product} {ergonomic}
    uintx NonProfiledCodeHeapSize                  = 122027880                              {pd product} {ergonomic}
    uintx ProfiledCodeHeapSize                     = 122027880                              {pd product} {ergonomic}
    uintx ReservedCodeCacheSize                    = 251658240                              {pd product} {ergonomic}
     bool SegmentedCodeCache                       = true                                      {product} {ergonomic}
   size_t SoftMaxHeapSize                          = 8195670016                             {manageable} {ergonomic}
     bool UseCompressedOops                        = true                           {product lp64_product} {ergonomic}
     bool UseG1GC                                  = true                                      {product} {ergonomic}

Logging:
Log output configuration:
 #0: 
[error occurred during error reporting (printing log configuration), id 0xb, SIGSEGV (0xb) at pc=0x00007f8a7a02805a]
Release file:
IMPLEMENTOR="Red Hat, Inc."
IMPLEMENTOR_VERSION="(Red_Hat-21.0.11.0.10-2)"
JAVA_RUNTIME_VERSION="21.0.11+10"
JAVA_VERSION="21.0.11"
JAVA_VERSION_DATE="2026-04-21"
LIBC="gnu"
MODULES="java.base java.compiler java.datatransfer java.xml java.prefs java.desktop java.instrument java.logging java.management java.security.sasl java.naming java.rmi java.management.rmi java.net.http java.scripting java.security.jgss java.transaction.xa java.sql java.sql.rowset java.xml.crypto java.se java.smartcardio jdk.accessibility jdk.internal.jvmstat jdk.attach jdk.charsets jdk.internal.opt jdk.zipfs jdk.compiler jdk.crypto.ec jdk.crypto.cryptoki jdk.dynalink jdk.internal.ed jdk.editpad jdk.hotspot.agent jdk.httpserver jdk.incubator.vector jdk.internal.le jdk.internal.vm.ci jdk.internal.vm.compiler jdk.internal.vm.compiler.management jdk.jartool jdk.javadoc jdk.jcmd jdk.management jdk.management.agent jdk.jconsole jdk.jdeps jdk.jdwp.agent jdk.jdi jdk.jfr jdk.jlink jdk.jpackage jdk.jshell jdk.jsobject jdk.jstatd jdk.localedata jdk.management.jfr jdk.naming.dns jdk.naming.rmi jdk.net jdk.nio.mapmode jdk.random jdk.sctp jdk.security.auth jdk.security.jgss jdk.unsupported jdk.unsupported.desktop jdk.xml.dom"
OS_ARCH="x86_64"
OS_NAME="Linux"
SOURCE=".:git:d8615be99208"

Environment Variables:
PATH=/home/bazzite/.local/bin:/home/bazzite/.local/bin:/home/bazzite/.local/share/../bin:/home/bazzite/.local/bin:/home/bazzite/bin:/usr/local/bin:/usr/bin:/bin:/home/bazzite/.local/share/yabridge:/home/bazzite/.local/share/yabridge:/usr/local/bin:/usr/bin:/usr/local/sbin:/usr/sbin:/sbin
XDG_CACHE_HOME=/home/bazzite/.cache
XDG_CONFIG_HOME=/home/bazzite/.config
SHELL=/usr/bin/zsh
DISPLAY=:0
WAYLAND_DISPLAY=wayland-0
LANG=en_US.UTF-8
TERM=xterm-256color

Active Locale:
LC_ALL=en_US.UTF-8
LC_COLLATE=en_US.UTF-8
LC_CTYPE=en_US.UTF-8
LC_MESSAGES=en_US.UTF-8
LC_MONETARY=en_US.UTF-8
LC_NUMERIC=en_US.UTF-8
LC_TIME=en_US.UTF-8

Signal Handlers:
   SIGSEGV: crash_handler in libjvm.so, mask=11100100010111111101111111111110, flags=SA_RESTART|SA_SIGINFO, unblocked
    SIGBUS: crash_handler in libjvm.so, mask=11100100010111111101111111111110, flags=SA_RESTART|SA_SIGINFO, unblocked
    SIGFPE: crash_handler in libjvm.so, mask=11100100010111111101111111111110, flags=SA_RESTART|SA_SIGINFO, unblocked
   SIGPIPE: SIG_IGN, mask=00000000000000000000000000000000, flags=none, blocked
  *** Handler was modified!
  *** Expected: javaSignalHandler in libjvm.so, mask=11100100110111111111111111111110, flags=SA_RESTART|SA_SIGINFO
   SIGXFSZ: javaSignalHandler in libjvm.so, mask=11100100010111111101111111111110, flags=SA_RESTART|SA_SIGINFO, blocked
    SIGILL: crash_handler in libjvm.so, mask=11100100010111111101111111111110, flags=SA_RESTART|SA_SIGINFO, unblocked
   SIGUSR2: SR_handler in libjvm.so, mask=00000000000000000000000000000000, flags=SA_RESTART|SA_SIGINFO, blocked
    SIGHUP: UserHandler in libjvm.so, mask=11100100010111111101111111111110, flags=SA_RESTART|SA_SIGINFO, blocked
    SIGINT: UserHandler in libjvm.so, mask=11100100010111111101111111111110, flags=SA_RESTART|SA_SIGINFO, blocked
   SIGTERM: UserHandler in libjvm.so, mask=11100100010111111101111111111110, flags=SA_RESTART|SA_SIGINFO, blocked
   SIGQUIT: UserHandler in libjvm.so, mask=11100100010111111101111111111110, flags=SA_RESTART|SA_SIGINFO, blocked
   SIGTRAP: crash_handler in libjvm.so, mask=11100100010111111101111111111110, flags=SA_RESTART|SA_SIGINFO, unblocked


Periodic native trim disabled

---------------  S Y S T E M  ---------------

OS:
Fedora release 43 (Forty Three)
uname: Linux 7.0.9-ogc3.2.fc44.x86_64 #1 SMP PREEMPT_DYNAMIC Wed May 20 01:34:43 UTC 2026 x86_64
OS uptime: 0 days 12:02 hours
libc: glibc 2.42 NPTL 2.42 
rlimit (soft/hard): STACK 8192k/infinity , CORE infinity/infinity , NPROC 123785/123785 , NOFILE 1048576/1048576 , AS infinity/infinity , CPU infinity/infinity , DATA infinity/infinity , FSIZE infinity/infinity , MEMLOCK 2147484k/2147484k
load average: 1.48 0.98 0.90

/proc/meminfo:
MemTotal:       32001840 kB
MemFree:         2396136 kB
MemAvailable:   10838544 kB
Buffers:            4292 kB
Cached:          9954652 kB
SwapCached:         7548 kB
Active:         10237844 kB
Inactive:       16289228 kB
Active(anon):    7202132 kB
Inactive(anon):  9652028 kB
Active(file):    3035712 kB
Inactive(file):  6637200 kB
Unevictable:         916 kB
Mlocked:             916 kB
SwapTotal:      16000508 kB
SwapFree:       12144228 kB
Zswap:                 0 kB
Zswapped:              0 kB
Dirty:             11968 kB
Writeback:             0 kB
AnonPages:      16563188 kB
Mapped:          2724676 kB
Shmem:            291668 kB
KReclaimable:     467840 kB
Slab:             949952 kB
SReclaimable:     467840 kB
SUnreclaim:       482112 kB
KernelStack:       50808 kB
PageTables:       179908 kB
SecPageTables:      5000 kB
NFS_Unstable:          0 kB
Bounce:                0 kB
WritebackTmp:          0 kB
CommitLimit:    32001428 kB
Committed_AS:   72282464 kB
VmallocTotal:   34359738367 kB
VmallocUsed:      368004 kB
VmallocChunk:          0 kB
Percpu:            21440 kB
HardwareCorrupted:     0 kB
AnonHugePages:         0 kB
ShmemHugePages:        0 kB
ShmemPmdMapped:        0 kB
FileHugePages:     12288 kB
FilePmdMapped:         0 kB
CmaTotal:              0 kB
CmaFree:               0 kB
Unaccepted:            0 kB
Balloon:               0 kB
HugePages_Total:       0
HugePages_Free:        0
HugePages_Rsvd:        0
HugePages_Surp:        0
Hugepagesize:       2048 kB
Hugetlb:               0 kB
DirectMap4k:     4180908 kB
DirectMap2M:    27471872 kB
DirectMap1G:     2097152 kB

/sys/kernel/mm/transparent_hugepage/enabled: always [madvise] never
/sys/kernel/mm/transparent_hugepage/hpage_pmd_size: 2097152
/sys/kernel/mm/transparent_hugepage/defrag (defrag/compaction efforts parameter): always defer defer+madvise [madvise] never

Process Memory:
Virtual Size: 13386428K (peak: 13386456K)
Resident Set Size: 299152K (peak: 299152K) (anon: 159892K, file: 127272K, shmem: 11988K)
Swapped out: 0K
C-Heap outstanding allocations: 117932K, retained: 29491K
glibc malloc tunables: (default)

/proc/sys/kernel/threads-max (system-wide limit on the number of threads): 247570
/proc/sys/vm/max_map_count (maximum number of memory map areas a process may have): 2147483642
/proc/sys/vm/swappiness (control to define how aggressively the kernel swaps out anonymous memory): 180
/proc/sys/kernel/pid_max (system-wide limit on number of process identifiers): 4194304

container information not found.
Steal ticks since vm start: 0
Steal ticks percentage since vm start:  0.000

CPU: total 16 (initial active 16) (16 cores per cpu, 2 threads per core) family 25 model 97 stepping 2 microcode 0xa60120a, cx8, cmov, fxsr, ht, mmx, 3dnowpref, sse, sse2, sse3, ssse3, sse4a, sse4.1, sse4.2, popcnt, lzcnt, tsc, tscinvbit, avx, avx2, aes, erms, clmul, bmi1, bmi2, adx, avx512f, avx512dq, avx512cd, avx512bw, avx512vl, sha, fma, vzeroupper, avx512_vpopcntdq, avx512_vpclmulqdq, avx512_vaes, avx512_vnni, clflush, clflushopt, avx512_vbmi2, avx512_vbmi, rdtscp, rdpid, fsrm, gfni, avx512_bitalg, f16c, pku, ospke, cet_ss, avx512_ifma
CPU Model and flags from /proc/cpuinfo:
model name	: AMD Ryzen 7 7700X 8-Core Processor
flags		: fpu vme de pse tsc msr pae mce cx8 apic sep mtrr pge mca cmov pat pse36 clflush mmx fxsr sse sse2 ht syscall nx mmxext fxsr_opt pdpe1gb rdtscp lm constant_tsc rep_good amd_lbr_v2 nopl xtopology nonstop_tsc cpuid extd_apicid aperfmperf rapl pni pclmulqdq monitor ssse3 fma cx16 sse4_1 sse4_2 movbe popcnt aes xsave avx f16c rdrand lahf_lm cmp_legacy svm extapic cr8_legacy abm sse4a misalignsse 3dnowprefetch osvw ibs skinit wdt tce topoext perfctr_core perfctr_nb bpext perfctr_llc mwaitx cpuid_fault cpb cat_l3 cdp_l3 hw_pstate ssbd mba perfmon_v2 ibrs ibpb stibp ibrs_enhanced vmmcall fsgsbase bmi1 avx2 smep bmi2 erms invpcid cqm rdt_a avx512f avx512dq rdseed adx smap avx512ifma clflushopt clwb avx512cd sha_ni avx512bw avx512vl xsaveopt xsavec xgetbv1 xsaves cqm_llc cqm_occup_llc cqm_mbm_total cqm_mbm_local user_shstk avx512_bf16 clzero irperf xsaveerptr rdpru wbnoinvd cppc arat npt lbrv svm_lock nrip_save tsc_scale vmcb_clean flushbyasid decodeassists pausefilter pfthreshold avic vgif x2avic v_spec_ctrl vnmi avx512vbmi umip pku ospke avx512_vbmi2 gfni vaes vpclmulqdq avx512_vnni avx512_bitalg avx512_vpopcntdq rdpid overflow_recov succor smca fsrm flush_l1d amd_lbr_pmc_freeze

Online cpus: 0-15
Offline cpus: 
BIOS frequency limitation: <Not Available>
Frequency switch latency (ns): 0
Available cpu frequencies: <Not Available>
Current governor: performance
Core performance/turbo boost: 1

Memory: 4k page, physical 32001840k(10838544k free), swap 16000508k(12144228k free)
Page Sizes: 4k

vm_info: OpenJDK 64-Bit Server VM (21.0.11+10) for linux-amd64 JRE (21.0.11+10), built on 2026-04-21T00:00:00Z by "mockbuild" with gcc 15.2.1 20260123 (Red Hat 15.2.1-7)

END.
