#
# A fatal error has been detected by the Java Runtime Environment:
#
#  SIGSEGV (0xb) at pc=0x00007f7a40ef560e, pid=229029, tid=229060
#
# JRE version: OpenJDK Runtime Environment (Red_Hat-21.0.11.0.10-2) (21.0.11+10) (build 21.0.11+10)
# Java VM: OpenJDK 64-Bit Server VM (Red_Hat-21.0.11.0.10-2) (21.0.11+10, mixed mode, sharing, tiered, compressed oops, compressed class ptrs, g1 gc, linux-amd64)
# Problematic frame:
# C  [libEGL_nvidia.so.0+0xb660e]
#
# Core dump will be written. Default location: Core dumps may be processed with "/usr/lib/systemd/systemd-coredump %P %u %g %s %t %c %h %d %F" (or dumping to /home/bazzite/code/java/LibGDXDungeonCrawler/assets/core.229029)
#
# If you would like to submit a bug report, please visit:
#   https://bugzilla.redhat.com/enter_bug.cgi?product=Fedora&component=java-21-openjdk&version=42
#

---------------  S U M M A R Y ------------

Command Line: --enable-native-access=ALL-UNNAMED -Dfile.encoding=UTF-8 -Duser.country=US -Duser.language=en -Duser.variant dungeon.crawler.lwjgl3.Lwjgl3Launcher

Host: AMD Ryzen 7 7700X 8-Core Processor, 16 cores, 30G, Fedora release 43 (Forty Three)
Time: Sun Aug 16 20:18:07 2026 EDT elapsed time: 5.034360 seconds (0d 0h 0m 5s)

---------------  T H R E A D  ---------------

Current thread is native thread

Stack: [0x00007f7a427fe000,0x00007f7a42ffe000],  sp=0x00007f7a42ffcdd0,  free space=8187k
Native frames: (J=compiled Java code, j=interpreted, Vv=VM code, C=native code)
C  [libEGL_nvidia.so.0+0xb660e]

siginfo: si_signo: 11 (SIGSEGV), si_code: 1 (SEGV_MAPERR), si_addr: 0x0000000000000040

Registers:
RAX=0x0000000000000000, RBX=0x00007f7a40d44f80, RCX=0x0000000000000001, RDX=0x00007f7a2bff381c
RSP=0x00007f7a42ffcdd0, RBP=0x00007f7a40424040, RSI=0x00007f7a40ee8840, RDI=0x00007f7a40f814a8
R8 =0x00000000046da8fe, R9 =0x00007f7a42ffcdc0, R10=0x0000000000000000, R11=0x00007f7b1ae62000
R12=0x00007f7a2bff8aa0, R13=0x00007f7a40424040, R14=0x00007f7a40d45380, R15=0x0000000000000000
RIP=0x00007f7a40ef560e, EFLAGS=0x0000000000010202, CSGSFS=0x002b000000000033, ERR=0x0000000000000004
  TRAPNO=0x000000000000000e

XMM[0]=0x0000000000000000 0x000000004a93c5a2
XMM[1]=0x0000000000000000 0x0007000700070007
XMM[2]=0xffffffffffffffff 0xffffffffffffffff
XMM[3]=0xffffffffffffffff 0xffffffffffffffff
XMM[4]=0x0000000000000000 0x00007f7b14000090
XMM[5]=0x0000000000000000 0x0000000000000000
XMM[6]=0x0000000000000000 0x0000000000000000
XMM[7]=0x0000000000000000 0x0000000000000000
XMM[8]=0x00007f7a2a47da30 0x00007f7a2a47da20
XMM[9]=0x22c497b022c497b0 0x22c497b03f5dc987
XMM[10]=0x0000000000000000 0x000000001c9931d7
XMM[11]=0xe834151de834151d 0xe834151d2791dea4
XMM[12]=0x0000000000000000 0x000000003f5dc987
XMM[13]=0x0000000000000000 0x00007f7b1469c190
XMM[14]=0x0000000000000000 0x00007f7b1469c180
XMM[15]=0x0000000000000000 0x00007f7b1469c170
  MXCSR=0x00001fa2


Top of Stack: (sp=0x00007f7a42ffcdd0)
0x00007f7a42ffcdd0:   00007f7a2bff5900 00007f7a2a88608a   .Y.+z....`.*z...
0x00007f7a42ffcde0:   00007f7a2bff5900 00007f7a2a6ac31f   .Y.+z.....j*z...
0x00007f7a42ffcdf0:   00007f7b14a5b400 00007f7a2bfa1d00   ....{......+z...
0x00007f7a42ffce00:   00007f7a42ffd6c0 00007f7a00000033   ...Bz...3...z...
0x00007f7a42ffce10:   00007f7b14a59ae0 00007f7a40d45380   ....{....S.@z...
0x00007f7a42ffce20:   00007f7a2a887530 00007f7a42ffd6c0   0u.*z......Bz...
0x00007f7a42ffce30:   00007f7b197c29a0 00007f7a42ffdce4   .)|.{......Bz...
0x00007f7a42ffce40:   00007f7b197c2aa7 00007f7a2a88850a   .*|.{......*z...
0x00007f7a42ffce50:   00007f7a42ffd6c0 00007f7a42ffd6c0   ...Bz......Bz...
0x00007f7a42ffce60:   00007f7a42ffcf30 00007f7b1acb83c4   0..Bz.......{...
0x00007f7a42ffce70:   0000000000801000 00007f7a427fd000   ...........Bz...
0x00007f7a42ffce80:   0000000000000000 0000008000000000   ................
0x00007f7a42ffce90:   ffffffffffffff00 0000000000000000   ................
0x00007f7a42ffcea0:   0000000000000021 00007f7a42ffd6c0   !..........Bz...
0x00007f7a42ffceb0:   00007f7a42ffd6c0 3a94d4d98e61f790   ...Bz.....a....:
0x00007f7a42ffcec0:   00007f7a42ffd6c0 00007f7b197c29a0   ...Bz....)|.{...
0x00007f7a42ffced0:   0000000000000000 00007f7b197c2aa7   .........*|.{...
0x00007f7a42ffcee0:   3a94d4d98ce1f790 3a9664b113abf790   .......:.....d.:
0x00007f7a42ffcef0:   0000000000000000 0000000000000000   ................
0x00007f7a42ffcf00:   0000000000000000 0000000000000000   ................
0x00007f7a42ffcf10:   0000000000000000 29c412b686417000   .........pA....)
0x00007f7a42ffcf20:   00007f7b1acb80e0 0000000000000000   ....{...........
0x00007f7a42ffcf30:   0000000000000000 00007f7b1ad3b56c   ........l...{...
0x00007f7a42ffcf40:   0000000000000000 0000000000000000   ................
0x00007f7a42ffcf50:   0000000000000000 0000000000000000   ................
0x00007f7a42ffcf60:   0000000000000000 0000000000000000   ................
0x00007f7a42ffcf70:   0000000000000000 0000000000000000   ................
0x00007f7a42ffcf80:   0000000000000000 0000000000000000   ................
0x00007f7a42ffcf90:   0000000000000000 0000000000000000   ................
0x00007f7a42ffcfa0:   0000000000000000 0000000000000000   ................
0x00007f7a42ffcfb0:   0000000000000000 0000000000000000   ................
0x00007f7a42ffcfc0:   0000000000000000 0000000000000000   ................

Instructions: (pc=0x00007f7a40ef560e)
0x00007f7a40ef550e:   4c 24 08 48 85 c0 48 89 c2 74 61 48 89 08 49 8b
0x00007f7a40ef551e:   44 24 40 48 83 c2 08 48 85 c0 74 41 41 8b 4c 24
0x00007f7a40ef552e:   34 31 c0 85 c9 74 19 49 8b 74 24 40 89 c1 83 c0
0x00007f7a40ef553e:   01 48 8b 34 ce 48 89 34 ca 41 39 44 24 34 77 e7
0x00007f7a40ef554e:   49 8b 44 24 40 48 85 c0 74 13 48 8d 78 f8 48 89
0x00007f7a40ef555e:   54 24 08 e8 1a a8 00 00 48 8b 54 24 08 45 89 7c
0x00007f7a40ef556e:   24 34 49 89 54 24 40 e9 9a fe ff ff 45 8b 74 24
0x00007f7a40ef557e:   34 e9 90 fe ff ff 66 2e 0f 1f 84 00 00 00 00 00
0x00007f7a40ef558e:   66 90 48 8b 07 48 39 f0 74 58 55 48 89 fd 53 48
0x00007f7a40ef559e:   89 f3 48 83 ec 08 48 85 c0 74 15 48 8d 78 08 ff
0x00007f7a40ef55ae:   50 18 85 c0 75 0a 48 8b 7d 00 48 8b 07 ff 50 08
0x00007f7a40ef55be:   48 89 5d 00 48 85 db 74 19 48 8b 43 10 48 83 c4
0x00007f7a40ef55ce:   08 48 8d 7b 08 5b 5d ff e0 66 0f 1f 84 00 00 00
0x00007f7a40ef55de:   00 00 48 83 c4 08 5b 5d c3 66 0f 1f 84 00 00 00
0x00007f7a40ef55ee:   00 00 c3 66 66 2e 0f 1f 84 00 00 00 00 00 0f 1f
0x00007f7a40ef55fe:   40 00 48 83 ec 08 bf 01 00 00 00 e8 62 4a ff ff
0x00007f7a40ef560e:   8b 70 40 48 8d 78 30 48 83 c4 08 e9 62 68 f8 ff
0x00007f7a40ef561e:   66 90 48 83 ec 18 48 8b 87 b0 04 00 00 ba 04 00
0x00007f7a40ef562e:   00 00 be 01 00 00 00 48 8d 4c 24 0c bf 01 00 00
0x00007f7a40ef563e:   00 ff 90 d8 00 00 00 48 83 c4 18 c3 66 0f 1f 44
0x00007f7a40ef564e:   00 00 49 89 fa 41 89 d1 40 0f b6 fe 89 ca 49 8b
0x00007f7a40ef565e:   82 b0 04 00 00 4c 89 c1 44 89 ce 48 8b 80 d8 00
0x00007f7a40ef566e:   00 00 ff e0 66 66 2e 0f 1f 84 00 00 00 00 00 0f
0x00007f7a40ef567e:   1f 00 55 40 0f b6 f6 53 48 89 fb 48 83 ec 08 48
0x00007f7a40ef568e:   8b af b0 04 00 00 e8 b7 ff ff ff ff 95 00 01 00
0x00007f7a40ef569e:   00 8b 10 89 53 28 48 83 c4 08 5b 5d c3 0f 1f 44
0x00007f7a40ef56ae:   00 00 41 57 41 56 49 89 fe bf 01 00 00 00 41 55
0x00007f7a40ef56be:   49 89 f5 41 54 55 53 48 83 ec 58 48 89 14 24 e8
0x00007f7a40ef56ce:   9e 49 ff ff 48 c7 44 24 18 00 00 00 00 83 b8 a0
0x00007f7a40ef56de:   04 00 00 03 4c 8b b8 b0 04 00 00 48 89 c3 44 8b
0x00007f7a40ef56ee:   60 38 0f 84 02 01 00 00 48 8d 4c 24 20 48 8d 70
0x00007f7a40ef56fe:   30 ba 01 00 00 00 48 89 cf 48 89 4c 24 08 e8 7f



---------------  P R O C E S S  ---------------

VM state: at safepoint (shutting down)

VM Mutex/Monitor currently owned by a thread:  ([mutex/lock_event])
[0x00007f7b1ac0f378] ThreadsLockThrottle_lock - owner thread: 0x00007f7b14144580
[0x00007f7b1ac0f0f8] Threads_lock - owner thread: 0x00007f7b14138250
[0x00007f7b1ac0eff8] Heap_lock - owner thread: 0x00007f7a6c001080

Heap address: 0x0000000617800000, size: 7816 MB, Compressed Oops mode: Zero based, Oop shift amount: 3

CDS archive(s) mapped at: [0x00007f7a9b000000-0x00007f7a9bc9d000-0x00007f7a9bc9d000), size 13225984, SharedBaseAddress: 0x00007f7a9b000000, ArchiveRelocationMode: 1.
Compressed class space mapped at: 0x00007f7a9c000000-0x00007f7adc000000, reserved size: 1073741824
Narrow klass base: 0x00007f7a9b000000, Narrow klass shift: 0, Narrow klass range: 0x100000000

GC Precious Log:
<Skipped>

Heap:
 garbage-first heap   total 507904K, used 7685K [0x0000000617800000, 0x0000000800000000)
  region size 4096K, 3 young (12288K), 1 survivors (4096K)
 Metaspace       used 8971K, committed 9152K, reserved 1114112K
  class space    used 748K, committed 832K, reserved 1048576K

Heap Regions: E=young(eden), S=young(survivor), O=old, HS=humongous(starts), HC=humongous(continues), CS=collection set, F=free, TAMS=top-at-mark-start, PB=parsable bottom
|   0|0x0000000617800000, 0x0000000617800000, 0x0000000617c00000|  0%| F|  |TAMS 0x0000000617800000| PB 0x0000000617800000| Untracked 
|   1|0x0000000617c00000, 0x0000000617c00000, 0x0000000618000000|  0%| F|  |TAMS 0x0000000617c00000| PB 0x0000000617c00000| Untracked 
|   2|0x0000000618000000, 0x0000000618000000, 0x0000000618400000|  0%| F|  |TAMS 0x0000000618000000| PB 0x0000000618000000| Untracked 
|   3|0x0000000618400000, 0x0000000618400000, 0x0000000618800000|  0%| F|  |TAMS 0x0000000618400000| PB 0x0000000618400000| Untracked 
|   4|0x0000000618800000, 0x0000000618800000, 0x0000000618c00000|  0%| F|  |TAMS 0x0000000618800000| PB 0x0000000618800000| Untracked 
|   5|0x0000000618c00000, 0x0000000618c00000, 0x0000000619000000|  0%| F|  |TAMS 0x0000000618c00000| PB 0x0000000618c00000| Untracked 
|   6|0x0000000619000000, 0x0000000619000000, 0x0000000619400000|  0%| F|  |TAMS 0x0000000619000000| PB 0x0000000619000000| Untracked 
|   7|0x0000000619400000, 0x0000000619400000, 0x0000000619800000|  0%| F|  |TAMS 0x0000000619400000| PB 0x0000000619400000| Untracked 
|   8|0x0000000619800000, 0x0000000619800000, 0x0000000619c00000|  0%| F|  |TAMS 0x0000000619800000| PB 0x0000000619800000| Untracked 
|   9|0x0000000619c00000, 0x0000000619c00000, 0x000000061a000000|  0%| F|  |TAMS 0x0000000619c00000| PB 0x0000000619c00000| Untracked 
|  10|0x000000061a000000, 0x000000061a000000, 0x000000061a400000|  0%| F|  |TAMS 0x000000061a000000| PB 0x000000061a000000| Untracked 
|  11|0x000000061a400000, 0x000000061a400000, 0x000000061a800000|  0%| F|  |TAMS 0x000000061a400000| PB 0x000000061a400000| Untracked 
|  12|0x000000061a800000, 0x000000061a800000, 0x000000061ac00000|  0%| F|  |TAMS 0x000000061a800000| PB 0x000000061a800000| Untracked 
|  13|0x000000061ac00000, 0x000000061ac00000, 0x000000061b000000|  0%| F|  |TAMS 0x000000061ac00000| PB 0x000000061ac00000| Untracked 
|  14|0x000000061b000000, 0x000000061b000000, 0x000000061b400000|  0%| F|  |TAMS 0x000000061b000000| PB 0x000000061b000000| Untracked 
|  15|0x000000061b400000, 0x000000061b400000, 0x000000061b800000|  0%| F|  |TAMS 0x000000061b400000| PB 0x000000061b400000| Untracked 
|  16|0x000000061b800000, 0x000000061b800000, 0x000000061bc00000|  0%| F|  |TAMS 0x000000061b800000| PB 0x000000061b800000| Untracked 
|  17|0x000000061bc00000, 0x000000061bc00000, 0x000000061c000000|  0%| F|  |TAMS 0x000000061bc00000| PB 0x000000061bc00000| Untracked 
|  18|0x000000061c000000, 0x000000061c000000, 0x000000061c400000|  0%| F|  |TAMS 0x000000061c000000| PB 0x000000061c000000| Untracked 
|  19|0x000000061c400000, 0x000000061c400000, 0x000000061c800000|  0%| F|  |TAMS 0x000000061c400000| PB 0x000000061c400000| Untracked 
|  20|0x000000061c800000, 0x000000061c800000, 0x000000061cc00000|  0%| F|  |TAMS 0x000000061c800000| PB 0x000000061c800000| Untracked 
|  21|0x000000061cc00000, 0x000000061cc00000, 0x000000061d000000|  0%| F|  |TAMS 0x000000061cc00000| PB 0x000000061cc00000| Untracked 
|  22|0x000000061d000000, 0x000000061d000000, 0x000000061d400000|  0%| F|  |TAMS 0x000000061d000000| PB 0x000000061d000000| Untracked 
|  23|0x000000061d400000, 0x000000061d400000, 0x000000061d800000|  0%| F|  |TAMS 0x000000061d400000| PB 0x000000061d400000| Untracked 
|  24|0x000000061d800000, 0x000000061d800000, 0x000000061dc00000|  0%| F|  |TAMS 0x000000061d800000| PB 0x000000061d800000| Untracked 
|  25|0x000000061dc00000, 0x000000061dc00000, 0x000000061e000000|  0%| F|  |TAMS 0x000000061dc00000| PB 0x000000061dc00000| Untracked 
|  26|0x000000061e000000, 0x000000061e000000, 0x000000061e400000|  0%| F|  |TAMS 0x000000061e000000| PB 0x000000061e000000| Untracked 
|  27|0x000000061e400000, 0x000000061e400000, 0x000000061e800000|  0%| F|  |TAMS 0x000000061e400000| PB 0x000000061e400000| Untracked 
|  28|0x000000061e800000, 0x000000061e800000, 0x000000061ec00000|  0%| F|  |TAMS 0x000000061e800000| PB 0x000000061e800000| Untracked 
|  29|0x000000061ec00000, 0x000000061ec00000, 0x000000061f000000|  0%| F|  |TAMS 0x000000061ec00000| PB 0x000000061ec00000| Untracked 
|  30|0x000000061f000000, 0x000000061f000000, 0x000000061f400000|  0%| F|  |TAMS 0x000000061f000000| PB 0x000000061f000000| Untracked 
|  31|0x000000061f400000, 0x000000061f400000, 0x000000061f800000|  0%| F|  |TAMS 0x000000061f400000| PB 0x000000061f400000| Untracked 
|  32|0x000000061f800000, 0x000000061f800000, 0x000000061fc00000|  0%| F|  |TAMS 0x000000061f800000| PB 0x000000061f800000| Untracked 
|  33|0x000000061fc00000, 0x000000061fc00000, 0x0000000620000000|  0%| F|  |TAMS 0x000000061fc00000| PB 0x000000061fc00000| Untracked 
|  34|0x0000000620000000, 0x0000000620000000, 0x0000000620400000|  0%| F|  |TAMS 0x0000000620000000| PB 0x0000000620000000| Untracked 
|  35|0x0000000620400000, 0x0000000620400000, 0x0000000620800000|  0%| F|  |TAMS 0x0000000620400000| PB 0x0000000620400000| Untracked 
|  36|0x0000000620800000, 0x0000000620800000, 0x0000000620c00000|  0%| F|  |TAMS 0x0000000620800000| PB 0x0000000620800000| Untracked 
|  37|0x0000000620c00000, 0x0000000620c00000, 0x0000000621000000|  0%| F|  |TAMS 0x0000000620c00000| PB 0x0000000620c00000| Untracked 
|  38|0x0000000621000000, 0x0000000621000000, 0x0000000621400000|  0%| F|  |TAMS 0x0000000621000000| PB 0x0000000621000000| Untracked 
|  39|0x0000000621400000, 0x0000000621400000, 0x0000000621800000|  0%| F|  |TAMS 0x0000000621400000| PB 0x0000000621400000| Untracked 
|  40|0x0000000621800000, 0x0000000621800000, 0x0000000621c00000|  0%| F|  |TAMS 0x0000000621800000| PB 0x0000000621800000| Untracked 
|  41|0x0000000621c00000, 0x0000000621c00000, 0x0000000622000000|  0%| F|  |TAMS 0x0000000621c00000| PB 0x0000000621c00000| Untracked 
|  42|0x0000000622000000, 0x0000000622000000, 0x0000000622400000|  0%| F|  |TAMS 0x0000000622000000| PB 0x0000000622000000| Untracked 
|  43|0x0000000622400000, 0x0000000622400000, 0x0000000622800000|  0%| F|  |TAMS 0x0000000622400000| PB 0x0000000622400000| Untracked 
|  44|0x0000000622800000, 0x0000000622800000, 0x0000000622c00000|  0%| F|  |TAMS 0x0000000622800000| PB 0x0000000622800000| Untracked 
|  45|0x0000000622c00000, 0x0000000622c00000, 0x0000000623000000|  0%| F|  |TAMS 0x0000000622c00000| PB 0x0000000622c00000| Untracked 
|  46|0x0000000623000000, 0x0000000623000000, 0x0000000623400000|  0%| F|  |TAMS 0x0000000623000000| PB 0x0000000623000000| Untracked 
|  47|0x0000000623400000, 0x0000000623400000, 0x0000000623800000|  0%| F|  |TAMS 0x0000000623400000| PB 0x0000000623400000| Untracked 
|  48|0x0000000623800000, 0x0000000623800000, 0x0000000623c00000|  0%| F|  |TAMS 0x0000000623800000| PB 0x0000000623800000| Untracked 
|  49|0x0000000623c00000, 0x0000000623c00000, 0x0000000624000000|  0%| F|  |TAMS 0x0000000623c00000| PB 0x0000000623c00000| Untracked 
|  50|0x0000000624000000, 0x0000000624000000, 0x0000000624400000|  0%| F|  |TAMS 0x0000000624000000| PB 0x0000000624000000| Untracked 
|  51|0x0000000624400000, 0x0000000624400000, 0x0000000624800000|  0%| F|  |TAMS 0x0000000624400000| PB 0x0000000624400000| Untracked 
|  52|0x0000000624800000, 0x0000000624800000, 0x0000000624c00000|  0%| F|  |TAMS 0x0000000624800000| PB 0x0000000624800000| Untracked 
|  53|0x0000000624c00000, 0x0000000624c00000, 0x0000000625000000|  0%| F|  |TAMS 0x0000000624c00000| PB 0x0000000624c00000| Untracked 
|  54|0x0000000625000000, 0x0000000625000000, 0x0000000625400000|  0%| F|  |TAMS 0x0000000625000000| PB 0x0000000625000000| Untracked 
|  55|0x0000000625400000, 0x0000000625400000, 0x0000000625800000|  0%| F|  |TAMS 0x0000000625400000| PB 0x0000000625400000| Untracked 
|  56|0x0000000625800000, 0x0000000625800000, 0x0000000625c00000|  0%| F|  |TAMS 0x0000000625800000| PB 0x0000000625800000| Untracked 
|  57|0x0000000625c00000, 0x0000000625c00000, 0x0000000626000000|  0%| F|  |TAMS 0x0000000625c00000| PB 0x0000000625c00000| Untracked 
|  58|0x0000000626000000, 0x0000000626000000, 0x0000000626400000|  0%| F|  |TAMS 0x0000000626000000| PB 0x0000000626000000| Untracked 
|  59|0x0000000626400000, 0x0000000626400000, 0x0000000626800000|  0%| F|  |TAMS 0x0000000626400000| PB 0x0000000626400000| Untracked 
|  60|0x0000000626800000, 0x0000000626800000, 0x0000000626c00000|  0%| F|  |TAMS 0x0000000626800000| PB 0x0000000626800000| Untracked 
|  61|0x0000000626c00000, 0x0000000626c00000, 0x0000000627000000|  0%| F|  |TAMS 0x0000000626c00000| PB 0x0000000626c00000| Untracked 
|  62|0x0000000627000000, 0x0000000627000000, 0x0000000627400000|  0%| F|  |TAMS 0x0000000627000000| PB 0x0000000627000000| Untracked 
|  63|0x0000000627400000, 0x0000000627400000, 0x0000000627800000|  0%| F|  |TAMS 0x0000000627400000| PB 0x0000000627400000| Untracked 
|  64|0x0000000627800000, 0x0000000627800000, 0x0000000627c00000|  0%| F|  |TAMS 0x0000000627800000| PB 0x0000000627800000| Untracked 
|  65|0x0000000627c00000, 0x0000000627c00000, 0x0000000628000000|  0%| F|  |TAMS 0x0000000627c00000| PB 0x0000000627c00000| Untracked 
|  66|0x0000000628000000, 0x0000000628000000, 0x0000000628400000|  0%| F|  |TAMS 0x0000000628000000| PB 0x0000000628000000| Untracked 
|  67|0x0000000628400000, 0x0000000628400000, 0x0000000628800000|  0%| F|  |TAMS 0x0000000628400000| PB 0x0000000628400000| Untracked 
|  68|0x0000000628800000, 0x0000000628800000, 0x0000000628c00000|  0%| F|  |TAMS 0x0000000628800000| PB 0x0000000628800000| Untracked 
|  69|0x0000000628c00000, 0x0000000628c00000, 0x0000000629000000|  0%| F|  |TAMS 0x0000000628c00000| PB 0x0000000628c00000| Untracked 
|  70|0x0000000629000000, 0x0000000629000000, 0x0000000629400000|  0%| F|  |TAMS 0x0000000629000000| PB 0x0000000629000000| Untracked 
|  71|0x0000000629400000, 0x0000000629400000, 0x0000000629800000|  0%| F|  |TAMS 0x0000000629400000| PB 0x0000000629400000| Untracked 
|  72|0x0000000629800000, 0x0000000629800000, 0x0000000629c00000|  0%| F|  |TAMS 0x0000000629800000| PB 0x0000000629800000| Untracked 
|  73|0x0000000629c00000, 0x0000000629c00000, 0x000000062a000000|  0%| F|  |TAMS 0x0000000629c00000| PB 0x0000000629c00000| Untracked 
|  74|0x000000062a000000, 0x000000062a000000, 0x000000062a400000|  0%| F|  |TAMS 0x000000062a000000| PB 0x000000062a000000| Untracked 
|  75|0x000000062a400000, 0x000000062a400000, 0x000000062a800000|  0%| F|  |TAMS 0x000000062a400000| PB 0x000000062a400000| Untracked 
|  76|0x000000062a800000, 0x000000062a800000, 0x000000062ac00000|  0%| F|  |TAMS 0x000000062a800000| PB 0x000000062a800000| Untracked 
|  77|0x000000062ac00000, 0x000000062ac00000, 0x000000062b000000|  0%| F|  |TAMS 0x000000062ac00000| PB 0x000000062ac00000| Untracked 
|  78|0x000000062b000000, 0x000000062b000000, 0x000000062b400000|  0%| F|  |TAMS 0x000000062b000000| PB 0x000000062b000000| Untracked 
|  79|0x000000062b400000, 0x000000062b400000, 0x000000062b800000|  0%| F|  |TAMS 0x000000062b400000| PB 0x000000062b400000| Untracked 
|  80|0x000000062b800000, 0x000000062b800000, 0x000000062bc00000|  0%| F|  |TAMS 0x000000062b800000| PB 0x000000062b800000| Untracked 
|  81|0x000000062bc00000, 0x000000062bc00000, 0x000000062c000000|  0%| F|  |TAMS 0x000000062bc00000| PB 0x000000062bc00000| Untracked 
|  82|0x000000062c000000, 0x000000062c000000, 0x000000062c400000|  0%| F|  |TAMS 0x000000062c000000| PB 0x000000062c000000| Untracked 
|  83|0x000000062c400000, 0x000000062c400000, 0x000000062c800000|  0%| F|  |TAMS 0x000000062c400000| PB 0x000000062c400000| Untracked 
|  84|0x000000062c800000, 0x000000062c800000, 0x000000062cc00000|  0%| F|  |TAMS 0x000000062c800000| PB 0x000000062c800000| Untracked 
|  85|0x000000062cc00000, 0x000000062cc00000, 0x000000062d000000|  0%| F|  |TAMS 0x000000062cc00000| PB 0x000000062cc00000| Untracked 
|  86|0x000000062d000000, 0x000000062d000000, 0x000000062d400000|  0%| F|  |TAMS 0x000000062d000000| PB 0x000000062d000000| Untracked 
|  87|0x000000062d400000, 0x000000062d400000, 0x000000062d800000|  0%| F|  |TAMS 0x000000062d400000| PB 0x000000062d400000| Untracked 
|  88|0x000000062d800000, 0x000000062d800000, 0x000000062dc00000|  0%| F|  |TAMS 0x000000062d800000| PB 0x000000062d800000| Untracked 
|  89|0x000000062dc00000, 0x000000062dc00000, 0x000000062e000000|  0%| F|  |TAMS 0x000000062dc00000| PB 0x000000062dc00000| Untracked 
|  90|0x000000062e000000, 0x000000062e000000, 0x000000062e400000|  0%| F|  |TAMS 0x000000062e000000| PB 0x000000062e000000| Untracked 
|  91|0x000000062e400000, 0x000000062e400000, 0x000000062e800000|  0%| F|  |TAMS 0x000000062e400000| PB 0x000000062e400000| Untracked 
|  92|0x000000062e800000, 0x000000062e800000, 0x000000062ec00000|  0%| F|  |TAMS 0x000000062e800000| PB 0x000000062e800000| Untracked 
|  93|0x000000062ec00000, 0x000000062ec00000, 0x000000062f000000|  0%| F|  |TAMS 0x000000062ec00000| PB 0x000000062ec00000| Untracked 
|  94|0x000000062f000000, 0x000000062f000000, 0x000000062f400000|  0%| F|  |TAMS 0x000000062f000000| PB 0x000000062f000000| Untracked 
|  95|0x000000062f400000, 0x000000062f400000, 0x000000062f800000|  0%| F|  |TAMS 0x000000062f400000| PB 0x000000062f400000| Untracked 
|  96|0x000000062f800000, 0x000000062f800000, 0x000000062fc00000|  0%| F|  |TAMS 0x000000062f800000| PB 0x000000062f800000| Untracked 
|  97|0x000000062fc00000, 0x000000062fc00000, 0x0000000630000000|  0%| F|  |TAMS 0x000000062fc00000| PB 0x000000062fc00000| Untracked 
|  98|0x0000000630000000, 0x0000000630000000, 0x0000000630400000|  0%| F|  |TAMS 0x0000000630000000| PB 0x0000000630000000| Untracked 
|  99|0x0000000630400000, 0x0000000630400000, 0x0000000630800000|  0%| F|  |TAMS 0x0000000630400000| PB 0x0000000630400000| Untracked 
| 100|0x0000000630800000, 0x0000000630800000, 0x0000000630c00000|  0%| F|  |TAMS 0x0000000630800000| PB 0x0000000630800000| Untracked 
| 101|0x0000000630c00000, 0x0000000630c00000, 0x0000000631000000|  0%| F|  |TAMS 0x0000000630c00000| PB 0x0000000630c00000| Untracked 
| 102|0x0000000631000000, 0x0000000631000000, 0x0000000631400000|  0%| F|  |TAMS 0x0000000631000000| PB 0x0000000631000000| Untracked 
| 103|0x0000000631400000, 0x0000000631400000, 0x0000000631800000|  0%| F|  |TAMS 0x0000000631400000| PB 0x0000000631400000| Untracked 
| 104|0x0000000631800000, 0x0000000631800000, 0x0000000631c00000|  0%| F|  |TAMS 0x0000000631800000| PB 0x0000000631800000| Untracked 
| 105|0x0000000631c00000, 0x0000000631c00000, 0x0000000632000000|  0%| F|  |TAMS 0x0000000631c00000| PB 0x0000000631c00000| Untracked 
| 106|0x0000000632000000, 0x0000000632000000, 0x0000000632400000|  0%| F|  |TAMS 0x0000000632000000| PB 0x0000000632000000| Untracked 
| 107|0x0000000632400000, 0x0000000632400000, 0x0000000632800000|  0%| F|  |TAMS 0x0000000632400000| PB 0x0000000632400000| Untracked 
| 108|0x0000000632800000, 0x0000000632800000, 0x0000000632c00000|  0%| F|  |TAMS 0x0000000632800000| PB 0x0000000632800000| Untracked 
| 109|0x0000000632c00000, 0x0000000632c00000, 0x0000000633000000|  0%| F|  |TAMS 0x0000000632c00000| PB 0x0000000632c00000| Untracked 
| 110|0x0000000633000000, 0x0000000633000000, 0x0000000633400000|  0%| F|  |TAMS 0x0000000633000000| PB 0x0000000633000000| Untracked 
| 111|0x0000000633400000, 0x0000000633400000, 0x0000000633800000|  0%| F|  |TAMS 0x0000000633400000| PB 0x0000000633400000| Untracked 
| 112|0x0000000633800000, 0x0000000633800000, 0x0000000633c00000|  0%| F|  |TAMS 0x0000000633800000| PB 0x0000000633800000| Untracked 
| 113|0x0000000633c00000, 0x0000000633c00000, 0x0000000634000000|  0%| F|  |TAMS 0x0000000633c00000| PB 0x0000000633c00000| Untracked 
| 114|0x0000000634000000, 0x0000000634000000, 0x0000000634400000|  0%| F|  |TAMS 0x0000000634000000| PB 0x0000000634000000| Untracked 
| 115|0x0000000634400000, 0x0000000634400000, 0x0000000634800000|  0%| F|  |TAMS 0x0000000634400000| PB 0x0000000634400000| Untracked 
| 116|0x0000000634800000, 0x0000000634a74a70, 0x0000000634c00000| 61%| S|CS|TAMS 0x0000000634800000| PB 0x0000000634800000| Complete 
| 117|0x0000000634c00000, 0x0000000634c00000, 0x0000000635000000|  0%| F|  |TAMS 0x0000000634c00000| PB 0x0000000634c00000| Untracked 
| 118|0x0000000635000000, 0x0000000635000000, 0x0000000635400000|  0%| F|  |TAMS 0x0000000635000000| PB 0x0000000635000000| Untracked 
| 119|0x0000000635400000, 0x0000000635400000, 0x0000000635800000|  0%| F|  |TAMS 0x0000000635400000| PB 0x0000000635400000| Untracked 
| 120|0x0000000635800000, 0x0000000635800000, 0x0000000635c00000|  0%| F|  |TAMS 0x0000000635800000| PB 0x0000000635800000| Untracked 
| 121|0x0000000635c00000, 0x0000000635ff0d20, 0x0000000636000000| 98%| E|  |TAMS 0x0000000635c00000| PB 0x0000000635c00000| Complete 
| 122|0x0000000636000000, 0x0000000636400000, 0x0000000636400000|100%| E|CS|TAMS 0x0000000636000000| PB 0x0000000636000000| Complete 
|1953|0x00000007ffc00000, 0x00000007ffd0cbc8, 0x0000000800000000| 26%| O|  |TAMS 0x00000007ffc00000| PB 0x00000007ffc00000| Untracked 

Card table byte_map: [0x00007f7afa978000,0x00007f7afb8bc000] _byte_map_base: 0x00007f7af78bc000

Marking Bits: (CMBitMap*) 0x00007f7b1405a880
 Bits: [0x00007f7af2f58000, 0x00007f7afa978000)

Polling page: 0x00007f7b1ae41000

Metaspace:

Usage:
  Non-class:      8.03 MB used.
      Class:    748.66 KB used.
       Both:      8.76 MB used.

Virtual space:
  Non-class space:       64.00 MB reserved,       8.12 MB ( 13%) committed,  1 nodes.
      Class space:        1.00 GB reserved,     832.00 KB ( <1%) committed,  1 nodes.
             Both:        1.06 GB reserved,       8.94 MB ( <1%) committed. 

Chunk freelists:
   Non-Class:  6.16 MB
       Class:  15.16 MB
        Both:  21.31 MB

MaxMetaspaceSize: unlimited
CompressedClassSpaceSize: 1.00 GB
Initial GC threshold: 21.00 MB
Current GC threshold: 21.00 MB
CDS: on
 - commit_granule_bytes: 65536.
 - commit_granule_words: 8192.
 - virtual_space_node_default_size: 8388608.
 - enlarge_chunks_in_place: 1.
 - use_allocation_guard: 0.


Internal statistics:

num_allocs_failed_limit: 0.
num_arena_births: 100.
num_arena_deaths: 0.
num_vsnodes_births: 2.
num_vsnodes_deaths: 0.
num_space_committed: 141.
num_space_uncommitted: 0.
num_chunks_returned_to_freelist: 0.
num_chunks_taken_from_freelist: 351.
num_chunk_merges: 0.
num_chunk_splits: 263.
num_chunks_enlarged: 218.
num_inconsistent_stats: 0.

CodeHeap 'non-profiled nmethods': size=119168Kb used=456Kb max_used=456Kb free=118711Kb
 bounds [0x00007f7b043a0000, 0x00007f7b04610000, 0x00007f7b0b800000]
CodeHeap 'profiled nmethods': size=119164Kb used=2812Kb max_used=2812Kb free=116352Kb
 bounds [0x00007f7afc800000, 0x00007f7afcac0000, 0x00007f7b03c5f000]
CodeHeap 'non-nmethods': size=7428Kb used=3049Kb max_used=4190Kb free=4378Kb
 bounds [0x00007f7b03c5f000, 0x00007f7b0407f000, 0x00007f7b043a0000]
CodeCache: size=245760Kb, used=6317Kb, max_used=7458Kb, free=239441Kb
 total_blobs=2761, nmethods=1594, adapters=1072, full_count=0
Compilation: enabled, stopped_count=0, restarted_count=0

Compilation events (20 events):
Event: 3.986 Thread 0x00007f7a600e29e0 nmethod 1585 0x00007f7afcab9790 code [0x00007f7afcab9940, 0x00007f7afcab9ad0]
Event: 3.986 Thread 0x00007f7a600e29e0 1587       3       com.badlogic.gdx.graphics.g2d.Sprite::draw (18 bytes)
Event: 3.986 Thread 0x00007f7b1414a3e0 nmethod 1586 0x00007f7afcab9c10 code [0x00007f7afcab9dc0, 0x00007f7afcab9f88]
Event: 3.986 Thread 0x00007f7a680870d0 nmethod 1581 0x00007f7afcaba090 code [0x00007f7afcaba2e0, 0x00007f7afcabaa30]
Event: 3.986 Thread 0x00007f7a600e29e0 nmethod 1587 0x00007f7afcabae10 code [0x00007f7afcabafc0, 0x00007f7afcabb228]
Event: 3.987 Thread 0x00007f7a600e3cf0 nmethod 1580 0x00007f7afcabb390 code [0x00007f7afcabb720, 0x00007f7afcabc828]
Event: 4.004 Thread 0x00007f7b14148d20 1588       4       com.badlogic.gdx.graphics.glutils.ShaderProgram::setVertexAttribute (26 bytes)
Event: 4.004 Thread 0x00007f7b14148d20 nmethod 1588 0x00007f7b04410810 code [0x00007f7b044109a0, 0x00007f7b04410b18]
Event: 4.004 Thread 0x00007f7b14148d20 1589       4       com.badlogic.gdx.graphics.glutils.ShaderProgram::fetchAttributeLocation (44 bytes)
Event: 4.006 Thread 0x00007f7b14148d20 nmethod 1589 0x00007f7b04410c90 code [0x00007f7b04410e80, 0x00007f7b04411580]
Event: 4.576 Thread 0x00007f7b14148d20 1590       4       com.badlogic.gdx.math.Vector3::nor (32 bytes)
Event: 4.577 Thread 0x00007f7b14148d20 nmethod 1590 0x00007f7b04411a10 code [0x00007f7b04411bc0, 0x00007f7b04411cb0]
Event: 4.886 Thread 0x00007f7a680870d0 1591       3       dungeon.crawler.Player.PlayerPositionHandler::updateInput (217 bytes)
Event: 4.886 Thread 0x00007f7b1414a3e0 1592       3       com.badlogic.gdx.graphics.g2d.Sprite::getVertices (386 bytes)
Event: 4.886 Thread 0x00007f7a680870d0 nmethod 1591 0x00007f7afcabd010 code [0x00007f7afcabd2c0, 0x00007f7afcabdd90]
Event: 4.886 Thread 0x00007f7b1414a3e0 nmethod 1592 0x00007f7afcabe090 code [0x00007f7afcabe2e0, 0x00007f7afcabeb30]
Event: 5.022 Thread 0x00007f7b1414a3e0 1593       1       java.lang.Module::getDescriptor (5 bytes)
Event: 5.022 Thread 0x00007f7a680870d0 1594       1       java.lang.module.ModuleDescriptor::provides (5 bytes)
Event: 5.022 Thread 0x00007f7b1414a3e0 nmethod 1593 0x00007f7b04411d90 code [0x00007f7b04411f20, 0x00007f7b04411fe8]
Event: 5.022 Thread 0x00007f7a680870d0 nmethod 1594 0x00007f7b04412090 code [0x00007f7b04412220, 0x00007f7b044122e8]

GC Heap History (2 events):
Event: 0.406 GC heap before
{Heap before GC invocations=0 (full 0):
 garbage-first heap   total 507904K, used 25650K [0x0000000617800000, 0x0000000800000000)
  region size 4096K, 6 young (24576K), 0 survivors (0K)
 Metaspace       used 7196K, committed 7360K, reserved 1114112K
  class space    used 550K, committed 640K, reserved 1048576K
}
Event: 0.407 GC heap after
{Heap after GC invocations=1 (full 0):
 garbage-first heap   total 507904K, used 3589K [0x0000000617800000, 0x0000000800000000)
  region size 4096K, 1 young (4096K), 1 survivors (4096K)
 Metaspace       used 7196K, committed 7360K, reserved 1114112K
  class space    used 550K, committed 640K, reserved 1048576K
}

Dll operation events (10 events):
Event: 0.003 Loaded shared library /usr/lib/jvm/java-21-openjdk/lib/libjava.so
Event: 0.015 Loaded shared library /usr/lib/jvm/java-21-openjdk/lib/libjsvml.so
Event: 0.022 Loaded shared library /usr/lib/jvm/java-21-openjdk/lib/libnio.so
Event: 0.023 Loaded shared library /usr/lib/jvm/java-21-openjdk/lib/libzip.so
Event: 0.041 Loaded shared library /usr/lib/jvm/java-21-openjdk/lib/libjimage.so
Event: 0.043 Loaded shared library /tmp/libgdxbazzite/da3a4817/libgdx64.so
Event: 0.059 Loaded shared library /usr/lib/jvm/java-21-openjdk/lib/libnet.so
Event: 0.061 Loaded shared library /tmp/lwjgl_bazzite/3.4.1+2/x64/liblwjgl.so
Event: 0.066 Loaded shared library /usr/lib/jvm/java-21-openjdk/lib/libsystemconf.so
Event: 0.224 Loaded shared library /tmp/lwjgl_bazzite/3.4.1+2/x64/liblwjgl_opengl.so

Deoptimization events (20 events):
Event: 0.079 Thread 0x00007f7b1402e790 DEOPT PACKING pc=0x00007f7afc8cfb75 sp=0x00007f7b197c3540
Event: 0.079 Thread 0x00007f7b1402e790 DEOPT UNPACKING pc=0x00007f7b03cb714f sp=0x00007f7b197c29f8 mode 0
Event: 0.136 Thread 0x00007f7b1402e790 DEOPT PACKING pc=0x00007f7afc86e3a6 sp=0x00007f7b197c4220
Event: 0.136 Thread 0x00007f7b1402e790 DEOPT UNPACKING pc=0x00007f7b03cb714f sp=0x00007f7b197c3690 mode 0
Event: 0.139 Thread 0x00007f7b1402e790 DEOPT PACKING pc=0x00007f7afc86e3a6 sp=0x00007f7b197c4560
Event: 0.139 Thread 0x00007f7b1402e790 DEOPT UNPACKING pc=0x00007f7b03cb714f sp=0x00007f7b197c39d0 mode 0
Event: 0.220 Thread 0x00007f7b1402e790 Uncommon trap: trap_request=0xffffff6e fr.pc=0x00007f7b043dd190 relative=0x0000000000000450
Event: 0.220 Thread 0x00007f7b1402e790 Uncommon trap: reason=loop_limit_check action=maybe_recompile pc=0x00007f7b043dd190 method=java.lang.StringLatin1.indexOf([BI[BII)I @ 37 c2
Event: 0.220 Thread 0x00007f7b1402e790 DEOPT PACKING pc=0x00007f7b043dd190 sp=0x00007f7b197c4f10
Event: 0.220 Thread 0x00007f7b1402e790 DEOPT UNPACKING pc=0x00007f7b03cb6619 sp=0x00007f7b197c4e90 mode 2
Event: 0.225 Thread 0x00007f7b1402e790 Uncommon trap: trap_request=0xffffff45 fr.pc=0x00007f7b043ac72c relative=0x000000000000018c
Event: 0.225 Thread 0x00007f7b1402e790 Uncommon trap: reason=unstable_if action=reinterpret pc=0x00007f7b043ac72c method=jdk.internal.util.ArraysSupport.vectorizedHashCode(Ljava/lang/Object;IIII)I @ 2 c2
Event: 0.225 Thread 0x00007f7b1402e790 DEOPT PACKING pc=0x00007f7b043ac72c sp=0x00007f7b197c4300
Event: 0.225 Thread 0x00007f7b1402e790 DEOPT UNPACKING pc=0x00007f7b03cb6619 sp=0x00007f7b197c42d0 mode 2
Event: 2.195 Thread 0x00007f7b1402e790 Uncommon trap: trap_request=0xffffff45 fr.pc=0x00007f7b043ee73c relative=0x000000000000065c
Event: 2.195 Thread 0x00007f7b1402e790 Uncommon trap: reason=unstable_if action=reinterpret pc=0x00007f7b043ee73c method=java.lang.StringLatin1.newString([BII)Ljava/lang/String; @ 1 c2
Event: 2.195 Thread 0x00007f7b1402e790 DEOPT PACKING pc=0x00007f7b043ee73c sp=0x00007f7b197c4c80
Event: 2.195 Thread 0x00007f7b1402e790 DEOPT UNPACKING pc=0x00007f7b03cb6619 sp=0x00007f7b197c4be0 mode 2
Event: 3.334 Thread 0x00007f7b1402e790 DEOPT PACKING pc=0x00007f7afcaaf070 sp=0x00007f7b197c5410
Event: 3.334 Thread 0x00007f7b1402e790 DEOPT UNPACKING pc=0x00007f7b03cb714f sp=0x00007f7b197c4848 mode 0

Classes loaded (20 events):
Event: 5.022 Loading class jdk/internal/logger/AbstractLoggerWrapper
Event: 5.022 Loading class jdk/internal/logger/AbstractLoggerWrapper done
Event: 5.023 Loading class jdk/internal/logger/LazyLoggers$LazyLoggerWrapper done
Event: 5.023 Loading class jdk/internal/logger/LazyLoggers$JdkLazyLogger done
Event: 5.023 Loading class jdk/internal/logger/LazyLoggers$LazyLoggerAccessor
Event: 5.023 Loading class jdk/internal/logger/LazyLoggers$LoggerAccessor
Event: 5.023 Loading class jdk/internal/logger/LazyLoggers$LoggerAccessor done
Event: 5.023 Loading class jdk/internal/logger/LazyLoggers$LazyLoggerAccessor done
Event: 5.023 Loading class java/lang/System$Logger$Level
Event: 5.023 Loading class java/lang/System$Logger$Level done
Event: 5.023 Loading class jdk/internal/logger/SurrogateLogger
Event: 5.023 Loading class jdk/internal/logger/SimpleConsoleLogger
Event: 5.023 Loading class sun/util/logging/PlatformLogger$ConfigurableBridge$LoggerConfiguration
Event: 5.023 Loading class sun/util/logging/PlatformLogger$ConfigurableBridge$LoggerConfiguration done
Event: 5.023 Loading class jdk/internal/logger/SimpleConsoleLogger done
Event: 5.023 Loading class jdk/internal/logger/SurrogateLogger done
Event: 5.023 Loading class sun/util/logging/PlatformLogger
Event: 5.023 Loading class sun/util/logging/PlatformLogger done
Event: 5.023 Loading class sun/util/logging/PlatformLogger$Level
Event: 5.023 Loading class sun/util/logging/PlatformLogger$Level done

Classes unloaded (0 events):
No events

Classes redefined (0 events):
No events

Internal exceptions (20 events):
Event: 0.053 Thread 0x00007f7b1402e790 Exception <a 'java/lang/NoSuchMethodError'{0x0000000635d758a0}: 'void java.lang.System.load(java.lang.String, java.lang.Class)'> (0x0000000635d758a0) 
thrown [src/hotspot/share/interpreter/linkResolver.cpp, line 772]
Event: 0.053 Thread 0x00007f7b1402e790 Exception <a 'java/lang/NoSuchMethodError'{0x0000000635d76570}: 'void java.lang.invoke.DirectMethodHandle$Holder.invokeSpecial(java.lang.Object, java.lang.Object, java.lang.Object)'> (0x0000000635d76570) 
thrown [src/hotspot/share/interpreter/linkResolver.cpp, line 772]
Event: 0.054 Thread 0x00007f7b1402e790 Exception <a 'java/lang/NoSuchMethodError'{0x0000000635d887d0}: 'java.lang.Object java.lang.invoke.DirectMethodHandle$Holder.invokeStatic(java.lang.Object, java.lang.Object, int)'> (0x0000000635d887d0) 
thrown [src/hotspot/share/interpreter/linkResolver.cpp, line 772]
Event: 0.055 Thread 0x00007f7b1402e790 Exception <a 'java/lang/NoSuchMethodError'{0x0000000635d94028}: 'void java.lang.invoke.DelegatingMethodHandle$Holder.delegate(java.lang.Object, java.lang.Object, int, java.lang.Object)'> (0x0000000635d94028) 
thrown [src/hotspot/share/interpreter/linkResolver.cpp, line 772]
Event: 0.055 Thread 0x00007f7b1402e790 Exception <a 'java/lang/NoSuchMethodError'{0x0000000635d98020}: 'int java.lang.invoke.DirectMethodHandle$Holder.invokeSpecial(java.lang.Object, java.lang.Object, java.lang.Object)'> (0x0000000635d98020) 
thrown [src/hotspot/share/interpreter/linkResolver.cpp, line 772]
Event: 0.056 Thread 0x00007f7b1402e790 Exception <a 'java/lang/NoSuchMethodError'{0x0000000635db2748}: 'void java.lang.System.loadLibrary(java.lang.String, java.lang.Class)'> (0x0000000635db2748) 
thrown [src/hotspot/share/interpreter/linkResolver.cpp, line 772]
Event: 0.084 Thread 0x00007f7b1402e790 Exception <a 'java/lang/NoSuchMethodError'{0x0000000635ee0d60}: 'int java.lang.invoke.DirectMethodHandle$Holder.invokeStaticInit(java.lang.Object, java.lang.Object, int, long)'> (0x0000000635ee0d60) 
thrown [src/hotspot/share/interpreter/linkResolver.cpp, line 772]
Event: 0.084 Thread 0x00007f7b1402e790 Exception <a 'java/lang/NoSuchMethodError'{0x0000000635ee5e88}: 'java.lang.Object java.lang.invoke.DirectMethodHandle$Holder.newInvokeSpecial(java.lang.Object, java.lang.Object, int)'> (0x0000000635ee5e88) 
thrown [src/hotspot/share/interpreter/linkResolver.cpp, line 772]
Event: 0.085 Thread 0x00007f7b1402e790 Exception <a 'java/lang/NoSuchMethodError'{0x0000000635ef0360}: 'int java.lang.invoke.DirectMethodHandle$Holder.invokeStaticInit(java.lang.Object, java.lang.Object, long, long)'> (0x0000000635ef0360) 
thrown [src/hotspot/share/interpreter/linkResolver.cpp, line 772]
Event: 0.085 Thread 0x00007f7b1402e790 Exception <a 'java/lang/NoSuchMethodError'{0x0000000635ef5e08}: 'java.lang.Object java.lang.invoke.DirectMethodHandle$Holder.newInvokeSpecial(java.lang.Object, java.lang.Object, long)'> (0x0000000635ef5e08) 
thrown [src/hotspot/share/interpreter/linkResolver.cpp, line 772]
Event: 0.085 Thread 0x00007f7b1402e790 Exception <a 'java/lang/NoSuchMethodError'{0x0000000635ef9ec8}: 'java.lang.Object java.lang.invoke.Invokers$Holder.linkToTargetMethod(java.lang.Object, long, java.lang.Object)'> (0x0000000635ef9ec8) 
thrown [src/hotspot/share/interpreter/linkResolver.cpp, line 772]
Event: 0.085 Thread 0x00007f7b1402e790 Exception <a 'java/lang/NoSuchMethodError'{0x0000000635f01110}: 'int java.lang.invoke.DirectMethodHandle$Holder.invokeStaticInit(java.lang.Object, java.lang.Object, java.lang.Object, long)'> (0x0000000635f01110) 
thrown [src/hotspot/share/interpreter/linkResolver.cpp, line 772]
Event: 0.101 Thread 0x00007f7b1402e790 Exception <a 'java/lang/NoSuchMethodError'{0x0000000635844c88}: 'int java.lang.invoke.Invokers$Holder.invokeExact_MT(java.lang.Object, java.lang.Object)'> (0x0000000635844c88) 
thrown [src/hotspot/share/interpreter/linkResolver.cpp, line 772]
Event: 0.132 Thread 0x00007f7b1402e790 Exception <a 'java/lang/NoSuchMethodError'{0x0000000635890f88}: 'java.lang.Object java.lang.invoke.DirectMethodHandle$Holder.invokeStaticInit(java.lang.Object, int)'> (0x0000000635890f88) 
thrown [src/hotspot/share/interpreter/linkResolver.cpp, line 772]
Event: 0.163 Thread 0x00007f7b1402e790 Exception <a 'java/lang/NoSuchMethodError'{0x0000000635a9d248}: 'java.lang.Object java.lang.invoke.DirectMethodHandle$Holder.newInvokeSpecial(java.lang.Object, long)'> (0x0000000635a9d248) 
thrown [src/hotspot/share/interpreter/linkResolver.cpp, line 772]
Event: 0.222 Thread 0x00007f7b1402e790 Exception <a 'java/lang/NoSuchMethodError'{0x0000000635536350}: 'void java.lang.System.load(java.lang.String, java.lang.Class)'> (0x0000000635536350) 
thrown [src/hotspot/share/interpreter/linkResolver.cpp, line 772]
Event: 0.223 Thread 0x00007f7b1402e790 Exception <a 'java/lang/NoSuchMethodError'{0x0000000635538d80}: 'void java.lang.System.loadLibrary(java.lang.String, java.lang.Class)'> (0x0000000635538d80) 
thrown [src/hotspot/share/interpreter/linkResolver.cpp, line 772]
Event: 0.418 Thread 0x00007f7b1402e790 Exception <a 'java/lang/NoSuchMethodError'{0x00000006361a0be8}: 'void java.lang.invoke.Invokers$Holder.invokeExact_MT(java.lang.Object, java.lang.Object, java.lang.Object, java.lang.Object)'> (0x00000006361a0be8) 
thrown [src/hotspot/share/interpreter/linkResolver.cpp, line 772]
Event: 0.421 Thread 0x00007f7b1402e790 Exception <a 'java/lang/NoSuchMethodError'{0x00000006361da0f8}: 'float java.lang.invoke.DelegatingMethodHandle$Holder.reinvoke_L(java.lang.Object, java.lang.Object)'> (0x00000006361da0f8) 
thrown [src/hotspot/share/interpreter/linkResolver.cpp, line 772]
Event: 0.421 Thread 0x00007f7b1402e790 Exception <a 'java/lang/NoSuchMethodError'{0x00000006361e4220}: 'void java.lang.invoke.DelegatingMethodHandle$Holder.reinvoke_L(java.lang.Object, java.lang.Object, float)'> (0x00000006361e4220) 
thrown [src/hotspot/share/interpreter/linkResolver.cpp, line 772]

ZGC Phase Switch (0 events):
No events

VM Operations (20 events):
Event: 0.043 Executing non-safepoint VM operation: HandshakeAllThreads (Deoptimize) done
Event: 0.054 Executing non-safepoint VM operation: HandshakeAllThreads (Deoptimize)
Event: 0.054 Executing non-safepoint VM operation: HandshakeAllThreads (Deoptimize) done
Event: 0.082 Executing non-safepoint VM operation: HandshakeAllThreads (Deoptimize)
Event: 0.083 Executing non-safepoint VM operation: HandshakeAllThreads (Deoptimize) done
Event: 0.319 Executing non-safepoint VM operation: HandshakeAllThreads (Deoptimize)
Event: 0.319 Executing non-safepoint VM operation: HandshakeAllThreads (Deoptimize) done
Event: 0.406 Executing safepoint VM operation: G1CollectForAllocation (G1 Evacuation Pause)
Event: 0.407 Executing safepoint VM operation: G1CollectForAllocation (G1 Evacuation Pause) done
Event: 0.416 Executing non-safepoint VM operation: HandshakeAllThreads (Deoptimize)
Event: 0.416 Executing non-safepoint VM operation: HandshakeAllThreads (Deoptimize) done
Event: 1.416 Executing safepoint VM operation: Cleanup
Event: 1.416 Executing safepoint VM operation: Cleanup done
Event: 2.416 Executing safepoint VM operation: Cleanup
Event: 2.416 Executing safepoint VM operation: Cleanup done
Event: 3.416 Executing safepoint VM operation: Cleanup
Event: 3.416 Executing safepoint VM operation: Cleanup done
Event: 4.416 Executing safepoint VM operation: Cleanup
Event: 4.416 Executing safepoint VM operation: Cleanup done
Event: 5.023 Executing safepoint VM operation: Exit

Memory protections (17 events):
Event: 0.003 Protecting memory [0x00007f7b196c7000,0x00007f7b196cb000] with protection modes 0
Event: 0.014 Protecting memory [0x00007f7a9af00000,0x00007f7a9af04000] with protection modes 0
Event: 0.014 Protecting memory [0x00007f7a9ae00000,0x00007f7a9ae04000] with protection modes 0
Event: 0.014 Protecting memory [0x00007f7a9ad00000,0x00007f7a9ad04000] with protection modes 0
Event: 0.014 Protecting memory [0x00007f7a9ac00000,0x00007f7a9ac04000] with protection modes 0
Event: 0.014 Protecting memory [0x00007f7a9ab00000,0x00007f7a9ab04000] with protection modes 0
Event: 0.014 Protecting memory [0x00007f7a9aa00000,0x00007f7a9aa04000] with protection modes 0
Event: 0.014 Protecting memory [0x00007f7a9a900000,0x00007f7a9a904000] with protection modes 0
Event: 0.019 Protecting memory [0x00007f7a9a730000,0x00007f7a9a734000] with protection modes 0
Event: 0.020 Protecting memory [0x00007f7a9a630000,0x00007f7a9a634000] with protection modes 0
Event: 0.021 Protecting memory [0x00007f7a9a530000,0x00007f7a9a534000] with protection modes 0
Event: 0.079 Protecting memory [0x00007f7a99fc2000,0x00007f7a99fc6000] with protection modes 0
Event: 0.100 Protecting memory [0x00007f7a99300000,0x00007f7a99304000] with protection modes 0
Event: 0.100 Protecting memory [0x00007f7a99200000,0x00007f7a99204000] with protection modes 0
Event: 0.169 Protecting memory [0x00007f7a78010000,0x00007f7a78014000] with protection modes 0
Event: 0.314 Protecting memory [0x00007f7a085ca000,0x00007f7a085ce000] with protection modes 0
Event: 5.021 Protecting memory [0x00007f7a99300000,0x00007f7a99304000] with protection modes 0

Nmethod flushes (0 events):
No events

Events (20 events):
Event: 0.014 Thread 0x00007f7b1402e790 Thread added: 0x00007f7b14141840
Event: 0.014 Thread 0x00007f7b1402e790 Thread added: 0x00007f7b14142db0
Event: 0.014 Thread 0x00007f7b1402e790 Thread added: 0x00007f7b14144580
Event: 0.014 Thread 0x00007f7b1402e790 Thread added: 0x00007f7b14145bc0
Event: 0.014 Thread 0x00007f7b1402e790 Thread added: 0x00007f7b14147160
Event: 0.014 Thread 0x00007f7b1402e790 Thread added: 0x00007f7b14148d20
Event: 0.014 Thread 0x00007f7b1402e790 Thread added: 0x00007f7b1414a3e0
Event: 0.019 Thread 0x00007f7b14148d20 Thread added: 0x00007f7a680870d0
Event: 0.020 Thread 0x00007f7b1402e790 Thread added: 0x00007f7b1418b440
Event: 0.021 Thread 0x00007f7b1402e790 Thread added: 0x00007f7b1418e4b0
Event: 0.079 Thread 0x00007f7b1414a3e0 Thread added: 0x00007f7a5c0c1810
Event: 0.100 Thread 0x00007f7a680870d0 Thread added: 0x00007f7a600e29e0
Event: 0.100 Thread 0x00007f7a680870d0 Thread added: 0x00007f7a600e3cf0
Event: 0.169 Thread 0x00007f7b1402e790 Thread added: 0x00007f7b14a0a550
Event: 0.314 Thread 0x00007f7b1402e790 Thread added: 0x00007f7b1716b950
Event: 0.556 Thread 0x00007f7a5c0c1810 Thread exited: 0x00007f7a5c0c1810
Event: 4.576 Thread 0x00007f7a600e3cf0 Thread exited: 0x00007f7a600e3cf0
Event: 4.886 Thread 0x00007f7a600e29e0 Thread exited: 0x00007f7a600e29e0
Event: 5.021 Thread 0x00007f7b14144580 Thread added: 0x00007f7a6c001080
Event: 5.023 Thread 0x00007f7a6c001080 Before exit entered


Dynamic libraries:
617800000-636400000 rw-p 00000000 00:00 0 
636400000-7ffc00000 ---p 00000000 00:00 0 
7ffc00000-7ffd0d000 rw-p 00cdc000 00:49 7160503                          /usr/lib/jvm/java-21-openjdk/lib/server/classes.jsa
7ffd0d000-800000000 rw-p 00000000 00:00 0 
5591681e4000-5591681e5000 r-xp 00000000 00:49 7160208                    /usr/lib/jvm/java-21-openjdk/bin/java
5591681e5000-5591681e6000 r--p 00001000 00:49 7160208                    /usr/lib/jvm/java-21-openjdk/bin/java
5591681e6000-5591681e7000 r--p 00001000 00:49 7160208                    /usr/lib/jvm/java-21-openjdk/bin/java
5591681e7000-5591681e8000 rw-p 00002000 00:49 7160208                    /usr/lib/jvm/java-21-openjdk/bin/java
559194978000-5591949a4000 rw-p 00000000 00:00 0                          [heap]
7f79d0000000-7f79d0021000 rw-p 00000000 00:00 0 
7f79d0021000-7f79d4000000 ---p 00000000 00:00 0 
7f79d4000000-7f79d4021000 rw-p 00000000 00:00 0 
7f79d4021000-7f79d8000000 ---p 00000000 00:00 0 
7f79d8000000-7f79d8021000 rw-p 00000000 00:00 0 
7f79d8021000-7f79dc000000 ---p 00000000 00:00 0 
7f79dc000000-7f79dc021000 rw-p 00000000 00:00 0 
7f79dc021000-7f79e0000000 ---p 00000000 00:00 0 
7f79e0000000-7f79e0021000 rw-p 00000000 00:00 0 
7f79e0021000-7f79e4000000 ---p 00000000 00:00 0 
7f79e4000000-7f79e4021000 rw-p 00000000 00:00 0 
7f79e4021000-7f79e8000000 ---p 00000000 00:00 0 
7f79e8000000-7f79e8021000 rw-p 00000000 00:00 0 
7f79e8021000-7f79ec000000 ---p 00000000 00:00 0 
7f79ec000000-7f79ec021000 rw-p 00000000 00:00 0 
7f79ec021000-7f79f0000000 ---p 00000000 00:00 0 
7f79f0000000-7f79f0021000 rw-p 00000000 00:00 0 
7f79f0021000-7f79f4000000 ---p 00000000 00:00 0 
7f79f4000000-7f79f4021000 rw-p 00000000 00:00 0 
7f79f4021000-7f79f8000000 ---p 00000000 00:00 0 
7f79f8000000-7f79f8bdf000 rw-p 00000000 00:00 0 
7f79f8bdf000-7f79fc000000 ---p 00000000 00:00 0 
7f79fc000000-7f79fc021000 rw-p 00000000 00:00 0 
7f79fc021000-7f7a00000000 ---p 00000000 00:00 0 
7f7a02600000-7f7a03000000 rwxp 00000000 00:00 0 
7f7a0306e000-7f7a03311000 rw-s 00000000 00:01 34544                      /memfd:mesa-shared (deleted)
7f7a03311000-7f7a03816000 rw-p 00000000 00:00 0 
7f7a03816000-7f7a04073000 rw-p 00000000 00:00 0 
7f7a04073000-7f7a08000000 ---p 00000000 00:00 0 
7f7a080c5000-7f7a085ca000 rw-p 00000000 00:00 0 
7f7a085ca000-7f7a085ce000 ---p 00000000 00:00 0 
7f7a085ce000-7f7a086ca000 rw-p 00000000 00:00 0 
7f7a086ca000-7f7a08765000 r--p 00000000 00:27 257824                     /usr/local/share/fonts/google-noto/NotoSans-Bold.ttf
7f7a08765000-7f7a08800000 r--p 00000000 00:27 257824                     /usr/local/share/fonts/google-noto/NotoSans-Bold.ttf
7f7a08800000-7f7a08801000 r--s 00000000 00:23 7387248                    /home/bazzite/.cache/fontconfig/d7a569af8e223acb75bc30910d7ef9ed-le64.cache-9
7f7a08801000-7f7a08803000 r--s 00000000 00:23 12865309                   /home/bazzite/.cache/fontconfig/6b60f0e179979a2c9a4d5c4f7eefb67f-le64.cache-9
7f7a08803000-7f7a08804000 r--s 00000000 00:23 7387197                    /home/bazzite/.cache/fontconfig/fc75e9a4611ba4d5d1230dbca349abc2-le64.cache-9
7f7a08804000-7f7a08805000 r--s 00000000 00:23 12299779                   /home/bazzite/.cache/fontconfig/23ea6065a6d55ece5eb71d63bc4c9c7d-le64.cache-9
7f7a08805000-7f7a08822000 r--s 00000000 00:49 3822094                    /usr/lib/fontconfig/cache/123d59b33ddb0e7c76bb24004bd5cfac-le64.cache-9
7f7a08822000-7f7a08827000 r--s 00000000 00:49 1082902                    /usr/lib/fontconfig/cache/d63f98f14a274bd69a5425fc33aaac6b-le64.cache-9
7f7a08827000-7f7a08830000 r--s 00000000 00:49 3822092                    /usr/lib/fontconfig/cache/6ee3103884cce7b2fe6f32eba9089175-le64.cache-9
7f7a08830000-7f7a08839000 r--s 00000000 00:49 1085967                    /usr/lib/fontconfig/cache/6cdba951d5a16891afaaf2fee13e80e7-le64.cache-9
7f7a08839000-7f7a0883c000 r--s 00000000 00:49 1085965                    /usr/lib/fontconfig/cache/feeafda3627faad7596d025cfacea73f-le64.cache-9
7f7a0883c000-7f7a0883f000 r--s 00000000 00:49 1082900                    /usr/lib/fontconfig/cache/18f520a508f13854f77176faf7889ae9-le64.cache-9
7f7a0883f000-7f7a08844000 r--s 00000000 00:49 1082896                    /usr/lib/fontconfig/cache/6ec93c29005712963aaa22af1809da14-le64.cache-9
7f7a08844000-7f7a08861000 r--s 00000000 00:49 1082894                    /usr/lib/fontconfig/cache/876d1e5ed346defde032494815bfb839-le64.cache-9
7f7a08861000-7f7a08862000 r--s 00000000 00:49 1082892                    /usr/lib/fontconfig/cache/33c6bbd909a8f10851a4056c73c86d5d-le64.cache-9
7f7a08862000-7f7a08867000 r--s 00000000 00:49 1082890                    /usr/lib/fontconfig/cache/c7ea5600018b5457f90a75a411dca181-le64.cache-9
7f7a08867000-7f7a08868000 r--s 00000000 00:49 1082888                    /usr/lib/fontconfig/cache/d6ea941674ae40559d2ff3d3b7033dc5-le64.cache-9
7f7a08868000-7f7a0886a000 r--s 00000000 00:49 1082886                    /usr/lib/fontconfig/cache/ffb01ab76ea797771fc7a567b58060b1-le64.cache-9
7f7a0886a000-7f7a0886b000 r--s 00000000 00:49 1082884                    /usr/lib/fontconfig/cache/e0ab052bd3d44540ac0679a31c37147f-le64.cache-9
7f7a0886b000-7f7a0886d000 r--s 00000000 00:49 1082882                    /usr/lib/fontconfig/cache/d08f6a95540f65647c5ddb26bc5ee44f-le64.cache-9
7f7a0886d000-7f7a08872000 r--s 00000000 00:49 1082880                    /usr/lib/fontconfig/cache/c49556cff7e1a89b25831daeff5ebdc9-le64.cache-9
7f7a08872000-7f7a08874000 r--s 00000000 00:49 1082878                    /usr/lib/fontconfig/cache/8705ab89d754816d59fecae72f983cbb-le64.cache-9
7f7a08874000-7f7a08877000 r--s 00000000 00:49 1082874                    /usr/lib/fontconfig/cache/9df9a62f46596efacd17df59faea9e12-le64.cache-9
7f7a08877000-7f7a08879000 r--s 00000000 00:49 1082872                    /usr/lib/fontconfig/cache/81f440aff8695e62538f4d4aa4dda1b9-le64.cache-9
7f7a08879000-7f7a0887b000 r--s 00000000 00:49 1082870                    /usr/lib/fontconfig/cache/9ba4c59e0897ff97e9ff83765e36aba0-le64.cache-9
7f7a0887b000-7f7a08884000 r--s 00000000 00:49 1082868                    /usr/lib/fontconfig/cache/2c94c36db93ab6a338646c01dbecb342-le64.cache-9
7f7a08884000-7f7a088e6000 r--s 00000000 00:49 1082864                    /usr/lib/fontconfig/cache/b57f9a2bb32865a9d06aed058fcf9161-le64.cache-9
7f7a088e6000-7f7a088f9000 r--s 00000000 00:49 1082862                    /usr/lib/fontconfig/cache/225b3e7a21154b8bedfc9509e8cccdc5-le64.cache-9
7f7a088f9000-7f7a08904000 r--s 00000000 00:49 1082860                    /usr/lib/fontconfig/cache/614ccbc80639b3a6f43af8bfce0af87e-le64.cache-9
7f7a08904000-7f7a0891c000 r--s 00000000 00:49 1082858                    /usr/lib/fontconfig/cache/1f8920c8d92ca109b30bca641140eeb4-le64.cache-9
7f7a0891c000-7f7a08976000 r--s 00000000 00:49 1082852                    /usr/lib/fontconfig/cache/b73e02d9d19db59b33300e44f1f51e49-le64.cache-9
7f7a08976000-7f7a0897f000 r--s 00000000 00:49 1082850                    /usr/lib/fontconfig/cache/27ae899a46ebbb03076b2733a727ba91-le64.cache-9
7f7a0897f000-7f7a08983000 r--s 00000000 00:49 1082846                    /usr/lib/fontconfig/cache/44d36ec332e97361f14b43118a6bb4fa-le64.cache-9
7f7a08983000-7f7a0898c000 r--s 00000000 00:49 1082842                    /usr/lib/fontconfig/cache/fc4098c50360d5dff771e984a783ba6f-le64.cache-9
7f7a0898c000-7f7a0898f000 r--s 00000000 00:49 1082840                    /usr/lib/fontconfig/cache/f068ed1aed4cb4b8fd15a017c476fecc-le64.cache-9
7f7a0898f000-7f7a08992000 r--s 00000000 00:49 1082838                    /usr/lib/fontconfig/cache/c8fe155264990cf0dc8a423973091113-le64.cache-9
7f7a08992000-7f7a08995000 r--s 00000000 00:49 1082836                    /usr/lib/fontconfig/cache/61ea0c41d2b57119f60ea7e4839106cf-le64.cache-9
7f7a08995000-7f7a09196000 rw-p 00000000 00:00 0 
7f7a091ff000-7f7a094a2000 rw-s 00000000 00:01 34543                      /memfd:mesa-shared (deleted)
7f7a094a2000-7f7a098c5000 rw-p 00000000 00:00 0 
7f7a098c5000-7f7a09b68000 rw-s 00000000 00:01 34538                      /memfd:mesa-shared (deleted)
7f7a09b68000-7f7a09c37000 rw-p 00000000 00:00 0 
7f7a09c37000-7f7a0a438000 rw-p 00000000 00:00 0 
7f7a0a438000-7f7a0a579000 rw-s 00000000 00:23 5884                       /home/bazzite/.cache/mesa_shader_cache/index
7f7a0a579000-7f7a19d98000 rw-p 00000000 00:00 0 
7f7a19d98000-7f7a1db8f000 r--p 00000000 00:49 7154802                    /usr/lib64/libLLVM.so.21.1
7f7a1db8f000-7f7a22418000 r-xp 03df6000 00:49 7154802                    /usr/lib64/libLLVM.so.21.1
7f7a22418000-7f7a22624000 r--p 0867e000 00:49 7154802                    /usr/lib64/libLLVM.so.21.1
7f7a22624000-7f7a22669000 rw-p 08889000 00:49 7154802                    /usr/lib64/libLLVM.so.21.1
7f7a22669000-7f7a2270e000 rw-p 00000000 00:00 0 
7f7a2270e000-7f7a24480000 r-xp 00000000 00:49 7154882                    /usr/lib64/libgallium-25.3.6.so
7f7a24480000-7f7a25599000 r--p 01d72000 00:49 7154882                    /usr/lib64/libgallium-25.3.6.so
7f7a25599000-7f7a256f0000 r--p 02e8b000 00:49 7154882                    /usr/lib64/libgallium-25.3.6.so
7f7a256f0000-7f7a2571e000 rw-p 02fe2000 00:49 7154882                    /usr/lib64/libgallium-25.3.6.so
7f7a2571e000-7f7a258e9000 rw-p 00000000 00:00 0 
7f7a258e9000-7f7a25b94000 r--p 00000000 00:27 30957                      /usr/lib64/libnvidia-gpucomp.so.580.159.04
7f7a25b94000-7f7a28c82000 r-xp 002ab000 00:27 30957                      /usr/lib64/libnvidia-gpucomp.so.580.159.04
7f7a28c82000-7f7a29af2000 r--p 03399000 00:27 30957                      /usr/lib64/libnvidia-gpucomp.so.580.159.04
7f7a29af2000-7f7a29af3000 ---p 04209000 00:27 30957                      /usr/lib64/libnvidia-gpucomp.so.580.159.04
7f7a29af3000-7f7a29cca000 r--p 04209000 00:27 30957                      /usr/lib64/libnvidia-gpucomp.so.580.159.04
7f7a29cca000-7f7a29dd5000 rw-p 043e0000 00:27 30957                      /usr/lib64/libnvidia-gpucomp.so.580.159.04
7f7a29dd5000-7f7a29e75000 rw-p 00000000 00:00 0 
7f7a29e75000-7f7a2a0b7000 r--p 00000000 00:27 30918                      /usr/lib64/libnvidia-eglcore.so.580.159.04
7f7a2a0b7000-7f7a2ad7b000 r-xp 00242000 00:27 30918                      /usr/lib64/libnvidia-eglcore.so.580.159.04
7f7a2ad7b000-7f7a2be1d000 r--p 00f06000 00:27 30918                      /usr/lib64/libnvidia-eglcore.so.580.159.04
7f7a2be1d000-7f7a2be1e000 ---p 01fa8000 00:27 30918                      /usr/lib64/libnvidia-eglcore.so.580.159.04
7f7a2be1e000-7f7a2bf96000 r--p 01fa8000 00:27 30918                      /usr/lib64/libnvidia-eglcore.so.580.159.04
7f7a2bf96000-7f7a2bfea000 rw-p 02120000 00:27 30918                      /usr/lib64/libnvidia-eglcore.so.580.159.04
7f7a2bfea000-7f7a2c07e000 rw-p 00000000 00:00 0 
7f7a2c07e000-7f7a30000000 ---p 00000000 00:00 0 
7f7a30000000-7f7a30021000 rw-p 00000000 00:00 0 
7f7a30021000-7f7a34000000 ---p 00000000 00:00 0 
7f7a34000000-7f7a34021000 rw-p 00000000 00:00 0 
7f7a34021000-7f7a38000000 ---p 00000000 00:00 0 
7f7a38000000-7f7a38087000 rw-p 00000000 00:00 0 
7f7a38087000-7f7a3c000000 ---p 00000000 00:00 0 
7f7a3c000000-7f7a3c022000 rw-p 00000000 00:00 0 
7f7a3c022000-7f7a40000000 ---p 00000000 00:00 0 
7f7a40000000-7f7a40001000 r--s 00000000 00:49 1082876                    /usr/lib/fontconfig/cache/e1d7114fade3104855b784d52043788b-le64.cache-9
7f7a40001000-7f7a40002000 r--s 00000000 00:49 1082866                    /usr/lib/fontconfig/cache/149e020e1ffa29da6638c239e39df2a6-le64.cache-9
7f7a40002000-7f7a40007000 r--s 00000000 00:49 1083501                    /usr/lib/fontconfig/cache/beeeeb3dfe132a8a0633a017c99ce0c0-le64.cache-9
7f7a40008000-7f7a40009000 r--p 00000000 00:00 0 
7f7a40009000-7f7a4000a000 r-xp 00000000 00:00 0 
7f7a4000a000-7f7a4000b000 r--p 00000000 00:00 0 
7f7a4000b000-7f7a4000c000 r-xp 00000000 00:00 0 
7f7a4000c000-7f7a4000d000 rw-p 00000000 00:00 0 
7f7a4000d000-7f7a4000e000 r--p 00000000 00:00 0 
7f7a4000e000-7f7a4000f000 r-xp 00000000 00:00 0 
7f7a4000f000-7f7a40010000 r--p 00000000 00:00 0 
7f7a40010000-7f7a40011000 r-xp 00000000 00:00 0 
7f7a40011000-7f7a40012000 rw-p 00000000 00:00 0 
7f7a40012000-7f7a40013000 r--p 00000000 00:00 0 
7f7a40013000-7f7a40014000 r-xp 00000000 00:00 0 
7f7a40014000-7f7a40015000 rw-p 00000000 00:00 0 
7f7a40015000-7f7a40016000 r--p 00000000 00:00 0 
7f7a40016000-7f7a40017000 r-xp 00000000 00:00 0 
7f7a40017000-7f7a40018000 r--p 00000000 00:00 0 
7f7a40018000-7f7a40019000 r-xp 00000000 00:00 0 
7f7a40019000-7f7a4001a000 r--p 00000000 00:00 0 
7f7a4001a000-7f7a4001b000 r-xp 00000000 00:00 0 
7f7a4001b000-7f7a4001c000 rw-p 00000000 00:00 0 
7f7a4001c000-7f7a4001d000 r--p 00000000 00:00 0 
7f7a4001d000-7f7a4001e000 r-xp 00000000 00:00 0 
7f7a4001e000-7f7a40033000 r-xp 00000000 00:38 2567                       /tmp/lwjgl_bazzite/3.4.1+2/x64/liblwjgl_opengl.so
7f7a40033000-7f7a40076000 r--p 00015000 00:38 2567                       /tmp/lwjgl_bazzite/3.4.1+2/x64/liblwjgl_opengl.so
7f7a40076000-7f7a40077000 r--p 00057000 00:38 2567                       /tmp/lwjgl_bazzite/3.4.1+2/x64/liblwjgl_opengl.so
7f7a40077000-7f7a40078000 rw-p 00058000 00:38 2567                       /tmp/lwjgl_bazzite/3.4.1+2/x64/liblwjgl_opengl.so
7f7a40078000-7f7a4008d000 r-xp 00000000 00:49 590540                     /usr/lib64/libtinfo.so.6.5
7f7a4008d000-7f7a400a0000 r--p 00015000 00:49 590540                     /usr/lib64/libtinfo.so.6.5
7f7a400a0000-7f7a400a4000 r--p 00028000 00:49 590540                     /usr/lib64/libtinfo.so.6.5
7f7a400a4000-7f7a400a5000 rw-p 0002c000 00:49 590540                     /usr/lib64/libtinfo.so.6.5
7f7a400a5000-7f7a400aa000 r-xp 00000000 00:49 1067372                    /usr/lib64/libpciaccess.so.0.11.1
7f7a400aa000-7f7a400ad000 r--p 00005000 00:49 1067372                    /usr/lib64/libpciaccess.so.0.11.1
7f7a400ad000-7f7a400ae000 r--p 00008000 00:49 1067372                    /usr/lib64/libpciaccess.so.0.11.1
7f7a400ae000-7f7a400af000 rw-p 00000000 00:00 0 
7f7a400af000-7f7a400d1000 r-xp 00000000 00:49 1066457                    /usr/lib64/libedit.so.0.0.76
7f7a400d1000-7f7a400e3000 r--p 00022000 00:49 1066457                    /usr/lib64/libedit.so.0.0.76
7f7a400e3000-7f7a400e5000 r--p 00034000 00:49 1066457                    /usr/lib64/libedit.so.0.0.76
7f7a400e5000-7f7a400e6000 rw-p 00036000 00:49 1066457                    /usr/lib64/libedit.so.0.0.76
7f7a400e6000-7f7a400e9000 rw-p 00000000 00:00 0 
7f7a400e9000-7f7a40101000 r-xp 00000000 00:49 7151765                    /usr/lib64/libdrm_intel.so.1.131.0
7f7a40101000-7f7a4010d000 r--p 00018000 00:49 7151765                    /usr/lib64/libdrm_intel.so.1.131.0
7f7a4010d000-7f7a4010e000 r--p 00023000 00:49 7151765                    /usr/lib64/libdrm_intel.so.1.131.0
7f7a4010e000-7f7a4010f000 rw-p 00024000 00:49 7151765                    /usr/lib64/libdrm_intel.so.1.131.0
7f7a4010f000-7f7a40123000 r-xp 00000000 00:49 7151795                    /usr/lib64/libelf-0.195.so
7f7a40123000-7f7a4012a000 r--p 00014000 00:49 7151795                    /usr/lib64/libelf-0.195.so
7f7a4012a000-7f7a4012b000 r--p 0001a000 00:49 7151795                    /usr/lib64/libelf-0.195.so
7f7a4012b000-7f7a4012c000 rw-p 00000000 00:00 0 
7f7a4012c000-7f7a40133000 r-xp 00000000 00:49 7151763                    /usr/lib64/libdrm_amdgpu.so.1.131.0
7f7a40133000-7f7a40138000 r--p 00007000 00:49 7151763                    /usr/lib64/libdrm_amdgpu.so.1.131.0
7f7a40138000-7f7a40139000 r--p 0000b000 00:49 7151763                    /usr/lib64/libdrm_amdgpu.so.1.131.0
7f7a40139000-7f7a4013a000 rw-p 00000000 00:00 0 
7f7a4013a000-7f7a4013b000 r-xp 00000000 00:49 1066452                    /usr/lib64/libxshmfence.so.1.0.0
7f7a4013b000-7f7a4013c000 r--p 00001000 00:49 1066452                    /usr/lib64/libxshmfence.so.1.0.0
7f7a4013c000-7f7a4013d000 r--p 00001000 00:49 1066452                    /usr/lib64/libxshmfence.so.1.0.0
7f7a4013d000-7f7a4013e000 rw-p 00002000 00:49 1066452                    /usr/lib64/libxshmfence.so.1.0.0
7f7a4013e000-7f7a40141000 r-xp 00000000 00:49 1066406                    /usr/lib64/libxcb-sync.so.1.0.0
7f7a40141000-7f7a40144000 r--p 00003000 00:49 1066406                    /usr/lib64/libxcb-sync.so.1.0.0
7f7a40144000-7f7a40145000 r--p 00006000 00:49 1066406                    /usr/lib64/libxcb-sync.so.1.0.0
7f7a40145000-7f7a40146000 rw-p 00007000 00:49 1066406                    /usr/lib64/libxcb-sync.so.1.0.0
7f7a40146000-7f7a4014e000 r-xp 00000000 00:49 1066638                    /usr/lib64/libsensors.so.4.5.0
7f7a4014e000-7f7a40153000 r--p 00008000 00:49 1066638                    /usr/lib64/libsensors.so.4.5.0
7f7a40153000-7f7a40154000 r--p 0000d000 00:49 1066638                    /usr/lib64/libsensors.so.4.5.0
7f7a40154000-7f7a40155000 rw-p 0000e000 00:49 1066638                    /usr/lib64/libsensors.so.4.5.0
7f7a40155000-7f7a40258000 r-xp 00000000 00:49 7151966                    /usr/lib64/libSPIRV-Tools.so
7f7a40258000-7f7a402e7000 r--p 00103000 00:49 7151966                    /usr/lib64/libSPIRV-Tools.so
7f7a402e7000-7f7a402ea000 r--p 00192000 00:49 7151966                    /usr/lib64/libSPIRV-Tools.so
7f7a402ea000-7f7a402eb000 rw-p 00195000 00:49 7151966                    /usr/lib64/libSPIRV-Tools.so
7f7a402eb000-7f7a4039b000 r-xp 00000000 00:49 590585                     /usr/lib64/libzstd.so.1.5.7
7f7a4039b000-7f7a403ac000 r--p 000b0000 00:49 590585                     /usr/lib64/libzstd.so.1.5.7
7f7a403ac000-7f7a403ad000 r--p 000c0000 00:49 590585                     /usr/lib64/libzstd.so.1.5.7
7f7a403ad000-7f7a403ae000 rw-p 00000000 00:00 0 
7f7a403ae000-7f7a403af000 r-xp 00000000 00:49 1066390                    /usr/lib64/libxcb-present.so.0.0.0
7f7a403af000-7f7a403b1000 r--p 00001000 00:49 1066390                    /usr/lib64/libxcb-present.so.0.0.0
7f7a403b1000-7f7a403b2000 r--p 00002000 00:49 1066390                    /usr/lib64/libxcb-present.so.0.0.0
7f7a403b2000-7f7a403b3000 rw-p 00003000 00:49 1066390                    /usr/lib64/libxcb-present.so.0.0.0
7f7a403b3000-7f7a403b5000 r-xp 00000000 00:49 1066386                    /usr/lib64/libxcb-dri3.so.0.1.0
7f7a403b5000-7f7a403b7000 r--p 00002000 00:49 1066386                    /usr/lib64/libxcb-dri3.so.0.1.0
7f7a403b7000-7f7a403b8000 r--p 00004000 00:49 1066386                    /usr/lib64/libxcb-dri3.so.0.1.0
7f7a403b8000-7f7a403b9000 rw-p 00005000 00:49 1066386                    /usr/lib64/libxcb-dri3.so.0.1.0
7f7a403b9000-7f7a403bc000 r-xp 00000000 00:49 1066410                    /usr/lib64/libxcb-xfixes.so.0.0.0
7f7a403bc000-7f7a403c0000 r--p 00003000 00:49 1066410                    /usr/lib64/libxcb-xfixes.so.0.0.0
7f7a403c0000-7f7a403c1000 r--p 00007000 00:49 1066410                    /usr/lib64/libxcb-xfixes.so.0.0.0
7f7a403c1000-7f7a403c2000 rw-p 00008000 00:49 1066410                    /usr/lib64/libxcb-xfixes.so.0.0.0
7f7a403c2000-7f7a403c8000 r-xp 00000000 00:49 1066392                    /usr/lib64/libxcb-randr.so.0.1.0
7f7a403c8000-7f7a403d2000 r--p 00006000 00:49 1066392                    /usr/lib64/libxcb-randr.so.0.1.0
7f7a403d2000-7f7a403d3000 r--p 00010000 00:49 1066392                    /usr/lib64/libxcb-randr.so.0.1.0
7f7a403d3000-7f7a403d4000 rw-p 00011000 00:49 1066392                    /usr/lib64/libxcb-randr.so.0.1.0
7f7a403d4000-7f7a403d5000 r-xp 00000000 00:49 7151793                    /usr/lib64/libX11-xcb.so.1.0.0
7f7a403d5000-7f7a403d6000 r--p 00001000 00:49 7151793                    /usr/lib64/libX11-xcb.so.1.0.0
7f7a403d6000-7f7a403d7000 r--p 00001000 00:49 7151793                    /usr/lib64/libX11-xcb.so.1.0.0
7f7a403d7000-7f7a403d8000 rw-p 00000000 00:00 0 
7f7a403d8000-7f7a40400000 r-xp 00000000 00:49 7173565                    /usr/lib64/libEGL_mesa.so.0.0.0
7f7a40400000-7f7a40417000 r--p 00028000 00:49 7173565                    /usr/lib64/libEGL_mesa.so.0.0.0
7f7a40417000-7f7a40423000 r--p 0003f000 00:49 7173565                    /usr/lib64/libEGL_mesa.so.0.0.0
7f7a40423000-7f7a40424000 rw-p 0004b000 00:49 7173565                    /usr/lib64/libEGL_mesa.so.0.0.0
7f7a40424000-7f7a40d46000 rw-p 00000000 00:00 0 
7f7a40d46000-7f7a40d4f000 rw-s 00008000 00:01 38019                      /memfd:pipewire-memfd:flags=0x0000000f,type=2,size=65664 (deleted)
7f7a40d4f000-7f7a40d58000 rw-s 00000000 00:01 38019                      /memfd:pipewire-memfd:flags=0x0000000f,type=2,size=65664 (deleted)
7f7a40d58000-7f7a40d61000 rw-s 00008000 00:01 38018                      /memfd:pipewire-memfd:flags=0x0000000f,type=2,size=65664 (deleted)
7f7a40d61000-7f7a40d7f000 r-xp 00000000 00:49 1066326                    /usr/lib64/libexpat.so.1.11.1
7f7a40d7f000-7f7a40d89000 r--p 0001e000 00:49 1066326                    /usr/lib64/libexpat.so.1.11.1
7f7a40d89000-7f7a40d8b000 r--p 00027000 00:49 1066326                    /usr/lib64/libexpat.so.1.11.1
7f7a40d8b000-7f7a40d8c000 rw-p 00000000 00:00 0 
7f7a40d8c000-7f7a40d99000 r-xp 00000000 00:49 7151761                    /usr/lib64/libdrm.so.2.131.0
7f7a40d99000-7f7a40da1000 r--p 0000d000 00:49 7151761                    /usr/lib64/libdrm.so.2.131.0
7f7a40da1000-7f7a40da2000 r--p 00015000 00:49 7151761                    /usr/lib64/libdrm.so.2.131.0
7f7a40da2000-7f7a40da3000 rw-p 00000000 00:00 0 
7f7a40da3000-7f7a40db3000 r--p 00000000 00:27 30947                      /usr/lib64/libnvidia-glsi.so.580.159.04
7f7a40db3000-7f7a40e13000 r-xp 00010000 00:27 30947                      /usr/lib64/libnvidia-glsi.so.580.159.04
7f7a40e13000-7f7a40e30000 r--p 00070000 00:27 30947                      /usr/lib64/libnvidia-glsi.so.580.159.04
7f7a40e30000-7f7a40e36000 r--p 0008c000 00:27 30947                      /usr/lib64/libnvidia-glsi.so.580.159.04
7f7a40e36000-7f7a40e37000 rw-p 00092000 00:27 30947                      /usr/lib64/libnvidia-glsi.so.580.159.04
7f7a40e37000-7f7a40e3f000 rw-p 00000000 00:00 0 
7f7a40e3f000-7f7a40e73000 r--p 00000000 00:27 21359                      /usr/lib64/libEGL_nvidia.so.0
7f7a40e73000-7f7a40f0a000 r-xp 00034000 00:27 21359                      /usr/lib64/libEGL_nvidia.so.0
7f7a40f0a000-7f7a40f5e000 r--p 000cb000 00:27 21359                      /usr/lib64/libEGL_nvidia.so.0
7f7a40f5e000-7f7a40f5f000 ---p 0011f000 00:27 21359                      /usr/lib64/libEGL_nvidia.so.0
7f7a40f5f000-7f7a40f67000 r--p 0011f000 00:27 21359                      /usr/lib64/libEGL_nvidia.so.0
7f7a40f67000-7f7a40f7d000 rw-p 00127000 00:27 21359                      /usr/lib64/libEGL_nvidia.so.0
7f7a40f7d000-7f7a40f82000 rw-p 00000000 00:00 0 
7f7a40f82000-7f7a40fc1000 r-xp 00000000 00:49 1070050                    /usr/lib64/libGLdispatch.so.0.0.0
7f7a40fc1000-7f7a40fd5000 r--p 0003f000 00:49 1070050                    /usr/lib64/libGLdispatch.so.0.0.0
7f7a40fd5000-7f7a40ff1000 r--p 00053000 00:49 1070050                    /usr/lib64/libGLdispatch.so.0.0.0
7f7a40ff1000-7f7a40ff2000 rw-p 0006f000 00:49 1070050                    /usr/lib64/libGLdispatch.so.0.0.0
7f7a40ff2000-7f7a40ffa000 rw-p 00000000 00:00 0 
7f7a40ffa000-7f7a44000000 rw-p 00000000 00:00 0 
7f7a44000000-7f7a44060000 rw-p 00000000 00:00 0 
7f7a44060000-7f7a48000000 ---p 00000000 00:00 0 
7f7a48000000-7f7a48021000 rw-p 00000000 00:00 0 
7f7a48021000-7f7a4c000000 ---p 00000000 00:00 0 
7f7a4c000000-7f7a4c202000 rw-p 00000000 00:00 0 
7f7a4c202000-7f7a50000000 ---p 00000000 00:00 0 
7f7a50000000-7f7a5019f000 rw-p 00000000 00:00 0 
7f7a5019f000-7f7a54000000 ---p 00000000 00:00 0 
7f7a54000000-7f7a54021000 rw-p 00000000 00:00 0 
7f7a54021000-7f7a58000000 ---p 00000000 00:00 0 
7f7a58000000-7f7a58021000 rw-p 00000000 00:00 0 
7f7a58021000-7f7a5c000000 ---p 00000000 00:00 0 
7f7a5c000000-7f7a5c127000 rw-p 00000000 00:00 0 
7f7a5c127000-7f7a60000000 ---p 00000000 00:00 0 
7f7a60000000-7f7a6015b000 rw-p 00000000 00:00 0 
7f7a6015b000-7f7a64000000 ---p 00000000 00:00 0 
7f7a64000000-7f7a64021000 rw-p 00000000 00:00 0 
7f7a64021000-7f7a68000000 ---p 00000000 00:00 0 
7f7a68000000-7f7a683ab000 rw-p 00000000 00:00 0 
7f7a683ab000-7f7a6c000000 ---p 00000000 00:00 0 
7f7a6c000000-7f7a6c021000 rw-p 00000000 00:00 0 
7f7a6c021000-7f7a70000000 ---p 00000000 00:00 0 
7f7a70000000-7f7a70021000 rw-p 00000000 00:00 0 
7f7a70021000-7f7a74000000 ---p 00000000 00:00 0 
7f7a74000000-7f7a74021000 rw-p 00000000 00:00 0 
7f7a74021000-7f7a78000000 ---p 00000000 00:00 0 
7f7a78000000-7f7a78001000 r--s 00000000 00:49 1082856                    /usr/lib/fontconfig/cache/b5adcb31ec90862990a73c9baa385b38-le64.cache-9
7f7a78001000-7f7a7800a000 rw-s 00000000 00:01 38018                      /memfd:pipewire-memfd:flags=0x0000000f,type=2,size=65664 (deleted)
7f7a7800a000-7f7a7800c000 r-xp 00000000 00:49 7154887                    /usr/lib64/libgbm.so.1.0.0
7f7a7800c000-7f7a7800e000 r--p 00002000 00:49 7154887                    /usr/lib64/libgbm.so.1.0.0
7f7a7800e000-7f7a7800f000 r--p 00003000 00:49 7154887                    /usr/lib64/libgbm.so.1.0.0
7f7a7800f000-7f7a78010000 rw-p 00004000 00:49 7154887                    /usr/lib64/libgbm.so.1.0.0
7f7a78010000-7f7a78014000 ---p 00000000 00:00 0 
7f7a78014000-7f7a78110000 rw-p 00000000 00:00 0 
7f7a78110000-7f7a78111000 r--s 00000000 00:49 1082854                    /usr/lib/fontconfig/cache/e7c90c5d6650b542ec5033b04921fa77-le64.cache-9
7f7a78118000-7f7a78122000 r-xp 00000000 00:49 1070058                    /usr/lib64/libEGL.so.1.1.0
7f7a78122000-7f7a78127000 r--p 0000a000 00:49 1070058                    /usr/lib64/libEGL.so.1.1.0
7f7a78127000-7f7a78128000 r--p 0000e000 00:49 1070058                    /usr/lib64/libEGL.so.1.1.0
7f7a78128000-7f7a78129000 rw-p 0000f000 00:49 1070058                    /usr/lib64/libEGL.so.1.1.0
7f7a78129000-7f7a7812a000 r--s 00000000 00:49 1082848                    /usr/lib/fontconfig/cache/a5f2dcfa2bf6574e3790e0d984f4cd62-le64.cache-9
7f7a7812a000-7f7a7812b000 r--p 00000000 00:00 0 
7f7a7812b000-7f7a7812c000 r-xp 00000000 00:00 0 
7f7a7812c000-7f7a7812d000 r--p 00000000 00:00 0 
7f7a7812d000-7f7a7812e000 r-xp 00000000 00:00 0 
7f7a7812e000-7f7a7812f000 r--p 00000000 00:00 0 
7f7a7812f000-7f7a78130000 r-xp 00000000 00:00 0 
7f7a78130000-7f7a78131000 r--p 00000000 00:00 0 
7f7a78131000-7f7a78132000 r-xp 00000000 00:00 0 
7f7a78132000-7f7a78133000 r--p 00000000 00:00 0 
7f7a78133000-7f7a78134000 r-xp 00000000 00:00 0 
7f7a78134000-7f7a7818c000 r-xp 00000000 00:49 7156432                    /usr/lib64/spa-0.2/audioconvert/libspa-audioconvert.so
7f7a7818c000-7f7a781f4000 r--p 00058000 00:49 7156432                    /usr/lib64/spa-0.2/audioconvert/libspa-audioconvert.so
7f7a781f4000-7f7a781fb000 r--p 000c0000 00:49 7156432                    /usr/lib64/spa-0.2/audioconvert/libspa-audioconvert.so
7f7a781fb000-7f7a781fe000 rw-p 000c7000 00:49 7156432                    /usr/lib64/spa-0.2/audioconvert/libspa-audioconvert.so
7f7a781fe000-7f7a7821c000 r-xp 00000000 00:49 7156420                    /usr/lib64/pipewire-0.3/libpipewire-module-session-manager.so
7f7a7821c000-7f7a78222000 r--p 0001e000 00:49 7156420                    /usr/lib64/pipewire-0.3/libpipewire-module-session-manager.so
7f7a78222000-7f7a78224000 r--p 00024000 00:49 7156420                    /usr/lib64/pipewire-0.3/libpipewire-module-session-manager.so
7f7a78224000-7f7a78225000 rw-p 00000000 00:00 0 
7f7a78225000-7f7a7822f000 r-xp 00000000 00:49 7156402                    /usr/lib64/pipewire-0.3/libpipewire-module-metadata.so
7f7a7822f000-7f7a78232000 r--p 0000a000 00:49 7156402                    /usr/lib64/pipewire-0.3/libpipewire-module-metadata.so
7f7a78232000-7f7a78233000 r--p 0000d000 00:49 7156402                    /usr/lib64/pipewire-0.3/libpipewire-module-metadata.so
7f7a78233000-7f7a78234000 rw-p 0000e000 00:49 7156402                    /usr/lib64/pipewire-0.3/libpipewire-module-metadata.so
7f7a78234000-7f7a78238000 r-xp 00000000 00:49 7156392                    /usr/lib64/pipewire-0.3/libpipewire-module-adapter.so
7f7a78238000-7f7a7823b000 r--p 00004000 00:49 7156392                    /usr/lib64/pipewire-0.3/libpipewire-module-adapter.so
7f7a7823b000-7f7a7823c000 r--p 00007000 00:49 7156392                    /usr/lib64/pipewire-0.3/libpipewire-module-adapter.so
7f7a7823c000-7f7a7823d000 rw-p 00008000 00:49 7156392                    /usr/lib64/pipewire-0.3/libpipewire-module-adapter.so
7f7a7823d000-7f7a78249000 r-xp 00000000 00:49 7156394                    /usr/lib64/pipewire-0.3/libpipewire-module-client-device.so
7f7a78249000-7f7a7824c000 r--p 0000c000 00:49 7156394                    /usr/lib64/pipewire-0.3/libpipewire-module-client-device.so
7f7a7824c000-7f7a7824d000 r--p 0000e000 00:49 7156394                    /usr/lib64/pipewire-0.3/libpipewire-module-client-device.so
7f7a7824d000-7f7a7824e000 rw-p 0000f000 00:49 7156394                    /usr/lib64/pipewire-0.3/libpipewire-module-client-device.so
7f7a7824e000-7f7a78272000 r-xp 00000000 00:49 7156395                    /usr/lib64/pipewire-0.3/libpipewire-module-client-node.so
7f7a78272000-7f7a7827a000 r--p 00024000 00:49 7156395                    /usr/lib64/pipewire-0.3/libpipewire-module-client-node.so
7f7a7827a000-7f7a7827c000 r--p 0002c000 00:49 7156395                    /usr/lib64/pipewire-0.3/libpipewire-module-client-node.so
7f7a7827c000-7f7a7827d000 rw-p 0002e000 00:49 7156395                    /usr/lib64/pipewire-0.3/libpipewire-module-client-node.so
7f7a7827d000-7f7a782a0000 r-xp 00000000 00:49 7156409                    /usr/lib64/pipewire-0.3/libpipewire-module-protocol-native.so
7f7a782a0000-7f7a782af000 r--p 00023000 00:49 7156409                    /usr/lib64/pipewire-0.3/libpipewire-module-protocol-native.so
7f7a782af000-7f7a782bf000 r--p 00031000 00:49 7156409                    /usr/lib64/pipewire-0.3/libpipewire-module-protocol-native.so
7f7a782bf000-7f7a782c0000 rw-p 00041000 00:49 7156409                    /usr/lib64/pipewire-0.3/libpipewire-module-protocol-native.so
7f7a782c0000-7f7a78ac1000 rw-p 00000000 00:00 0 
7f7a78ac1000-7f7a78ac5000 r-xp 00000000 00:49 7156414                    /usr/lib64/pipewire-0.3/libpipewire-module-rt.so
7f7a78ac5000-7f7a78ac8000 r--p 00004000 00:49 7156414                    /usr/lib64/pipewire-0.3/libpipewire-module-rt.so
7f7a78ac8000-7f7a78ac9000 r--p 00007000 00:49 7156414                    /usr/lib64/pipewire-0.3/libpipewire-module-rt.so
7f7a78ac9000-7f7a78aca000 rw-p 00008000 00:49 7156414                    /usr/lib64/pipewire-0.3/libpipewire-module-rt.so
7f7a78aca000-7f7a78ae3000 r-xp 00000000 00:49 7156452                    /usr/lib64/spa-0.2/support/libspa-support.so
7f7a78ae3000-7f7a78aea000 r--p 00019000 00:49 7156452                    /usr/lib64/spa-0.2/support/libspa-support.so
7f7a78aea000-7f7a78aec000 r--p 0001f000 00:49 7156452                    /usr/lib64/spa-0.2/support/libspa-support.so
7f7a78aec000-7f7a78aed000 rw-p 00021000 00:49 7156452                    /usr/lib64/spa-0.2/support/libspa-support.so
7f7a78aed000-7f7a78b69000 r-xp 00000000 00:49 7156390                    /usr/lib64/libpipewire-0.3.so.0.1411.0
7f7a78b69000-7f7a78b90000 r--p 0007c000 00:49 7156390                    /usr/lib64/libpipewire-0.3.so.0.1411.0
7f7a78b90000-7f7a78bad000 r--p 000a3000 00:49 7156390                    /usr/lib64/libpipewire-0.3.so.0.1411.0
7f7a78bad000-7f7a78bae000 rw-p 000c0000 00:49 7156390                    /usr/lib64/libpipewire-0.3.so.0.1411.0
7f7a78bae000-7f7a78baf000 rw-p 00000000 00:00 0 
7f7a78baf000-7f7a78cf0000 r-xp 00000000 00:49 7151663                    /usr/lib64/libstdc++.so.6.0.34
7f7a78cf0000-7f7a78e10000 r--p 00141000 00:49 7151663                    /usr/lib64/libstdc++.so.6.0.34
7f7a78e10000-7f7a78e21000 r--p 00260000 00:49 7151663                    /usr/lib64/libstdc++.so.6.0.34
7f7a78e21000-7f7a78e22000 rw-p 00271000 00:49 7151663                    /usr/lib64/libstdc++.so.6.0.34
7f7a78e22000-7f7a78e26000 rw-p 00000000 00:00 0 
7f7a78e26000-7f7a78f7e000 r-xp 00000000 00:38 2566                       /tmp/lwjgl_bazzite/3.4.1+2/x64/libopenal.so
7f7a78f7e000-7f7a79018000 r--p 00158000 00:38 2566                       /tmp/lwjgl_bazzite/3.4.1+2/x64/libopenal.so
7f7a79018000-7f7a79022000 r--p 001f2000 00:38 2566                       /tmp/lwjgl_bazzite/3.4.1+2/x64/libopenal.so
7f7a79022000-7f7a79023000 rw-p 001fc000 00:38 2566                       /tmp/lwjgl_bazzite/3.4.1+2/x64/libopenal.so
7f7a79023000-7f7a79107000 rw-p 00000000 00:00 0 
7f7a79107000-7f7a791f7000 rw-s 00000000 00:01 36208                      /memfd:wayland-cursor (deleted)
7f7a791f7000-7f7a792c7000 rw-s 00000000 00:01 36207                      /memfd:wayland-cursor (deleted)
7f7a792c7000-7f7a792d7000 r-xp 00000000 00:49 1069856                    /usr/lib64/libseccomp.so.2.6.0
7f7a792d7000-7f7a792f1000 r--p 00010000 00:49 1069856                    /usr/lib64/libseccomp.so.2.6.0
7f7a792f1000-7f7a792f2000 r--p 0002a000 00:49 1069856                    /usr/lib64/libseccomp.so.2.6.0
7f7a792f2000-7f7a792f3000 rw-p 0002b000 00:49 1069856                    /usr/lib64/libseccomp.so.2.6.0
7f7a792f3000-7f7a79339000 r-xp 00000000 00:49 1069695                    /usr/lib64/liblcms2.so.2.0.16
7f7a79339000-7f7a79354000 r--p 00046000 00:49 1069695                    /usr/lib64/liblcms2.so.2.0.16
7f7a79354000-7f7a79357000 r--p 00060000 00:49 1069695                    /usr/lib64/liblcms2.so.2.0.16
7f7a79357000-7f7a7935a000 rw-p 00063000 00:49 1069695                    /usr/lib64/liblcms2.so.2.0.16
7f7a7935a000-7f7a7935b000 rw-p 00000000 00:00 0 
7f7a7935b000-7f7a79493000 r-xp 00000000 00:49 590523                     /usr/lib64/libsqlite3.so.3.50.2
7f7a79493000-7f7a794cc000 r--p 00138000 00:49 590523                     /usr/lib64/libsqlite3.so.3.50.2
7f7a794cc000-7f7a794d0000 r--p 00170000 00:49 590523                     /usr/lib64/libsqlite3.so.3.50.2
7f7a794d0000-7f7a794d4000 rw-p 00174000 00:49 590523                     /usr/lib64/libsqlite3.so.3.50.2
7f7a794d4000-7f7a794d5000 rw-p 00000000 00:00 0 
7f7a794d5000-7f7a794ed000 r-xp 00000000 00:49 1069644                    /usr/lib64/libjson-glib-1.0.so.0.1000.8
7f7a794ed000-7f7a794fe000 r--p 00018000 00:49 1069644                    /usr/lib64/libjson-glib-1.0.so.0.1000.8
7f7a794fe000-7f7a794ff000 r--p 00029000 00:49 1069644                    /usr/lib64/libjson-glib-1.0.so.0.1000.8
7f7a794ff000-7f7a79500000 rw-p 00000000 00:00 0 
7f7a79500000-7f7a7951c000 r-xp 00000000 00:49 7163058                    /usr/lib64/libatspi.so.0.0.1
7f7a7951c000-7f7a79536000 r--p 0001c000 00:49 7163058                    /usr/lib64/libatspi.so.0.0.1
7f7a79536000-7f7a7953a000 r--p 00036000 00:49 7163058                    /usr/lib64/libatspi.so.0.0.1
7f7a7953a000-7f7a7953b000 rw-p 0003a000 00:49 7163058                    /usr/lib64/libatspi.so.0.0.1
7f7a7953b000-7f7a79886000 r-xp 00000000 00:49 7154507                    /usr/lib64/libglycin-2.so.0
7f7a79886000-7f7a7993f000 r--p 0034b000 00:49 7154507                    /usr/lib64/libglycin-2.so.0
7f7a7993f000-7f7a79958000 r--p 00403000 00:49 7154507                    /usr/lib64/libglycin-2.so.0
7f7a79958000-7f7a7995b000 rw-p 0041c000 00:49 7154507                    /usr/lib64/libglycin-2.so.0
7f7a7995b000-7f7a7995c000 r-xp 00000000 00:49 1081827                    /usr/lib64/libXinerama.so.1.0.0
7f7a7995c000-7f7a7995d000 r--p 00001000 00:49 1081827                    /usr/lib64/libXinerama.so.1.0.0
7f7a7995d000-7f7a7995e000 r--p 00001000 00:49 1081827                    /usr/lib64/libXinerama.so.1.0.0
7f7a7995e000-7f7a7995f000 rw-p 00002000 00:49 1081827                    /usr/lib64/libXinerama.so.1.0.0
7f7a7995f000-7f7a79967000 r-xp 00000000 00:49 1070474                    /usr/lib64/libXrandr.so.2.2.0
7f7a79967000-7f7a7996a000 r--p 00008000 00:49 1070474                    /usr/lib64/libXrandr.so.2.2.0
7f7a7996a000-7f7a7996b000 r--p 0000a000 00:49 1070474                    /usr/lib64/libXrandr.so.2.2.0
7f7a7996b000-7f7a7996c000 rw-p 0000b000 00:49 1070474                    /usr/lib64/libXrandr.so.2.2.0
7f7a7996c000-7f7a79973000 r-xp 00000000 00:49 1070370                    /usr/lib64/libXcursor.so.1.0.2
7f7a79973000-7f7a79977000 r--p 00007000 00:49 1070370                    /usr/lib64/libXcursor.so.1.0.2
7f7a79977000-7f7a79978000 r--p 0000b000 00:49 1070370                    /usr/lib64/libXcursor.so.1.0.2
7f7a79978000-7f7a79979000 rw-p 00000000 00:00 0 
7f7a79979000-7f7a799fa000 r-xp 00000000 00:49 1078632                    /usr/lib64/libtinysparql-3.0.so.0.1001.0
7f7a799fa000-7f7a79a3e000 r--p 00081000 00:49 1078632                    /usr/lib64/libtinysparql-3.0.so.0.1001.0
7f7a79a3e000-7f7a79a4c000 r--p 000c5000 00:49 1078632                    /usr/lib64/libtinysparql-3.0.so.0.1001.0
7f7a79a4c000-7f7a79a4d000 rw-p 000d3000 00:49 1078632                    /usr/lib64/libtinysparql-3.0.so.0.1001.0
7f7a79a4d000-7f7a79a69000 r-xp 00000000 00:49 7163083                    /usr/lib64/libatk-bridge-2.0.so.0.0.0
7f7a79a69000-7f7a79a86000 r--p 0001c000 00:49 7163083                    /usr/lib64/libatk-bridge-2.0.so.0.0.0
7f7a79a86000-7f7a79a88000 r--p 00039000 00:49 7163083                    /usr/lib64/libatk-bridge-2.0.so.0.0.0
7f7a79a88000-7f7a79a8a000 rw-p 0003b000 00:49 7163083                    /usr/lib64/libatk-bridge-2.0.so.0.0.0
7f7a79a8a000-7f7a79e42000 r-xp 00000000 00:49 7163109                    /usr/lib64/libgtk-3.so.0.2420.32
7f7a79e42000-7f7a7a176000 r--p 003b8000 00:49 7163109                    /usr/lib64/libgtk-3.so.0.2420.32
7f7a7a176000-7f7a7a189000 r--p 006eb000 00:49 7163109                    /usr/lib64/libgtk-3.so.0.2420.32
7f7a7a189000-7f7a7a18b000 rw-p 006fe000 00:49 7163109                    /usr/lib64/libgtk-3.so.0.2420.32
7f7a7a18b000-7f7a7a190000 rw-p 00000000 00:00 0 
7f7a7a190000-7f7a88000000 r--p 00000000 00:49 7173786                    /usr/lib/locale/locale-archive
7f7a88000000-7f7a88021000 rw-p 00000000 00:00 0 
7f7a88021000-7f7a8c000000 ---p 00000000 00:00 0 
7f7a8c000000-7f7a8c021000 rw-p 00000000 00:00 0 
7f7a8c021000-7f7a90000000 ---p 00000000 00:00 0 
7f7a90000000-7f7a90240000 rw-p 00000000 00:00 0 
7f7a90240000-7f7a90400000 ---p 00000000 00:00 0 
7f7a90400000-7f7a909e0000 rw-p 00000000 00:00 0 
7f7a909e0000-7f7a94000000 ---p 00000000 00:00 0 
7f7a94000000-7f7a94021000 rw-p 00000000 00:00 0 
7f7a94021000-7f7a98000000 ---p 00000000 00:00 0 
7f7a98000000-7f7a98001000 r--p 00000000 00:00 0 
7f7a98001000-7f7a98002000 r-xp 00000000 00:00 0 
7f7a98002000-7f7a98003000 r--p 00000000 00:00 0 
7f7a98003000-7f7a98006000 r-xp 00000000 00:49 1069885                    /usr/lib64/libXfixes.so.3.1.0
7f7a98006000-7f7a98008000 r--p 00003000 00:49 1069885                    /usr/lib64/libXfixes.so.3.1.0
7f7a98008000-7f7a98009000 r--p 00004000 00:49 1069885                    /usr/lib64/libXfixes.so.3.1.0
7f7a98009000-7f7a9800a000 rw-p 00005000 00:49 1069885                    /usr/lib64/libXfixes.so.3.1.0
7f7a9800a000-7f7a98016000 r-xp 00000000 00:49 1081818                    /usr/lib64/libcloudproviders.so.0.3.6
7f7a98016000-7f7a98021000 r--p 0000c000 00:49 1081818                    /usr/lib64/libcloudproviders.so.0.3.6
7f7a98021000-7f7a98022000 r--p 00017000 00:49 1081818                    /usr/lib64/libcloudproviders.so.0.3.6
7f7a98022000-7f7a98023000 rw-p 00018000 00:49 1081818                    /usr/lib64/libcloudproviders.so.0.3.6
7f7a98023000-7f7a98030000 r-xp 00000000 00:49 1069808                    /usr/lib64/libXi.so.6.1.0
7f7a98030000-7f7a98034000 r--p 0000d000 00:49 1069808                    /usr/lib64/libXi.so.6.1.0
7f7a98034000-7f7a98035000 r--p 00011000 00:49 1069808                    /usr/lib64/libXi.so.6.1.0
7f7a98035000-7f7a98036000 rw-p 00012000 00:49 1069808                    /usr/lib64/libXi.so.6.1.0
7f7a98036000-7f7a980a3000 r-xp 00000000 00:49 1081809                    /usr/lib64/libepoxy.so.0.0.0
7f7a980a3000-7f7a98133000 r--p 0006d000 00:49 1081809                    /usr/lib64/libepoxy.so.0.0.0
7f7a98133000-7f7a9813b000 r--p 000fc000 00:49 1081809                    /usr/lib64/libepoxy.so.0.0.0
7f7a9813b000-7f7a98142000 rw-p 00104000 00:49 1081809                    /usr/lib64/libepoxy.so.0.0.0
7f7a98142000-7f7a98152000 r-xp 00000000 00:49 7163075                    /usr/lib64/libatk-1.0.so.0.25814.1
7f7a98152000-7f7a98164000 r--p 00010000 00:49 7163075                    /usr/lib64/libatk-1.0.so.0.25814.1
7f7a98164000-7f7a98167000 r--p 00021000 00:49 7163075                    /usr/lib64/libatk-1.0.so.0.25814.1
7f7a98167000-7f7a98168000 rw-p 00024000 00:49 7163075                    /usr/lib64/libatk-1.0.so.0.25814.1
7f7a98168000-7f7a98184000 r-xp 00000000 00:49 7154515                    /usr/lib64/libgdk_pixbuf-2.0.so.0.4400.4
7f7a98184000-7f7a98193000 r--p 0001c000 00:49 7154515                    /usr/lib64/libgdk_pixbuf-2.0.so.0.4400.4
7f7a98193000-7f7a98195000 r--p 0002a000 00:49 7154515                    /usr/lib64/libgdk_pixbuf-2.0.so.0.4400.4
7f7a98195000-7f7a98196000 rw-p 0002c000 00:49 7154515                    /usr/lib64/libgdk_pixbuf-2.0.so.0.4400.4
7f7a98196000-7f7a98198000 r-xp 00000000 00:49 1082923                    /usr/lib64/libcairo-gobject.so.2.11804.4
7f7a98198000-7f7a9819c000 r--p 00002000 00:49 1082923                    /usr/lib64/libcairo-gobject.so.2.11804.4
7f7a9819c000-7f7a9819e000 r--p 00005000 00:49 1082923                    /usr/lib64/libcairo-gobject.so.2.11804.4
7f7a9819e000-7f7a9819f000 rw-p 00000000 00:00 0 
7f7a9819f000-7f7a9822c000 r-xp 00000000 00:49 7163107                    /usr/lib64/libgdk-3.so.0.2420.32
7f7a9822c000-7f7a9828d000 r--p 0008d000 00:49 7163107                    /usr/lib64/libgdk-3.so.0.2420.32
7f7a9828d000-7f7a98297000 r--p 000ed000 00:49 7163107                    /usr/lib64/libgdk-3.so.0.2420.32
7f7a98297000-7f7a98299000 rw-p 000f7000 00:49 7163107                    /usr/lib64/libgdk-3.so.0.2420.32
7f7a98299000-7f7a9829a000 r-xp 00000000 00:00 0 
7f7a9829a000-7f7a9829b000 r--p 00000000 00:00 0 
7f7a9829b000-7f7a9829c000 r-xp 00000000 00:00 0 
7f7a9829c000-7f7a982a3000 r--s 00000000 00:49 7176855                    /usr/lib64/gconv/gconv-modules.cache
7f7a982a3000-7f7a982a6000 r-xp 00000000 00:49 7156450                    /usr/lib64/spa-0.2/support/libspa-dbus.so
7f7a982a6000-7f7a982a8000 r--p 00003000 00:49 7156450                    /usr/lib64/spa-0.2/support/libspa-dbus.so
7f7a982a8000-7f7a982a9000 r--p 00004000 00:49 7156450                    /usr/lib64/spa-0.2/support/libspa-dbus.so
7f7a982a9000-7f7a982aa000 rw-p 00005000 00:49 7156450                    /usr/lib64/spa-0.2/support/libspa-dbus.so
7f7a982aa000-7f7a982ab000 r-xp 00000000 00:49 590297                     /usr/lib64/libbrotlicommon.so.1.2.0
7f7a982ab000-7f7a982cb000 r--p 00001000 00:49 590297                     /usr/lib64/libbrotlicommon.so.1.2.0
7f7a982cb000-7f7a982cc000 r--p 00020000 00:49 590297                     /usr/lib64/libbrotlicommon.so.1.2.0
7f7a982cc000-7f7a982cd000 rw-p 00000000 00:00 0 
7f7a982cd000-7f7a982f3000 r-xp 00000000 00:49 7151705                    /usr/lib64/libblkid.so.1.1.0
7f7a982f3000-7f7a98300000 r--p 00026000 00:49 7151705                    /usr/lib64/libblkid.so.1.1.0
7f7a98300000-7f7a98306000 r--p 00033000 00:49 7151705                    /usr/lib64/libblkid.so.1.1.0
7f7a98306000-7f7a98307000 rw-p 00039000 00:49 7151705                    /usr/lib64/libblkid.so.1.1.0
7f7a98307000-7f7a9832c000 r-xp 00000000 00:49 590433                     /usr/lib64/liblzma.so.5.8.1
7f7a9832c000-7f7a9833a000 r--p 00025000 00:49 590433                     /usr/lib64/liblzma.so.5.8.1
7f7a9833a000-7f7a9833b000 r--p 00033000 00:49 590433                     /usr/lib64/liblzma.so.5.8.1
7f7a9833b000-7f7a9833c000 rw-p 00034000 00:49 590433                     /usr/lib64/liblzma.so.5.8.1
7f7a9833c000-7f7a9835f000 r-xp 00000000 00:49 6195619                    /usr/lib64/libgcc_s-15-20260123.so.1
7f7a9835f000-7f7a98366000 r--p 00023000 00:49 6195619                    /usr/lib64/libgcc_s-15-20260123.so.1
7f7a98366000-7f7a98367000 r--p 0002a000 00:49 6195619                    /usr/lib64/libgcc_s-15-20260123.so.1
7f7a98367000-7f7a98368000 rw-p 00000000 00:00 0 
7f7a98368000-7f7a9836e000 r-xp 00000000 00:49 7151721                    /usr/lib64/libcap.so.2.76
7f7a9836e000-7f7a98372000 r--p 00006000 00:49 7151721                    /usr/lib64/libcap.so.2.76
7f7a98372000-7f7a98373000 r--p 00009000 00:49 7151721                    /usr/lib64/libcap.so.2.76
7f7a98373000-7f7a98374000 rw-p 0000a000 00:49 7151721                    /usr/lib64/libcap.so.2.76
7f7a98374000-7f7a9837d000 r-xp 00000000 00:49 590314                     /usr/lib64/libbrotlidec.so.1.2.0
7f7a9837d000-7f7a98380000 r--p 00009000 00:49 590314                     /usr/lib64/libbrotlidec.so.1.2.0
7f7a98380000-7f7a98381000 r--p 0000c000 00:49 590314                     /usr/lib64/libbrotlidec.so.1.2.0
7f7a98381000-7f7a98382000 rw-p 00000000 00:00 0 
7f7a98382000-7f7a98391000 r-xp 00000000 00:49 590315                     /usr/lib64/libbz2.so.1.0.8
7f7a98391000-7f7a98394000 r--p 0000f000 00:49 590315                     /usr/lib64/libbz2.so.1.0.8
7f7a98394000-7f7a98395000 r--p 00011000 00:49 590315                     /usr/lib64/libbz2.so.1.0.8
7f7a98395000-7f7a98396000 rw-p 00012000 00:49 590315                     /usr/lib64/libbz2.so.1.0.8
7f7a98396000-7f7a9839a000 r-xp 00000000 00:49 1079043                    /usr/lib64/libdatrie.so.1.4.0
7f7a9839a000-7f7a9839c000 r--p 00004000 00:49 1079043                    /usr/lib64/libdatrie.so.1.4.0
7f7a9839c000-7f7a9839d000 r--p 00005000 00:49 1079043                    /usr/lib64/libdatrie.so.1.4.0
7f7a9839d000-7f7a9839e000 rw-p 00000000 00:00 0 
7f7a9839e000-7f7a983be000 r-xp 00000000 00:49 590514                     /usr/lib64/libselinux.so.1
7f7a983be000-7f7a983cb000 r--p 00020000 00:49 590514                     /usr/lib64/libselinux.so.1
7f7a983cb000-7f7a983cc000 r--p 0002d000 00:49 590514                     /usr/lib64/libselinux.so.1
7f7a983cc000-7f7a983cd000 rw-p 0002e000 00:49 590514                     /usr/lib64/libselinux.so.1
7f7a983cd000-7f7a983cf000 rw-p 00000000 00:00 0 
7f7a983cf000-7f7a9840a000 r-xp 00000000 00:49 7151787                    /usr/lib64/libmount.so.1.1.0
7f7a9840a000-7f7a98421000 r--p 0003b000 00:49 7151787                    /usr/lib64/libmount.so.1.1.0
7f7a98421000-7f7a98423000 r--p 00052000 00:49 7151787                    /usr/lib64/libmount.so.1.1.0
7f7a98423000-7f7a98424000 rw-p 00054000 00:49 7151787                    /usr/lib64/libmount.so.1.1.0
7f7a98424000-7f7a98426000 r-xp 00000000 00:49 7151903                    /usr/lib64/libgmodule-2.0.so.0.8600.5
7f7a98426000-7f7a98428000 r--p 00002000 00:49 7151903                    /usr/lib64/libgmodule-2.0.so.0.8600.5
7f7a98428000-7f7a98429000 r--p 00003000 00:49 7151903                    /usr/lib64/libgmodule-2.0.so.0.8600.5
7f7a98429000-7f7a9842a000 rw-p 00004000 00:49 7151903                    /usr/lib64/libgmodule-2.0.so.0.8600.5
7f7a9842a000-7f7a9851c000 r-xp 00000000 00:49 590580                     /usr/lib64/libxml2.so.2.12.10
7f7a9851c000-7f7a9857b000 r--p 000f2000 00:49 590580                     /usr/lib64/libxml2.so.2.12.10
7f7a9857b000-7f7a98586000 r--p 00150000 00:49 590580                     /usr/lib64/libxml2.so.2.12.10
7f7a98586000-7f7a98587000 rw-p 0015b000 00:49 590580                     /usr/lib64/libxml2.so.2.12.10
7f7a98587000-7f7a98588000 rw-p 00000000 00:00 0 
7f7a98588000-7f7a985a0000 r-xp 00000000 00:49 1082614                    /usr/lib64/libgraphite2.so.3.2.1
7f7a985a0000-7f7a985a4000 r--p 00018000 00:49 1082614                    /usr/lib64/libgraphite2.so.3.2.1
7f7a985a4000-7f7a985a6000 r--p 0001c000 00:49 1082614                    /usr/lib64/libgraphite2.so.3.2.1
7f7a985a6000-7f7a985a7000 rw-p 00000000 00:00 0 
7f7a985a7000-7f7a98625000 r-xp 00000000 00:49 590479                     /usr/lib64/libpcre2-8.so.0.15.0
7f7a98625000-7f7a98652000 r--p 0007e000 00:49 590479                     /usr/lib64/libpcre2-8.so.0.15.0
7f7a98652000-7f7a98653000 r--p 000aa000 00:49 590479                     /usr/lib64/libpcre2-8.so.0.15.0
7f7a98653000-7f7a98654000 rw-p 000ab000 00:49 590479                     /usr/lib64/libpcre2-8.so.0.15.0
7f7a98654000-7f7a98719000 r-xp 00000000 00:49 7151746                    /usr/lib64/libsystemd.so.0.41.0
7f7a98719000-7f7a98770000 r--p 000c5000 00:49 7151746                    /usr/lib64/libsystemd.so.0.41.0
7f7a98770000-7f7a98779000 r--p 0011b000 00:49 7151746                    /usr/lib64/libsystemd.so.0.41.0
7f7a98779000-7f7a9877a000 rw-p 00124000 00:49 7151746                    /usr/lib64/libsystemd.so.0.41.0
7f7a9877a000-7f7a9877b000 rw-p 00000000 00:00 0 
7f7a9877b000-7f7a9880d000 r-xp 00000000 00:49 1079059                    /usr/lib64/libpixman-1.so.0.46.2
7f7a9880d000-7f7a98821000 r--p 00092000 00:49 1079059                    /usr/lib64/libpixman-1.so.0.46.2
7f7a98821000-7f7a98829000 r--p 000a6000 00:49 1079059                    /usr/lib64/libpixman-1.so.0.46.2
7f7a98829000-7f7a9882a000 rw-p 000ae000 00:49 1079059                    /usr/lib64/libpixman-1.so.0.46.2
7f7a9882a000-7f7a98830000 r-xp 00000000 00:49 1066396                    /usr/lib64/libxcb-render.so.0.0.0
7f7a98830000-7f7a98837000 r--p 00006000 00:49 1066396                    /usr/lib64/libxcb-render.so.0.0.0
7f7a98837000-7f7a98838000 r--p 0000d000 00:49 1066396                    /usr/lib64/libxcb-render.so.0.0.0
7f7a98838000-7f7a98839000 rw-p 0000e000 00:49 1066396                    /usr/lib64/libxcb-render.so.0.0.0
7f7a98839000-7f7a9884d000 r-xp 00000000 00:49 1066426                    /usr/lib64/libxcb.so.1.1.0
7f7a9884d000-7f7a98861000 r--p 00014000 00:49 1066426                    /usr/lib64/libxcb.so.1.1.0
7f7a98861000-7f7a98862000 r--p 00028000 00:49 1066426                    /usr/lib64/libxcb.so.1.1.0
7f7a98862000-7f7a98863000 rw-p 00029000 00:49 1066426                    /usr/lib64/libxcb.so.1.1.0
7f7a98863000-7f7a9886a000 r-xp 00000000 00:49 1069663                    /usr/lib64/libXrender.so.1.3.0
7f7a9886a000-7f7a9886d000 r--p 00007000 00:49 1069663                    /usr/lib64/libXrender.so.1.3.0
7f7a9886d000-7f7a9886e000 r--p 00009000 00:49 1069663                    /usr/lib64/libXrender.so.1.3.0
7f7a9886e000-7f7a9886f000 rw-p 0000a000 00:49 1069663                    /usr/lib64/libXrender.so.1.3.0
7f7a9886f000-7f7a9887b000 r-xp 00000000 00:49 1066436                    /usr/lib64/libXext.so.6.4.0
7f7a9887b000-7f7a98881000 r--p 0000c000 00:49 1066436                    /usr/lib64/libXext.so.6.4.0
7f7a98881000-7f7a98882000 r--p 00011000 00:49 1066436                    /usr/lib64/libXext.so.6.4.0
7f7a98882000-7f7a98883000 rw-p 00012000 00:49 1066436                    /usr/lib64/libXext.so.6.4.0
7f7a98883000-7f7a9891c000 r-xp 00000000 00:49 7155085                    /usr/lib64/libX11.so.6.4.0
7f7a9891c000-7f7a989c1000 r--p 00099000 00:49 7155085                    /usr/lib64/libX11.so.6.4.0
7f7a989c1000-7f7a989c4000 r--p 0013d000 00:49 7155085                    /usr/lib64/libX11.so.6.4.0
7f7a989c4000-7f7a989c8000 rw-p 00140000 00:49 7155085                    /usr/lib64/libX11.so.6.4.0
7f7a989c8000-7f7a98a5e000 r-xp 00000000 00:49 1082624                    /usr/lib64/libfreetype.so.6.20.2
7f7a98a5e000-7f7a98a89000 r--p 00096000 00:49 1082624                    /usr/lib64/libfreetype.so.6.20.2
7f7a98a89000-7f7a98a91000 r--p 000c1000 00:49 1082624                    /usr/lib64/libfreetype.so.6.20.2
7f7a98a91000-7f7a98a92000 rw-p 00000000 00:00 0 
7f7a98a92000-7f7a98abd000 r-xp 00000000 00:49 7152136                    /usr/lib64/libpng16.so.16.56.0
7f7a98abd000-7f7a98acb000 r--p 0002b000 00:49 7152136                    /usr/lib64/libpng16.so.16.56.0
7f7a98acb000-7f7a98acc000 r--p 00038000 00:49 7152136                    /usr/lib64/libpng16.so.16.56.0
7f7a98acc000-7f7a98acd000 rw-p 00000000 00:00 0 
7f7a98acd000-7f7a98ae9000 r-xp 00000000 00:49 7151660                    /usr/lib64/libz.so.1.3.1.zlib-ng
7f7a98ae9000-7f7a98af3000 r--p 0001c000 00:49 7151660                    /usr/lib64/libz.so.1.3.1.zlib-ng
7f7a98af3000-7f7a98af4000 r--p 00026000 00:49 7151660                    /usr/lib64/libz.so.1.3.1.zlib-ng
7f7a98af4000-7f7a98af5000 rw-p 00027000 00:49 7151660                    /usr/lib64/libz.so.1.3.1.zlib-ng
7f7a98af5000-7f7a98c14000 r-xp 00000000 00:49 7151897                    /usr/lib64/libgio-2.0.so.0.8600.5
7f7a98c14000-7f7a98cbc000 r--p 0011f000 00:49 7151897                    /usr/lib64/libgio-2.0.so.0.8600.5
7f7a98cbc000-7f7a98cc5000 r--p 001c6000 00:49 7151897                    /usr/lib64/libgio-2.0.so.0.8600.5
7f7a98cc5000-7f7a98cc6000 rw-p 001cf000 00:49 7151897                    /usr/lib64/libgio-2.0.so.0.8600.5
7f7a98cc6000-7f7a98cc8000 rw-p 00000000 00:00 0 
7f7a98cc8000-7f7a98cf9000 r-xp 00000000 00:49 1082696                    /usr/lib64/libfontconfig.so.1.16.0
7f7a98cf9000-7f7a98d15000 r--p 00031000 00:49 1082696                    /usr/lib64/libfontconfig.so.1.16.0
7f7a98d15000-7f7a98d17000 r--p 0004d000 00:49 1082696                    /usr/lib64/libfontconfig.so.1.16.0
7f7a98d17000-7f7a98d18000 rw-p 0004f000 00:49 1082696                    /usr/lib64/libfontconfig.so.1.16.0
7f7a98d18000-7f7a98e06000 r-xp 00000000 00:49 1082641                    /usr/lib64/libharfbuzz.so.0.61151.0
7f7a98e06000-7f7a98e49000 r--p 000ee000 00:49 1082641                    /usr/lib64/libharfbuzz.so.0.61151.0
7f7a98e49000-7f7a98e4b000 r--p 00130000 00:49 1082641                    /usr/lib64/libharfbuzz.so.0.61151.0
7f7a98e4b000-7f7a98e4c000 rw-p 00132000 00:49 1082641                    /usr/lib64/libharfbuzz.so.0.61151.0
7f7a98e4c000-7f7a98ef3000 r-xp 00000000 00:49 7151901                    /usr/lib64/libglib-2.0.so.0.8600.5
7f7a98ef3000-7f7a98fa0000 r--p 000a7000 00:49 7151901                    /usr/lib64/libglib-2.0.so.0.8600.5
7f7a98fa0000-7f7a98fa1000 r--p 00154000 00:49 7151901                    /usr/lib64/libglib-2.0.so.0.8600.5
7f7a98fa1000-7f7a98fa2000 rw-p 00155000 00:49 7151901                    /usr/lib64/libglib-2.0.so.0.8600.5
7f7a98fa2000-7f7a98fa3000 rw-p 00000000 00:00 0 
7f7a98fa3000-7f7a98fd7000 r-xp 00000000 00:49 1069583                    /usr/lib64/libdbus-1.so.3.38.3
7f7a98fd7000-7f7a98ff4000 r--p 00034000 00:49 1069583                    /usr/lib64/libdbus-1.so.3.38.3
7f7a98ff4000-7f7a98ff6000 r--p 00051000 00:49 1069583                    /usr/lib64/libdbus-1.so.3.38.3
7f7a98ff6000-7f7a98ff7000 rw-p 00053000 00:49 1069583                    /usr/lib64/libdbus-1.so.3.38.3
7f7a98ff7000-7f7a990ed000 r-xp 00000000 00:49 1082910                    /usr/lib64/libcairo.so.2.11804.4
7f7a990ed000-7f7a9912e000 r--p 000f6000 00:49 1082910                    /usr/lib64/libcairo.so.2.11804.4
7f7a9912e000-7f7a99132000 r--p 00137000 00:49 1082910                    /usr/lib64/libcairo.so.2.11804.4
7f7a99132000-7f7a99134000 rw-p 0013b000 00:49 1082910                    /usr/lib64/libcairo.so.2.11804.4
7f7a99134000-7f7a99135000 rw-p 00000000 00:00 0 
7f7a99135000-7f7a9916d000 r-xp 00000000 00:49 7151905                    /usr/lib64/libgobject-2.0.so.0.8600.5
7f7a9916d000-7f7a99190000 r--p 00038000 00:49 7151905                    /usr/lib64/libgobject-2.0.so.0.8600.5
7f7a99190000-7f7a99193000 r--p 0005a000 00:49 7151905                    /usr/lib64/libgobject-2.0.so.0.8600.5
7f7a99193000-7f7a99194000 rw-p 0005d000 00:49 7151905                    /usr/lib64/libgobject-2.0.so.0.8600.5
7f7a99194000-7f7a991d4000 r-xp 00000000 00:49 7155104                    /usr/lib64/libpango-1.0.so.0.5701.0
7f7a991d4000-7f7a991fb000 r--p 00040000 00:49 7155104                    /usr/lib64/libpango-1.0.so.0.5701.0
7f7a991fb000-7f7a991ff000 r--p 00066000 00:49 7155104                    /usr/lib64/libpango-1.0.so.0.5701.0
7f7a991ff000-7f7a99200000 rw-p 0006a000 00:49 7155104                    /usr/lib64/libpango-1.0.so.0.5701.0
7f7a99200000-7f7a99204000 ---p 00000000 00:00 0 
7f7a99204000-7f7a99300000 rw-p 00000000 00:00 0 
7f7a99300000-7f7a99304000 ---p 00000000 00:00 0 
7f7a99304000-7f7a99400000 rw-p 00000000 00:00 0 
7f7a99400000-7f7a99c00000 rw-p 00000000 00:00 0 
7f7a99c00000-7f7a99c01000 r-xp 00000000 00:49 1070270                    /usr/lib64/libXcomposite.so.1.0.0
7f7a99c01000-7f7a99c02000 r--p 00001000 00:49 1070270                    /usr/lib64/libXcomposite.so.1.0.0
7f7a99c02000-7f7a99c03000 r--p 00001000 00:49 1070270                    /usr/lib64/libXcomposite.so.1.0.0
7f7a99c03000-7f7a99c04000 rw-p 00000000 00:00 0 
7f7a99c04000-7f7a99c0a000 r-xp 00000000 00:49 1070236                    /usr/lib64/libfribidi.so.0.4.0
7f7a99c0a000-7f7a99c22000 r--p 00006000 00:49 1070236                    /usr/lib64/libfribidi.so.0.4.0
7f7a99c22000-7f7a99c23000 r--p 0001d000 00:49 1070236                    /usr/lib64/libfribidi.so.0.4.0
7f7a99c23000-7f7a99c24000 rw-p 0001e000 00:49 1070236                    /usr/lib64/libfribidi.so.0.4.0
7f7a99c24000-7f7a99c33000 r-xp 00000000 00:49 7155108                    /usr/lib64/libpangoft2-1.0.so.0.5701.0
7f7a99c33000-7f7a99c3e000 r--p 0000f000 00:49 7155108                    /usr/lib64/libpangoft2-1.0.so.0.5701.0
7f7a99c3e000-7f7a99c3f000 r--p 0001a000 00:49 7155108                    /usr/lib64/libpangoft2-1.0.so.0.5701.0
7f7a99c3f000-7f7a99c40000 rw-p 00000000 00:00 0 
7f7a99c40000-7f7a99c6c000 r-xp 00000000 00:49 1079035                    /usr/lib64/libxkbcommon.so.0.11.0
7f7a99c6c000-7f7a99c96000 r--p 0002c000 00:49 1079035                    /usr/lib64/libxkbcommon.so.0.11.0
7f7a99c96000-7f7a99c98000 r--p 00056000 00:49 1079035                    /usr/lib64/libxkbcommon.so.0.11.0
7f7a99c98000-7f7a99c99000 rw-p 00058000 00:49 1079035                    /usr/lib64/libxkbcommon.so.0.11.0
7f7a99c99000-7f7a99cbe000 r-xp 00000000 00:38 2565                       /tmp/lwjgl_bazzite/3.4.1+2/x64/libglfw.so
7f7a99cbe000-7f7a99d0d000 r--p 00025000 00:38 2565                       /tmp/lwjgl_bazzite/3.4.1+2/x64/libglfw.so
7f7a99d0d000-7f7a99d11000 r--p 00074000 00:38 2565                       /tmp/lwjgl_bazzite/3.4.1+2/x64/libglfw.so
7f7a99d11000-7f7a99d14000 rw-p 00078000 00:38 2565                       /tmp/lwjgl_bazzite/3.4.1+2/x64/libglfw.so
7f7a99d14000-7f7a99d37000 rw-p 00000000 00:00 0 
7f7a99d37000-7f7a99d97000 r-xp 00000000 00:38 2564                       /tmp/lwjgl_bazzite/3.4.1+2/x64/libjemalloc.so
7f7a99d97000-7f7a99db0000 r--p 00060000 00:38 2564                       /tmp/lwjgl_bazzite/3.4.1+2/x64/libjemalloc.so
7f7a99db0000-7f7a99db7000 r--p 00078000 00:38 2564                       /tmp/lwjgl_bazzite/3.4.1+2/x64/libjemalloc.so
7f7a99db7000-7f7a99db8000 rw-p 0007f000 00:38 2564                       /tmp/lwjgl_bazzite/3.4.1+2/x64/libjemalloc.so
7f7a99db8000-7f7a99fc2000 rw-p 00000000 00:00 0 
7f7a99fc2000-7f7a99fc6000 ---p 00000000 00:00 0 
7f7a99fc6000-7f7a9a0c2000 rw-p 00000000 00:00 0 
7f7a9a0c2000-7f7a9a1ac000 r-xp 00000000 00:49 7160192                    /usr/lib64/libnss3.so
7f7a9a1ac000-7f7a9a1f6000 r--p 000ea000 00:49 7160192                    /usr/lib64/libnss3.so
7f7a9a1f6000-7f7a9a1fd000 r--p 00134000 00:49 7160192                    /usr/lib64/libnss3.so
7f7a9a1fd000-7f7a9a1fe000 rw-p 0013b000 00:49 7160192                    /usr/lib64/libnss3.so
7f7a9a1fe000-7f7a9a200000 rw-p 00000000 00:00 0 
7f7a9a200000-7f7a9a220000 r-xp 00000000 00:38 198                        /tmp/libgdxbazzite/da3a4817/libgdx64.so
7f7a9a220000-7f7a9a420000 ---p 00020000 00:38 198                        /tmp/libgdxbazzite/da3a4817/libgdx64.so
7f7a9a420000-7f7a9a421000 r--p 00020000 00:38 198                        /tmp/libgdxbazzite/da3a4817/libgdx64.so
7f7a9a421000-7f7a9a422000 rw-p 00021000 00:38 198                        /tmp/libgdxbazzite/da3a4817/libgdx64.so
7f7a9a422000-7f7a9a424000 r-xp 00000000 00:49 1066338                    /usr/lib64/libXau.so.6.0.0
7f7a9a424000-7f7a9a425000 r--p 00002000 00:49 1066338                    /usr/lib64/libXau.so.6.0.0
7f7a9a425000-7f7a9a426000 r--p 00003000 00:49 1066338                    /usr/lib64/libXau.so.6.0.0
7f7a9a426000-7f7a9a427000 rw-p 00000000 00:00 0 
7f7a9a427000-7f7a9a42c000 r-xp 00000000 00:49 1079049                    /usr/lib64/libthai.so.0.3.1
7f7a9a42c000-7f7a9a430000 r--p 00005000 00:49 1079049                    /usr/lib64/libthai.so.0.3.1
7f7a9a430000-7f7a9a431000 r--p 00009000 00:49 1079049                    /usr/lib64/libthai.so.0.3.1
7f7a9a431000-7f7a9a432000 rw-p 0000a000 00:49 1079049                    /usr/lib64/libthai.so.0.3.1
7f7a9a432000-7f7a9a43c000 r-xp 00000000 00:49 7155106                    /usr/lib64/libpangocairo-1.0.so.0.5701.0
7f7a9a43c000-7f7a9a443000 r--p 0000a000 00:49 7155106                    /usr/lib64/libpangocairo-1.0.so.0.5701.0
7f7a9a443000-7f7a9a444000 r--p 00010000 00:49 7155106                    /usr/lib64/libpangocairo-1.0.so.0.5701.0
7f7a9a444000-7f7a9a445000 rw-p 00011000 00:49 7155106                    /usr/lib64/libpangocairo-1.0.so.0.5701.0
7f7a9a445000-7f7a9a44c000 r-xp 00000000 00:49 1221932                    /usr/lib64/libdecor/plugins-1/libdecor-cairo.so
7f7a9a44c000-7f7a9a451000 r--p 00007000 00:49 1221932                    /usr/lib64/libdecor/plugins-1/libdecor-cairo.so
7f7a9a451000-7f7a9a454000 r--p 0000b000 00:49 1221932                    /usr/lib64/libdecor/plugins-1/libdecor-cairo.so
7f7a9a454000-7f7a9a455000 rw-p 0000e000 00:49 1221932                    /usr/lib64/libdecor/plugins-1/libdecor-cairo.so
7f7a9a455000-7f7a9a458000 r-xp 00000000 00:49 1070228                    /usr/lib64/libwayland-cursor.so.0.24.0
7f7a9a458000-7f7a9a45a000 r--p 00003000 00:49 1070228                    /usr/lib64/libwayland-cursor.so.0.24.0
7f7a9a45a000-7f7a9a45b000 r--p 00004000 00:49 1070228                    /usr/lib64/libwayland-cursor.so.0.24.0
7f7a9a45b000-7f7a9a45f000 rw-p 00005000 00:49 1070228                    /usr/lib64/libwayland-cursor.so.0.24.0
7f7a9a45f000-7f7a9a46a000 r-xp 00000000 00:49 590336                     /usr/lib64/libffi.so.8.2.0
7f7a9a46a000-7f7a9a46d000 r--p 0000b000 00:49 590336                     /usr/lib64/libffi.so.8.2.0
7f7a9a46d000-7f7a9a46e000 r--p 0000d000 00:49 590336                     /usr/lib64/libffi.so.8.2.0
7f7a9a46e000-7f7a9a46f000 rw-p 0000e000 00:49 590336                     /usr/lib64/libffi.so.8.2.0
7f7a9a46f000-7f7a9a497000 r-xp 00000000 00:49 7151776                    /usr/lib64/libnspr4.so
7f7a9a497000-7f7a9a4ab000 r--p 00028000 00:49 7151776                    /usr/lib64/libnspr4.so
7f7a9a4ab000-7f7a9a4ad000 r--p 0003b000 00:49 7151776                    /usr/lib64/libnspr4.so
7f7a9a4ad000-7f7a9a4ae000 rw-p 0003d000 00:49 7151776                    /usr/lib64/libnspr4.so
7f7a9a4ae000-7f7a9a4b1000 rw-p 00000000 00:00 0 
7f7a9a4b1000-7f7a9a4e6000 r-xp 00000000 00:38 2561                       /tmp/lwjgl_bazzite/3.4.1+2/x64/liblwjgl.so
7f7a9a4e6000-7f7a9a52e000 r--p 00035000 00:38 2561                       /tmp/lwjgl_bazzite/3.4.1+2/x64/liblwjgl.so
7f7a9a52e000-7f7a9a52f000 r--p 0007c000 00:38 2561                       /tmp/lwjgl_bazzite/3.4.1+2/x64/liblwjgl.so
7f7a9a52f000-7f7a9a530000 rw-p 0007d000 00:38 2561                       /tmp/lwjgl_bazzite/3.4.1+2/x64/liblwjgl.so
7f7a9a530000-7f7a9a534000 ---p 00000000 00:00 0 
7f7a9a534000-7f7a9a630000 rw-p 00000000 00:00 0 
7f7a9a630000-7f7a9a634000 ---p 00000000 00:00 0 
7f7a9a634000-7f7a9a730000 rw-p 00000000 00:00 0 
7f7a9a730000-7f7a9a734000 ---p 00000000 00:00 0 
7f7a9a734000-7f7a9a830000 rw-p 00000000 00:00 0 
7f7a9a830000-7f7a9a871000 r-xp 00000000 00:49 7160482                    /usr/lib/jvm/java-21-openjdk/lib/libjsvml.so
7f7a9a871000-7f7a9a8fe000 r--p 00041000 00:49 7160482                    /usr/lib/jvm/java-21-openjdk/lib/libjsvml.so
7f7a9a8fe000-7f7a9a8ff000 r--p 000cd000 00:49 7160482                    /usr/lib/jvm/java-21-openjdk/lib/libjsvml.so
7f7a9a8ff000-7f7a9a900000 rw-p 000ce000 00:49 7160482                    /usr/lib/jvm/java-21-openjdk/lib/libjsvml.so
7f7a9a900000-7f7a9a904000 ---p 00000000 00:00 0 
7f7a9a904000-7f7a9aa00000 rw-p 00000000 00:00 0 
7f7a9aa00000-7f7a9aa04000 ---p 00000000 00:00 0 
7f7a9aa04000-7f7a9ab00000 rw-p 00000000 00:00 0 
7f7a9ab00000-7f7a9ab04000 ---p 00000000 00:00 0 
7f7a9ab04000-7f7a9ac00000 rw-p 00000000 00:00 0 
7f7a9ac00000-7f7a9ac04000 ---p 00000000 00:00 0 
7f7a9ac04000-7f7a9ad00000 rw-p 00000000 00:00 0 
7f7a9ad00000-7f7a9ad04000 ---p 00000000 00:00 0 
7f7a9ad04000-7f7a9ae00000 rw-p 00000000 00:00 0 
7f7a9ae00000-7f7a9ae04000 ---p 00000000 00:00 0 
7f7a9ae04000-7f7a9af00000 rw-p 00000000 00:00 0 
7f7a9af00000-7f7a9af04000 ---p 00000000 00:00 0 
7f7a9af04000-7f7a9b000000 rw-p 00000000 00:00 0 
7f7a9b000000-7f7a9b482000 rw-p 00001000 00:49 7160503                    /usr/lib/jvm/java-21-openjdk/lib/server/classes.jsa
7f7a9b482000-7f7a9bc9d000 rw-p 00483000 00:49 7160503                    /usr/lib/jvm/java-21-openjdk/lib/server/classes.jsa
7f7a9bc9d000-7f7a9c000000 ---p 00000000 00:00 0 
7f7a9c000000-7f7a9c040000 rw-p 00000000 00:00 0 
7f7a9c040000-7f7a9c070000 rw-p 00000000 00:00 0 
7f7a9c070000-7f7a9c080000 ---p 00000000 00:00 0 
7f7a9c080000-7f7a9c0e0000 rw-p 00000000 00:00 0 
7f7a9c0e0000-7f7adc000000 ---p 00000000 00:00 0 
7f7adc000000-7f7adc021000 rw-p 00000000 00:00 0 
7f7adc021000-7f7ae0000000 ---p 00000000 00:00 0 
7f7ae0000000-7f7ae0021000 rw-p 00000000 00:00 0 
7f7ae0021000-7f7ae4000000 ---p 00000000 00:00 0 
7f7ae4000000-7f7ae4021000 rw-p 00000000 00:00 0 
7f7ae4021000-7f7ae8000000 ---p 00000000 00:00 0 
7f7ae8000000-7f7ae8021000 rw-p 00000000 00:00 0 
7f7ae8021000-7f7aec000000 ---p 00000000 00:00 0 
7f7aec000000-7f7aec021000 rw-p 00000000 00:00 0 
7f7aec021000-7f7af0000000 ---p 00000000 00:00 0 
7f7af0000000-7f7af0001000 r-xp 00000000 00:49 1070380                    /usr/lib64/libXdamage.so.1.1.0
7f7af0001000-7f7af0002000 r--p 00001000 00:49 1070380                    /usr/lib64/libXdamage.so.1.1.0
7f7af0002000-7f7af0003000 r--p 00001000 00:49 1070380                    /usr/lib64/libXdamage.so.1.1.0
7f7af0003000-7f7af0004000 rw-p 00000000 00:00 0 
7f7af0004000-7f7af0005000 r-xp 00000000 00:49 1066404                    /usr/lib64/libxcb-shm.so.0.0.0
7f7af0005000-7f7af0006000 r--p 00001000 00:49 1066404                    /usr/lib64/libxcb-shm.so.0.0.0
7f7af0006000-7f7af0007000 r--p 00002000 00:49 1066404                    /usr/lib64/libxcb-shm.so.0.0.0
7f7af0007000-7f7af0008000 rw-p 00003000 00:49 1066404                    /usr/lib64/libxcb-shm.so.0.0.0
7f7af0008000-7f7af000f000 r-xp 00000000 00:49 1066644                    /usr/lib64/libwayland-client.so.0.24.0
7f7af000f000-7f7af0014000 r--p 00007000 00:49 1066644                    /usr/lib64/libwayland-client.so.0.24.0
7f7af0014000-7f7af0016000 r--p 0000c000 00:49 1066644                    /usr/lib64/libwayland-client.so.0.24.0
7f7af0016000-7f7af0017000 rw-p 0000e000 00:49 1066644                    /usr/lib64/libwayland-client.so.0.24.0
7f7af0017000-7f7af0219000 rw-p 00000000 00:00 0 
7f7af0219000-7f7af02f5000 rw-p 00000000 00:00 0 
7f7af02f5000-7f7af04f7000 rw-p 00000000 00:00 0 
7f7af04f7000-7f7af2e00000 rw-p 00000000 00:00 0 
7f7af2e00000-7f7af2e01000 rw-s 00000000 00:01 37240                      /memfd:lp_dma_buf (deleted)
7f7af2e01000-7f7af2e04000 r-xp 00000000 00:49 1221930                    /usr/lib64/libdecor-0.so.0.200.5
7f7af2e04000-7f7af2e07000 r--p 00003000 00:49 1221930                    /usr/lib64/libdecor-0.so.0.200.5
7f7af2e07000-7f7af2e08000 r--p 00006000 00:49 1221930                    /usr/lib64/libdecor-0.so.0.200.5
7f7af2e08000-7f7af2e09000 rw-p 00007000 00:49 1221930                    /usr/lib64/libdecor-0.so.0.200.5
7f7af2e09000-7f7af2e0a000 rw-s 00000000 00:01 37239                      /memfd:pipewire-memfd:flags=0x0000000f,type=2,size=4096 (deleted)
7f7af2e0a000-7f7af2e0b000 rw-s 00000000 00:01 32060                      /memfd:pipewire-memfd:flags=0x0000000f,type=2,size=2312 (deleted)
7f7af2e0b000-7f7af2e0c000 rw-s 00000000 00:01 32061                      /memfd:pipewire-memfd:flags=0x0000000f,type=2,size=2312 (deleted)
7f7af2e0c000-7f7af2e0d000 rw-s 00000000 00:01 37238                      /memfd:pipewire-memfd:flags=0x0000000f,type=2,size=2312 (deleted)
7f7af2e0d000-7f7af2e0e000 rw-s 00000000 00:01 32248                      /memfd:pipewire-memfd:flags=0x0000000f,type=2,size=2312 (deleted)
7f7af2e0e000-7f7af2e10000 r-xp 00000000 00:49 7156451                    /usr/lib64/spa-0.2/support/libspa-journal.so
7f7af2e10000-7f7af2e11000 r--p 00002000 00:49 7156451                    /usr/lib64/spa-0.2/support/libspa-journal.so
7f7af2e11000-7f7af2e12000 r--p 00002000 00:49 7156451                    /usr/lib64/spa-0.2/support/libspa-journal.so
7f7af2e12000-7f7af2e13000 rw-p 00003000 00:49 7156451                    /usr/lib64/spa-0.2/support/libspa-journal.so
7f7af2e13000-7f7af2e14000 rw-p 00000000 00:00 0 
7f7af2e14000-7f7af2e16000 r-xp 00000000 00:49 7151778                    /usr/lib64/libplds4.so
7f7af2e16000-7f7af2e18000 r--p 00002000 00:49 7151778                    /usr/lib64/libplds4.so
7f7af2e18000-7f7af2e19000 r--p 00003000 00:49 7151778                    /usr/lib64/libplds4.so
7f7af2e19000-7f7af2e1a000 rw-p 00004000 00:49 7151778                    /usr/lib64/libplds4.so
7f7af2e1a000-7f7af2e2e000 r-xp 00000000 00:49 7151782                    /usr/lib64/libnssutil3.so
7f7af2e2e000-7f7af2e40000 r--p 00014000 00:49 7151782                    /usr/lib64/libnssutil3.so
7f7af2e40000-7f7af2e47000 r--p 00026000 00:49 7151782                    /usr/lib64/libnssutil3.so
7f7af2e47000-7f7af2e48000 rw-p 0002d000 00:49 7151782                    /usr/lib64/libnssutil3.so
7f7af2e48000-7f7af2e49000 rw-p 00000000 00:00 0 
7f7af2e49000-7f7af2e4a000 r-xp 00000000 00:49 1070223                    /usr/lib64/libwayland-egl.so.1.24.0
7f7af2e4a000-7f7af2e4b000 r--p 00001000 00:49 1070223                    /usr/lib64/libwayland-egl.so.1.24.0
7f7af2e4b000-7f7af2e4c000 r--p 00001000 00:49 1070223                    /usr/lib64/libwayland-egl.so.1.24.0
7f7af2e4c000-7f7af2e4d000 rw-p 00000000 00:00 0 
7f7af2e4d000-7f7af2e4e000 r-xp 00000000 00:49 7150422                    /usr/lib64/librt.so.1
7f7af2e4e000-7f7af2e4f000 r--p 00001000 00:49 7150422                    /usr/lib64/librt.so.1
7f7af2e4f000-7f7af2e50000 r--p 00001000 00:49 7150422                    /usr/lib64/librt.so.1
7f7af2e50000-7f7af2e51000 rw-p 00000000 00:00 0 
7f7af2e51000-7f7af2e52000 r-xp 00033000 00:38 2561                       /tmp/lwjgl_bazzite/3.4.1+2/x64/liblwjgl.so
7f7af2e52000-7f7af2e53000 rw-p 00000000 00:00 0 
7f7af2e53000-7f7af2e54000 r-xp 00000000 00:49 7150420                    /usr/lib64/libpthread.so.0
7f7af2e54000-7f7af2e55000 r--p 00001000 00:49 7150420                    /usr/lib64/libpthread.so.0
7f7af2e55000-7f7af2e56000 r--p 00001000 00:49 7150420                    /usr/lib64/libpthread.so.0
7f7af2e56000-7f7af3708000 rw-p 00000000 00:00 0 
7f7af3708000-7f7afa968000 ---p 00000000 00:00 0 
7f7afa968000-7f7afaa6e000 rw-p 00000000 00:00 0 
7f7afaa6e000-7f7afb8ba000 ---p 00000000 00:00 0 
7f7afb8ba000-7f7afb9b2000 rw-p 00000000 00:00 0 
7f7afb9b2000-7f7afc7fe000 ---p 00000000 00:00 0 
7f7afc7fe000-7f7afc800000 rw-p 00000000 00:00 0 
7f7afc800000-7f7afcac0000 rwxp 00000000 00:00 0 
7f7afcac0000-7f7b03c5f000 ---p 00000000 00:00 0 
7f7b03c5f000-7f7b0407f000 rwxp 00000000 00:00 0 
7f7b0407f000-7f7b043a0000 ---p 00000000 00:00 0 
7f7b043a0000-7f7b04610000 rwxp 00000000 00:00 0 
7f7b04610000-7f7b0b800000 ---p 00000000 00:00 0 
7f7b0b800000-7f7b0b801000 r-xp 00000000 00:49 7150413                    /usr/lib64/libdl.so.2
7f7b0b801000-7f7b0b802000 r--p 00001000 00:49 7150413                    /usr/lib64/libdl.so.2
7f7b0b802000-7f7b0b803000 r--p 00001000 00:49 7150413                    /usr/lib64/libdl.so.2
7f7b0b803000-7f7b0b804000 rw-p 00000000 00:00 0 
7f7b0b804000-7f7b0b807000 r-xp 00000000 00:49 7151777                    /usr/lib64/libplc4.so
7f7b0b807000-7f7b0b809000 r--p 00003000 00:49 7151777                    /usr/lib64/libplc4.so
7f7b0b809000-7f7b0b80a000 r--p 00004000 00:49 7151777                    /usr/lib64/libplc4.so
7f7b0b80a000-7f7b0b80b000 rw-p 00005000 00:49 7151777                    /usr/lib64/libplc4.so
7f7b0b80b000-7f7b0b80c000 r-xp 00000000 00:49 7160496                    /usr/lib/jvm/java-21-openjdk/lib/libsystemconf.so
7f7b0b80c000-7f7b0b80d000 r--p 00001000 00:49 7160496                    /usr/lib/jvm/java-21-openjdk/lib/libsystemconf.so
7f7b0b80d000-7f7b0b80e000 r--p 00001000 00:49 7160496                    /usr/lib/jvm/java-21-openjdk/lib/libsystemconf.so
7f7b0b80e000-7f7b0b80f000 rw-p 00000000 00:00 0 
7f7b0b80f000-7f7b0b823000 r-xp 00000000 00:49 7160498                    /usr/lib/jvm/java-21-openjdk/lib/libzip.so
7f7b0b823000-7f7b0b82c000 r--p 00014000 00:49 7160498                    /usr/lib/jvm/java-21-openjdk/lib/libzip.so
7f7b0b82c000-7f7b0b82d000 r--p 0001c000 00:49 7160498                    /usr/lib/jvm/java-21-openjdk/lib/libzip.so
7f7b0b82d000-7f7b0b82e000 rw-p 00000000 00:00 0 
7f7b0b82e000-7f7b0b836000 r-xp 00000000 00:49 7160489                    /usr/lib/jvm/java-21-openjdk/lib/libnet.so
7f7b0b836000-7f7b0b83a000 r--p 00008000 00:49 7160489                    /usr/lib/jvm/java-21-openjdk/lib/libnet.so
7f7b0b83a000-7f7b0b83b000 r--p 0000b000 00:49 7160489                    /usr/lib/jvm/java-21-openjdk/lib/libnet.so
7f7b0b83b000-7f7b0b83c000 rw-p 00000000 00:00 0 
7f7b0b83c000-7f7b14000000 r--s 00000000 00:49 7160499                    /usr/lib/jvm/java-21-openjdk/lib/modules
7f7b14000000-7f7b17f29000 rw-p 00000000 00:00 0 
7f7b17f29000-7f7b18000000 ---p 00000000 00:00 0 
7f7b18000000-7f7b18001000 rw-p 00000000 00:00 0 
7f7b18001000-7f7b1800b000 r-xp 00000000 00:49 7160490                    /usr/lib/jvm/java-21-openjdk/lib/libnio.so
7f7b1800b000-7f7b18015000 r--p 0000a000 00:49 7160490                    /usr/lib/jvm/java-21-openjdk/lib/libnio.so
7f7b18015000-7f7b18016000 r--p 00014000 00:49 7160490                    /usr/lib/jvm/java-21-openjdk/lib/libnio.so
7f7b18016000-7f7b18017000 rw-p 00015000 00:49 7160490                    /usr/lib/jvm/java-21-openjdk/lib/libnio.so
7f7b18017000-7f7b1835b000 rw-p 00000000 00:00 0 
7f7b1835b000-7f7b1865e000 rw-p 00000000 00:00 0 
7f7b1865e000-7f7b194a8000 rw-p 00000000 00:00 0 
7f7b194a8000-7f7b1958c000 ---p 00000000 00:00 0 
7f7b1958c000-7f7b19592000 rw-p 00000000 00:00 0 
7f7b19592000-7f7b19675000 ---p 00000000 00:00 0 
7f7b19675000-7f7b1967e000 rw-p 00000000 00:00 0 
7f7b1967e000-7f7b19684000 ---p 00000000 00:00 0 
7f7b19684000-7f7b19694000 r-xp 00000000 00:49 7160475                    /usr/lib/jvm/java-21-openjdk/lib/libjava.so
7f7b19694000-7f7b196a3000 r--p 00010000 00:49 7160475                    /usr/lib/jvm/java-21-openjdk/lib/libjava.so
7f7b196a3000-7f7b196a4000 r--p 0001f000 00:49 7160475                    /usr/lib/jvm/java-21-openjdk/lib/libjava.so
7f7b196a4000-7f7b196a5000 rw-p 00020000 00:49 7160475                    /usr/lib/jvm/java-21-openjdk/lib/libjava.so
7f7b196a5000-7f7b196a6000 rw-p 00000000 00:00 0 
7f7b196a6000-7f7b196be000 r-xp 00000000 00:49 7160478                    /usr/lib/jvm/java-21-openjdk/lib/libjimage.so
7f7b196be000-7f7b196c4000 r--p 00018000 00:49 7160478                    /usr/lib/jvm/java-21-openjdk/lib/libjimage.so
7f7b196c4000-7f7b196c6000 r--p 0001e000 00:49 7160478                    /usr/lib/jvm/java-21-openjdk/lib/libjimage.so
7f7b196c6000-7f7b196c7000 rw-p 00020000 00:49 7160478                    /usr/lib/jvm/java-21-openjdk/lib/libjimage.so
7f7b196c7000-7f7b196cb000 ---p 00000000 00:00 0 
7f7b196cb000-7f7b197c7000 rw-p 00000000 00:00 0 
7f7b197c7000-7f7b19849000 r-xp 00000000 00:49 7150414                    /usr/lib64/libm.so.6
7f7b19849000-7f7b198ba000 r--p 00082000 00:49 7150414                    /usr/lib64/libm.so.6
7f7b198ba000-7f7b198bb000 r--p 000f2000 00:49 7150414                    /usr/lib64/libm.so.6
7f7b198bb000-7f7b198bc000 rw-p 000f3000 00:49 7150414                    /usr/lib64/libm.so.6
7f7b198bc000-7f7b1a7f2000 r-xp 00000000 00:49 7160506                    /usr/lib/jvm/java-21-openjdk/lib/server/libjvm.so
7f7b1a7f2000-7f7b1aad6000 r--p 00f36000 00:49 7160506                    /usr/lib/jvm/java-21-openjdk/lib/server/libjvm.so
7f7b1aad6000-7f7b1abad000 r--p 0121a000 00:49 7160506                    /usr/lib/jvm/java-21-openjdk/lib/server/libjvm.so
7f7b1abad000-7f7b1abdd000 rw-p 012f1000 00:49 7160506                    /usr/lib/jvm/java-21-openjdk/lib/server/libjvm.so
7f7b1abdd000-7f7b1ac46000 rw-p 00000000 00:00 0 
7f7b1ac46000-7f7b1adb5000 r-xp 00000000 00:49 7150412                    /usr/lib64/libc.so.6
7f7b1adb5000-7f7b1ae2b000 r--p 0016f000 00:49 7150412                    /usr/lib64/libc.so.6
7f7b1ae2b000-7f7b1ae2f000 r--p 001e4000 00:49 7150412                    /usr/lib64/libc.so.6
7f7b1ae2f000-7f7b1ae31000 rw-p 001e8000 00:49 7150412                    /usr/lib64/libc.so.6
7f7b1ae31000-7f7b1ae39000 rw-p 00000000 00:00 0 
7f7b1ae39000-7f7b1ae41000 rw-s 00000000 00:38 2898                       /tmp/hsperfdata_bazzite/229029 (deleted)
7f7b1ae41000-7f7b1ae42000 ---p 00000000 00:00 0 
7f7b1ae42000-7f7b1ae43000 r--p 00000000 00:00 0 
7f7b1ae43000-7f7b1ae44000 ---p 00000000 00:00 0 
7f7b1ae44000-7f7b1ae56000 r-xp 00000000 00:49 7160479                    /usr/lib/jvm/java-21-openjdk/lib/libjli.so
7f7b1ae56000-7f7b1ae5e000 r--p 00012000 00:49 7160479                    /usr/lib/jvm/java-21-openjdk/lib/libjli.so
7f7b1ae5e000-7f7b1ae5f000 r--p 0001a000 00:49 7160479                    /usr/lib/jvm/java-21-openjdk/lib/libjli.so
7f7b1ae5f000-7f7b1ae60000 rw-p 0001b000 00:49 7160479                    /usr/lib/jvm/java-21-openjdk/lib/libjli.so
7f7b1ae60000-7f7b1ae62000 rw-p 00000000 00:00 0 
7f7b1ae62000-7f7b1ae66000 r--p 00000000 00:00 0                          [vvar]
7f7b1ae66000-7f7b1ae68000 r--p 00000000 00:00 0                          [vvar_vclock]
7f7b1ae68000-7f7b1ae6a000 r-xp 00000000 00:00 0                          [vdso]
7f7b1ae6a000-7f7b1ae94000 r-xp 00000000 00:49 7150409                    /usr/lib64/ld-linux-x86-64.so.2
7f7b1ae94000-7f7b1aea0000 r--p 0002a000 00:49 7150409                    /usr/lib64/ld-linux-x86-64.so.2
7f7b1aea0000-7f7b1aea2000 r--p 00035000 00:49 7150409                    /usr/lib64/ld-linux-x86-64.so.2
7f7b1aea2000-7f7b1aea3000 rw-p 00037000 00:49 7150409                    /usr/lib64/ld-linux-x86-64.so.2
7f7b1aea3000-7f7b1aea4000 rw-p 00000000 00:00 0 
7fffd70b4000-7fffd70d8000 rw-p 00000000 00:00 0                          [stack]
ffffffffff600000-ffffffffff601000 --xp 00000000 00:00 0                  [vsyscall]
Total number of mappings: 854

JVMTI agents: none


VM Arguments:
jvm_args: --enable-native-access=ALL-UNNAMED -Dfile.encoding=UTF-8 -Duser.country=US -Duser.language=en -Duser.variant 
java_command: dungeon.crawler.lwjgl3.Lwjgl3Launcher
java_class_path (initial): /home/bazzite/code/java/LibGDXDungeonCrawler/lwjgl3/build/classes/java/main:/home/bazzite/code/java/LibGDXDungeonCrawler/lwjgl3/build/classes/kotlin/main:/home/bazzite/code/java/LibGDXDungeonCrawler/lwjgl3/build/resources/main:/home/bazzite/code/java/LibGDXDungeonCrawler/core/build/libs/core-1.0.0.jar:/home/bazzite/.gradle/caches/modules-2/files-2.1/org.jetbrains.kotlin/kotlin-stdlib/2.3.10/8b80e2f80a3b7daa99c16017f91d4c72cd8b31a6/kotlin-stdlib-2.3.10.jar:/home/bazzite/.gradle/caches/modules-2/files-2.1/com.badlogicgames.gdx-controllers/gdx-controllers-desktop/2.2.4/44c8bdf023f04ea9a84ad105d5e2f59ff5d7768a/gdx-controllers-desktop-2.2.4.jar:/home/bazzite/.gradle/caches/modules-2/files-2.1/com.badlogicgames.gdx/gdx-backend-lwjgl3/1.14.0/122cf51d4a3bcd4e14e8fbd16ae2b65f27fe2d57/gdx-backend-lwjgl3-1.14.0.jar:/home/bazzite/.gradle/caches/modules-2/files-2.1/com.badlogicgames.gdx/gdx-platform/1.14.0/d0ecc53f2c20576f1ba4ac9ba157cf48f7bd9821/gdx-platform-1.14.0-natives-desktop.jar:/home/bazzite/.gradle/caches/modules-2/files-2.1/com.badlogicgames.gdx/gdx-tools/1.14.0/127ace6e61276431b23a963c99cee397da72c783/gdx-tools-1.14.0.jar:/home/bazzite/.gradle/caches/modules-2/files-2.1/org.lwjgl/lwjgl-glfw/3.4.1/a782b1ddd175c9107bf300fd92920579ea65e2a4/lwjgl-glfw-3.4.1.jar:/home/bazzite/.gradle/caches/modules-2/files-2.1/org.lwjgl/lwjgl-glfw/3.4.1/23cdf7655ce9f3b27ad90f08e73345e0d5b46362/lwjgl-glfw-3.4.1-natives-linux.jar:/home/bazzite/.gradle/caches/modules-2/files-2.1/org.lwjgl/lwjgl-glfw/3.4.1/bb243e9a857c4301bf7d5e668538686eaa64101e/lwjgl-glfw-3.4.1-natives-linux-arm32.jar:/home/bazzite/.gradle/caches/modules-2/files-2.1/org.lwjgl/lwjgl-glfw/3.4.1/e5e87034c47118960746077dba46280e8de864b3/lwjgl-glfw-3.4.1-natives-linux-arm64.jar:/home/bazzite/.gradle/caches/modules-2/files-2.1/org.lwjgl/lwjgl-glfw/3.4.1/3c8538942f58377d59cd7be2dc164ba71a53868a/lwjgl-glfw-3.4.1-natives-macos.jar:/home/bazzite/.gradle/caches/modules-2/files-2.1/org.lwjgl/lwjgl-glfw/3.4.1/ef1f8efca5a60ba3512bc4982b88e446ecc43378/lwjgl-glfw-3.4.1-natives-macos-arm64.jar:/home/bazzite/.gradle/caches/modules-2/files-2.1/org.lwjgl/lwjgl-glfw/3.4.1/2eb4aa895ea190ba8cf4356f8cea24d3ebb40ea1/lwjgl-glfw-3.4.1-natives-windows.jar:/home/bazzite/.gradle/caches/modules-2/files-2.1/org.lwjgl/lwjgl-glfw/3.4.1/a48bbdd544f00c88f8906e9d09e3f31bc1c17fac/lwjgl-glfw-3.4.1-natives-windows-x86.jar:/home/bazzite/.gradle/caches/modules-2/files-2.1/org.lwjgl/lwjgl-jemalloc/3.4.1/16b663092854fc6adfe0a941e61cae2bb2e437b6/lwjgl-jemalloc-3.4.1.jar:/home/bazzite/.gradle/caches/modules-2/files-2.1/org.lwjgl/lwjgl-jemalloc/3.4.1/b83c82d941f2e624d150d6d1e2efcf4ea49ff8ea/lwjgl-jemalloc-3.4.1-natives-linux.jar:/home/bazzite/.gradle/caches/modules-2/files-2.1/org.lwjgl/lwjgl-jemalloc/3.4.1/fc9ce35c94743e23855777cacaba34bc145da6ec/lwjgl-jemalloc-3.4.1-natives-linux-arm32.jar:/home/bazzite/.gradle/caches/modules-2/files-2.1/org.lwjgl/lwjgl-jemalloc/3.4.1/7891964dfb723209c6d02b0401432348fb707cc0/lwjgl-jemalloc-3.4.1-natives-linux-arm64.jar:/home/bazzite/.gradle/caches/modules-2/files-2.1/org.lwjgl/lwjgl-jemalloc/3.4.1/581b4d542e841015ce3265eed0495e2cde15b1d0/lwjgl-jemalloc-3.4.1-natives-macos.jar:/home/bazzite/.gradle/caches/modules-2/files-2.1/org.lwjgl/lwjgl-jemalloc/3.4.1/dcd7e3f9a2ca386e8c5b8f508a8511d9dd63bab0/lwjgl-jemalloc-3.4.1-natives-macos-arm64.jar:/home/bazzite/.gradle/caches/modules-2/files-2.1/org.lwjgl/lwjgl-jemalloc/3.4.1/70db8048d1aca8a6365f46f9963b8d6cd77b9e94/lwjgl-jemalloc-3.4.1-natives-windows.jar:/home/bazzite/.gradle/caches/modules-2/files-2.1/org.lwjgl/lwjgl-jemalloc/3.4.1/d8cf69e1155df83260f9bbe01944fe91f8ca3955/lwjgl-jemalloc-3.4.1-natives-windows-x86.jar:/home/bazzite/.gradle/caches/modules-2/files-2.1/org.lwjgl/lwjgl-openal/3.4.1/8508bd60589de0539aa465b78fcf838efd07ae9a/lwjgl-openal-3.4.1.jar:/home/bazzite/.gradle/caches/modules-2/files-2.1/org.lwjgl/lwjgl-openal/3.4.1/dbff577119266cd4312e4eb9cc2b171407c56360/lwjgl-openal-3.4.1-natives-linux.jar:/home/bazzite/.gradle/caches/modules-2/files-2.1/org.lwjgl/lwjgl-openal/3.4.1/6d4ac5f3d5bab7f2fadfd52c32177d9c12a43b49/lwjgl-openal-3.4.1-natives-linux-arm32.jar:/home/bazzite/.gradle/caches/modules-2/files-2.1/org.lwjgl/lwjgl-openal/3.4.1/3729b70cdd42df5571b075e051fa2fc8586dc538/lwjgl-openal-3.4.1-natives-linux-arm64.jar:/home/bazzite/.gradle/caches/modules-2/files-2.1/org.lwjgl/lwjgl-openal/3.4.1/a4dc57b7b0880d3fffb4d0b61649f45712bccc93/lwjgl-openal-3.4.1-natives-macos.jar:/home/bazzite/.gradle/caches/modules-2/files-2.1/org.lwjgl/lwjgl-openal/3.4.1/1c709a38c4a0e86aae96db7b8c78432307f2322a/lwjgl-openal-3.4.1-natives-macos-arm64.jar:/home/bazzite/.gradle/caches/modules-2/files-2.1/org.lwjgl/lwjgl-openal/3.4.1/8e83fdfdf65c80c9877c6fb6cb645d239ed7638/lwjgl-openal-3.4.1-natives-windows.jar:/home/bazzite/.gradle/caches/modules-2/files-2.1/org.lwjgl/lwjgl-openal/3.4.1/9e4bab87e9b89876fa77ea3c19e1b45334b97c10/lwjgl-openal-3.4.1-natives-windows-x86.jar:/home/bazzite/.gradle/caches/modules-2/files-2.1/org.lwjgl/lwjgl-opengl/3.4.1/830412cab823c029cda6b9729f9d2ed36cf79959/lwjgl-opengl-3.4.1.jar:/home/bazzite/.gradle/caches/modules-2/files-2.1/org.lwjgl/lwjgl-opengl/3.4.1/b750599f0e75ddb19f1d0fe993f3011334b710ae/lwjgl-opengl-3.4.1-natives-linux.jar:/home/bazzite/.gradle/caches/modules-2/files-2.1/org.lwjgl/lwjgl-opengl/3.4.1/172e575948234ff7920abf0d0083d25e37c91ba6/lwjgl-opengl-3.4.1-natives-linux-arm32.jar:/home/bazzite/.gradle/caches/modules-2/files-2.1/org.lwjgl/lwjgl-opengl/3.4.1/61a4103e56bbaeb74ad3f19ec14299fd6891c4b0/lwjgl-opengl-3.4.1-natives-linux-arm64.jar:/home/bazzite/.gradle/caches/modules-2/files-2.1/org.lwjgl/lwjgl-opengl/3.4.1/ba18fc6012b88494ee893506934b92b01c4ef14b/lwjgl-opengl-3.4.1-natives-macos.jar:/home/bazzite/.gradle/caches/modules-2/files-2.1/org.lwjgl/lwjgl-opengl/3.4.1/35b5550058de4960525f465243bd01805f04fd8b/lwjgl-opengl-3.4.1-natives-macos-arm64.jar:/home/bazzite/.gradle/caches/modules-2/files-2.1/org.lwjgl/lwjgl-opengl/3.4.1/617f37ef4e2ffb727bd5e74333e8073ef43ca1ec/lwjgl-opengl-3.4.1-natives-windows.jar:/home/bazzite/.gradle/caches/modules-2/files-2.1/org.lwjgl/lwjgl-opengl/3.4.1/cfd47352b758a0c9f7046de467b103182ec77eb1/lwjgl-opengl-3.4.1-natives-windows-x86.jar:/home/bazzite/.gradle/caches/modules-2/files-2.1/org.lwjgl/lwjgl-stb/3.4.1/f077c3dafc31924fbe8acb0b913f08977ba27f8e/lwjgl-stb-3.4.1.jar:/home/bazzite/.gradle/caches/modules-2/files-2.1/org.lwjgl/lwjgl-stb/3.4.1/7e1cfae909da6c68f3cb6073a9bfeb6c90e82a57/lwjgl-stb-3.4.1-natives-linux.jar:/home/bazzite/.gradle/caches/modules-2/files-2.1/org.lwjgl/lwjgl-stb/3.4.1/8f753f3772863989f1172d2b84b4e56ed18e8c35/lwjgl-stb-3.4.1-natives-linux-arm32.jar:/home/bazzite/.gradle/caches/modules-2/files-2.1/org.lwjgl/lwjgl-stb/3.4.1/3bc107f901f931fea07cb0d80b1d74a34b806a2b/lwjgl-stb-3.4.1-natives-linux-arm64.jar:/home/bazzite/.gradle/caches/modules-2/files-2.1/org.lwjgl/lwjgl-stb/3.4.1/fd1ea36b717b0832babca09324a6cfc43906e2aa/lwjgl-stb-3.4.1-natives-macos.jar:/home/bazzite/.gradle/caches/modules-2/files-2.1/org.lwjgl/lwjgl-stb/3.4.1/da554e04f819f09b0f3473bd931628ebf557965e/lwjgl-stb-3.4.1-natives-macos-arm64.jar:/home/bazzite/.gradle/caches/modules-2/files-2.1/org.lwjgl/lwjgl-stb/3.4.1/b4e13ece83c228ecf57354639d8555076a989d74/lwjgl-stb-3.4.1-natives-windows.jar:/home/bazzite/.gradle/caches/modules-2/files-2.1/org.lwjgl/lwjgl-stb/3.4.1/e091cd3b25ab7db88f0e34a0d2797dc396a528fa/lwjgl-stb-3.4.1-natives-windows-x86.jar:/home/bazzite/.gradle/caches/modules-2/files-2.1/org.lwjgl/lwjgl/3.4.1/6105690714874b995aa7812e4f7732a21109276c/lwjgl-3.4.1.jar:/home/bazzite/.gradle/caches/modules-2/files-2.1/org.lwjgl/lwjgl/3.4.1/2734e106bd95db49fe0da8cf8bf7fd96475c436c/lwjgl-3.4.1-natives-linux.jar:/home/bazzite/.gradle/caches/modules-2/files-2.1/org.lwjgl/lwjgl/3.4.1/1511ab1ffb1c8d8e00e2acb452663173ae09bca0/lwjgl-3.4.1-natives-linux-arm32.jar:/home/bazzite/.gradle/caches/modules-2/files-2.1/org.lwjgl/lwjgl/3.4.1/46883f3b622d8b4d7f27b627ca3360cda3db0e0e/lwjgl-3.4.1-natives-linux-arm64.jar:/home/bazzite/.gradle/caches/modules-2/files-2.1/org.lwjgl/lwjgl/3.4.1/b034fd9a67cb8646c01af7efcefcb93be835542b/lwjgl-3.4.1-natives-macos.jar:/home/bazzite/.gradle/caches/modules-2/files-2.1/org.lwjgl/lwjgl/3.4.1/b4cbdef4818abd714ee66985344c0949fd1cd6d6/lwjgl-3.4.1-natives-macos-arm64.jar:/home/bazzite/.gradle/caches/modules-2/files-2.1/org.lwjgl/lwjgl/3.4.1/96a217f0428ab73487f114a54179a4f41e851a04/lwjgl-3.4.1-natives-windows.jar:/home/bazzite/.gradle/caches/modules-2/files-2.1/org.lwjgl/lwjgl/3.4.1/65de43bd52507e108a58247c0da57a50ce3ee6f6/lwjgl-3.4.1-natives-windows-x86.jar:/home/bazzite/.gradle/caches/modules-2/files-2.1/org.jetbrains/annotations/13.0/919f0dfe192fb4e063e7dacadee7f8bb9a2672a9/annotations-13.0.jar:/home/bazzite/.gradle/caches/modules-2/files-2.1/de.golfgl.gdxcontrollerutils/gdx-controllerutils-mapping/2.3.0/4f0651c569245a0fcc2eb3a51f3d64cba33ab943/gdx-controllerutils-mapping-2.3.0.jar:/home/bazzite/.gradle/caches/modules-2/files-2.1/com.badlogicgames.gdx-controllers/gdx-controllers-core/2.2.4/d8a18ff371fb01c1763e9fe5ea050e39d2d66437/gdx-controllers-core-2.2.4.jar:/home/bazzite/.gradle/caches/modules-2/files-2.1/de.golfgl.gdxcontrollerutils/gdx-controllerutils-scene2d/2.3.0/f9a865856302ec274e78f2963cf7936bcd09e4a8/gdx-controllerutils-scene2d-2.3.0.jar:/home/bazzite/.gradle/caches/modules-2/files-2.1/com.vabrantgames/console/v0.3.0/72e7c7973b26a4e4a5cce0e7dae16c10bd73761a/console-v0.3.0.jar:/home/bazzite/.gradle/caches/modules-2/files-2.1/com.badlogicgames.gdx/gdx-freetype/1.14.0/90299d782fca725677549b88bc1958f968e09bd8/gdx-freetype-1.14.0.jar:/home/bazzite/.gradle/caches/modules-2/files-2.1/com.badlogicgames.gdx/gdx-backend-headless/1.14.0/91a9024d8424ffd4f0805a11f652aa4500f59e0b/gdx-backend-headless-1.14.0.jar:/home/bazzite/.gradle/caches/modules-2/files-2.1/com.badlogicgames.gdx/gdx/1.14.0/8accfce8d9313d9ddd23a2c9e315179783085ef2/gdx-1.14.0.jar:/home/bazzite/.gradle/caches/modules-2/files-2.1/com.badlogicgames.jamepad/jamepad/2.26.5.0/5c39b34fa0c39e3dd4607085d27d51b599ea30a0/jamepad-2.26.5.0.jar:/home/bazzite/.gradle/caches/modules-2/files-2.1/com.badlogicgames.jlayer/jlayer/1.0.1-gdx/7cca83cec5c1b2f011362f4d85aabd71a73b049d/jlayer-1.0.1-gdx.jar:/home/bazzite/.gradle/caches/modules-2/files-2.1/org.jcraft/jorbis/0.0.17/8872d22b293e8f5d7d56ff92be966e6dc28ebdc6/jorbis-0.0.17.jar:/home/bazzite/.gradle/caches/modules-2/files-2.1/com.badlogicgames.gdx/gdx-jnigen-loader/2.5.2/f35e90affe07c46b4f5e5958a1a4c1820c4890e2/gdx-jnigen-loader-2.5.2.jar
Launcher Type: SUN_STANDARD

[Global flags]
     intx CICompilerCount                          = 12                                        {product} {ergonomic}
     uint ConcGCThreads                            = 3                                         {product} {ergonomic}
     uint G1ConcRefinementThreads                  = 13                                        {product} {ergonomic}
   size_t G1HeapRegionSize                         = 4194304                                   {product} {ergonomic}
    uintx GCDrainStackTargetSize                   = 64                                        {product} {ergonomic}
   size_t InitialHeapSize                          = 515899392                                 {product} {ergonomic}
   size_t MarkStackSize                            = 4194304                                   {product} {ergonomic}
   size_t MaxHeapSize                              = 8195670016                                {product} {ergonomic}
   size_t MaxNewSize                               = 4915724288                                {product} {ergonomic}
   size_t MinHeapDeltaBytes                        = 4194304                                   {product} {ergonomic}
   size_t MinHeapSize                              = 8388608                                   {product} {ergonomic}
    uintx NonNMethodCodeHeapSize                   = 7602480                                {pd product} {ergonomic}
    uintx NonProfiledCodeHeapSize                  = 122027880                              {pd product} {ergonomic}
    uintx ProfiledCodeHeapSize                     = 122027880                              {pd product} {ergonomic}
    uintx ReservedCodeCacheSize                    = 251658240                              {pd product} {ergonomic}
     bool SegmentedCodeCache                       = true                                      {product} {ergonomic}
   size_t SoftMaxHeapSize                          = 8195670016                             {manageable} {ergonomic}
     bool UseCompressedOops                        = true                           {product lp64_product} {ergonomic}
     bool UseG1GC                                  = true                                      {product} {ergonomic}

Logging:
Log output configuration:
 #0: 
[error occurred during error reporting (printing log configuration), id 0xb, SIGSEGV (0xb) at pc=0x00007f7b1a22305a]
Release file:
IMPLEMENTOR="Red Hat, Inc."
IMPLEMENTOR_VERSION="(Red_Hat-21.0.11.0.10-2)"
JAVA_RUNTIME_VERSION="21.0.11+10"
JAVA_VERSION="21.0.11"
JAVA_VERSION_DATE="2026-04-21"
LIBC="gnu"
MODULES="java.base java.compiler java.datatransfer java.xml java.prefs java.desktop java.instrument java.logging java.management java.security.sasl java.naming java.rmi java.management.rmi java.net.http java.scripting java.security.jgss java.transaction.xa java.sql java.sql.rowset java.xml.crypto java.se java.smartcardio jdk.accessibility jdk.internal.jvmstat jdk.attach jdk.charsets jdk.internal.opt jdk.zipfs jdk.compiler jdk.crypto.ec jdk.crypto.cryptoki jdk.dynalink jdk.internal.ed jdk.editpad jdk.hotspot.agent jdk.httpserver jdk.incubator.vector jdk.internal.le jdk.internal.vm.ci jdk.internal.vm.compiler jdk.internal.vm.compiler.management jdk.jartool jdk.javadoc jdk.jcmd jdk.management jdk.management.agent jdk.jconsole jdk.jdeps jdk.jdwp.agent jdk.jdi jdk.jfr jdk.jlink jdk.jpackage jdk.jshell jdk.jsobject jdk.jstatd jdk.localedata jdk.management.jfr jdk.naming.dns jdk.naming.rmi jdk.net jdk.nio.mapmode jdk.random jdk.sctp jdk.security.auth jdk.security.jgss jdk.unsupported jdk.unsupported.desktop jdk.xml.dom"
OS_ARCH="x86_64"
OS_NAME="Linux"
SOURCE=".:git:d8615be99208"

Environment Variables:
PATH=/home/bazzite/.local/bin:/home/bazzite/.local/bin:/home/bazzite/.local/share/../bin:/home/bazzite/.local/bin:/home/bazzite/bin:/usr/local/bin:/usr/bin:/bin:/home/bazzite/.local/share/yabridge:/home/bazzite/.local/share/yabridge:/usr/local/bin:/usr/bin:/usr/local/sbin:/usr/sbin:/sbin
XDG_CACHE_HOME=/home/bazzite/.cache
XDG_CONFIG_HOME=/home/bazzite/.config
SHELL=/usr/bin/zsh
DISPLAY=:0
WAYLAND_DISPLAY=wayland-0
LANG=en_US.UTF-8
TERM=xterm-256color

Active Locale:
LC_ALL=en_US.UTF-8
LC_COLLATE=en_US.UTF-8
LC_CTYPE=en_US.UTF-8
LC_MESSAGES=en_US.UTF-8
LC_MONETARY=en_US.UTF-8
LC_NUMERIC=en_US.UTF-8
LC_TIME=en_US.UTF-8

Signal Handlers:
   SIGSEGV: crash_handler in libjvm.so, mask=11100100010111111101111111111110, flags=SA_RESTART|SA_SIGINFO, unblocked
    SIGBUS: crash_handler in libjvm.so, mask=11100100010111111101111111111110, flags=SA_RESTART|SA_SIGINFO, unblocked
    SIGFPE: crash_handler in libjvm.so, mask=11100100010111111101111111111110, flags=SA_RESTART|SA_SIGINFO, unblocked
   SIGPIPE: SIG_IGN, mask=00000000000000000000000000000000, flags=none, blocked
  *** Handler was modified!
  *** Expected: javaSignalHandler in libjvm.so, mask=11100100110111111111111111111110, flags=SA_RESTART|SA_SIGINFO
   SIGXFSZ: javaSignalHandler in libjvm.so, mask=11100100010111111101111111111110, flags=SA_RESTART|SA_SIGINFO, blocked
    SIGILL: crash_handler in libjvm.so, mask=11100100010111111101111111111110, flags=SA_RESTART|SA_SIGINFO, unblocked
   SIGUSR2: SR_handler in libjvm.so, mask=00000000000000000000000000000000, flags=SA_RESTART|SA_SIGINFO, blocked
    SIGHUP: UserHandler in libjvm.so, mask=11100100010111111101111111111110, flags=SA_RESTART|SA_SIGINFO, blocked
    SIGINT: UserHandler in libjvm.so, mask=11100100010111111101111111111110, flags=SA_RESTART|SA_SIGINFO, blocked
   SIGTERM: UserHandler in libjvm.so, mask=11100100010111111101111111111110, flags=SA_RESTART|SA_SIGINFO, blocked
   SIGQUIT: UserHandler in libjvm.so, mask=11100100010111111101111111111110, flags=SA_RESTART|SA_SIGINFO, blocked
   SIGTRAP: crash_handler in libjvm.so, mask=11100100010111111101111111111110, flags=SA_RESTART|SA_SIGINFO, unblocked


Periodic native trim disabled

---------------  S Y S T E M  ---------------

OS:
Fedora release 43 (Forty Three)
uname: Linux 7.0.9-ogc3.2.fc44.x86_64 #1 SMP PREEMPT_DYNAMIC Wed May 20 01:34:43 UTC 2026 x86_64
OS uptime: 0 days 12:13 hours
libc: glibc 2.42 NPTL 2.42 
rlimit (soft/hard): STACK 8192k/infinity , CORE infinity/infinity , NPROC 123785/123785 , NOFILE 1048576/1048576 , AS infinity/infinity , CPU infinity/infinity , DATA infinity/infinity , FSIZE infinity/infinity , MEMLOCK 2147484k/2147484k
load average: 1.12 0.78 0.79

/proc/meminfo:
MemTotal:       32001840 kB
MemFree:         2761652 kB
MemAvailable:   11461576 kB
Buffers:            4228 kB
Cached:         10197972 kB
SwapCached:         7772 kB
Active:         10709016 kB
Inactive:       15289552 kB
Active(anon):    7740672 kB
Inactive(anon):  8330624 kB
Active(file):    2968344 kB
Inactive(file):  6958928 kB
Unevictable:         916 kB
Mlocked:             916 kB
SwapTotal:      16000508 kB
SwapFree:       12014808 kB
Zswap:                 0 kB
Zswapped:              0 kB
Dirty:              9876 kB
Writeback:             0 kB
AnonPages:      15791008 kB
Mapped:          2679628 kB
Shmem:            281672 kB
KReclaimable:     474152 kB
Slab:             956188 kB
SReclaimable:     474152 kB
SUnreclaim:       482036 kB
KernelStack:       50948 kB
PageTables:       177508 kB
SecPageTables:      5000 kB
NFS_Unstable:          0 kB
Bounce:                0 kB
WritebackTmp:          0 kB
CommitLimit:    32001428 kB
Committed_AS:   70566536 kB
VmallocTotal:   34359738367 kB
VmallocUsed:      368460 kB
VmallocChunk:          0 kB
Percpu:            21440 kB
HardwareCorrupted:     0 kB
AnonHugePages:         0 kB
ShmemHugePages:        0 kB
ShmemPmdMapped:        0 kB
FileHugePages:     12288 kB
FilePmdMapped:         0 kB
CmaTotal:              0 kB
CmaFree:               0 kB
Unaccepted:            0 kB
Balloon:               0 kB
HugePages_Total:       0
HugePages_Free:        0
HugePages_Rsvd:        0
HugePages_Surp:        0
Hugepagesize:       2048 kB
Hugetlb:               0 kB
DirectMap4k:     4187052 kB
DirectMap2M:    27465728 kB
DirectMap1G:     2097152 kB

/sys/kernel/mm/transparent_hugepage/enabled: always [madvise] never
/sys/kernel/mm/transparent_hugepage/hpage_pmd_size: 2097152
/sys/kernel/mm/transparent_hugepage/defrag (defrag/compaction efforts parameter): always defer defer+madvise [madvise] never

Process Memory:
Virtual Size: 13385040K (peak: 13385068K)
Resident Set Size: 288000K (peak: 288000K) (anon: 148948K, file: 126940K, shmem: 12112K)
Swapped out: 0K
C-Heap outstanding allocations: 125637K, retained: 11614K
glibc malloc tunables: (default)

/proc/sys/kernel/threads-max (system-wide limit on the number of threads): 247570
/proc/sys/vm/max_map_count (maximum number of memory map areas a process may have): 2147483642
/proc/sys/vm/swappiness (control to define how aggressively the kernel swaps out anonymous memory): 180
/proc/sys/kernel/pid_max (system-wide limit on number of process identifiers): 4194304

container information not found.
Steal ticks since vm start: 0
Steal ticks percentage since vm start:  0.000

CPU: total 16 (initial active 16) (16 cores per cpu, 2 threads per core) family 25 model 97 stepping 2 microcode 0xa60120a, cx8, cmov, fxsr, ht, mmx, 3dnowpref, sse, sse2, sse3, ssse3, sse4a, sse4.1, sse4.2, popcnt, lzcnt, tsc, tscinvbit, avx, avx2, aes, erms, clmul, bmi1, bmi2, adx, avx512f, avx512dq, avx512cd, avx512bw, avx512vl, sha, fma, vzeroupper, avx512_vpopcntdq, avx512_vpclmulqdq, avx512_vaes, avx512_vnni, clflush, clflushopt, avx512_vbmi2, avx512_vbmi, rdtscp, rdpid, fsrm, gfni, avx512_bitalg, f16c, pku, ospke, cet_ss, avx512_ifma
CPU Model and flags from /proc/cpuinfo:
model name	: AMD Ryzen 7 7700X 8-Core Processor
flags		: fpu vme de pse tsc msr pae mce cx8 apic sep mtrr pge mca cmov pat pse36 clflush mmx fxsr sse sse2 ht syscall nx mmxext fxsr_opt pdpe1gb rdtscp lm constant_tsc rep_good amd_lbr_v2 nopl xtopology nonstop_tsc cpuid extd_apicid aperfmperf rapl pni pclmulqdq monitor ssse3 fma cx16 sse4_1 sse4_2 movbe popcnt aes xsave avx f16c rdrand lahf_lm cmp_legacy svm extapic cr8_legacy abm sse4a misalignsse 3dnowprefetch osvw ibs skinit wdt tce topoext perfctr_core perfctr_nb bpext perfctr_llc mwaitx cpuid_fault cpb cat_l3 cdp_l3 hw_pstate ssbd mba perfmon_v2 ibrs ibpb stibp ibrs_enhanced vmmcall fsgsbase bmi1 avx2 smep bmi2 erms invpcid cqm rdt_a avx512f avx512dq rdseed adx smap avx512ifma clflushopt clwb avx512cd sha_ni avx512bw avx512vl xsaveopt xsavec xgetbv1 xsaves cqm_llc cqm_occup_llc cqm_mbm_total cqm_mbm_local user_shstk avx512_bf16 clzero irperf xsaveerptr rdpru wbnoinvd cppc arat npt lbrv svm_lock nrip_save tsc_scale vmcb_clean flushbyasid decodeassists pausefilter pfthreshold avic vgif x2avic v_spec_ctrl vnmi avx512vbmi umip pku ospke avx512_vbmi2 gfni vaes vpclmulqdq avx512_vnni avx512_bitalg avx512_vpopcntdq rdpid overflow_recov succor smca fsrm flush_l1d amd_lbr_pmc_freeze

Online cpus: 0-15
Offline cpus: 
BIOS frequency limitation: <Not Available>
Frequency switch latency (ns): 0
Available cpu frequencies: <Not Available>
Current governor: performance
Core performance/turbo boost: 1

Memory: 4k page, physical 32001840k(11461828k free), swap 16000508k(12014808k free)
Page Sizes: 4k

vm_info: OpenJDK 64-Bit Server VM (21.0.11+10) for linux-amd64 JRE (21.0.11+10), built on 2026-04-21T00:00:00Z by "mockbuild" with gcc 15.2.1 20260123 (Red Hat 15.2.1-7)

END.
