#
# A fatal error has been detected by the Java Runtime Environment:
#
#  SIGSEGV (0xb) at pc=0x00007fc8f880060e, pid=224169, tid=224204
#
# JRE version: OpenJDK Runtime Environment (Red_Hat-21.0.11.0.10-2) (21.0.11+10) (build 21.0.11+10)
# Java VM: OpenJDK 64-Bit Server VM (Red_Hat-21.0.11.0.10-2) (21.0.11+10, mixed mode, sharing, tiered, compressed oops, compressed class ptrs, g1 gc, linux-amd64)
# Problematic frame:
# C  [libEGL_nvidia.so.0+0xb660e]
#
# Core dump will be written. Default location: Core dumps may be processed with "/usr/lib/systemd/systemd-coredump %P %u %g %s %t %c %h %d %F" (or dumping to /home/bazzite/code/java/LibGDXDungeonCrawler/assets/core.224169)
#
# If you would like to submit a bug report, please visit:
#   https://bugzilla.redhat.com/enter_bug.cgi?product=Fedora&component=java-21-openjdk&version=42
#

---------------  S U M M A R Y ------------

Command Line: --enable-native-access=ALL-UNNAMED -Dfile.encoding=UTF-8 -Duser.country=US -Duser.language=en -Duser.variant dungeon.crawler.lwjgl3.Lwjgl3Launcher

Host: AMD Ryzen 7 7700X 8-Core Processor, 16 cores, 30G, Fedora release 43 (Forty Three)
Time: Sun Aug 16 20:09:06 2026 EDT elapsed time: 29.298036 seconds (0d 0h 0m 29s)

---------------  T H R E A D  ---------------

Current thread is native thread

Stack: [0x00007fc90c16f000,0x00007fc90c96f000],  sp=0x00007fc90c96ddd0,  free space=8187k
Native frames: (J=compiled Java code, j=interpreted, Vv=VM code, C=native code)
C  [libEGL_nvidia.so.0+0xb660e]

siginfo: si_signo: 11 (SIGSEGV), si_code: 1 (SEGV_MAPERR), si_addr: 0x0000000000000040

Registers:
RAX=0x0000000000000000, RBX=0x00007fc8a58e7f80, RCX=0x0000000000000001, RDX=0x00007fc8abff381c
RSP=0x00007fc90c96ddd0, RBP=0x00007fc8a4fc7040, RSI=0x00007fc8f87f3840, RDI=0x00007fc8f888c4a8
R8 =0x00000000045d2dec, R9 =0x00007fc90c96ddc0, R10=0x0000000000000000, R11=0x00007fc99a768000
R12=0x00007fc8abff8aa0, R13=0x00007fc8a4fc7040, R14=0x00007fc8a58e8380, R15=0x0000000000000000
RIP=0x00007fc8f880060e, EFLAGS=0x0000000000010202, CSGSFS=0x002b000000000033, ERR=0x0000000000000004
  TRAPNO=0x000000000000000e

XMM[0]=0x0000000000000000 0x000000004bde044e
XMM[1]=0x0000000000000000 0x0007000700070007
XMM[2]=0xffffffffffffffff 0xffffffffffffffff
XMM[3]=0xffffffffffffffff 0xffffffffffffffff
XMM[4]=0x0000000000000000 0x00007fc994000090
XMM[5]=0x0000000000000000 0x0000000000000000
XMM[6]=0x0000000000000000 0x0000000000000000
XMM[7]=0x0000000000000000 0x0000000000000000
XMM[8]=0x00007fc8aa47da30 0x00007fc8aa47da20
XMM[9]=0x22c497b022c497b0 0x22c497b03f5dc987
XMM[10]=0x0000000000000000 0x000000001c9931d7
XMM[11]=0xe834151de834151d 0xe834151d2791dea4
XMM[12]=0x0000000000000000 0x000000003f5dc987
XMM[13]=0x0000000000000000 0x00007fc9946dc4a0
XMM[14]=0x0000000000000000 0x00007fc9946dc490
XMM[15]=0x0000000000000000 0x00007fc9946dc480
  MXCSR=0x00001fa2


Top of Stack: (sp=0x00007fc90c96ddd0)
0x00007fc90c96ddd0:   00007fc8abff5900 00007fc8aa88608a   .Y.......`......
0x00007fc90c96dde0:   00007fc8abff5900 00007fc8aa6ac31f   .Y........j.....
0x00007fc90c96ddf0:   00007fc994a9b180 00007fc8abfa1d00   ................
0x00007fc90c96de00:   00007fc90c96e6c0 00017fc800000000   ................
0x00007fc90c96de10:   00007fc994a99850 00007fc8a58e8380   P...............
0x00007fc90c96de20:   00007fc8aa887530 00007fc90c96e6c0   0u..............
0x00007fc90c96de30:   00007fc9990c89a0 00007fc90c96ece4   ................
0x00007fc90c96de40:   00007fc9990c8aa7 00007fc8aa88850a   ................
0x00007fc90c96de50:   00007fc90c96e6c0 00007fc90c96e6c0   ................
0x00007fc90c96de60:   00007fc90c96df30 00007fc99a5be3c4   0.........[.....
0x00007fc90c96de70:   0000000000801000 00007fc90c16e000   ................
0x00007fc90c96de80:   0000000000000000 0000008000000000   ................
0x00007fc90c96de90:   ffffffffffffff00 0000000000000000   ................
0x00007fc90c96dea0:   0000000000000021 00007fc90c96e6c0   !...............
0x00007fc90c96deb0:   00007fc90c96e6c0 2302f90060fc0d65   ........e..`...#
0x00007fc90c96dec0:   00007fc90c96e6c0 00007fc9990c89a0   ................
0x00007fc90c96ded0:   0000000000000000 00007fc9990c8aa7   ................
0x00007fc90c96dee0:   2302f900627c0d65 2303d49a1d360d65   e.|b...#e.6....#
0x00007fc90c96def0:   0000000000000000 0000000000000000   ................
0x00007fc90c96df00:   0000000000000000 0000000000000000   ................
0x00007fc90c96df10:   0000000000000000 65dbfa32a4da8600   ............2..e
0x00007fc90c96df20:   00007fc99a5be0e0 0000000000000000   ..[.............
0x00007fc90c96df30:   0000000000000000 00007fc99a64156c   ........l.d.....
0x00007fc90c96df40:   0000000000000000 0000000000000000   ................
0x00007fc90c96df50:   0000000000000000 0000000000000000   ................
0x00007fc90c96df60:   0000000000000000 0000000000000000   ................
0x00007fc90c96df70:   0000000000000000 0000000000000000   ................
0x00007fc90c96df80:   0000000000000000 0000000000000000   ................
0x00007fc90c96df90:   0000000000000000 0000000000000000   ................
0x00007fc90c96dfa0:   0000000000000000 0000000000000000   ................
0x00007fc90c96dfb0:   0000000000000000 0000000000000000   ................
0x00007fc90c96dfc0:   0000000000000000 0000000000000000   ................

Instructions: (pc=0x00007fc8f880060e)
0x00007fc8f880050e:   4c 24 08 48 85 c0 48 89 c2 74 61 48 89 08 49 8b
0x00007fc8f880051e:   44 24 40 48 83 c2 08 48 85 c0 74 41 41 8b 4c 24
0x00007fc8f880052e:   34 31 c0 85 c9 74 19 49 8b 74 24 40 89 c1 83 c0
0x00007fc8f880053e:   01 48 8b 34 ce 48 89 34 ca 41 39 44 24 34 77 e7
0x00007fc8f880054e:   49 8b 44 24 40 48 85 c0 74 13 48 8d 78 f8 48 89
0x00007fc8f880055e:   54 24 08 e8 1a a8 00 00 48 8b 54 24 08 45 89 7c
0x00007fc8f880056e:   24 34 49 89 54 24 40 e9 9a fe ff ff 45 8b 74 24
0x00007fc8f880057e:   34 e9 90 fe ff ff 66 2e 0f 1f 84 00 00 00 00 00
0x00007fc8f880058e:   66 90 48 8b 07 48 39 f0 74 58 55 48 89 fd 53 48
0x00007fc8f880059e:   89 f3 48 83 ec 08 48 85 c0 74 15 48 8d 78 08 ff
0x00007fc8f88005ae:   50 18 85 c0 75 0a 48 8b 7d 00 48 8b 07 ff 50 08
0x00007fc8f88005be:   48 89 5d 00 48 85 db 74 19 48 8b 43 10 48 83 c4
0x00007fc8f88005ce:   08 48 8d 7b 08 5b 5d ff e0 66 0f 1f 84 00 00 00
0x00007fc8f88005de:   00 00 48 83 c4 08 5b 5d c3 66 0f 1f 84 00 00 00
0x00007fc8f88005ee:   00 00 c3 66 66 2e 0f 1f 84 00 00 00 00 00 0f 1f
0x00007fc8f88005fe:   40 00 48 83 ec 08 bf 01 00 00 00 e8 62 4a ff ff
0x00007fc8f880060e:   8b 70 40 48 8d 78 30 48 83 c4 08 e9 62 68 f8 ff
0x00007fc8f880061e:   66 90 48 83 ec 18 48 8b 87 b0 04 00 00 ba 04 00
0x00007fc8f880062e:   00 00 be 01 00 00 00 48 8d 4c 24 0c bf 01 00 00
0x00007fc8f880063e:   00 ff 90 d8 00 00 00 48 83 c4 18 c3 66 0f 1f 44
0x00007fc8f880064e:   00 00 49 89 fa 41 89 d1 40 0f b6 fe 89 ca 49 8b
0x00007fc8f880065e:   82 b0 04 00 00 4c 89 c1 44 89 ce 48 8b 80 d8 00
0x00007fc8f880066e:   00 00 ff e0 66 66 2e 0f 1f 84 00 00 00 00 00 0f
0x00007fc8f880067e:   1f 00 55 40 0f b6 f6 53 48 89 fb 48 83 ec 08 48
0x00007fc8f880068e:   8b af b0 04 00 00 e8 b7 ff ff ff ff 95 00 01 00
0x00007fc8f880069e:   00 8b 10 89 53 28 48 83 c4 08 5b 5d c3 0f 1f 44
0x00007fc8f88006ae:   00 00 41 57 41 56 49 89 fe bf 01 00 00 00 41 55
0x00007fc8f88006be:   49 89 f5 41 54 55 53 48 83 ec 58 48 89 14 24 e8
0x00007fc8f88006ce:   9e 49 ff ff 48 c7 44 24 18 00 00 00 00 83 b8 a0
0x00007fc8f88006de:   04 00 00 03 4c 8b b8 b0 04 00 00 48 89 c3 44 8b
0x00007fc8f88006ee:   60 38 0f 84 02 01 00 00 48 8d 4c 24 20 48 8d 70
0x00007fc8f88006fe:   30 ba 01 00 00 00 48 89 cf 48 89 4c 24 08 e8 7f



---------------  P R O C E S S  ---------------

VM state: at safepoint (shutting down)

VM Mutex/Monitor currently owned by a thread:  ([mutex/lock_event])
[0x00007fc99a515378] ThreadsLockThrottle_lock - owner thread: 0x00007fc994144570
[0x00007fc99a5150f8] Threads_lock - owner thread: 0x00007fc994138240
[0x00007fc99a514ff8] Heap_lock - owner thread: 0x00007fc8f0001080

Heap address: 0x0000000617800000, size: 7816 MB, Compressed Oops mode: Zero based, Oop shift amount: 3

CDS archive(s) mapped at: [0x00007fc913000000-0x00007fc913c9d000-0x00007fc913c9d000), size 13225984, SharedBaseAddress: 0x00007fc913000000, ArchiveRelocationMode: 1.
Compressed class space mapped at: 0x00007fc914000000-0x00007fc954000000, reserved size: 1073741824
Narrow klass base: 0x00007fc913000000, Narrow klass shift: 0, Narrow klass range: 0x100000000

GC Precious Log:
<Skipped>

Heap:
 garbage-first heap   total 507904K, used 7688K [0x0000000617800000, 0x0000000800000000)
  region size 4096K, 3 young (12288K), 1 survivors (4096K)
 Metaspace       used 8980K, committed 9152K, reserved 1114112K
  class space    used 748K, committed 832K, reserved 1048576K

Heap Regions: E=young(eden), S=young(survivor), O=old, HS=humongous(starts), HC=humongous(continues), CS=collection set, F=free, TAMS=top-at-mark-start, PB=parsable bottom
|   0|0x0000000617800000, 0x0000000617800000, 0x0000000617c00000|  0%| F|  |TAMS 0x0000000617800000| PB 0x0000000617800000| Untracked 
|   1|0x0000000617c00000, 0x0000000617c00000, 0x0000000618000000|  0%| F|  |TAMS 0x0000000617c00000| PB 0x0000000617c00000| Untracked 
|   2|0x0000000618000000, 0x0000000618000000, 0x0000000618400000|  0%| F|  |TAMS 0x0000000618000000| PB 0x0000000618000000| Untracked 
|   3|0x0000000618400000, 0x0000000618400000, 0x0000000618800000|  0%| F|  |TAMS 0x0000000618400000| PB 0x0000000618400000| Untracked 
|   4|0x0000000618800000, 0x0000000618800000, 0x0000000618c00000|  0%| F|  |TAMS 0x0000000618800000| PB 0x0000000618800000| Untracked 
|   5|0x0000000618c00000, 0x0000000618c00000, 0x0000000619000000|  0%| F|  |TAMS 0x0000000618c00000| PB 0x0000000618c00000| Untracked 
|   6|0x0000000619000000, 0x0000000619000000, 0x0000000619400000|  0%| F|  |TAMS 0x0000000619000000| PB 0x0000000619000000| Untracked 
|   7|0x0000000619400000, 0x0000000619400000, 0x0000000619800000|  0%| F|  |TAMS 0x0000000619400000| PB 0x0000000619400000| Untracked 
|   8|0x0000000619800000, 0x0000000619800000, 0x0000000619c00000|  0%| F|  |TAMS 0x0000000619800000| PB 0x0000000619800000| Untracked 
|   9|0x0000000619c00000, 0x0000000619c00000, 0x000000061a000000|  0%| F|  |TAMS 0x0000000619c00000| PB 0x0000000619c00000| Untracked 
|  10|0x000000061a000000, 0x000000061a000000, 0x000000061a400000|  0%| F|  |TAMS 0x000000061a000000| PB 0x000000061a000000| Untracked 
|  11|0x000000061a400000, 0x000000061a400000, 0x000000061a800000|  0%| F|  |TAMS 0x000000061a400000| PB 0x000000061a400000| Untracked 
|  12|0x000000061a800000, 0x000000061a800000, 0x000000061ac00000|  0%| F|  |TAMS 0x000000061a800000| PB 0x000000061a800000| Untracked 
|  13|0x000000061ac00000, 0x000000061ac00000, 0x000000061b000000|  0%| F|  |TAMS 0x000000061ac00000| PB 0x000000061ac00000| Untracked 
|  14|0x000000061b000000, 0x000000061b000000, 0x000000061b400000|  0%| F|  |TAMS 0x000000061b000000| PB 0x000000061b000000| Untracked 
|  15|0x000000061b400000, 0x000000061b400000, 0x000000061b800000|  0%| F|  |TAMS 0x000000061b400000| PB 0x000000061b400000| Untracked 
|  16|0x000000061b800000, 0x000000061b800000, 0x000000061bc00000|  0%| F|  |TAMS 0x000000061b800000| PB 0x000000061b800000| Untracked 
|  17|0x000000061bc00000, 0x000000061bc00000, 0x000000061c000000|  0%| F|  |TAMS 0x000000061bc00000| PB 0x000000061bc00000| Untracked 
|  18|0x000000061c000000, 0x000000061c000000, 0x000000061c400000|  0%| F|  |TAMS 0x000000061c000000| PB 0x000000061c000000| Untracked 
|  19|0x000000061c400000, 0x000000061c400000, 0x000000061c800000|  0%| F|  |TAMS 0x000000061c400000| PB 0x000000061c400000| Untracked 
|  20|0x000000061c800000, 0x000000061c800000, 0x000000061cc00000|  0%| F|  |TAMS 0x000000061c800000| PB 0x000000061c800000| Untracked 
|  21|0x000000061cc00000, 0x000000061cc00000, 0x000000061d000000|  0%| F|  |TAMS 0x000000061cc00000| PB 0x000000061cc00000| Untracked 
|  22|0x000000061d000000, 0x000000061d000000, 0x000000061d400000|  0%| F|  |TAMS 0x000000061d000000| PB 0x000000061d000000| Untracked 
|  23|0x000000061d400000, 0x000000061d400000, 0x000000061d800000|  0%| F|  |TAMS 0x000000061d400000| PB 0x000000061d400000| Untracked 
|  24|0x000000061d800000, 0x000000061d800000, 0x000000061dc00000|  0%| F|  |TAMS 0x000000061d800000| PB 0x000000061d800000| Untracked 
|  25|0x000000061dc00000, 0x000000061dc00000, 0x000000061e000000|  0%| F|  |TAMS 0x000000061dc00000| PB 0x000000061dc00000| Untracked 
|  26|0x000000061e000000, 0x000000061e000000, 0x000000061e400000|  0%| F|  |TAMS 0x000000061e000000| PB 0x000000061e000000| Untracked 
|  27|0x000000061e400000, 0x000000061e400000, 0x000000061e800000|  0%| F|  |TAMS 0x000000061e400000| PB 0x000000061e400000| Untracked 
|  28|0x000000061e800000, 0x000000061e800000, 0x000000061ec00000|  0%| F|  |TAMS 0x000000061e800000| PB 0x000000061e800000| Untracked 
|  29|0x000000061ec00000, 0x000000061ec00000, 0x000000061f000000|  0%| F|  |TAMS 0x000000061ec00000| PB 0x000000061ec00000| Untracked 
|  30|0x000000061f000000, 0x000000061f000000, 0x000000061f400000|  0%| F|  |TAMS 0x000000061f000000| PB 0x000000061f000000| Untracked 
|  31|0x000000061f400000, 0x000000061f400000, 0x000000061f800000|  0%| F|  |TAMS 0x000000061f400000| PB 0x000000061f400000| Untracked 
|  32|0x000000061f800000, 0x000000061f800000, 0x000000061fc00000|  0%| F|  |TAMS 0x000000061f800000| PB 0x000000061f800000| Untracked 
|  33|0x000000061fc00000, 0x000000061fc00000, 0x0000000620000000|  0%| F|  |TAMS 0x000000061fc00000| PB 0x000000061fc00000| Untracked 
|  34|0x0000000620000000, 0x0000000620000000, 0x0000000620400000|  0%| F|  |TAMS 0x0000000620000000| PB 0x0000000620000000| Untracked 
|  35|0x0000000620400000, 0x0000000620400000, 0x0000000620800000|  0%| F|  |TAMS 0x0000000620400000| PB 0x0000000620400000| Untracked 
|  36|0x0000000620800000, 0x0000000620800000, 0x0000000620c00000|  0%| F|  |TAMS 0x0000000620800000| PB 0x0000000620800000| Untracked 
|  37|0x0000000620c00000, 0x0000000620c00000, 0x0000000621000000|  0%| F|  |TAMS 0x0000000620c00000| PB 0x0000000620c00000| Untracked 
|  38|0x0000000621000000, 0x0000000621000000, 0x0000000621400000|  0%| F|  |TAMS 0x0000000621000000| PB 0x0000000621000000| Untracked 
|  39|0x0000000621400000, 0x0000000621400000, 0x0000000621800000|  0%| F|  |TAMS 0x0000000621400000| PB 0x0000000621400000| Untracked 
|  40|0x0000000621800000, 0x0000000621800000, 0x0000000621c00000|  0%| F|  |TAMS 0x0000000621800000| PB 0x0000000621800000| Untracked 
|  41|0x0000000621c00000, 0x0000000621c00000, 0x0000000622000000|  0%| F|  |TAMS 0x0000000621c00000| PB 0x0000000621c00000| Untracked 
|  42|0x0000000622000000, 0x0000000622000000, 0x0000000622400000|  0%| F|  |TAMS 0x0000000622000000| PB 0x0000000622000000| Untracked 
|  43|0x0000000622400000, 0x0000000622400000, 0x0000000622800000|  0%| F|  |TAMS 0x0000000622400000| PB 0x0000000622400000| Untracked 
|  44|0x0000000622800000, 0x0000000622800000, 0x0000000622c00000|  0%| F|  |TAMS 0x0000000622800000| PB 0x0000000622800000| Untracked 
|  45|0x0000000622c00000, 0x0000000622c00000, 0x0000000623000000|  0%| F|  |TAMS 0x0000000622c00000| PB 0x0000000622c00000| Untracked 
|  46|0x0000000623000000, 0x0000000623000000, 0x0000000623400000|  0%| F|  |TAMS 0x0000000623000000| PB 0x0000000623000000| Untracked 
|  47|0x0000000623400000, 0x0000000623400000, 0x0000000623800000|  0%| F|  |TAMS 0x0000000623400000| PB 0x0000000623400000| Untracked 
|  48|0x0000000623800000, 0x0000000623800000, 0x0000000623c00000|  0%| F|  |TAMS 0x0000000623800000| PB 0x0000000623800000| Untracked 
|  49|0x0000000623c00000, 0x0000000623c00000, 0x0000000624000000|  0%| F|  |TAMS 0x0000000623c00000| PB 0x0000000623c00000| Untracked 
|  50|0x0000000624000000, 0x0000000624000000, 0x0000000624400000|  0%| F|  |TAMS 0x0000000624000000| PB 0x0000000624000000| Untracked 
|  51|0x0000000624400000, 0x0000000624400000, 0x0000000624800000|  0%| F|  |TAMS 0x0000000624400000| PB 0x0000000624400000| Untracked 
|  52|0x0000000624800000, 0x0000000624800000, 0x0000000624c00000|  0%| F|  |TAMS 0x0000000624800000| PB 0x0000000624800000| Untracked 
|  53|0x0000000624c00000, 0x0000000624c00000, 0x0000000625000000|  0%| F|  |TAMS 0x0000000624c00000| PB 0x0000000624c00000| Untracked 
|  54|0x0000000625000000, 0x0000000625000000, 0x0000000625400000|  0%| F|  |TAMS 0x0000000625000000| PB 0x0000000625000000| Untracked 
|  55|0x0000000625400000, 0x0000000625400000, 0x0000000625800000|  0%| F|  |TAMS 0x0000000625400000| PB 0x0000000625400000| Untracked 
|  56|0x0000000625800000, 0x0000000625800000, 0x0000000625c00000|  0%| F|  |TAMS 0x0000000625800000| PB 0x0000000625800000| Untracked 
|  57|0x0000000625c00000, 0x0000000625c00000, 0x0000000626000000|  0%| F|  |TAMS 0x0000000625c00000| PB 0x0000000625c00000| Untracked 
|  58|0x0000000626000000, 0x0000000626000000, 0x0000000626400000|  0%| F|  |TAMS 0x0000000626000000| PB 0x0000000626000000| Untracked 
|  59|0x0000000626400000, 0x0000000626400000, 0x0000000626800000|  0%| F|  |TAMS 0x0000000626400000| PB 0x0000000626400000| Untracked 
|  60|0x0000000626800000, 0x0000000626800000, 0x0000000626c00000|  0%| F|  |TAMS 0x0000000626800000| PB 0x0000000626800000| Untracked 
|  61|0x0000000626c00000, 0x0000000626c00000, 0x0000000627000000|  0%| F|  |TAMS 0x0000000626c00000| PB 0x0000000626c00000| Untracked 
|  62|0x0000000627000000, 0x0000000627000000, 0x0000000627400000|  0%| F|  |TAMS 0x0000000627000000| PB 0x0000000627000000| Untracked 
|  63|0x0000000627400000, 0x0000000627400000, 0x0000000627800000|  0%| F|  |TAMS 0x0000000627400000| PB 0x0000000627400000| Untracked 
|  64|0x0000000627800000, 0x0000000627800000, 0x0000000627c00000|  0%| F|  |TAMS 0x0000000627800000| PB 0x0000000627800000| Untracked 
|  65|0x0000000627c00000, 0x0000000627c00000, 0x0000000628000000|  0%| F|  |TAMS 0x0000000627c00000| PB 0x0000000627c00000| Untracked 
|  66|0x0000000628000000, 0x0000000628000000, 0x0000000628400000|  0%| F|  |TAMS 0x0000000628000000| PB 0x0000000628000000| Untracked 
|  67|0x0000000628400000, 0x0000000628400000, 0x0000000628800000|  0%| F|  |TAMS 0x0000000628400000| PB 0x0000000628400000| Untracked 
|  68|0x0000000628800000, 0x0000000628800000, 0x0000000628c00000|  0%| F|  |TAMS 0x0000000628800000| PB 0x0000000628800000| Untracked 
|  69|0x0000000628c00000, 0x0000000628c00000, 0x0000000629000000|  0%| F|  |TAMS 0x0000000628c00000| PB 0x0000000628c00000| Untracked 
|  70|0x0000000629000000, 0x0000000629000000, 0x0000000629400000|  0%| F|  |TAMS 0x0000000629000000| PB 0x0000000629000000| Untracked 
|  71|0x0000000629400000, 0x0000000629400000, 0x0000000629800000|  0%| F|  |TAMS 0x0000000629400000| PB 0x0000000629400000| Untracked 
|  72|0x0000000629800000, 0x0000000629800000, 0x0000000629c00000|  0%| F|  |TAMS 0x0000000629800000| PB 0x0000000629800000| Untracked 
|  73|0x0000000629c00000, 0x0000000629c00000, 0x000000062a000000|  0%| F|  |TAMS 0x0000000629c00000| PB 0x0000000629c00000| Untracked 
|  74|0x000000062a000000, 0x000000062a000000, 0x000000062a400000|  0%| F|  |TAMS 0x000000062a000000| PB 0x000000062a000000| Untracked 
|  75|0x000000062a400000, 0x000000062a400000, 0x000000062a800000|  0%| F|  |TAMS 0x000000062a400000| PB 0x000000062a400000| Untracked 
|  76|0x000000062a800000, 0x000000062a800000, 0x000000062ac00000|  0%| F|  |TAMS 0x000000062a800000| PB 0x000000062a800000| Untracked 
|  77|0x000000062ac00000, 0x000000062ac00000, 0x000000062b000000|  0%| F|  |TAMS 0x000000062ac00000| PB 0x000000062ac00000| Untracked 
|  78|0x000000062b000000, 0x000000062b000000, 0x000000062b400000|  0%| F|  |TAMS 0x000000062b000000| PB 0x000000062b000000| Untracked 
|  79|0x000000062b400000, 0x000000062b400000, 0x000000062b800000|  0%| F|  |TAMS 0x000000062b400000| PB 0x000000062b400000| Untracked 
|  80|0x000000062b800000, 0x000000062b800000, 0x000000062bc00000|  0%| F|  |TAMS 0x000000062b800000| PB 0x000000062b800000| Untracked 
|  81|0x000000062bc00000, 0x000000062bc00000, 0x000000062c000000|  0%| F|  |TAMS 0x000000062bc00000| PB 0x000000062bc00000| Untracked 
|  82|0x000000062c000000, 0x000000062c000000, 0x000000062c400000|  0%| F|  |TAMS 0x000000062c000000| PB 0x000000062c000000| Untracked 
|  83|0x000000062c400000, 0x000000062c400000, 0x000000062c800000|  0%| F|  |TAMS 0x000000062c400000| PB 0x000000062c400000| Untracked 
|  84|0x000000062c800000, 0x000000062c800000, 0x000000062cc00000|  0%| F|  |TAMS 0x000000062c800000| PB 0x000000062c800000| Untracked 
|  85|0x000000062cc00000, 0x000000062cc00000, 0x000000062d000000|  0%| F|  |TAMS 0x000000062cc00000| PB 0x000000062cc00000| Untracked 
|  86|0x000000062d000000, 0x000000062d000000, 0x000000062d400000|  0%| F|  |TAMS 0x000000062d000000| PB 0x000000062d000000| Untracked 
|  87|0x000000062d400000, 0x000000062d400000, 0x000000062d800000|  0%| F|  |TAMS 0x000000062d400000| PB 0x000000062d400000| Untracked 
|  88|0x000000062d800000, 0x000000062d800000, 0x000000062dc00000|  0%| F|  |TAMS 0x000000062d800000| PB 0x000000062d800000| Untracked 
|  89|0x000000062dc00000, 0x000000062dc00000, 0x000000062e000000|  0%| F|  |TAMS 0x000000062dc00000| PB 0x000000062dc00000| Untracked 
|  90|0x000000062e000000, 0x000000062e000000, 0x000000062e400000|  0%| F|  |TAMS 0x000000062e000000| PB 0x000000062e000000| Untracked 
|  91|0x000000062e400000, 0x000000062e400000, 0x000000062e800000|  0%| F|  |TAMS 0x000000062e400000| PB 0x000000062e400000| Untracked 
|  92|0x000000062e800000, 0x000000062e800000, 0x000000062ec00000|  0%| F|  |TAMS 0x000000062e800000| PB 0x000000062e800000| Untracked 
|  93|0x000000062ec00000, 0x000000062ec00000, 0x000000062f000000|  0%| F|  |TAMS 0x000000062ec00000| PB 0x000000062ec00000| Untracked 
|  94|0x000000062f000000, 0x000000062f000000, 0x000000062f400000|  0%| F|  |TAMS 0x000000062f000000| PB 0x000000062f000000| Untracked 
|  95|0x000000062f400000, 0x000000062f400000, 0x000000062f800000|  0%| F|  |TAMS 0x000000062f400000| PB 0x000000062f400000| Untracked 
|  96|0x000000062f800000, 0x000000062f800000, 0x000000062fc00000|  0%| F|  |TAMS 0x000000062f800000| PB 0x000000062f800000| Untracked 
|  97|0x000000062fc00000, 0x000000062fc00000, 0x0000000630000000|  0%| F|  |TAMS 0x000000062fc00000| PB 0x000000062fc00000| Untracked 
|  98|0x0000000630000000, 0x0000000630000000, 0x0000000630400000|  0%| F|  |TAMS 0x0000000630000000| PB 0x0000000630000000| Untracked 
|  99|0x0000000630400000, 0x0000000630400000, 0x0000000630800000|  0%| F|  |TAMS 0x0000000630400000| PB 0x0000000630400000| Untracked 
| 100|0x0000000630800000, 0x0000000630800000, 0x0000000630c00000|  0%| F|  |TAMS 0x0000000630800000| PB 0x0000000630800000| Untracked 
| 101|0x0000000630c00000, 0x0000000630c00000, 0x0000000631000000|  0%| F|  |TAMS 0x0000000630c00000| PB 0x0000000630c00000| Untracked 
| 102|0x0000000631000000, 0x0000000631000000, 0x0000000631400000|  0%| F|  |TAMS 0x0000000631000000| PB 0x0000000631000000| Untracked 
| 103|0x0000000631400000, 0x0000000631400000, 0x0000000631800000|  0%| F|  |TAMS 0x0000000631400000| PB 0x0000000631400000| Untracked 
| 104|0x0000000631800000, 0x0000000631800000, 0x0000000631c00000|  0%| F|  |TAMS 0x0000000631800000| PB 0x0000000631800000| Untracked 
| 105|0x0000000631c00000, 0x0000000631c00000, 0x0000000632000000|  0%| F|  |TAMS 0x0000000631c00000| PB 0x0000000631c00000| Untracked 
| 106|0x0000000632000000, 0x0000000632000000, 0x0000000632400000|  0%| F|  |TAMS 0x0000000632000000| PB 0x0000000632000000| Untracked 
| 107|0x0000000632400000, 0x0000000632400000, 0x0000000632800000|  0%| F|  |TAMS 0x0000000632400000| PB 0x0000000632400000| Untracked 
| 108|0x0000000632800000, 0x0000000632800000, 0x0000000632c00000|  0%| F|  |TAMS 0x0000000632800000| PB 0x0000000632800000| Untracked 
| 109|0x0000000632c00000, 0x0000000632c00000, 0x0000000633000000|  0%| F|  |TAMS 0x0000000632c00000| PB 0x0000000632c00000| Untracked 
| 110|0x0000000633000000, 0x0000000633000000, 0x0000000633400000|  0%| F|  |TAMS 0x0000000633000000| PB 0x0000000633000000| Untracked 
| 111|0x0000000633400000, 0x0000000633400000, 0x0000000633800000|  0%| F|  |TAMS 0x0000000633400000| PB 0x0000000633400000| Untracked 
| 112|0x0000000633800000, 0x0000000633800000, 0x0000000633c00000|  0%| F|  |TAMS 0x0000000633800000| PB 0x0000000633800000| Untracked 
| 113|0x0000000633c00000, 0x0000000633c00000, 0x0000000634000000|  0%| F|  |TAMS 0x0000000633c00000| PB 0x0000000633c00000| Untracked 
| 114|0x0000000634000000, 0x0000000634000000, 0x0000000634400000|  0%| F|  |TAMS 0x0000000634000000| PB 0x0000000634000000| Untracked 
| 115|0x0000000634400000, 0x0000000634400000, 0x0000000634800000|  0%| F|  |TAMS 0x0000000634400000| PB 0x0000000634400000| Untracked 
| 116|0x0000000634800000, 0x0000000634a75650, 0x0000000634c00000| 61%| S|CS|TAMS 0x0000000634800000| PB 0x0000000634800000| Complete 
| 117|0x0000000634c00000, 0x0000000634c00000, 0x0000000635000000|  0%| F|  |TAMS 0x0000000634c00000| PB 0x0000000634c00000| Untracked 
| 118|0x0000000635000000, 0x0000000635000000, 0x0000000635400000|  0%| F|  |TAMS 0x0000000635000000| PB 0x0000000635000000| Untracked 
| 119|0x0000000635400000, 0x0000000635400000, 0x0000000635800000|  0%| F|  |TAMS 0x0000000635400000| PB 0x0000000635400000| Untracked 
| 120|0x0000000635800000, 0x0000000635800000, 0x0000000635c00000|  0%| F|  |TAMS 0x0000000635800000| PB 0x0000000635800000| Untracked 
| 121|0x0000000635c00000, 0x0000000635fb1b18, 0x0000000636000000| 92%| E|  |TAMS 0x0000000635c00000| PB 0x0000000635c00000| Complete 
| 122|0x0000000636000000, 0x0000000636400000, 0x0000000636400000|100%| E|CS|TAMS 0x0000000636000000| PB 0x0000000636000000| Complete 
|1953|0x00000007ffc00000, 0x00000007ffd0cbc8, 0x0000000800000000| 26%| O|  |TAMS 0x00000007ffc00000| PB 0x00000007ffc00000| Untracked 

Card table byte_map: [0x00007fc97a978000,0x00007fc97b8bc000] _byte_map_base: 0x00007fc9778bc000

Marking Bits: (CMBitMap*) 0x00007fc99405a8b0
 Bits: [0x00007fc972f58000, 0x00007fc97a978000)

Polling page: 0x00007fc99a747000

Metaspace:

Usage:
  Non-class:      8.04 MB used.
      Class:    748.66 KB used.
       Both:      8.77 MB used.

Virtual space:
  Non-class space:       64.00 MB reserved,       8.12 MB ( 13%) committed,  1 nodes.
      Class space:        1.00 GB reserved,     832.00 KB ( <1%) committed,  1 nodes.
             Both:        1.06 GB reserved,       8.94 MB ( <1%) committed. 

Chunk freelists:
   Non-Class:  6.14 MB
       Class:  15.16 MB
        Both:  21.30 MB

MaxMetaspaceSize: unlimited
CompressedClassSpaceSize: 1.00 GB
Initial GC threshold: 21.00 MB
Current GC threshold: 21.00 MB
CDS: on
 - commit_granule_bytes: 65536.
 - commit_granule_words: 8192.
 - virtual_space_node_default_size: 8388608.
 - enlarge_chunks_in_place: 1.
 - use_allocation_guard: 0.


Internal statistics:

num_allocs_failed_limit: 0.
num_arena_births: 100.
num_arena_deaths: 0.
num_vsnodes_births: 2.
num_vsnodes_deaths: 0.
num_space_committed: 141.
num_space_uncommitted: 0.
num_chunks_returned_to_freelist: 0.
num_chunks_taken_from_freelist: 352.
num_chunk_merges: 0.
num_chunk_splits: 264.
num_chunks_enlarged: 218.
num_inconsistent_stats: 0.

CodeHeap 'non-profiled nmethods': size=119168Kb used=533Kb max_used=533Kb free=118634Kb
 bounds [0x00007fc9843a0000, 0x00007fc984610000, 0x00007fc98b800000]
CodeHeap 'profiled nmethods': size=119164Kb used=2909Kb max_used=2909Kb free=116254Kb
 bounds [0x00007fc97c800000, 0x00007fc97cae0000, 0x00007fc983c5f000]
CodeHeap 'non-nmethods': size=7428Kb used=2487Kb max_used=4188Kb free=4941Kb
 bounds [0x00007fc983c5f000, 0x00007fc98407f000, 0x00007fc9843a0000]
CodeCache: size=245760Kb, used=5929Kb, max_used=7630Kb, free=239829Kb
 total_blobs=2830, nmethods=1664, adapters=1072, full_count=0
Compilation: enabled, stopped_count=0, restarted_count=0

Compilation events (20 events):
Event: 19.263 Thread 0x00007fc994148d10 1655       4       com.badlogic.gdx.graphics.g2d.SpriteBatch::begin (65 bytes)
Event: 19.264 Thread 0x00007fc994148d10 nmethod 1655 0x00007fc984422890 code [0x00007fc984422a60, 0x00007fc984422ca0]
Event: 19.705 Thread 0x00007fc994148d10 1656       4       com.badlogic.gdx.graphics.g2d.SpriteBatch::end (66 bytes)
Event: 19.709 Thread 0x00007fc994148d10 nmethod 1656 0x00007fc984422f10 code [0x00007fc9844231a0, 0x00007fc984423b50]
Event: 22.375 Thread 0x00007fc994148d10 1657       4       com.badlogic.gdx.maps.MapLayer::getOpacity (25 bytes)
Event: 22.375 Thread 0x00007fc994148d10 nmethod 1657 0x00007fc984424690 code [0x00007fc984424800, 0x00007fc9844248b0]
Event: 25.972 Thread 0x00007fc994148d10 1658       4       com.badlogic.gdx.graphics.Color::toFloatBits (40 bytes)
Event: 25.972 Thread 0x00007fc994148d10 nmethod 1658 0x00007fc984424990 code [0x00007fc984424b40, 0x00007fc984424c78]
Event: 27.188 Thread 0x00007fc99414a3d0 1659       1       org.lwjgl.system.MemoryStack::getPointer (5 bytes)
Event: 27.188 Thread 0x00007fc99414a3d0 nmethod 1659 0x00007fc984424d10 code [0x00007fc984424ea0, 0x00007fc984424f60]
Event: 28.114 Thread 0x00007fc99414a3d0 1662  s    3       com.badlogic.gdx.InputEventQueue::mouseMoved (83 bytes)
Event: 28.115 Thread 0x00007fc99414a3d0 nmethod 1662 0x00007fc97cad4d10 code [0x00007fc97cad4f60, 0x00007fc97cad5568]
Event: 28.115 Thread 0x00007fc99414a3d0 1660       3       org.lwjgl.glfw.GLFWCursorPosCallbackI::callback (40 bytes)
Event: 28.115 Thread 0x00007fc99414a3d0 nmethod 1660 0x00007fc97cad5890 code [0x00007fc97cad5ae0, 0x00007fc97cad6458]
Event: 28.115 Thread 0x00007fc99414a3d0 1661       3       com.badlogic.gdx.backends.lwjgl3.DefaultLwjgl3Input$4::invoke (302 bytes)
Event: 28.115 Thread 0x00007fc99414a3d0 nmethod 1661 0x00007fc97cad6710 code [0x00007fc97cad6960, 0x00007fc97cad7178]
Event: 29.286 Thread 0x00007fc99414a3d0 1663       1       java.lang.Module::getDescriptor (5 bytes)
Event: 29.286 Thread 0x00007fc99414a3d0 nmethod 1663 0x00007fc984425010 code [0x00007fc9844251a0, 0x00007fc984425268]
Event: 29.286 Thread 0x00007fc99414a3d0 1664       1       java.lang.module.ModuleDescriptor::provides (5 bytes)
Event: 29.286 Thread 0x00007fc99414a3d0 nmethod 1664 0x00007fc984425310 code [0x00007fc9844254a0, 0x00007fc984425568]

GC Heap History (2 events):
Event: 0.420 GC heap before
{Heap before GC invocations=0 (full 0):
 garbage-first heap   total 507904K, used 25650K [0x0000000617800000, 0x0000000800000000)
  region size 4096K, 6 young (24576K), 0 survivors (0K)
 Metaspace       used 7218K, committed 7360K, reserved 1114112K
  class space    used 555K, committed 640K, reserved 1048576K
}
Event: 0.422 GC heap after
{Heap after GC invocations=1 (full 0):
 garbage-first heap   total 507904K, used 3592K [0x0000000617800000, 0x0000000800000000)
  region size 4096K, 1 young (4096K), 1 survivors (4096K)
 Metaspace       used 7218K, committed 7360K, reserved 1114112K
  class space    used 555K, committed 640K, reserved 1048576K
}

Dll operation events (10 events):
Event: 0.002 Loaded shared library /usr/lib/jvm/java-21-openjdk/lib/libjava.so
Event: 0.015 Loaded shared library /usr/lib/jvm/java-21-openjdk/lib/libjsvml.so
Event: 0.023 Loaded shared library /usr/lib/jvm/java-21-openjdk/lib/libnio.so
Event: 0.024 Loaded shared library /usr/lib/jvm/java-21-openjdk/lib/libzip.so
Event: 0.044 Loaded shared library /usr/lib/jvm/java-21-openjdk/lib/libjimage.so
Event: 0.047 Loaded shared library /tmp/libgdxbazzite/da3a4817/libgdx64.so
Event: 0.064 Loaded shared library /usr/lib/jvm/java-21-openjdk/lib/libnet.so
Event: 0.067 Loaded shared library /tmp/lwjgl_bazzite/3.4.1+2/x64/liblwjgl.so
Event: 0.072 Loaded shared library /usr/lib/jvm/java-21-openjdk/lib/libsystemconf.so
Event: 0.230 Loaded shared library /tmp/lwjgl_bazzite/3.4.1+2/x64/liblwjgl_opengl.so

Deoptimization events (20 events):
Event: 0.225 Thread 0x00007fc99402e7c0 DEOPT PACKING pc=0x00007fc9843d4d90 sp=0x00007fc9990caf10
Event: 0.225 Thread 0x00007fc99402e7c0 DEOPT UNPACKING pc=0x00007fc983cb6619 sp=0x00007fc9990cae90 mode 2
Event: 0.231 Thread 0x00007fc99402e7c0 Uncommon trap: trap_request=0xffffff45 fr.pc=0x00007fc9843ac32c relative=0x000000000000018c
Event: 0.231 Thread 0x00007fc99402e7c0 Uncommon trap: reason=unstable_if action=reinterpret pc=0x00007fc9843ac32c method=jdk.internal.util.ArraysSupport.vectorizedHashCode(Ljava/lang/Object;IIII)I @ 2 c2
Event: 0.231 Thread 0x00007fc99402e7c0 DEOPT PACKING pc=0x00007fc9843ac32c sp=0x00007fc9990ca300
Event: 0.231 Thread 0x00007fc99402e7c0 DEOPT UNPACKING pc=0x00007fc983cb6619 sp=0x00007fc9990ca2d0 mode 2
Event: 0.233 Thread 0x00007fc99402e7c0 Uncommon trap: trap_request=0xffffff54 fr.pc=0x00007fc9843e486c relative=0x000000000000006c
Event: 0.233 Thread 0x00007fc99402e7c0 Uncommon trap: reason=speculate_null_assert action=make_not_entrant pc=0x00007fc9843e486c method=sun.misc.Unsafe.getLong(Ljava/lang/Object;J)J @ 5 c2
Event: 0.233 Thread 0x00007fc99402e7c0 DEOPT PACKING pc=0x00007fc9843e486c sp=0x00007fc9990cb370
Event: 0.233 Thread 0x00007fc99402e7c0 DEOPT UNPACKING pc=0x00007fc983cb6619 sp=0x00007fc9990cb318 mode 2
Event: 3.655 Thread 0x00007fc99402e7c0 Uncommon trap: trap_request=0xffffff45 fr.pc=0x00007fc9843eafbc relative=0x000000000000065c
Event: 3.655 Thread 0x00007fc99402e7c0 Uncommon trap: reason=unstable_if action=reinterpret pc=0x00007fc9843eafbc method=java.lang.StringLatin1.newString([BII)Ljava/lang/String; @ 1 c2
Event: 3.655 Thread 0x00007fc99402e7c0 DEOPT PACKING pc=0x00007fc9843eafbc sp=0x00007fc9990cabb0
Event: 3.655 Thread 0x00007fc99402e7c0 DEOPT UNPACKING pc=0x00007fc983cb6619 sp=0x00007fc9990cab10 mode 2
Event: 3.672 Thread 0x00007fc99402e7c0 Uncommon trap: trap_request=0xffffff45 fr.pc=0x00007fc984401804 relative=0x0000000000000584
Event: 3.672 Thread 0x00007fc99402e7c0 Uncommon trap: reason=unstable_if action=reinterpret pc=0x00007fc984401804 method=com.badlogic.gdx.utils.ObjectIntMap.locateKey(Ljava/lang/Object;)I @ 32 c2
Event: 3.672 Thread 0x00007fc99402e7c0 DEOPT PACKING pc=0x00007fc984401804 sp=0x00007fc9990caad0
Event: 3.672 Thread 0x00007fc99402e7c0 DEOPT UNPACKING pc=0x00007fc983cb6619 sp=0x00007fc9990caa98 mode 2
Event: 4.819 Thread 0x00007fc99402e7c0 DEOPT PACKING pc=0x00007fc97cac3af0 sp=0x00007fc9990cb410
Event: 4.819 Thread 0x00007fc99402e7c0 DEOPT UNPACKING pc=0x00007fc983cb714f sp=0x00007fc9990ca848 mode 0

Classes loaded (20 events):
Event: 29.286 Loading class jdk/internal/logger/AbstractLoggerWrapper
Event: 29.286 Loading class jdk/internal/logger/AbstractLoggerWrapper done
Event: 29.286 Loading class jdk/internal/logger/LazyLoggers$LazyLoggerWrapper done
Event: 29.286 Loading class jdk/internal/logger/LazyLoggers$JdkLazyLogger done
Event: 29.286 Loading class jdk/internal/logger/LazyLoggers$LazyLoggerAccessor
Event: 29.286 Loading class jdk/internal/logger/LazyLoggers$LoggerAccessor
Event: 29.286 Loading class jdk/internal/logger/LazyLoggers$LoggerAccessor done
Event: 29.286 Loading class jdk/internal/logger/LazyLoggers$LazyLoggerAccessor done
Event: 29.286 Loading class java/lang/System$Logger$Level
Event: 29.286 Loading class java/lang/System$Logger$Level done
Event: 29.286 Loading class jdk/internal/logger/SurrogateLogger
Event: 29.286 Loading class jdk/internal/logger/SimpleConsoleLogger
Event: 29.286 Loading class sun/util/logging/PlatformLogger$ConfigurableBridge$LoggerConfiguration
Event: 29.286 Loading class sun/util/logging/PlatformLogger$ConfigurableBridge$LoggerConfiguration done
Event: 29.286 Loading class jdk/internal/logger/SimpleConsoleLogger done
Event: 29.286 Loading class jdk/internal/logger/SurrogateLogger done
Event: 29.286 Loading class sun/util/logging/PlatformLogger
Event: 29.286 Loading class sun/util/logging/PlatformLogger done
Event: 29.286 Loading class sun/util/logging/PlatformLogger$Level
Event: 29.286 Loading class sun/util/logging/PlatformLogger$Level done

Classes unloaded (0 events):
No events

Classes redefined (0 events):
No events

Internal exceptions (20 events):
Event: 0.058 Thread 0x00007fc99402e7c0 Exception <a 'java/lang/NoSuchMethodError'{0x0000000635d76570}: 'void java.lang.invoke.DirectMethodHandle$Holder.invokeSpecial(java.lang.Object, java.lang.Object, java.lang.Object)'> (0x0000000635d76570) 
thrown [src/hotspot/share/interpreter/linkResolver.cpp, line 772]
Event: 0.059 Thread 0x00007fc99402e7c0 Exception <a 'java/lang/NoSuchMethodError'{0x0000000635d887d0}: 'java.lang.Object java.lang.invoke.DirectMethodHandle$Holder.invokeStatic(java.lang.Object, java.lang.Object, int)'> (0x0000000635d887d0) 
thrown [src/hotspot/share/interpreter/linkResolver.cpp, line 772]
Event: 0.059 Thread 0x00007fc99402e7c0 Exception <a 'java/lang/NoSuchMethodError'{0x0000000635d94028}: 'void java.lang.invoke.DelegatingMethodHandle$Holder.delegate(java.lang.Object, java.lang.Object, int, java.lang.Object)'> (0x0000000635d94028) 
thrown [src/hotspot/share/interpreter/linkResolver.cpp, line 772]
Event: 0.059 Thread 0x00007fc99402e7c0 Exception <a 'java/lang/NoSuchMethodError'{0x0000000635d98020}: 'int java.lang.invoke.DirectMethodHandle$Holder.invokeSpecial(java.lang.Object, java.lang.Object, java.lang.Object)'> (0x0000000635d98020) 
thrown [src/hotspot/share/interpreter/linkResolver.cpp, line 772]
Event: 0.061 Thread 0x00007fc99402e7c0 Exception <a 'java/lang/NoSuchMethodError'{0x0000000635db2748}: 'void java.lang.System.loadLibrary(java.lang.String, java.lang.Class)'> (0x0000000635db2748) 
thrown [src/hotspot/share/interpreter/linkResolver.cpp, line 772]
Event: 0.091 Thread 0x00007fc99402e7c0 Exception <a 'java/lang/NoSuchMethodError'{0x0000000635f5bb88}: 'int java.lang.invoke.DirectMethodHandle$Holder.invokeStaticInit(java.lang.Object, java.lang.Object, int, long)'> (0x0000000635f5bb88) 
thrown [src/hotspot/share/interpreter/linkResolver.cpp, line 772]
Event: 0.091 Thread 0x00007fc99402e7c0 Exception <a 'java/lang/NoSuchMethodError'{0x0000000635f60cb0}: 'java.lang.Object java.lang.invoke.DirectMethodHandle$Holder.newInvokeSpecial(java.lang.Object, java.lang.Object, int)'> (0x0000000635f60cb0) 
thrown [src/hotspot/share/interpreter/linkResolver.cpp, line 772]
Event: 0.091 Thread 0x00007fc99402e7c0 Exception <a 'java/lang/NoSuchMethodError'{0x0000000635f6b188}: 'int java.lang.invoke.DirectMethodHandle$Holder.invokeStaticInit(java.lang.Object, java.lang.Object, long, long)'> (0x0000000635f6b188) 
thrown [src/hotspot/share/interpreter/linkResolver.cpp, line 772]
Event: 0.092 Thread 0x00007fc99402e7c0 Exception <a 'java/lang/NoSuchMethodError'{0x0000000635f70c30}: 'java.lang.Object java.lang.invoke.DirectMethodHandle$Holder.newInvokeSpecial(java.lang.Object, java.lang.Object, long)'> (0x0000000635f70c30) 
thrown [src/hotspot/share/interpreter/linkResolver.cpp, line 772]
Event: 0.092 Thread 0x00007fc99402e7c0 Exception <a 'java/lang/NoSuchMethodError'{0x0000000635f74cf0}: 'java.lang.Object java.lang.invoke.Invokers$Holder.linkToTargetMethod(java.lang.Object, long, java.lang.Object)'> (0x0000000635f74cf0) 
thrown [src/hotspot/share/interpreter/linkResolver.cpp, line 772]
Event: 0.092 Thread 0x00007fc99402e7c0 Exception <a 'java/lang/NoSuchMethodError'{0x0000000635f7bf38}: 'int java.lang.invoke.DirectMethodHandle$Holder.invokeStaticInit(java.lang.Object, java.lang.Object, java.lang.Object, long)'> (0x0000000635f7bf38) 
thrown [src/hotspot/share/interpreter/linkResolver.cpp, line 772]
Event: 0.109 Thread 0x00007fc99402e7c0 Exception <a 'java/lang/NoSuchMethodError'{0x00000006358bfb48}: 'int java.lang.invoke.Invokers$Holder.invokeExact_MT(java.lang.Object, java.lang.Object)'> (0x00000006358bfb48) 
thrown [src/hotspot/share/interpreter/linkResolver.cpp, line 772]
Event: 0.140 Thread 0x00007fc99402e7c0 Exception <a 'java/lang/NoSuchMethodError'{0x000000063590be48}: 'java.lang.Object java.lang.invoke.DirectMethodHandle$Holder.invokeStaticInit(java.lang.Object, int)'> (0x000000063590be48) 
thrown [src/hotspot/share/interpreter/linkResolver.cpp, line 772]
Event: 0.171 Thread 0x00007fc99402e7c0 Exception <a 'java/lang/NoSuchMethodError'{0x0000000635b0bb98}: 'java.lang.Object java.lang.invoke.DirectMethodHandle$Holder.newInvokeSpecial(java.lang.Object, long)'> (0x0000000635b0bb98) 
thrown [src/hotspot/share/interpreter/linkResolver.cpp, line 772]
Event: 0.228 Thread 0x00007fc99402e7c0 Exception <a 'java/lang/NoSuchMethodError'{0x00000006355065f8}: 'void java.lang.System.load(java.lang.String, java.lang.Class)'> (0x00000006355065f8) 
thrown [src/hotspot/share/interpreter/linkResolver.cpp, line 772]
Event: 0.229 Thread 0x00007fc99402e7c0 Exception <a 'java/lang/NoSuchMethodError'{0x0000000635509028}: 'void java.lang.System.loadLibrary(java.lang.String, java.lang.Class)'> (0x0000000635509028) 
thrown [src/hotspot/share/interpreter/linkResolver.cpp, line 772]
Event: 0.432 Thread 0x00007fc99402e7c0 Exception <a 'java/lang/NoSuchMethodError'{0x00000006361782c8}: 'void java.lang.invoke.Invokers$Holder.invokeExact_MT(java.lang.Object, java.lang.Object, java.lang.Object, java.lang.Object)'> (0x00000006361782c8) 
thrown [src/hotspot/share/interpreter/linkResolver.cpp, line 772]
Event: 0.436 Thread 0x00007fc99402e7c0 Exception <a 'java/lang/NoSuchMethodError'{0x00000006361b1750}: 'float java.lang.invoke.DelegatingMethodHandle$Holder.reinvoke_L(java.lang.Object, java.lang.Object)'> (0x00000006361b1750) 
thrown [src/hotspot/share/interpreter/linkResolver.cpp, line 772]
Event: 0.436 Thread 0x00007fc99402e7c0 Exception <a 'java/lang/NoSuchMethodError'{0x00000006361bb878}: 'void java.lang.invoke.DelegatingMethodHandle$Holder.reinvoke_L(java.lang.Object, java.lang.Object, float)'> (0x00000006361bb878) 
thrown [src/hotspot/share/interpreter/linkResolver.cpp, line 772]
Event: 3.672 Thread 0x00007fc99402e7c0 Implicit null exception at 0x00007fc98440150e to 0x00007fc9844017f0

ZGC Phase Switch (0 events):
No events

VM Operations (20 events):
Event: 0.089 Executing non-safepoint VM operation: HandshakeAllThreads (Deoptimize) done
Event: 0.329 Executing non-safepoint VM operation: HandshakeAllThreads (Deoptimize)
Event: 0.329 Executing non-safepoint VM operation: HandshakeAllThreads (Deoptimize) done
Event: 0.420 Executing safepoint VM operation: G1CollectForAllocation (G1 Evacuation Pause)
Event: 0.422 Executing safepoint VM operation: G1CollectForAllocation (G1 Evacuation Pause) done
Event: 0.431 Executing non-safepoint VM operation: HandshakeAllThreads (Deoptimize)
Event: 0.431 Executing non-safepoint VM operation: HandshakeAllThreads (Deoptimize) done
Event: 1.431 Executing safepoint VM operation: Cleanup
Event: 1.431 Executing safepoint VM operation: Cleanup done
Event: 2.431 Executing safepoint VM operation: Cleanup
Event: 2.431 Executing safepoint VM operation: Cleanup done
Event: 4.431 Executing safepoint VM operation: Cleanup
Event: 4.431 Executing safepoint VM operation: Cleanup done
Event: 6.431 Executing safepoint VM operation: Cleanup
Event: 6.431 Executing safepoint VM operation: Cleanup done
Event: 8.431 Executing safepoint VM operation: Cleanup
Event: 8.431 Executing safepoint VM operation: Cleanup done
Event: 28.432 Executing safepoint VM operation: Cleanup
Event: 28.432 Executing safepoint VM operation: Cleanup done
Event: 29.287 Executing safepoint VM operation: Exit

Memory protections (20 events):
Event: 0.002 Protecting memory [0x00007fc998fcd000,0x00007fc998fd1000] with protection modes 0
Event: 0.015 Protecting memory [0x00007fc9637f9000,0x00007fc9637fd000] with protection modes 0
Event: 0.015 Protecting memory [0x00007fc9636f9000,0x00007fc9636fd000] with protection modes 0
Event: 0.015 Protecting memory [0x00007fc9635f9000,0x00007fc9635fd000] with protection modes 0
Event: 0.015 Protecting memory [0x00007fc9634f9000,0x00007fc9634fd000] with protection modes 0
Event: 0.015 Protecting memory [0x00007fc9633f9000,0x00007fc9633fd000] with protection modes 0
Event: 0.015 Protecting memory [0x00007fc9632f9000,0x00007fc9632fd000] with protection modes 0
Event: 0.015 Protecting memory [0x00007fc9631f9000,0x00007fc9631fd000] with protection modes 0
Event: 0.020 Protecting memory [0x00007fc963029000,0x00007fc96302d000] with protection modes 0
Event: 0.020 Protecting memory [0x00007fc962f29000,0x00007fc962f2d000] with protection modes 0
Event: 0.021 Protecting memory [0x00007fc962e29000,0x00007fc962e2d000] with protection modes 0
Event: 0.022 Protecting memory [0x00007fc962d29000,0x00007fc962d2d000] with protection modes 0
Event: 0.086 Protecting memory [0x00007fc9627c2000,0x00007fc9627c6000] with protection modes 0
Event: 0.107 Protecting memory [0x00007fc962437000,0x00007fc96243b000] with protection modes 0
Event: 0.175 Protecting memory [0x00007fc8f988f000,0x00007fc8f9893000] with protection modes 0
Event: 0.324 Protecting memory [0x00007fc883e65000,0x00007fc883e69000] with protection modes 0
Event: 3.667 Protecting memory [0x00007fc963029000,0x00007fc96302d000] with protection modes 0
Event: 3.667 Protecting memory [0x00007fc962f29000,0x00007fc962f2d000] with protection modes 0
Event: 3.667 Protecting memory [0x00007fc962437000,0x00007fc96243b000] with protection modes 0
Event: 29.285 Protecting memory [0x00007fc963029000,0x00007fc96302d000] with protection modes 0

Nmethod flushes (0 events):
No events

Events (20 events):
Event: 0.020 Thread 0x00007fc99414a3d0 Thread added: 0x00007fc8e003cc90
Event: 0.020 Thread 0x00007fc99414a3d0 Thread added: 0x00007fc8e003df70
Event: 0.021 Thread 0x00007fc99402e7c0 Thread added: 0x00007fc994183c50
Event: 0.022 Thread 0x00007fc99402e7c0 Thread added: 0x00007fc994186cd0
Event: 0.086 Thread 0x00007fc8e003df70 Thread added: 0x00007fc8d803a450
Event: 0.107 Thread 0x00007fc99414a3d0 Thread added: 0x00007fc8e00c4d40
Event: 0.175 Thread 0x00007fc99402e7c0 Thread added: 0x00007fc994a4a880
Event: 0.324 Thread 0x00007fc99402e7c0 Thread added: 0x00007fc9971a9c10
Event: 0.583 Thread 0x00007fc8d803a450 Thread exited: 0x00007fc8d803a450
Event: 2.823 Thread 0x00007fc8e00c4d40 Thread exited: 0x00007fc8e00c4d40
Event: 2.823 Thread 0x00007fc8e003df70 Thread exited: 0x00007fc8e003df70
Event: 3.653 Thread 0x00007fc8e003cc90 Thread exited: 0x00007fc8e003cc90
Event: 3.667 Thread 0x00007fc99414a3d0 Thread added: 0x00007fc8e003dec0
Event: 3.667 Thread 0x00007fc99414a3d0 Thread added: 0x00007fc8e016a880
Event: 3.667 Thread 0x00007fc99414a3d0 Thread added: 0x00007fc8e016b440
Event: 4.239 Thread 0x00007fc8e016b440 Thread exited: 0x00007fc8e016b440
Event: 6.098 Thread 0x00007fc8e016a880 Thread exited: 0x00007fc8e016a880
Event: 7.181 Thread 0x00007fc8e003dec0 Thread exited: 0x00007fc8e003dec0
Event: 29.285 Thread 0x00007fc994144570 Thread added: 0x00007fc8f0001080
Event: 29.287 Thread 0x00007fc8f0001080 Before exit entered


Dynamic libraries:
617800000-636400000 rw-p 00000000 00:00 0 
636400000-7ffc00000 ---p 00000000 00:00 0 
7ffc00000-7ffd0d000 rw-p 00cdc000 00:49 7160503                          /usr/lib/jvm/java-21-openjdk/lib/server/classes.jsa
7ffd0d000-800000000 rw-p 00000000 00:00 0 
55badb7fa000-55badb7fb000 r-xp 00000000 00:49 7160208                    /usr/lib/jvm/java-21-openjdk/bin/java
55badb7fb000-55badb7fc000 r--p 00001000 00:49 7160208                    /usr/lib/jvm/java-21-openjdk/bin/java
55badb7fc000-55badb7fd000 r--p 00001000 00:49 7160208                    /usr/lib/jvm/java-21-openjdk/bin/java
55badb7fd000-55badb7fe000 rw-p 00002000 00:49 7160208                    /usr/lib/jvm/java-21-openjdk/bin/java
55bb174ee000-55bb1751a000 rw-p 00000000 00:00 0                          [heap]
7fc84c000000-7fc84c021000 rw-p 00000000 00:00 0 
7fc84c021000-7fc850000000 ---p 00000000 00:00 0 
7fc854000000-7fc854021000 rw-p 00000000 00:00 0 
7fc854021000-7fc858000000 ---p 00000000 00:00 0 
7fc858000000-7fc858021000 rw-p 00000000 00:00 0 
7fc858021000-7fc85c000000 ---p 00000000 00:00 0 
7fc85c000000-7fc85c021000 rw-p 00000000 00:00 0 
7fc85c021000-7fc860000000 ---p 00000000 00:00 0 
7fc860000000-7fc860021000 rw-p 00000000 00:00 0 
7fc860021000-7fc864000000 ---p 00000000 00:00 0 
7fc864000000-7fc864021000 rw-p 00000000 00:00 0 
7fc864021000-7fc868000000 ---p 00000000 00:00 0 
7fc868000000-7fc868021000 rw-p 00000000 00:00 0 
7fc868021000-7fc86c000000 ---p 00000000 00:00 0 
7fc86c000000-7fc86c021000 rw-p 00000000 00:00 0 
7fc86c021000-7fc870000000 ---p 00000000 00:00 0 
7fc870000000-7fc870021000 rw-p 00000000 00:00 0 
7fc870021000-7fc874000000 ---p 00000000 00:00 0 
7fc874000000-7fc874bdf000 rw-p 00000000 00:00 0 
7fc874bdf000-7fc878000000 ---p 00000000 00:00 0 
7fc878000000-7fc878021000 rw-p 00000000 00:00 0 
7fc878021000-7fc87c000000 ---p 00000000 00:00 0 
7fc87c000000-7fc87c021000 rw-p 00000000 00:00 0 
7fc87c021000-7fc880000000 ---p 00000000 00:00 0 
7fc880dfe000-7fc881e00000 rw-p 00000000 00:00 0 
7fc881e00000-7fc882800000 rwxp 00000000 00:00 0 
7fc8829ce000-7fc882c71000 rw-s 00000000 00:01 36006                      /memfd:mesa-shared (deleted)
7fc882c71000-7fc88367b000 rw-p 00000000 00:00 0 
7fc88367b000-7fc883e65000 rw-p 00000000 00:00 0 
7fc883e65000-7fc883e69000 ---p 00000000 00:00 0 
7fc883e69000-7fc883f65000 rw-p 00000000 00:00 0 
7fc883f65000-7fc884000000 r--p 00000000 00:27 257824                     /usr/local/share/fonts/google-noto/NotoSans-Bold.ttf
7fc884000000-7fc884073000 rw-p 00000000 00:00 0 
7fc884073000-7fc888000000 ---p 00000000 00:00 0 
7fc88806b000-7fc888106000 r--p 00000000 00:27 257824                     /usr/local/share/fonts/google-noto/NotoSans-Bold.ttf
7fc888106000-7fc888107000 r--s 00000000 00:23 7387248                    /home/bazzite/.cache/fontconfig/d7a569af8e223acb75bc30910d7ef9ed-le64.cache-9
7fc888107000-7fc888109000 r--s 00000000 00:23 12865309                   /home/bazzite/.cache/fontconfig/6b60f0e179979a2c9a4d5c4f7eefb67f-le64.cache-9
7fc888109000-7fc88810a000 r--s 00000000 00:23 7387197                    /home/bazzite/.cache/fontconfig/fc75e9a4611ba4d5d1230dbca349abc2-le64.cache-9
7fc88810a000-7fc88810b000 r--s 00000000 00:23 12299779                   /home/bazzite/.cache/fontconfig/23ea6065a6d55ece5eb71d63bc4c9c7d-le64.cache-9
7fc88810b000-7fc888128000 r--s 00000000 00:49 3822094                    /usr/lib/fontconfig/cache/123d59b33ddb0e7c76bb24004bd5cfac-le64.cache-9
7fc888128000-7fc88812d000 r--s 00000000 00:49 1082902                    /usr/lib/fontconfig/cache/d63f98f14a274bd69a5425fc33aaac6b-le64.cache-9
7fc88812d000-7fc888136000 r--s 00000000 00:49 3822092                    /usr/lib/fontconfig/cache/6ee3103884cce7b2fe6f32eba9089175-le64.cache-9
7fc888136000-7fc88813f000 r--s 00000000 00:49 1085967                    /usr/lib/fontconfig/cache/6cdba951d5a16891afaaf2fee13e80e7-le64.cache-9
7fc88813f000-7fc888142000 r--s 00000000 00:49 1085965                    /usr/lib/fontconfig/cache/feeafda3627faad7596d025cfacea73f-le64.cache-9
7fc888142000-7fc888145000 r--s 00000000 00:49 1082900                    /usr/lib/fontconfig/cache/18f520a508f13854f77176faf7889ae9-le64.cache-9
7fc888145000-7fc88814a000 r--s 00000000 00:49 1082896                    /usr/lib/fontconfig/cache/6ec93c29005712963aaa22af1809da14-le64.cache-9
7fc88814a000-7fc888167000 r--s 00000000 00:49 1082894                    /usr/lib/fontconfig/cache/876d1e5ed346defde032494815bfb839-le64.cache-9
7fc888167000-7fc888168000 r--s 00000000 00:49 1082892                    /usr/lib/fontconfig/cache/33c6bbd909a8f10851a4056c73c86d5d-le64.cache-9
7fc888168000-7fc88816d000 r--s 00000000 00:49 1082890                    /usr/lib/fontconfig/cache/c7ea5600018b5457f90a75a411dca181-le64.cache-9
7fc88816d000-7fc88816e000 r--s 00000000 00:49 1082888                    /usr/lib/fontconfig/cache/d6ea941674ae40559d2ff3d3b7033dc5-le64.cache-9
7fc88816e000-7fc888170000 r--s 00000000 00:49 1082886                    /usr/lib/fontconfig/cache/ffb01ab76ea797771fc7a567b58060b1-le64.cache-9
7fc888170000-7fc888171000 r--s 00000000 00:49 1082884                    /usr/lib/fontconfig/cache/e0ab052bd3d44540ac0679a31c37147f-le64.cache-9
7fc888171000-7fc888173000 r--s 00000000 00:49 1082882                    /usr/lib/fontconfig/cache/d08f6a95540f65647c5ddb26bc5ee44f-le64.cache-9
7fc888173000-7fc888178000 r--s 00000000 00:49 1082880                    /usr/lib/fontconfig/cache/c49556cff7e1a89b25831daeff5ebdc9-le64.cache-9
7fc888178000-7fc88817a000 r--s 00000000 00:49 1082878                    /usr/lib/fontconfig/cache/8705ab89d754816d59fecae72f983cbb-le64.cache-9
7fc88817a000-7fc88817d000 r--s 00000000 00:49 1082874                    /usr/lib/fontconfig/cache/9df9a62f46596efacd17df59faea9e12-le64.cache-9
7fc88817d000-7fc88817f000 r--s 00000000 00:49 1082872                    /usr/lib/fontconfig/cache/81f440aff8695e62538f4d4aa4dda1b9-le64.cache-9
7fc88817f000-7fc888188000 r--s 00000000 00:49 1082868                    /usr/lib/fontconfig/cache/2c94c36db93ab6a338646c01dbecb342-le64.cache-9
7fc888188000-7fc8881ea000 r--s 00000000 00:49 1082864                    /usr/lib/fontconfig/cache/b57f9a2bb32865a9d06aed058fcf9161-le64.cache-9
7fc8881ea000-7fc8881fd000 r--s 00000000 00:49 1082862                    /usr/lib/fontconfig/cache/225b3e7a21154b8bedfc9509e8cccdc5-le64.cache-9
7fc8881fd000-7fc888208000 r--s 00000000 00:49 1082860                    /usr/lib/fontconfig/cache/614ccbc80639b3a6f43af8bfce0af87e-le64.cache-9
7fc888208000-7fc888220000 r--s 00000000 00:49 1082858                    /usr/lib/fontconfig/cache/1f8920c8d92ca109b30bca641140eeb4-le64.cache-9
7fc888220000-7fc88827a000 r--s 00000000 00:49 1082852                    /usr/lib/fontconfig/cache/b73e02d9d19db59b33300e44f1f51e49-le64.cache-9
7fc88827a000-7fc888283000 r--s 00000000 00:49 1082850                    /usr/lib/fontconfig/cache/27ae899a46ebbb03076b2733a727ba91-le64.cache-9
7fc888283000-7fc888a84000 rw-p 00000000 00:00 0 
7fc888aed000-7fc888d90000 rw-s 00000000 00:01 37013                      /memfd:mesa-shared (deleted)
7fc888d90000-7fc8891b3000 rw-p 00000000 00:00 0 
7fc8891b3000-7fc889456000 rw-s 00000000 00:01 33178                      /memfd:mesa-shared (deleted)
7fc889456000-7fc899476000 rw-p 00000000 00:00 0 
7fc899476000-7fc89d26d000 r--p 00000000 00:49 7154802                    /usr/lib64/libLLVM.so.21.1
7fc89d26d000-7fc8a1af6000 r-xp 03df6000 00:49 7154802                    /usr/lib64/libLLVM.so.21.1
7fc8a1af6000-7fc8a1d02000 r--p 0867e000 00:49 7154802                    /usr/lib64/libLLVM.so.21.1
7fc8a1d02000-7fc8a1d47000 rw-p 08889000 00:49 7154802                    /usr/lib64/libLLVM.so.21.1
7fc8a1d47000-7fc8a1dec000 rw-p 00000000 00:00 0 
7fc8a1dec000-7fc8a3b5e000 r-xp 00000000 00:49 7154882                    /usr/lib64/libgallium-25.3.6.so
7fc8a3b5e000-7fc8a4c77000 r--p 01d72000 00:49 7154882                    /usr/lib64/libgallium-25.3.6.so
7fc8a4c77000-7fc8a4dce000 r--p 02e8b000 00:49 7154882                    /usr/lib64/libgallium-25.3.6.so
7fc8a4dce000-7fc8a4dfc000 rw-p 02fe2000 00:49 7154882                    /usr/lib64/libgallium-25.3.6.so
7fc8a4dfc000-7fc8a58e9000 rw-p 00000000 00:00 0 
7fc8a58e9000-7fc8a5b94000 r--p 00000000 00:27 30957                      /usr/lib64/libnvidia-gpucomp.so.580.159.04
7fc8a5b94000-7fc8a8c82000 r-xp 002ab000 00:27 30957                      /usr/lib64/libnvidia-gpucomp.so.580.159.04
7fc8a8c82000-7fc8a9af2000 r--p 03399000 00:27 30957                      /usr/lib64/libnvidia-gpucomp.so.580.159.04
7fc8a9af2000-7fc8a9af3000 ---p 04209000 00:27 30957                      /usr/lib64/libnvidia-gpucomp.so.580.159.04
7fc8a9af3000-7fc8a9cca000 r--p 04209000 00:27 30957                      /usr/lib64/libnvidia-gpucomp.so.580.159.04
7fc8a9cca000-7fc8a9dd5000 rw-p 043e0000 00:27 30957                      /usr/lib64/libnvidia-gpucomp.so.580.159.04
7fc8a9dd5000-7fc8a9e75000 rw-p 00000000 00:00 0 
7fc8a9e75000-7fc8aa0b7000 r--p 00000000 00:27 30918                      /usr/lib64/libnvidia-eglcore.so.580.159.04
7fc8aa0b7000-7fc8aad7b000 r-xp 00242000 00:27 30918                      /usr/lib64/libnvidia-eglcore.so.580.159.04
7fc8aad7b000-7fc8abe1d000 r--p 00f06000 00:27 30918                      /usr/lib64/libnvidia-eglcore.so.580.159.04
7fc8abe1d000-7fc8abe1e000 ---p 01fa8000 00:27 30918                      /usr/lib64/libnvidia-eglcore.so.580.159.04
7fc8abe1e000-7fc8abf96000 r--p 01fa8000 00:27 30918                      /usr/lib64/libnvidia-eglcore.so.580.159.04
7fc8abf96000-7fc8abfea000 rw-p 02120000 00:27 30918                      /usr/lib64/libnvidia-eglcore.so.580.159.04
7fc8abfea000-7fc8ac0a8000 rw-p 00000000 00:00 0 
7fc8ac0a8000-7fc8b0000000 ---p 00000000 00:00 0 
7fc8b0000000-7fc8b0021000 rw-p 00000000 00:00 0 
7fc8b0021000-7fc8b4000000 ---p 00000000 00:00 0 
7fc8b4000000-7fc8b4021000 rw-p 00000000 00:00 0 
7fc8b4021000-7fc8b8000000 ---p 00000000 00:00 0 
7fc8b8000000-7fc8b8089000 rw-p 00000000 00:00 0 
7fc8b8089000-7fc8bc000000 ---p 00000000 00:00 0 
7fc8bc000000-7fc8bc021000 rw-p 00000000 00:00 0 
7fc8bc021000-7fc8c0000000 ---p 00000000 00:00 0 
7fc8c0000000-7fc8c0022000 rw-p 00000000 00:00 0 
7fc8c0022000-7fc8c4000000 ---p 00000000 00:00 0 
7fc8c4000000-7fc8c4182000 rw-p 00000000 00:00 0 
7fc8c4182000-7fc8c8000000 ---p 00000000 00:00 0 
7fc8c8000000-7fc8c806f000 rw-p 00000000 00:00 0 
7fc8c806f000-7fc8cc000000 ---p 00000000 00:00 0 
7fc8cc000000-7fc8cc021000 rw-p 00000000 00:00 0 
7fc8cc021000-7fc8d0000000 ---p 00000000 00:00 0 
7fc8d0000000-7fc8d0021000 rw-p 00000000 00:00 0 
7fc8d0021000-7fc8d4000000 ---p 00000000 00:00 0 
7fc8d4000000-7fc8d40b4000 rw-p 00000000 00:00 0 
7fc8d40b4000-7fc8d8000000 ---p 00000000 00:00 0 
7fc8d8000000-7fc8d8204000 rw-p 00000000 00:00 0 
7fc8d8204000-7fc8dc000000 ---p 00000000 00:00 0 
7fc8dc000000-7fc8dc388000 rw-p 00000000 00:00 0 
7fc8dc388000-7fc8e0000000 ---p 00000000 00:00 0 
7fc8e0000000-7fc8e016f000 rw-p 00000000 00:00 0 
7fc8e016f000-7fc8e4000000 ---p 00000000 00:00 0 
7fc8e4000000-7fc8e4021000 rw-p 00000000 00:00 0 
7fc8e4021000-7fc8e8000000 ---p 00000000 00:00 0 
7fc8e8000000-7fc8e8021000 rw-p 00000000 00:00 0 
7fc8e8021000-7fc8ec000000 ---p 00000000 00:00 0 
7fc8ec000000-7fc8ec021000 rw-p 00000000 00:00 0 
7fc8ec021000-7fc8f0000000 ---p 00000000 00:00 0 
7fc8f0000000-7fc8f0021000 rw-p 00000000 00:00 0 
7fc8f0021000-7fc8f4000000 ---p 00000000 00:00 0 
7fc8f4000000-7fc8f4021000 rw-p 00000000 00:00 0 
7fc8f4021000-7fc8f8000000 ---p 00000000 00:00 0 
7fc8f8000000-7fc8f8001000 r--s 00000000 00:49 1082876                    /usr/lib/fontconfig/cache/e1d7114fade3104855b784d52043788b-le64.cache-9
7fc8f8001000-7fc8f8003000 r--s 00000000 00:49 1082870                    /usr/lib/fontconfig/cache/9ba4c59e0897ff97e9ff83765e36aba0-le64.cache-9
7fc8f8003000-7fc8f8004000 r--s 00000000 00:49 1082866                    /usr/lib/fontconfig/cache/149e020e1ffa29da6638c239e39df2a6-le64.cache-9
7fc8f8004000-7fc8f8005000 r--s 00000000 00:49 1082856                    /usr/lib/fontconfig/cache/b5adcb31ec90862990a73c9baa385b38-le64.cache-9
7fc8f8005000-7fc8f8006000 r--s 00000000 00:49 1082854                    /usr/lib/fontconfig/cache/e7c90c5d6650b542ec5033b04921fa77-le64.cache-9
7fc8f8006000-7fc8f800a000 r--s 00000000 00:49 1082846                    /usr/lib/fontconfig/cache/44d36ec332e97361f14b43118a6bb4fa-le64.cache-9
7fc8f800a000-7fc8f8013000 r--s 00000000 00:49 1082842                    /usr/lib/fontconfig/cache/fc4098c50360d5dff771e984a783ba6f-le64.cache-9
7fc8f8013000-7fc8f8016000 r--s 00000000 00:49 1082840                    /usr/lib/fontconfig/cache/f068ed1aed4cb4b8fd15a017c476fecc-le64.cache-9
7fc8f8016000-7fc8f801b000 r--s 00000000 00:49 1083501                    /usr/lib/fontconfig/cache/beeeeb3dfe132a8a0633a017c99ce0c0-le64.cache-9
7fc8f801c000-7fc8f801d000 r--p 00000000 00:00 0 
7fc8f801d000-7fc8f801e000 r-xp 00000000 00:00 0 
7fc8f801e000-7fc8f801f000 r--p 00000000 00:00 0 
7fc8f801f000-7fc8f8020000 r-xp 00000000 00:00 0 
7fc8f8020000-7fc8f8021000 rw-p 00000000 00:00 0 
7fc8f8021000-7fc8f8022000 r--p 00000000 00:00 0 
7fc8f8022000-7fc8f8023000 r-xp 00000000 00:00 0 
7fc8f8023000-7fc8f8024000 r--p 00000000 00:00 0 
7fc8f8024000-7fc8f8025000 r-xp 00000000 00:00 0 
7fc8f8025000-7fc8f8026000 rw-p 00000000 00:00 0 
7fc8f8026000-7fc8f8027000 r--p 00000000 00:00 0 
7fc8f8027000-7fc8f8028000 r-xp 00000000 00:00 0 
7fc8f8028000-7fc8f8029000 rw-p 00000000 00:00 0 
7fc8f8029000-7fc8f802a000 r--p 00000000 00:00 0 
7fc8f802a000-7fc8f802b000 r-xp 00000000 00:00 0 
7fc8f802b000-7fc8f802c000 r--p 00000000 00:00 0 
7fc8f802c000-7fc8f802d000 r-xp 00000000 00:00 0 
7fc8f802d000-7fc8f802e000 r--p 00000000 00:00 0 
7fc8f802e000-7fc8f802f000 r-xp 00000000 00:00 0 
7fc8f802f000-7fc8f8030000 rw-p 00000000 00:00 0 
7fc8f8030000-7fc8f8031000 r--p 00000000 00:00 0 
7fc8f8031000-7fc8f8032000 r-xp 00000000 00:00 0 
7fc8f8032000-7fc8f8047000 r-xp 00000000 00:38 2567                       /tmp/lwjgl_bazzite/3.4.1+2/x64/liblwjgl_opengl.so
7fc8f8047000-7fc8f808a000 r--p 00015000 00:38 2567                       /tmp/lwjgl_bazzite/3.4.1+2/x64/liblwjgl_opengl.so
7fc8f808a000-7fc8f808b000 r--p 00057000 00:38 2567                       /tmp/lwjgl_bazzite/3.4.1+2/x64/liblwjgl_opengl.so
7fc8f808b000-7fc8f808c000 rw-p 00058000 00:38 2567                       /tmp/lwjgl_bazzite/3.4.1+2/x64/liblwjgl_opengl.so
7fc8f808c000-7fc8f815b000 rw-p 00000000 00:00 0 
7fc8f815b000-7fc8f829c000 rw-s 00000000 00:23 5884                       /home/bazzite/.cache/mesa_shader_cache/index
7fc8f829c000-7fc8f82b1000 r-xp 00000000 00:49 590540                     /usr/lib64/libtinfo.so.6.5
7fc8f82b1000-7fc8f82c4000 r--p 00015000 00:49 590540                     /usr/lib64/libtinfo.so.6.5
7fc8f82c4000-7fc8f82c8000 r--p 00028000 00:49 590540                     /usr/lib64/libtinfo.so.6.5
7fc8f82c8000-7fc8f82c9000 rw-p 0002c000 00:49 590540                     /usr/lib64/libtinfo.so.6.5
7fc8f82c9000-7fc8f82ce000 r-xp 00000000 00:49 1067372                    /usr/lib64/libpciaccess.so.0.11.1
7fc8f82ce000-7fc8f82d1000 r--p 00005000 00:49 1067372                    /usr/lib64/libpciaccess.so.0.11.1
7fc8f82d1000-7fc8f82d2000 r--p 00008000 00:49 1067372                    /usr/lib64/libpciaccess.so.0.11.1
7fc8f82d2000-7fc8f82d3000 rw-p 00000000 00:00 0 
7fc8f82d3000-7fc8f82f5000 r-xp 00000000 00:49 1066457                    /usr/lib64/libedit.so.0.0.76
7fc8f82f5000-7fc8f8307000 r--p 00022000 00:49 1066457                    /usr/lib64/libedit.so.0.0.76
7fc8f8307000-7fc8f8309000 r--p 00034000 00:49 1066457                    /usr/lib64/libedit.so.0.0.76
7fc8f8309000-7fc8f830a000 rw-p 00036000 00:49 1066457                    /usr/lib64/libedit.so.0.0.76
7fc8f830a000-7fc8f830d000 rw-p 00000000 00:00 0 
7fc8f830d000-7fc8f8325000 r-xp 00000000 00:49 7151765                    /usr/lib64/libdrm_intel.so.1.131.0
7fc8f8325000-7fc8f8331000 r--p 00018000 00:49 7151765                    /usr/lib64/libdrm_intel.so.1.131.0
7fc8f8331000-7fc8f8332000 r--p 00023000 00:49 7151765                    /usr/lib64/libdrm_intel.so.1.131.0
7fc8f8332000-7fc8f8333000 rw-p 00024000 00:49 7151765                    /usr/lib64/libdrm_intel.so.1.131.0
7fc8f8333000-7fc8f8347000 r-xp 00000000 00:49 7151795                    /usr/lib64/libelf-0.195.so
7fc8f8347000-7fc8f834e000 r--p 00014000 00:49 7151795                    /usr/lib64/libelf-0.195.so
7fc8f834e000-7fc8f834f000 r--p 0001a000 00:49 7151795                    /usr/lib64/libelf-0.195.so
7fc8f834f000-7fc8f8350000 rw-p 00000000 00:00 0 
7fc8f8350000-7fc8f8357000 r-xp 00000000 00:49 7151763                    /usr/lib64/libdrm_amdgpu.so.1.131.0
7fc8f8357000-7fc8f835c000 r--p 00007000 00:49 7151763                    /usr/lib64/libdrm_amdgpu.so.1.131.0
7fc8f835c000-7fc8f835d000 r--p 0000b000 00:49 7151763                    /usr/lib64/libdrm_amdgpu.so.1.131.0
7fc8f835d000-7fc8f835e000 rw-p 00000000 00:00 0 
7fc8f835e000-7fc8f835f000 r-xp 00000000 00:49 1066452                    /usr/lib64/libxshmfence.so.1.0.0
7fc8f835f000-7fc8f8360000 r--p 00001000 00:49 1066452                    /usr/lib64/libxshmfence.so.1.0.0
7fc8f8360000-7fc8f8361000 r--p 00001000 00:49 1066452                    /usr/lib64/libxshmfence.so.1.0.0
7fc8f8361000-7fc8f8362000 rw-p 00002000 00:49 1066452                    /usr/lib64/libxshmfence.so.1.0.0
7fc8f8362000-7fc8f8365000 r-xp 00000000 00:49 1066406                    /usr/lib64/libxcb-sync.so.1.0.0
7fc8f8365000-7fc8f8368000 r--p 00003000 00:49 1066406                    /usr/lib64/libxcb-sync.so.1.0.0
7fc8f8368000-7fc8f8369000 r--p 00006000 00:49 1066406                    /usr/lib64/libxcb-sync.so.1.0.0
7fc8f8369000-7fc8f836a000 rw-p 00007000 00:49 1066406                    /usr/lib64/libxcb-sync.so.1.0.0
7fc8f836a000-7fc8f8372000 r-xp 00000000 00:49 1066638                    /usr/lib64/libsensors.so.4.5.0
7fc8f8372000-7fc8f8377000 r--p 00008000 00:49 1066638                    /usr/lib64/libsensors.so.4.5.0
7fc8f8377000-7fc8f8378000 r--p 0000d000 00:49 1066638                    /usr/lib64/libsensors.so.4.5.0
7fc8f8378000-7fc8f8379000 rw-p 0000e000 00:49 1066638                    /usr/lib64/libsensors.so.4.5.0
7fc8f8379000-7fc8f847c000 r-xp 00000000 00:49 7151966                    /usr/lib64/libSPIRV-Tools.so
7fc8f847c000-7fc8f850b000 r--p 00103000 00:49 7151966                    /usr/lib64/libSPIRV-Tools.so
7fc8f850b000-7fc8f850e000 r--p 00192000 00:49 7151966                    /usr/lib64/libSPIRV-Tools.so
7fc8f850e000-7fc8f850f000 rw-p 00195000 00:49 7151966                    /usr/lib64/libSPIRV-Tools.so
7fc8f850f000-7fc8f85bf000 r-xp 00000000 00:49 590585                     /usr/lib64/libzstd.so.1.5.7
7fc8f85bf000-7fc8f85d0000 r--p 000b0000 00:49 590585                     /usr/lib64/libzstd.so.1.5.7
7fc8f85d0000-7fc8f85d1000 r--p 000c0000 00:49 590585                     /usr/lib64/libzstd.so.1.5.7
7fc8f85d1000-7fc8f85d2000 rw-p 00000000 00:00 0 
7fc8f85d2000-7fc8f85d3000 r-xp 00000000 00:49 1066390                    /usr/lib64/libxcb-present.so.0.0.0
7fc8f85d3000-7fc8f85d5000 r--p 00001000 00:49 1066390                    /usr/lib64/libxcb-present.so.0.0.0
7fc8f85d5000-7fc8f85d6000 r--p 00002000 00:49 1066390                    /usr/lib64/libxcb-present.so.0.0.0
7fc8f85d6000-7fc8f85d7000 rw-p 00003000 00:49 1066390                    /usr/lib64/libxcb-present.so.0.0.0
7fc8f85d7000-7fc8f85d9000 r-xp 00000000 00:49 1066386                    /usr/lib64/libxcb-dri3.so.0.1.0
7fc8f85d9000-7fc8f85db000 r--p 00002000 00:49 1066386                    /usr/lib64/libxcb-dri3.so.0.1.0
7fc8f85db000-7fc8f85dc000 r--p 00004000 00:49 1066386                    /usr/lib64/libxcb-dri3.so.0.1.0
7fc8f85dc000-7fc8f85dd000 rw-p 00005000 00:49 1066386                    /usr/lib64/libxcb-dri3.so.0.1.0
7fc8f85dd000-7fc8f85e0000 r-xp 00000000 00:49 1066410                    /usr/lib64/libxcb-xfixes.so.0.0.0
7fc8f85e0000-7fc8f85e4000 r--p 00003000 00:49 1066410                    /usr/lib64/libxcb-xfixes.so.0.0.0
7fc8f85e4000-7fc8f85e5000 r--p 00007000 00:49 1066410                    /usr/lib64/libxcb-xfixes.so.0.0.0
7fc8f85e5000-7fc8f85e6000 rw-p 00008000 00:49 1066410                    /usr/lib64/libxcb-xfixes.so.0.0.0
7fc8f85e6000-7fc8f85ec000 r-xp 00000000 00:49 1066392                    /usr/lib64/libxcb-randr.so.0.1.0
7fc8f85ec000-7fc8f85f6000 r--p 00006000 00:49 1066392                    /usr/lib64/libxcb-randr.so.0.1.0
7fc8f85f6000-7fc8f85f7000 r--p 00010000 00:49 1066392                    /usr/lib64/libxcb-randr.so.0.1.0
7fc8f85f7000-7fc8f85f8000 rw-p 00011000 00:49 1066392                    /usr/lib64/libxcb-randr.so.0.1.0
7fc8f85f8000-7fc8f85f9000 r-xp 00000000 00:49 7151793                    /usr/lib64/libX11-xcb.so.1.0.0
7fc8f85f9000-7fc8f85fa000 r--p 00001000 00:49 7151793                    /usr/lib64/libX11-xcb.so.1.0.0
7fc8f85fa000-7fc8f85fb000 r--p 00001000 00:49 7151793                    /usr/lib64/libX11-xcb.so.1.0.0
7fc8f85fb000-7fc8f85fc000 rw-p 00000000 00:00 0 
7fc8f85fc000-7fc8f8624000 r-xp 00000000 00:49 7173565                    /usr/lib64/libEGL_mesa.so.0.0.0
7fc8f8624000-7fc8f863b000 r--p 00028000 00:49 7173565                    /usr/lib64/libEGL_mesa.so.0.0.0
7fc8f863b000-7fc8f8647000 r--p 0003f000 00:49 7173565                    /usr/lib64/libEGL_mesa.so.0.0.0
7fc8f8647000-7fc8f8648000 rw-p 0004b000 00:49 7173565                    /usr/lib64/libEGL_mesa.so.0.0.0
7fc8f8648000-7fc8f8651000 rw-s 00008000 00:01 22469                      /memfd:pipewire-memfd:flags=0x0000000f,type=2,size=65664 (deleted)
7fc8f8651000-7fc8f865a000 rw-s 00000000 00:01 22469                      /memfd:pipewire-memfd:flags=0x0000000f,type=2,size=65664 (deleted)
7fc8f865a000-7fc8f8663000 rw-s 00008000 00:01 22468                      /memfd:pipewire-memfd:flags=0x0000000f,type=2,size=65664 (deleted)
7fc8f8663000-7fc8f866c000 rw-s 00000000 00:01 22468                      /memfd:pipewire-memfd:flags=0x0000000f,type=2,size=65664 (deleted)
7fc8f866c000-7fc8f868a000 r-xp 00000000 00:49 1066326                    /usr/lib64/libexpat.so.1.11.1
7fc8f868a000-7fc8f8694000 r--p 0001e000 00:49 1066326                    /usr/lib64/libexpat.so.1.11.1
7fc8f8694000-7fc8f8696000 r--p 00027000 00:49 1066326                    /usr/lib64/libexpat.so.1.11.1
7fc8f8696000-7fc8f8697000 rw-p 00000000 00:00 0 
7fc8f8697000-7fc8f86a4000 r-xp 00000000 00:49 7151761                    /usr/lib64/libdrm.so.2.131.0
7fc8f86a4000-7fc8f86ac000 r--p 0000d000 00:49 7151761                    /usr/lib64/libdrm.so.2.131.0
7fc8f86ac000-7fc8f86ad000 r--p 00015000 00:49 7151761                    /usr/lib64/libdrm.so.2.131.0
7fc8f86ad000-7fc8f86ae000 rw-p 00000000 00:00 0 
7fc8f86ae000-7fc8f86be000 r--p 00000000 00:27 30947                      /usr/lib64/libnvidia-glsi.so.580.159.04
7fc8f86be000-7fc8f871e000 r-xp 00010000 00:27 30947                      /usr/lib64/libnvidia-glsi.so.580.159.04
7fc8f871e000-7fc8f873b000 r--p 00070000 00:27 30947                      /usr/lib64/libnvidia-glsi.so.580.159.04
7fc8f873b000-7fc8f8741000 r--p 0008c000 00:27 30947                      /usr/lib64/libnvidia-glsi.so.580.159.04
7fc8f8741000-7fc8f8742000 rw-p 00092000 00:27 30947                      /usr/lib64/libnvidia-glsi.so.580.159.04
7fc8f8742000-7fc8f874a000 rw-p 00000000 00:00 0 
7fc8f874a000-7fc8f877e000 r--p 00000000 00:27 21359                      /usr/lib64/libEGL_nvidia.so.0
7fc8f877e000-7fc8f8815000 r-xp 00034000 00:27 21359                      /usr/lib64/libEGL_nvidia.so.0
7fc8f8815000-7fc8f8869000 r--p 000cb000 00:27 21359                      /usr/lib64/libEGL_nvidia.so.0
7fc8f8869000-7fc8f886a000 ---p 0011f000 00:27 21359                      /usr/lib64/libEGL_nvidia.so.0
7fc8f886a000-7fc8f8872000 r--p 0011f000 00:27 21359                      /usr/lib64/libEGL_nvidia.so.0
7fc8f8872000-7fc8f8888000 rw-p 00127000 00:27 21359                      /usr/lib64/libEGL_nvidia.so.0
7fc8f8888000-7fc8f888d000 rw-p 00000000 00:00 0 
7fc8f888d000-7fc8f988f000 rw-p 00000000 00:00 0 
7fc8f988f000-7fc8f9893000 ---p 00000000 00:00 0 
7fc8f9893000-7fc8fa190000 rw-p 00000000 00:00 0 
7fc8fa190000-7fc908000000 r--p 00000000 00:49 7173786                    /usr/lib/locale/locale-archive
7fc908000000-7fc908021000 rw-p 00000000 00:00 0 
7fc908021000-7fc90c000000 ---p 00000000 00:00 0 
7fc90c000000-7fc90c003000 r--s 00000000 00:49 1082838                    /usr/lib/fontconfig/cache/c8fe155264990cf0dc8a423973091113-le64.cache-9
7fc90c003000-7fc90c005000 r-xp 00000000 00:49 7154887                    /usr/lib64/libgbm.so.1.0.0
7fc90c005000-7fc90c007000 r--p 00002000 00:49 7154887                    /usr/lib64/libgbm.so.1.0.0
7fc90c007000-7fc90c008000 r--p 00003000 00:49 7154887                    /usr/lib64/libgbm.so.1.0.0
7fc90c008000-7fc90c009000 rw-p 00004000 00:49 7154887                    /usr/lib64/libgbm.so.1.0.0
7fc90c010000-7fc90c04f000 r-xp 00000000 00:49 1070050                    /usr/lib64/libGLdispatch.so.0.0.0
7fc90c04f000-7fc90c063000 r--p 0003f000 00:49 1070050                    /usr/lib64/libGLdispatch.so.0.0.0
7fc90c063000-7fc90c07f000 r--p 00053000 00:49 1070050                    /usr/lib64/libGLdispatch.so.0.0.0
7fc90c07f000-7fc90c080000 rw-p 0006f000 00:49 1070050                    /usr/lib64/libGLdispatch.so.0.0.0
7fc90c080000-7fc90c088000 rw-p 00000000 00:00 0 
7fc90c088000-7fc90c092000 r-xp 00000000 00:49 1070058                    /usr/lib64/libEGL.so.1.1.0
7fc90c092000-7fc90c097000 r--p 0000a000 00:49 1070058                    /usr/lib64/libEGL.so.1.1.0
7fc90c097000-7fc90c098000 r--p 0000e000 00:49 1070058                    /usr/lib64/libEGL.so.1.1.0
7fc90c098000-7fc90c099000 rw-p 0000f000 00:49 1070058                    /usr/lib64/libEGL.so.1.1.0
7fc90c099000-7fc90c09a000 r--s 00000000 00:49 1082848                    /usr/lib/fontconfig/cache/a5f2dcfa2bf6574e3790e0d984f4cd62-le64.cache-9
7fc90c09a000-7fc90c09d000 r--s 00000000 00:49 1082836                    /usr/lib/fontconfig/cache/61ea0c41d2b57119f60ea7e4839106cf-le64.cache-9
7fc90c09d000-7fc90c09e000 r--p 00000000 00:00 0 
7fc90c09e000-7fc90c09f000 r-xp 00000000 00:00 0 
7fc90c09f000-7fc90c0a0000 r--p 00000000 00:00 0 
7fc90c0a0000-7fc90c0a1000 r-xp 00000000 00:00 0 
7fc90c0a1000-7fc90c0a2000 r--p 00000000 00:00 0 
7fc90c0a2000-7fc90c0a3000 r-xp 00000000 00:00 0 
7fc90c0a3000-7fc90c0a4000 r--p 00000000 00:00 0 
7fc90c0a4000-7fc90c0fc000 r-xp 00000000 00:49 7156432                    /usr/lib64/spa-0.2/audioconvert/libspa-audioconvert.so
7fc90c0fc000-7fc90c164000 r--p 00058000 00:49 7156432                    /usr/lib64/spa-0.2/audioconvert/libspa-audioconvert.so
7fc90c164000-7fc90c16b000 r--p 000c0000 00:49 7156432                    /usr/lib64/spa-0.2/audioconvert/libspa-audioconvert.so
7fc90c16b000-7fc90c16e000 rw-p 000c7000 00:49 7156432                    /usr/lib64/spa-0.2/audioconvert/libspa-audioconvert.so
7fc90c16e000-7fc90d971000 rw-p 00000000 00:00 0 
7fc90d971000-7fc90d98f000 r-xp 00000000 00:49 7156420                    /usr/lib64/pipewire-0.3/libpipewire-module-session-manager.so
7fc90d98f000-7fc90d995000 r--p 0001e000 00:49 7156420                    /usr/lib64/pipewire-0.3/libpipewire-module-session-manager.so
7fc90d995000-7fc90d997000 r--p 00024000 00:49 7156420                    /usr/lib64/pipewire-0.3/libpipewire-module-session-manager.so
7fc90d997000-7fc90d998000 rw-p 00000000 00:00 0 
7fc90d998000-7fc90d9a2000 r-xp 00000000 00:49 7156402                    /usr/lib64/pipewire-0.3/libpipewire-module-metadata.so
7fc90d9a2000-7fc90d9a5000 r--p 0000a000 00:49 7156402                    /usr/lib64/pipewire-0.3/libpipewire-module-metadata.so
7fc90d9a5000-7fc90d9a6000 r--p 0000d000 00:49 7156402                    /usr/lib64/pipewire-0.3/libpipewire-module-metadata.so
7fc90d9a6000-7fc90d9a7000 rw-p 0000e000 00:49 7156402                    /usr/lib64/pipewire-0.3/libpipewire-module-metadata.so
7fc90d9a7000-7fc90d9ab000 r-xp 00000000 00:49 7156392                    /usr/lib64/pipewire-0.3/libpipewire-module-adapter.so
7fc90d9ab000-7fc90d9ae000 r--p 00004000 00:49 7156392                    /usr/lib64/pipewire-0.3/libpipewire-module-adapter.so
7fc90d9ae000-7fc90d9af000 r--p 00007000 00:49 7156392                    /usr/lib64/pipewire-0.3/libpipewire-module-adapter.so
7fc90d9af000-7fc90d9b0000 rw-p 00008000 00:49 7156392                    /usr/lib64/pipewire-0.3/libpipewire-module-adapter.so
7fc90d9b0000-7fc90d9bc000 r-xp 00000000 00:49 7156394                    /usr/lib64/pipewire-0.3/libpipewire-module-client-device.so
7fc90d9bc000-7fc90d9bf000 r--p 0000c000 00:49 7156394                    /usr/lib64/pipewire-0.3/libpipewire-module-client-device.so
7fc90d9bf000-7fc90d9c0000 r--p 0000e000 00:49 7156394                    /usr/lib64/pipewire-0.3/libpipewire-module-client-device.so
7fc90d9c0000-7fc90d9c1000 rw-p 0000f000 00:49 7156394                    /usr/lib64/pipewire-0.3/libpipewire-module-client-device.so
7fc90d9c1000-7fc90d9e5000 r-xp 00000000 00:49 7156395                    /usr/lib64/pipewire-0.3/libpipewire-module-client-node.so
7fc90d9e5000-7fc90d9ed000 r--p 00024000 00:49 7156395                    /usr/lib64/pipewire-0.3/libpipewire-module-client-node.so
7fc90d9ed000-7fc90d9ef000 r--p 0002c000 00:49 7156395                    /usr/lib64/pipewire-0.3/libpipewire-module-client-node.so
7fc90d9ef000-7fc90d9f0000 rw-p 0002e000 00:49 7156395                    /usr/lib64/pipewire-0.3/libpipewire-module-client-node.so
7fc90d9f0000-7fc90da13000 r-xp 00000000 00:49 7156409                    /usr/lib64/pipewire-0.3/libpipewire-module-protocol-native.so
7fc90da13000-7fc90da22000 r--p 00023000 00:49 7156409                    /usr/lib64/pipewire-0.3/libpipewire-module-protocol-native.so
7fc90da22000-7fc90da32000 r--p 00031000 00:49 7156409                    /usr/lib64/pipewire-0.3/libpipewire-module-protocol-native.so
7fc90da32000-7fc90da33000 rw-p 00041000 00:49 7156409                    /usr/lib64/pipewire-0.3/libpipewire-module-protocol-native.so
7fc90da33000-7fc90e234000 rw-p 00000000 00:00 0 
7fc90e234000-7fc90e238000 r-xp 00000000 00:49 7156414                    /usr/lib64/pipewire-0.3/libpipewire-module-rt.so
7fc90e238000-7fc90e23b000 r--p 00004000 00:49 7156414                    /usr/lib64/pipewire-0.3/libpipewire-module-rt.so
7fc90e23b000-7fc90e23c000 r--p 00007000 00:49 7156414                    /usr/lib64/pipewire-0.3/libpipewire-module-rt.so
7fc90e23c000-7fc90e23d000 rw-p 00008000 00:49 7156414                    /usr/lib64/pipewire-0.3/libpipewire-module-rt.so
7fc90e23d000-7fc90e256000 r-xp 00000000 00:49 7156452                    /usr/lib64/spa-0.2/support/libspa-support.so
7fc90e256000-7fc90e25d000 r--p 00019000 00:49 7156452                    /usr/lib64/spa-0.2/support/libspa-support.so
7fc90e25d000-7fc90e25f000 r--p 0001f000 00:49 7156452                    /usr/lib64/spa-0.2/support/libspa-support.so
7fc90e25f000-7fc90e260000 rw-p 00021000 00:49 7156452                    /usr/lib64/spa-0.2/support/libspa-support.so
7fc90e260000-7fc90e2dc000 r-xp 00000000 00:49 7156390                    /usr/lib64/libpipewire-0.3.so.0.1411.0
7fc90e2dc000-7fc90e303000 r--p 0007c000 00:49 7156390                    /usr/lib64/libpipewire-0.3.so.0.1411.0
7fc90e303000-7fc90e320000 r--p 000a3000 00:49 7156390                    /usr/lib64/libpipewire-0.3.so.0.1411.0
7fc90e320000-7fc90e321000 rw-p 000c0000 00:49 7156390                    /usr/lib64/libpipewire-0.3.so.0.1411.0
7fc90e321000-7fc90e322000 rw-p 00000000 00:00 0 
7fc90e322000-7fc90e463000 r-xp 00000000 00:49 7151663                    /usr/lib64/libstdc++.so.6.0.34
7fc90e463000-7fc90e583000 r--p 00141000 00:49 7151663                    /usr/lib64/libstdc++.so.6.0.34
7fc90e583000-7fc90e594000 r--p 00260000 00:49 7151663                    /usr/lib64/libstdc++.so.6.0.34
7fc90e594000-7fc90e595000 rw-p 00271000 00:49 7151663                    /usr/lib64/libstdc++.so.6.0.34
7fc90e595000-7fc90e599000 rw-p 00000000 00:00 0 
7fc90e599000-7fc90e6f1000 r-xp 00000000 00:38 2566                       /tmp/lwjgl_bazzite/3.4.1+2/x64/libopenal.so
7fc90e6f1000-7fc90e78b000 r--p 00158000 00:38 2566                       /tmp/lwjgl_bazzite/3.4.1+2/x64/libopenal.so
7fc90e78b000-7fc90e795000 r--p 001f2000 00:38 2566                       /tmp/lwjgl_bazzite/3.4.1+2/x64/libopenal.so
7fc90e795000-7fc90e796000 rw-p 001fc000 00:38 2566                       /tmp/lwjgl_bazzite/3.4.1+2/x64/libopenal.so
7fc90e796000-7fc90e87a000 rw-p 00000000 00:00 0 
7fc90e87a000-7fc90e96a000 rw-s 00000000 00:01 34293                      /memfd:wayland-cursor (deleted)
7fc90e96a000-7fc90ea3a000 rw-s 00000000 00:01 34292                      /memfd:wayland-cursor (deleted)
7fc90ea3a000-7fc90ea4a000 r-xp 00000000 00:49 1069856                    /usr/lib64/libseccomp.so.2.6.0
7fc90ea4a000-7fc90ea64000 r--p 00010000 00:49 1069856                    /usr/lib64/libseccomp.so.2.6.0
7fc90ea64000-7fc90ea65000 r--p 0002a000 00:49 1069856                    /usr/lib64/libseccomp.so.2.6.0
7fc90ea65000-7fc90ea66000 rw-p 0002b000 00:49 1069856                    /usr/lib64/libseccomp.so.2.6.0
7fc90ea66000-7fc90eb9e000 r-xp 00000000 00:49 590523                     /usr/lib64/libsqlite3.so.3.50.2
7fc90eb9e000-7fc90ebd7000 r--p 00138000 00:49 590523                     /usr/lib64/libsqlite3.so.3.50.2
7fc90ebd7000-7fc90ebdb000 r--p 00170000 00:49 590523                     /usr/lib64/libsqlite3.so.3.50.2
7fc90ebdb000-7fc90ebdf000 rw-p 00174000 00:49 590523                     /usr/lib64/libsqlite3.so.3.50.2
7fc90ebdf000-7fc90ebe0000 rw-p 00000000 00:00 0 
7fc90ebe0000-7fc90ef2b000 r-xp 00000000 00:49 7154507                    /usr/lib64/libglycin-2.so.0
7fc90ef2b000-7fc90efe4000 r--p 0034b000 00:49 7154507                    /usr/lib64/libglycin-2.so.0
7fc90efe4000-7fc90effd000 r--p 00403000 00:49 7154507                    /usr/lib64/libglycin-2.so.0
7fc90effd000-7fc90f000000 rw-p 0041c000 00:49 7154507                    /usr/lib64/libglycin-2.so.0
7fc90f000000-7fc90f240000 rw-p 00000000 00:00 0 
7fc90f240000-7fc90f400000 ---p 00000000 00:00 0 
7fc90f400000-7fc90f9e0000 rw-p 00000000 00:00 0 
7fc90f9e0000-7fc913000000 ---p 00000000 00:00 0 
7fc913000000-7fc913482000 rw-p 00001000 00:49 7160503                    /usr/lib/jvm/java-21-openjdk/lib/server/classes.jsa
7fc913482000-7fc913c9d000 rw-p 00483000 00:49 7160503                    /usr/lib/jvm/java-21-openjdk/lib/server/classes.jsa
7fc913c9d000-7fc914000000 ---p 00000000 00:00 0 
7fc914000000-7fc914040000 rw-p 00000000 00:00 0 
7fc914040000-7fc914070000 rw-p 00000000 00:00 0 
7fc914070000-7fc914080000 ---p 00000000 00:00 0 
7fc914080000-7fc9140e0000 rw-p 00000000 00:00 0 
7fc9140e0000-7fc954000000 ---p 00000000 00:00 0 
7fc954000000-7fc954021000 rw-p 00000000 00:00 0 
7fc954021000-7fc958000000 ---p 00000000 00:00 0 
7fc958000000-7fc958021000 rw-p 00000000 00:00 0 
7fc958021000-7fc95c000000 ---p 00000000 00:00 0 
7fc95c000000-7fc95c021000 rw-p 00000000 00:00 0 
7fc95c021000-7fc960000000 ---p 00000000 00:00 0 
7fc960000000-7fc960001000 r-xp 00000000 00:00 0 
7fc960001000-7fc960002000 r--p 00000000 00:00 0 
7fc960002000-7fc960048000 r-xp 00000000 00:49 1069695                    /usr/lib64/liblcms2.so.2.0.16
7fc960048000-7fc960063000 r--p 00046000 00:49 1069695                    /usr/lib64/liblcms2.so.2.0.16
7fc960063000-7fc960066000 r--p 00060000 00:49 1069695                    /usr/lib64/liblcms2.so.2.0.16
7fc960066000-7fc960069000 rw-p 00063000 00:49 1069695                    /usr/lib64/liblcms2.so.2.0.16
7fc960069000-7fc96006a000 rw-p 00000000 00:00 0 
7fc96006a000-7fc960082000 r-xp 00000000 00:49 1069644                    /usr/lib64/libjson-glib-1.0.so.0.1000.8
7fc960082000-7fc960093000 r--p 00018000 00:49 1069644                    /usr/lib64/libjson-glib-1.0.so.0.1000.8
7fc960093000-7fc960094000 r--p 00029000 00:49 1069644                    /usr/lib64/libjson-glib-1.0.so.0.1000.8
7fc960094000-7fc960095000 rw-p 00000000 00:00 0 
7fc960095000-7fc9600b1000 r-xp 00000000 00:49 7163058                    /usr/lib64/libatspi.so.0.0.1
7fc9600b1000-7fc9600cb000 r--p 0001c000 00:49 7163058                    /usr/lib64/libatspi.so.0.0.1
7fc9600cb000-7fc9600cf000 r--p 00036000 00:49 7163058                    /usr/lib64/libatspi.so.0.0.1
7fc9600cf000-7fc9600d0000 rw-p 0003a000 00:49 7163058                    /usr/lib64/libatspi.so.0.0.1
7fc9600d0000-7fc9600d1000 r-xp 00000000 00:49 1081827                    /usr/lib64/libXinerama.so.1.0.0
7fc9600d1000-7fc9600d2000 r--p 00001000 00:49 1081827                    /usr/lib64/libXinerama.so.1.0.0
7fc9600d2000-7fc9600d3000 r--p 00001000 00:49 1081827                    /usr/lib64/libXinerama.so.1.0.0
7fc9600d3000-7fc9600d4000 rw-p 00002000 00:49 1081827                    /usr/lib64/libXinerama.so.1.0.0
7fc9600d4000-7fc9600dc000 r-xp 00000000 00:49 1070474                    /usr/lib64/libXrandr.so.2.2.0
7fc9600dc000-7fc9600df000 r--p 00008000 00:49 1070474                    /usr/lib64/libXrandr.so.2.2.0
7fc9600df000-7fc9600e0000 r--p 0000a000 00:49 1070474                    /usr/lib64/libXrandr.so.2.2.0
7fc9600e0000-7fc9600e1000 rw-p 0000b000 00:49 1070474                    /usr/lib64/libXrandr.so.2.2.0
7fc9600e1000-7fc9600e2000 r-xp 00000000 00:49 1070270                    /usr/lib64/libXcomposite.so.1.0.0
7fc9600e2000-7fc9600e3000 r--p 00001000 00:49 1070270                    /usr/lib64/libXcomposite.so.1.0.0
7fc9600e3000-7fc9600e4000 r--p 00001000 00:49 1070270                    /usr/lib64/libXcomposite.so.1.0.0
7fc9600e4000-7fc9600e5000 rw-p 00000000 00:00 0 
7fc9600e5000-7fc9600e6000 r-xp 00000000 00:49 1070380                    /usr/lib64/libXdamage.so.1.1.0
7fc9600e6000-7fc9600e7000 r--p 00001000 00:49 1070380                    /usr/lib64/libXdamage.so.1.1.0
7fc9600e7000-7fc9600e8000 r--p 00001000 00:49 1070380                    /usr/lib64/libXdamage.so.1.1.0
7fc9600e8000-7fc9600e9000 rw-p 00000000 00:00 0 
7fc9600e9000-7fc9600f0000 r-xp 00000000 00:49 1070370                    /usr/lib64/libXcursor.so.1.0.2
7fc9600f0000-7fc9600f4000 r--p 00007000 00:49 1070370                    /usr/lib64/libXcursor.so.1.0.2
7fc9600f4000-7fc9600f5000 r--p 0000b000 00:49 1070370                    /usr/lib64/libXcursor.so.1.0.2
7fc9600f5000-7fc9600f6000 rw-p 00000000 00:00 0 
7fc9600f6000-7fc9600f9000 r-xp 00000000 00:49 1069885                    /usr/lib64/libXfixes.so.3.1.0
7fc9600f9000-7fc9600fb000 r--p 00003000 00:49 1069885                    /usr/lib64/libXfixes.so.3.1.0
7fc9600fb000-7fc9600fc000 r--p 00004000 00:49 1069885                    /usr/lib64/libXfixes.so.3.1.0
7fc9600fc000-7fc9600fd000 rw-p 00005000 00:49 1069885                    /usr/lib64/libXfixes.so.3.1.0
7fc9600fd000-7fc96017e000 r-xp 00000000 00:49 1078632                    /usr/lib64/libtinysparql-3.0.so.0.1001.0
7fc96017e000-7fc9601c2000 r--p 00081000 00:49 1078632                    /usr/lib64/libtinysparql-3.0.so.0.1001.0
7fc9601c2000-7fc9601d0000 r--p 000c5000 00:49 1078632                    /usr/lib64/libtinysparql-3.0.so.0.1001.0
7fc9601d0000-7fc9601d1000 rw-p 000d3000 00:49 1078632                    /usr/lib64/libtinysparql-3.0.so.0.1001.0
7fc9601d1000-7fc9601dd000 r-xp 00000000 00:49 1081818                    /usr/lib64/libcloudproviders.so.0.3.6
7fc9601dd000-7fc9601e8000 r--p 0000c000 00:49 1081818                    /usr/lib64/libcloudproviders.so.0.3.6
7fc9601e8000-7fc9601e9000 r--p 00017000 00:49 1081818                    /usr/lib64/libcloudproviders.so.0.3.6
7fc9601e9000-7fc9601ea000 rw-p 00018000 00:49 1081818                    /usr/lib64/libcloudproviders.so.0.3.6
7fc9601ea000-7fc960206000 r-xp 00000000 00:49 7163083                    /usr/lib64/libatk-bridge-2.0.so.0.0.0
7fc960206000-7fc960223000 r--p 0001c000 00:49 7163083                    /usr/lib64/libatk-bridge-2.0.so.0.0.0
7fc960223000-7fc960225000 r--p 00039000 00:49 7163083                    /usr/lib64/libatk-bridge-2.0.so.0.0.0
7fc960225000-7fc960227000 rw-p 0003b000 00:49 7163083                    /usr/lib64/libatk-bridge-2.0.so.0.0.0
7fc960227000-7fc960234000 r-xp 00000000 00:49 1069808                    /usr/lib64/libXi.so.6.1.0
7fc960234000-7fc960238000 r--p 0000d000 00:49 1069808                    /usr/lib64/libXi.so.6.1.0
7fc960238000-7fc960239000 r--p 00011000 00:49 1069808                    /usr/lib64/libXi.so.6.1.0
7fc960239000-7fc96023a000 rw-p 00012000 00:49 1069808                    /usr/lib64/libXi.so.6.1.0
7fc96023a000-7fc9602a7000 r-xp 00000000 00:49 1081809                    /usr/lib64/libepoxy.so.0.0.0
7fc9602a7000-7fc960337000 r--p 0006d000 00:49 1081809                    /usr/lib64/libepoxy.so.0.0.0
7fc960337000-7fc96033f000 r--p 000fc000 00:49 1081809                    /usr/lib64/libepoxy.so.0.0.0
7fc96033f000-7fc960346000 rw-p 00104000 00:49 1081809                    /usr/lib64/libepoxy.so.0.0.0
7fc960346000-7fc960356000 r-xp 00000000 00:49 7163075                    /usr/lib64/libatk-1.0.so.0.25814.1
7fc960356000-7fc960368000 r--p 00010000 00:49 7163075                    /usr/lib64/libatk-1.0.so.0.25814.1
7fc960368000-7fc96036b000 r--p 00021000 00:49 7163075                    /usr/lib64/libatk-1.0.so.0.25814.1
7fc96036b000-7fc96036c000 rw-p 00024000 00:49 7163075                    /usr/lib64/libatk-1.0.so.0.25814.1
7fc96036c000-7fc960388000 r-xp 00000000 00:49 7154515                    /usr/lib64/libgdk_pixbuf-2.0.so.0.4400.4
7fc960388000-7fc960397000 r--p 0001c000 00:49 7154515                    /usr/lib64/libgdk_pixbuf-2.0.so.0.4400.4
7fc960397000-7fc960399000 r--p 0002a000 00:49 7154515                    /usr/lib64/libgdk_pixbuf-2.0.so.0.4400.4
7fc960399000-7fc96039a000 rw-p 0002c000 00:49 7154515                    /usr/lib64/libgdk_pixbuf-2.0.so.0.4400.4
7fc96039a000-7fc96039c000 r-xp 00000000 00:49 1082923                    /usr/lib64/libcairo-gobject.so.2.11804.4
7fc96039c000-7fc9603a0000 r--p 00002000 00:49 1082923                    /usr/lib64/libcairo-gobject.so.2.11804.4
7fc9603a0000-7fc9603a2000 r--p 00005000 00:49 1082923                    /usr/lib64/libcairo-gobject.so.2.11804.4
7fc9603a2000-7fc9603a3000 rw-p 00000000 00:00 0 
7fc9603a3000-7fc960430000 r-xp 00000000 00:49 7163107                    /usr/lib64/libgdk-3.so.0.2420.32
7fc960430000-7fc960491000 r--p 0008d000 00:49 7163107                    /usr/lib64/libgdk-3.so.0.2420.32
7fc960491000-7fc96049b000 r--p 000ed000 00:49 7163107                    /usr/lib64/libgdk-3.so.0.2420.32
7fc96049b000-7fc96049d000 rw-p 000f7000 00:49 7163107                    /usr/lib64/libgdk-3.so.0.2420.32
7fc96049d000-7fc960855000 r-xp 00000000 00:49 7163109                    /usr/lib64/libgtk-3.so.0.2420.32
7fc960855000-7fc960b89000 r--p 003b8000 00:49 7163109                    /usr/lib64/libgtk-3.so.0.2420.32
7fc960b89000-7fc960b9c000 r--p 006eb000 00:49 7163109                    /usr/lib64/libgtk-3.so.0.2420.32
7fc960b9c000-7fc960b9e000 rw-p 006fe000 00:49 7163109                    /usr/lib64/libgtk-3.so.0.2420.32
7fc960b9e000-7fc960ba3000 rw-p 00000000 00:00 0 
7fc960ba3000-7fc960ba4000 r-xp 00000000 00:00 0 
7fc960ba4000-7fc960ba5000 r--p 00000000 00:00 0 
7fc960ba5000-7fc960ba6000 r-xp 00000000 00:00 0 
7fc960ba6000-7fc960bad000 r--s 00000000 00:49 7176855                    /usr/lib64/gconv/gconv-modules.cache
7fc960bad000-7fc960bb0000 r-xp 00000000 00:49 7156450                    /usr/lib64/spa-0.2/support/libspa-dbus.so
7fc960bb0000-7fc960bb2000 r--p 00003000 00:49 7156450                    /usr/lib64/spa-0.2/support/libspa-dbus.so
7fc960bb2000-7fc960bb3000 r--p 00004000 00:49 7156450                    /usr/lib64/spa-0.2/support/libspa-dbus.so
7fc960bb3000-7fc960bb4000 rw-p 00005000 00:49 7156450                    /usr/lib64/spa-0.2/support/libspa-dbus.so
7fc960bb4000-7fc960bb5000 r-xp 00000000 00:49 590297                     /usr/lib64/libbrotlicommon.so.1.2.0
7fc960bb5000-7fc960bd5000 r--p 00001000 00:49 590297                     /usr/lib64/libbrotlicommon.so.1.2.0
7fc960bd5000-7fc960bd6000 r--p 00020000 00:49 590297                     /usr/lib64/libbrotlicommon.so.1.2.0
7fc960bd6000-7fc960bd7000 rw-p 00000000 00:00 0 
7fc960bd7000-7fc960bfd000 r-xp 00000000 00:49 7151705                    /usr/lib64/libblkid.so.1.1.0
7fc960bfd000-7fc960c0a000 r--p 00026000 00:49 7151705                    /usr/lib64/libblkid.so.1.1.0
7fc960c0a000-7fc960c10000 r--p 00033000 00:49 7151705                    /usr/lib64/libblkid.so.1.1.0
7fc960c10000-7fc960c11000 rw-p 00039000 00:49 7151705                    /usr/lib64/libblkid.so.1.1.0
7fc960c11000-7fc960c36000 r-xp 00000000 00:49 590433                     /usr/lib64/liblzma.so.5.8.1
7fc960c36000-7fc960c44000 r--p 00025000 00:49 590433                     /usr/lib64/liblzma.so.5.8.1
7fc960c44000-7fc960c45000 r--p 00033000 00:49 590433                     /usr/lib64/liblzma.so.5.8.1
7fc960c45000-7fc960c46000 rw-p 00034000 00:49 590433                     /usr/lib64/liblzma.so.5.8.1
7fc960c46000-7fc960c69000 r-xp 00000000 00:49 6195619                    /usr/lib64/libgcc_s-15-20260123.so.1
7fc960c69000-7fc960c70000 r--p 00023000 00:49 6195619                    /usr/lib64/libgcc_s-15-20260123.so.1
7fc960c70000-7fc960c71000 r--p 0002a000 00:49 6195619                    /usr/lib64/libgcc_s-15-20260123.so.1
7fc960c71000-7fc960c72000 rw-p 00000000 00:00 0 
7fc960c72000-7fc960c78000 r-xp 00000000 00:49 7151721                    /usr/lib64/libcap.so.2.76
7fc960c78000-7fc960c7c000 r--p 00006000 00:49 7151721                    /usr/lib64/libcap.so.2.76
7fc960c7c000-7fc960c7d000 r--p 00009000 00:49 7151721                    /usr/lib64/libcap.so.2.76
7fc960c7d000-7fc960c7e000 rw-p 0000a000 00:49 7151721                    /usr/lib64/libcap.so.2.76
7fc960c7e000-7fc960c80000 r-xp 00000000 00:49 1066338                    /usr/lib64/libXau.so.6.0.0
7fc960c80000-7fc960c81000 r--p 00002000 00:49 1066338                    /usr/lib64/libXau.so.6.0.0
7fc960c81000-7fc960c82000 r--p 00003000 00:49 1066338                    /usr/lib64/libXau.so.6.0.0
7fc960c82000-7fc960c83000 rw-p 00000000 00:00 0 
7fc960c83000-7fc960c8c000 r-xp 00000000 00:49 590314                     /usr/lib64/libbrotlidec.so.1.2.0
7fc960c8c000-7fc960c8f000 r--p 00009000 00:49 590314                     /usr/lib64/libbrotlidec.so.1.2.0
7fc960c8f000-7fc960c90000 r--p 0000c000 00:49 590314                     /usr/lib64/libbrotlidec.so.1.2.0
7fc960c90000-7fc960c91000 rw-p 00000000 00:00 0 
7fc960c91000-7fc960ca0000 r-xp 00000000 00:49 590315                     /usr/lib64/libbz2.so.1.0.8
7fc960ca0000-7fc960ca3000 r--p 0000f000 00:49 590315                     /usr/lib64/libbz2.so.1.0.8
7fc960ca3000-7fc960ca4000 r--p 00011000 00:49 590315                     /usr/lib64/libbz2.so.1.0.8
7fc960ca4000-7fc960ca5000 rw-p 00012000 00:49 590315                     /usr/lib64/libbz2.so.1.0.8
7fc960ca5000-7fc960ca9000 r-xp 00000000 00:49 1079043                    /usr/lib64/libdatrie.so.1.4.0
7fc960ca9000-7fc960cab000 r--p 00004000 00:49 1079043                    /usr/lib64/libdatrie.so.1.4.0
7fc960cab000-7fc960cac000 r--p 00005000 00:49 1079043                    /usr/lib64/libdatrie.so.1.4.0
7fc960cac000-7fc960cad000 rw-p 00000000 00:00 0 
7fc960cad000-7fc960ccd000 r-xp 00000000 00:49 590514                     /usr/lib64/libselinux.so.1
7fc960ccd000-7fc960cda000 r--p 00020000 00:49 590514                     /usr/lib64/libselinux.so.1
7fc960cda000-7fc960cdb000 r--p 0002d000 00:49 590514                     /usr/lib64/libselinux.so.1
7fc960cdb000-7fc960cdc000 rw-p 0002e000 00:49 590514                     /usr/lib64/libselinux.so.1
7fc960cdc000-7fc960cde000 rw-p 00000000 00:00 0 
7fc960cde000-7fc960d19000 r-xp 00000000 00:49 7151787                    /usr/lib64/libmount.so.1.1.0
7fc960d19000-7fc960d30000 r--p 0003b000 00:49 7151787                    /usr/lib64/libmount.so.1.1.0
7fc960d30000-7fc960d32000 r--p 00052000 00:49 7151787                    /usr/lib64/libmount.so.1.1.0
7fc960d32000-7fc960d33000 rw-p 00054000 00:49 7151787                    /usr/lib64/libmount.so.1.1.0
7fc960d33000-7fc960e25000 r-xp 00000000 00:49 590580                     /usr/lib64/libxml2.so.2.12.10
7fc960e25000-7fc960e84000 r--p 000f2000 00:49 590580                     /usr/lib64/libxml2.so.2.12.10
7fc960e84000-7fc960e8f000 r--p 00150000 00:49 590580                     /usr/lib64/libxml2.so.2.12.10
7fc960e8f000-7fc960e90000 rw-p 0015b000 00:49 590580                     /usr/lib64/libxml2.so.2.12.10
7fc960e90000-7fc960e91000 rw-p 00000000 00:00 0 
7fc960e91000-7fc960ea9000 r-xp 00000000 00:49 1082614                    /usr/lib64/libgraphite2.so.3.2.1
7fc960ea9000-7fc960ead000 r--p 00018000 00:49 1082614                    /usr/lib64/libgraphite2.so.3.2.1
7fc960ead000-7fc960eaf000 r--p 0001c000 00:49 1082614                    /usr/lib64/libgraphite2.so.3.2.1
7fc960eaf000-7fc960eb0000 rw-p 00000000 00:00 0 
7fc960eb0000-7fc960f2e000 r-xp 00000000 00:49 590479                     /usr/lib64/libpcre2-8.so.0.15.0
7fc960f2e000-7fc960f5b000 r--p 0007e000 00:49 590479                     /usr/lib64/libpcre2-8.so.0.15.0
7fc960f5b000-7fc960f5c000 r--p 000aa000 00:49 590479                     /usr/lib64/libpcre2-8.so.0.15.0
7fc960f5c000-7fc960f5d000 rw-p 000ab000 00:49 590479                     /usr/lib64/libpcre2-8.so.0.15.0
7fc960f5d000-7fc961022000 r-xp 00000000 00:49 7151746                    /usr/lib64/libsystemd.so.0.41.0
7fc961022000-7fc961079000 r--p 000c5000 00:49 7151746                    /usr/lib64/libsystemd.so.0.41.0
7fc961079000-7fc961082000 r--p 0011b000 00:49 7151746                    /usr/lib64/libsystemd.so.0.41.0
7fc961082000-7fc961083000 rw-p 00124000 00:49 7151746                    /usr/lib64/libsystemd.so.0.41.0
7fc961083000-7fc961084000 rw-p 00000000 00:00 0 
7fc961084000-7fc961116000 r-xp 00000000 00:49 1079059                    /usr/lib64/libpixman-1.so.0.46.2
7fc961116000-7fc96112a000 r--p 00092000 00:49 1079059                    /usr/lib64/libpixman-1.so.0.46.2
7fc96112a000-7fc961132000 r--p 000a6000 00:49 1079059                    /usr/lib64/libpixman-1.so.0.46.2
7fc961132000-7fc961133000 rw-p 000ae000 00:49 1079059                    /usr/lib64/libpixman-1.so.0.46.2
7fc961133000-7fc961139000 r-xp 00000000 00:49 1066396                    /usr/lib64/libxcb-render.so.0.0.0
7fc961139000-7fc961140000 r--p 00006000 00:49 1066396                    /usr/lib64/libxcb-render.so.0.0.0
7fc961140000-7fc961141000 r--p 0000d000 00:49 1066396                    /usr/lib64/libxcb-render.so.0.0.0
7fc961141000-7fc961142000 rw-p 0000e000 00:49 1066396                    /usr/lib64/libxcb-render.so.0.0.0
7fc961142000-7fc961156000 r-xp 00000000 00:49 1066426                    /usr/lib64/libxcb.so.1.1.0
7fc961156000-7fc96116a000 r--p 00014000 00:49 1066426                    /usr/lib64/libxcb.so.1.1.0
7fc96116a000-7fc96116b000 r--p 00028000 00:49 1066426                    /usr/lib64/libxcb.so.1.1.0
7fc96116b000-7fc96116c000 rw-p 00029000 00:49 1066426                    /usr/lib64/libxcb.so.1.1.0
7fc96116c000-7fc961205000 r-xp 00000000 00:49 7155085                    /usr/lib64/libX11.so.6.4.0
7fc961205000-7fc9612aa000 r--p 00099000 00:49 7155085                    /usr/lib64/libX11.so.6.4.0
7fc9612aa000-7fc9612ad000 r--p 0013d000 00:49 7155085                    /usr/lib64/libX11.so.6.4.0
7fc9612ad000-7fc9612b1000 rw-p 00140000 00:49 7155085                    /usr/lib64/libX11.so.6.4.0
7fc9612b1000-7fc961347000 r-xp 00000000 00:49 1082624                    /usr/lib64/libfreetype.so.6.20.2
7fc961347000-7fc961372000 r--p 00096000 00:49 1082624                    /usr/lib64/libfreetype.so.6.20.2
7fc961372000-7fc96137a000 r--p 000c1000 00:49 1082624                    /usr/lib64/libfreetype.so.6.20.2
7fc96137a000-7fc96137b000 rw-p 00000000 00:00 0 
7fc96137b000-7fc9613a6000 r-xp 00000000 00:49 7152136                    /usr/lib64/libpng16.so.16.56.0
7fc9613a6000-7fc9613b4000 r--p 0002b000 00:49 7152136                    /usr/lib64/libpng16.so.16.56.0
7fc9613b4000-7fc9613b5000 r--p 00038000 00:49 7152136                    /usr/lib64/libpng16.so.16.56.0
7fc9613b5000-7fc9613b6000 rw-p 00000000 00:00 0 
7fc9613b6000-7fc9613d2000 r-xp 00000000 00:49 7151660                    /usr/lib64/libz.so.1.3.1.zlib-ng
7fc9613d2000-7fc9613dc000 r--p 0001c000 00:49 7151660                    /usr/lib64/libz.so.1.3.1.zlib-ng
7fc9613dc000-7fc9613dd000 r--p 00026000 00:49 7151660                    /usr/lib64/libz.so.1.3.1.zlib-ng
7fc9613dd000-7fc9613de000 rw-p 00027000 00:49 7151660                    /usr/lib64/libz.so.1.3.1.zlib-ng
7fc9613de000-7fc9613e4000 r-xp 00000000 00:49 1070236                    /usr/lib64/libfribidi.so.0.4.0
7fc9613e4000-7fc9613fc000 r--p 00006000 00:49 1070236                    /usr/lib64/libfribidi.so.0.4.0
7fc9613fc000-7fc9613fd000 r--p 0001d000 00:49 1070236                    /usr/lib64/libfribidi.so.0.4.0
7fc9613fd000-7fc9613fe000 rw-p 0001e000 00:49 1070236                    /usr/lib64/libfribidi.so.0.4.0
7fc9613fe000-7fc96151d000 r-xp 00000000 00:49 7151897                    /usr/lib64/libgio-2.0.so.0.8600.5
7fc96151d000-7fc9615c5000 r--p 0011f000 00:49 7151897                    /usr/lib64/libgio-2.0.so.0.8600.5
7fc9615c5000-7fc9615ce000 r--p 001c6000 00:49 7151897                    /usr/lib64/libgio-2.0.so.0.8600.5
7fc9615ce000-7fc9615cf000 rw-p 001cf000 00:49 7151897                    /usr/lib64/libgio-2.0.so.0.8600.5
7fc9615cf000-7fc9615d1000 rw-p 00000000 00:00 0 
7fc9615d1000-7fc961602000 r-xp 00000000 00:49 1082696                    /usr/lib64/libfontconfig.so.1.16.0
7fc961602000-7fc96161e000 r--p 00031000 00:49 1082696                    /usr/lib64/libfontconfig.so.1.16.0
7fc96161e000-7fc961620000 r--p 0004d000 00:49 1082696                    /usr/lib64/libfontconfig.so.1.16.0
7fc961620000-7fc961621000 rw-p 0004f000 00:49 1082696                    /usr/lib64/libfontconfig.so.1.16.0
7fc961621000-7fc96170f000 r-xp 00000000 00:49 1082641                    /usr/lib64/libharfbuzz.so.0.61151.0
7fc96170f000-7fc961752000 r--p 000ee000 00:49 1082641                    /usr/lib64/libharfbuzz.so.0.61151.0
7fc961752000-7fc961754000 r--p 00130000 00:49 1082641                    /usr/lib64/libharfbuzz.so.0.61151.0
7fc961754000-7fc961755000 rw-p 00132000 00:49 1082641                    /usr/lib64/libharfbuzz.so.0.61151.0
7fc961755000-7fc9617fc000 r-xp 00000000 00:49 7151901                    /usr/lib64/libglib-2.0.so.0.8600.5
7fc9617fc000-7fc9618a9000 r--p 000a7000 00:49 7151901                    /usr/lib64/libglib-2.0.so.0.8600.5
7fc9618a9000-7fc9618aa000 r--p 00154000 00:49 7151901                    /usr/lib64/libglib-2.0.so.0.8600.5
7fc9618aa000-7fc9618ab000 rw-p 00155000 00:49 7151901                    /usr/lib64/libglib-2.0.so.0.8600.5
7fc9618ab000-7fc9618ac000 rw-p 00000000 00:00 0 
7fc9618ac000-7fc9618e0000 r-xp 00000000 00:49 1069583                    /usr/lib64/libdbus-1.so.3.38.3
7fc9618e0000-7fc9618fd000 r--p 00034000 00:49 1069583                    /usr/lib64/libdbus-1.so.3.38.3
7fc9618fd000-7fc9618ff000 r--p 00051000 00:49 1069583                    /usr/lib64/libdbus-1.so.3.38.3
7fc9618ff000-7fc961900000 rw-p 00053000 00:49 1069583                    /usr/lib64/libdbus-1.so.3.38.3
7fc961900000-7fc9619f6000 r-xp 00000000 00:49 1082910                    /usr/lib64/libcairo.so.2.11804.4
7fc9619f6000-7fc961a37000 r--p 000f6000 00:49 1082910                    /usr/lib64/libcairo.so.2.11804.4
7fc961a37000-7fc961a3b000 r--p 00137000 00:49 1082910                    /usr/lib64/libcairo.so.2.11804.4
7fc961a3b000-7fc961a3d000 rw-p 0013b000 00:49 1082910                    /usr/lib64/libcairo.so.2.11804.4
7fc961a3d000-7fc961a3e000 rw-p 00000000 00:00 0 
7fc961a3e000-7fc961a76000 r-xp 00000000 00:49 7151905                    /usr/lib64/libgobject-2.0.so.0.8600.5
7fc961a76000-7fc961a99000 r--p 00038000 00:49 7151905                    /usr/lib64/libgobject-2.0.so.0.8600.5
7fc961a99000-7fc961a9c000 r--p 0005a000 00:49 7151905                    /usr/lib64/libgobject-2.0.so.0.8600.5
7fc961a9c000-7fc961a9d000 rw-p 0005d000 00:49 7151905                    /usr/lib64/libgobject-2.0.so.0.8600.5
7fc961a9d000-7fc961add000 r-xp 00000000 00:49 7155104                    /usr/lib64/libpango-1.0.so.0.5701.0
7fc961add000-7fc961b04000 r--p 00040000 00:49 7155104                    /usr/lib64/libpango-1.0.so.0.5701.0
7fc961b04000-7fc961b08000 r--p 00066000 00:49 7155104                    /usr/lib64/libpango-1.0.so.0.5701.0
7fc961b08000-7fc961b09000 rw-p 0006a000 00:49 7155104                    /usr/lib64/libpango-1.0.so.0.5701.0
7fc961b09000-7fc961b35000 r-xp 00000000 00:49 1079035                    /usr/lib64/libxkbcommon.so.0.11.0
7fc961b35000-7fc961b5f000 r--p 0002c000 00:49 1079035                    /usr/lib64/libxkbcommon.so.0.11.0
7fc961b5f000-7fc961b61000 r--p 00056000 00:49 1079035                    /usr/lib64/libxkbcommon.so.0.11.0
7fc961b61000-7fc961b62000 rw-p 00058000 00:49 1079035                    /usr/lib64/libxkbcommon.so.0.11.0
7fc961b62000-7fc961b87000 r-xp 00000000 00:38 2565                       /tmp/lwjgl_bazzite/3.4.1+2/x64/libglfw.so
7fc961b87000-7fc961bd6000 r--p 00025000 00:38 2565                       /tmp/lwjgl_bazzite/3.4.1+2/x64/libglfw.so
7fc961bd6000-7fc961bda000 r--p 00074000 00:38 2565                       /tmp/lwjgl_bazzite/3.4.1+2/x64/libglfw.so
7fc961bda000-7fc961bdd000 rw-p 00078000 00:38 2565                       /tmp/lwjgl_bazzite/3.4.1+2/x64/libglfw.so
7fc961bdd000-7fc961c00000 rw-p 00000000 00:00 0 
7fc961c00000-7fc962400000 rw-p 00000000 00:00 0 
7fc962400000-7fc962401000 r--p 00000000 00:00 0 
7fc962401000-7fc962403000 r-xp 00000000 00:49 7151903                    /usr/lib64/libgmodule-2.0.so.0.8600.5
7fc962403000-7fc962405000 r--p 00002000 00:49 7151903                    /usr/lib64/libgmodule-2.0.so.0.8600.5
7fc962405000-7fc962406000 r--p 00003000 00:49 7151903                    /usr/lib64/libgmodule-2.0.so.0.8600.5
7fc962406000-7fc962407000 rw-p 00004000 00:49 7151903                    /usr/lib64/libgmodule-2.0.so.0.8600.5
7fc962407000-7fc962413000 r-xp 00000000 00:49 1066436                    /usr/lib64/libXext.so.6.4.0
7fc962413000-7fc962419000 r--p 0000c000 00:49 1066436                    /usr/lib64/libXext.so.6.4.0
7fc962419000-7fc96241a000 r--p 00011000 00:49 1066436                    /usr/lib64/libXext.so.6.4.0
7fc96241a000-7fc96241b000 rw-p 00012000 00:49 1066436                    /usr/lib64/libXext.so.6.4.0
7fc96241b000-7fc96242a000 r-xp 00000000 00:49 7155108                    /usr/lib64/libpangoft2-1.0.so.0.5701.0
7fc96242a000-7fc962435000 r--p 0000f000 00:49 7155108                    /usr/lib64/libpangoft2-1.0.so.0.5701.0
7fc962435000-7fc962436000 r--p 0001a000 00:49 7155108                    /usr/lib64/libpangoft2-1.0.so.0.5701.0
7fc962436000-7fc962437000 rw-p 00000000 00:00 0 
7fc962437000-7fc96243b000 ---p 00000000 00:00 0 
7fc96243b000-7fc962537000 rw-p 00000000 00:00 0 
7fc962537000-7fc962597000 r-xp 00000000 00:38 2564                       /tmp/lwjgl_bazzite/3.4.1+2/x64/libjemalloc.so
7fc962597000-7fc9625b0000 r--p 00060000 00:38 2564                       /tmp/lwjgl_bazzite/3.4.1+2/x64/libjemalloc.so
7fc9625b0000-7fc9625b7000 r--p 00078000 00:38 2564                       /tmp/lwjgl_bazzite/3.4.1+2/x64/libjemalloc.so
7fc9625b7000-7fc9625b8000 rw-p 0007f000 00:38 2564                       /tmp/lwjgl_bazzite/3.4.1+2/x64/libjemalloc.so
7fc9625b8000-7fc9627c2000 rw-p 00000000 00:00 0 
7fc9627c2000-7fc9627c6000 ---p 00000000 00:00 0 
7fc9627c6000-7fc9628c2000 rw-p 00000000 00:00 0 
7fc9628c2000-7fc9629ac000 r-xp 00000000 00:49 7160192                    /usr/lib64/libnss3.so
7fc9629ac000-7fc9629f6000 r--p 000ea000 00:49 7160192                    /usr/lib64/libnss3.so
7fc9629f6000-7fc9629fd000 r--p 00134000 00:49 7160192                    /usr/lib64/libnss3.so
7fc9629fd000-7fc9629fe000 rw-p 0013b000 00:49 7160192                    /usr/lib64/libnss3.so
7fc9629fe000-7fc962a00000 rw-p 00000000 00:00 0 
7fc962a00000-7fc962a20000 r-xp 00000000 00:38 198                        /tmp/libgdxbazzite/da3a4817/libgdx64.so
7fc962a20000-7fc962c20000 ---p 00020000 00:38 198                        /tmp/libgdxbazzite/da3a4817/libgdx64.so
7fc962c20000-7fc962c21000 r--p 00020000 00:38 198                        /tmp/libgdxbazzite/da3a4817/libgdx64.so
7fc962c21000-7fc962c22000 rw-p 00021000 00:38 198                        /tmp/libgdxbazzite/da3a4817/libgdx64.so
7fc962c22000-7fc962c23000 r-xp 00000000 00:49 1066404                    /usr/lib64/libxcb-shm.so.0.0.0
7fc962c23000-7fc962c24000 r--p 00001000 00:49 1066404                    /usr/lib64/libxcb-shm.so.0.0.0
7fc962c24000-7fc962c25000 r--p 00002000 00:49 1066404                    /usr/lib64/libxcb-shm.so.0.0.0
7fc962c25000-7fc962c26000 rw-p 00003000 00:49 1066404                    /usr/lib64/libxcb-shm.so.0.0.0
7fc962c26000-7fc962c2d000 r-xp 00000000 00:49 1069663                    /usr/lib64/libXrender.so.1.3.0
7fc962c2d000-7fc962c30000 r--p 00007000 00:49 1069663                    /usr/lib64/libXrender.so.1.3.0
7fc962c30000-7fc962c31000 r--p 00009000 00:49 1069663                    /usr/lib64/libXrender.so.1.3.0
7fc962c31000-7fc962c32000 rw-p 0000a000 00:49 1069663                    /usr/lib64/libXrender.so.1.3.0
7fc962c32000-7fc962c37000 r-xp 00000000 00:49 1079049                    /usr/lib64/libthai.so.0.3.1
7fc962c37000-7fc962c3b000 r--p 00005000 00:49 1079049                    /usr/lib64/libthai.so.0.3.1
7fc962c3b000-7fc962c3c000 r--p 00009000 00:49 1079049                    /usr/lib64/libthai.so.0.3.1
7fc962c3c000-7fc962c3d000 rw-p 0000a000 00:49 1079049                    /usr/lib64/libthai.so.0.3.1
7fc962c3d000-7fc962c47000 r-xp 00000000 00:49 7155106                    /usr/lib64/libpangocairo-1.0.so.0.5701.0
7fc962c47000-7fc962c4e000 r--p 0000a000 00:49 7155106                    /usr/lib64/libpangocairo-1.0.so.0.5701.0
7fc962c4e000-7fc962c4f000 r--p 00010000 00:49 7155106                    /usr/lib64/libpangocairo-1.0.so.0.5701.0
7fc962c4f000-7fc962c50000 rw-p 00011000 00:49 7155106                    /usr/lib64/libpangocairo-1.0.so.0.5701.0
7fc962c50000-7fc962c57000 r-xp 00000000 00:49 1221932                    /usr/lib64/libdecor/plugins-1/libdecor-cairo.so
7fc962c57000-7fc962c5c000 r--p 00007000 00:49 1221932                    /usr/lib64/libdecor/plugins-1/libdecor-cairo.so
7fc962c5c000-7fc962c5f000 r--p 0000b000 00:49 1221932                    /usr/lib64/libdecor/plugins-1/libdecor-cairo.so
7fc962c5f000-7fc962c60000 rw-p 0000e000 00:49 1221932                    /usr/lib64/libdecor/plugins-1/libdecor-cairo.so
7fc962c60000-7fc962c63000 r-xp 00000000 00:49 1221930                    /usr/lib64/libdecor-0.so.0.200.5
7fc962c63000-7fc962c66000 r--p 00003000 00:49 1221930                    /usr/lib64/libdecor-0.so.0.200.5
7fc962c66000-7fc962c67000 r--p 00006000 00:49 1221930                    /usr/lib64/libdecor-0.so.0.200.5
7fc962c67000-7fc962c68000 rw-p 00007000 00:49 1221930                    /usr/lib64/libdecor-0.so.0.200.5
7fc962c68000-7fc962c90000 r-xp 00000000 00:49 7151776                    /usr/lib64/libnspr4.so
7fc962c90000-7fc962ca4000 r--p 00028000 00:49 7151776                    /usr/lib64/libnspr4.so
7fc962ca4000-7fc962ca6000 r--p 0003b000 00:49 7151776                    /usr/lib64/libnspr4.so
7fc962ca6000-7fc962ca7000 rw-p 0003d000 00:49 7151776                    /usr/lib64/libnspr4.so
7fc962ca7000-7fc962caa000 rw-p 00000000 00:00 0 
7fc962caa000-7fc962cdf000 r-xp 00000000 00:38 2561                       /tmp/lwjgl_bazzite/3.4.1+2/x64/liblwjgl.so
7fc962cdf000-7fc962d27000 r--p 00035000 00:38 2561                       /tmp/lwjgl_bazzite/3.4.1+2/x64/liblwjgl.so
7fc962d27000-7fc962d28000 r--p 0007c000 00:38 2561                       /tmp/lwjgl_bazzite/3.4.1+2/x64/liblwjgl.so
7fc962d28000-7fc962d29000 rw-p 0007d000 00:38 2561                       /tmp/lwjgl_bazzite/3.4.1+2/x64/liblwjgl.so
7fc962d29000-7fc962d2d000 ---p 00000000 00:00 0 
7fc962d2d000-7fc962e29000 rw-p 00000000 00:00 0 
7fc962e29000-7fc962e2d000 ---p 00000000 00:00 0 
7fc962e2d000-7fc962f29000 rw-p 00000000 00:00 0 
7fc962f29000-7fc962f2d000 ---p 00000000 00:00 0 
7fc962f2d000-7fc963029000 rw-p 00000000 00:00 0 
7fc963029000-7fc96302d000 ---p 00000000 00:00 0 
7fc96302d000-7fc963129000 rw-p 00000000 00:00 0 
7fc963129000-7fc96316a000 r-xp 00000000 00:49 7160482                    /usr/lib/jvm/java-21-openjdk/lib/libjsvml.so
7fc96316a000-7fc9631f7000 r--p 00041000 00:49 7160482                    /usr/lib/jvm/java-21-openjdk/lib/libjsvml.so
7fc9631f7000-7fc9631f8000 r--p 000cd000 00:49 7160482                    /usr/lib/jvm/java-21-openjdk/lib/libjsvml.so
7fc9631f8000-7fc9631f9000 rw-p 000ce000 00:49 7160482                    /usr/lib/jvm/java-21-openjdk/lib/libjsvml.so
7fc9631f9000-7fc9631fd000 ---p 00000000 00:00 0 
7fc9631fd000-7fc9632f9000 rw-p 00000000 00:00 0 
7fc9632f9000-7fc9632fd000 ---p 00000000 00:00 0 
7fc9632fd000-7fc9633f9000 rw-p 00000000 00:00 0 
7fc9633f9000-7fc9633fd000 ---p 00000000 00:00 0 
7fc9633fd000-7fc9634f9000 rw-p 00000000 00:00 0 
7fc9634f9000-7fc9634fd000 ---p 00000000 00:00 0 
7fc9634fd000-7fc9635f9000 rw-p 00000000 00:00 0 
7fc9635f9000-7fc9635fd000 ---p 00000000 00:00 0 
7fc9635fd000-7fc9636f9000 rw-p 00000000 00:00 0 
7fc9636f9000-7fc9636fd000 ---p 00000000 00:00 0 
7fc9636fd000-7fc9637f9000 rw-p 00000000 00:00 0 
7fc9637f9000-7fc9637fd000 ---p 00000000 00:00 0 
7fc9637fd000-7fc963cfd000 rw-p 00000000 00:00 0 
7fc963cfd000-7fc964021000 rw-p 00000000 00:00 0 
7fc964021000-7fc968000000 ---p 00000000 00:00 0 
7fc968000000-7fc968021000 rw-p 00000000 00:00 0 
7fc968021000-7fc96c000000 ---p 00000000 00:00 0 
7fc96c000000-7fc96c021000 rw-p 00000000 00:00 0 
7fc96c021000-7fc970000000 ---p 00000000 00:00 0 
7fc970000000-7fc970001000 r-xp 00000000 00:00 0 
7fc970001000-7fc970004000 r-xp 00000000 00:49 1070228                    /usr/lib64/libwayland-cursor.so.0.24.0
7fc970004000-7fc970006000 r--p 00003000 00:49 1070228                    /usr/lib64/libwayland-cursor.so.0.24.0
7fc970006000-7fc970007000 r--p 00004000 00:49 1070228                    /usr/lib64/libwayland-cursor.so.0.24.0
7fc970007000-7fc97000b000 rw-p 00005000 00:49 1070228                    /usr/lib64/libwayland-cursor.so.0.24.0
7fc97000b000-7fc970016000 r-xp 00000000 00:49 590336                     /usr/lib64/libffi.so.8.2.0
7fc970016000-7fc970019000 r--p 0000b000 00:49 590336                     /usr/lib64/libffi.so.8.2.0
7fc970019000-7fc97001a000 r--p 0000d000 00:49 590336                     /usr/lib64/libffi.so.8.2.0
7fc97001a000-7fc97001b000 rw-p 0000e000 00:49 590336                     /usr/lib64/libffi.so.8.2.0
7fc97001b000-7fc972a00000 rw-p 00000000 00:00 0 
7fc972a00000-7fc972a01000 r--p 00000000 00:00 0 
7fc972a01000-7fc972a02000 r-xp 00000000 00:00 0 
7fc972a02000-7fc972a09000 r-xp 00000000 00:49 1066644                    /usr/lib64/libwayland-client.so.0.24.0
7fc972a09000-7fc972a0e000 r--p 00007000 00:49 1066644                    /usr/lib64/libwayland-client.so.0.24.0
7fc972a0e000-7fc972a10000 r--p 0000c000 00:49 1066644                    /usr/lib64/libwayland-client.so.0.24.0
7fc972a10000-7fc972a11000 rw-p 0000e000 00:49 1066644                    /usr/lib64/libwayland-client.so.0.24.0
7fc972a11000-7fc972a12000 rw-s 00000000 00:01 37011                      /memfd:lp_dma_buf (deleted)
7fc972a12000-7fc972a13000 rw-s 00000000 00:01 22467                      /memfd:pipewire-memfd:flags=0x0000000f,type=2,size=4096 (deleted)
7fc972a13000-7fc972a14000 rw-s 00000000 00:01 32060                      /memfd:pipewire-memfd:flags=0x0000000f,type=2,size=2312 (deleted)
7fc972a14000-7fc972a15000 rw-s 00000000 00:01 32061                      /memfd:pipewire-memfd:flags=0x0000000f,type=2,size=2312 (deleted)
7fc972a15000-7fc972a16000 rw-s 00000000 00:01 22466                      /memfd:pipewire-memfd:flags=0x0000000f,type=2,size=2312 (deleted)
7fc972a16000-7fc972a17000 rw-s 00000000 00:01 15939                      /memfd:pipewire-memfd:flags=0x0000000f,type=2,size=2312 (deleted)
7fc972a17000-7fc972a19000 r-xp 00000000 00:49 7156451                    /usr/lib64/spa-0.2/support/libspa-journal.so
7fc972a19000-7fc972a1a000 r--p 00002000 00:49 7156451                    /usr/lib64/spa-0.2/support/libspa-journal.so
7fc972a1a000-7fc972a1b000 r--p 00002000 00:49 7156451                    /usr/lib64/spa-0.2/support/libspa-journal.so
7fc972a1b000-7fc972a1c000 rw-p 00003000 00:49 7156451                    /usr/lib64/spa-0.2/support/libspa-journal.so
7fc972a1c000-7fc972a1e000 r-xp 00000000 00:49 7151778                    /usr/lib64/libplds4.so
7fc972a1e000-7fc972a20000 r--p 00002000 00:49 7151778                    /usr/lib64/libplds4.so
7fc972a20000-7fc972a21000 r--p 00003000 00:49 7151778                    /usr/lib64/libplds4.so
7fc972a21000-7fc972a22000 rw-p 00004000 00:49 7151778                    /usr/lib64/libplds4.so
7fc972a22000-7fc972a25000 r-xp 00000000 00:49 7151777                    /usr/lib64/libplc4.so
7fc972a25000-7fc972a27000 r--p 00003000 00:49 7151777                    /usr/lib64/libplc4.so
7fc972a27000-7fc972a28000 r--p 00004000 00:49 7151777                    /usr/lib64/libplc4.so
7fc972a28000-7fc972a29000 rw-p 00005000 00:49 7151777                    /usr/lib64/libplc4.so
7fc972a29000-7fc972a3d000 r-xp 00000000 00:49 7151782                    /usr/lib64/libnssutil3.so
7fc972a3d000-7fc972a4f000 r--p 00014000 00:49 7151782                    /usr/lib64/libnssutil3.so
7fc972a4f000-7fc972a56000 r--p 00026000 00:49 7151782                    /usr/lib64/libnssutil3.so
7fc972a56000-7fc972a57000 rw-p 0002d000 00:49 7151782                    /usr/lib64/libnssutil3.so
7fc972a57000-7fc972b99000 rw-p 00000000 00:00 0 
7fc972b99000-7fc972e9c000 rw-p 00000000 00:00 0 
7fc972e9c000-7fc973708000 rw-p 00000000 00:00 0 
7fc973708000-7fc97a968000 ---p 00000000 00:00 0 
7fc97a968000-7fc97aa6e000 rw-p 00000000 00:00 0 
7fc97aa6e000-7fc97b8ba000 ---p 00000000 00:00 0 
7fc97b8ba000-7fc97b9b2000 rw-p 00000000 00:00 0 
7fc97b9b2000-7fc97c7fe000 ---p 00000000 00:00 0 
7fc97c7fe000-7fc97c800000 rw-p 00000000 00:00 0 
7fc97c800000-7fc97cae0000 rwxp 00000000 00:00 0 
7fc97cae0000-7fc983c5f000 ---p 00000000 00:00 0 
7fc983c5f000-7fc98407f000 rwxp 00000000 00:00 0 
7fc98407f000-7fc9843a0000 ---p 00000000 00:00 0 
7fc9843a0000-7fc984610000 rwxp 00000000 00:00 0 
7fc984610000-7fc98b800000 ---p 00000000 00:00 0 
7fc98b800000-7fc98b801000 rw-p 00000000 00:00 0 
7fc98b801000-7fc98b802000 rw-p 00000000 00:00 0 
7fc98b802000-7fc98b803000 r-xp 00000000 00:49 1070223                    /usr/lib64/libwayland-egl.so.1.24.0
7fc98b803000-7fc98b804000 r--p 00001000 00:49 1070223                    /usr/lib64/libwayland-egl.so.1.24.0
7fc98b804000-7fc98b805000 r--p 00001000 00:49 1070223                    /usr/lib64/libwayland-egl.so.1.24.0
7fc98b805000-7fc98b806000 rw-p 00000000 00:00 0 
7fc98b806000-7fc98b807000 r-xp 00000000 00:49 7150422                    /usr/lib64/librt.so.1
7fc98b807000-7fc98b808000 r--p 00001000 00:49 7150422                    /usr/lib64/librt.so.1
7fc98b808000-7fc98b809000 r--p 00001000 00:49 7150422                    /usr/lib64/librt.so.1
7fc98b809000-7fc98b80b000 rw-p 00000000 00:00 0 
7fc98b80b000-7fc98b80c000 r-xp 00000000 00:49 7160496                    /usr/lib/jvm/java-21-openjdk/lib/libsystemconf.so
7fc98b80c000-7fc98b80d000 r--p 00001000 00:49 7160496                    /usr/lib/jvm/java-21-openjdk/lib/libsystemconf.so
7fc98b80d000-7fc98b80e000 r--p 00001000 00:49 7160496                    /usr/lib/jvm/java-21-openjdk/lib/libsystemconf.so
7fc98b80e000-7fc98b80f000 rw-p 00000000 00:00 0 
7fc98b80f000-7fc98b823000 r-xp 00000000 00:49 7160498                    /usr/lib/jvm/java-21-openjdk/lib/libzip.so
7fc98b823000-7fc98b82c000 r--p 00014000 00:49 7160498                    /usr/lib/jvm/java-21-openjdk/lib/libzip.so
7fc98b82c000-7fc98b82d000 r--p 0001c000 00:49 7160498                    /usr/lib/jvm/java-21-openjdk/lib/libzip.so
7fc98b82d000-7fc98b82e000 rw-p 00000000 00:00 0 
7fc98b82e000-7fc98b836000 r-xp 00000000 00:49 7160489                    /usr/lib/jvm/java-21-openjdk/lib/libnet.so
7fc98b836000-7fc98b83a000 r--p 00008000 00:49 7160489                    /usr/lib/jvm/java-21-openjdk/lib/libnet.so
7fc98b83a000-7fc98b83b000 r--p 0000b000 00:49 7160489                    /usr/lib/jvm/java-21-openjdk/lib/libnet.so
7fc98b83b000-7fc98b83c000 rw-p 00000000 00:00 0 
7fc98b83c000-7fc994000000 r--s 00000000 00:49 7160499                    /usr/lib/jvm/java-21-openjdk/lib/modules
7fc994000000-7fc997f67000 rw-p 00000000 00:00 0 
7fc997f67000-7fc998000000 ---p 00000000 00:00 0 
7fc998000000-7fc998001000 r-xp 00033000 00:38 2561                       /tmp/lwjgl_bazzite/3.4.1+2/x64/liblwjgl.so
7fc998001000-7fc998002000 rw-p 00000000 00:00 0 
7fc998002000-7fc998003000 r-xp 00000000 00:49 7150420                    /usr/lib64/libpthread.so.0
7fc998003000-7fc998004000 r--p 00001000 00:49 7150420                    /usr/lib64/libpthread.so.0
7fc998004000-7fc998005000 r--p 00001000 00:49 7150420                    /usr/lib64/libpthread.so.0
7fc998005000-7fc998006000 rw-p 00000000 00:00 0 
7fc998006000-7fc998007000 r-xp 00000000 00:49 7150413                    /usr/lib64/libdl.so.2
7fc998007000-7fc998008000 r--p 00001000 00:49 7150413                    /usr/lib64/libdl.so.2
7fc998008000-7fc998009000 r--p 00001000 00:49 7150413                    /usr/lib64/libdl.so.2
7fc998009000-7fc99800a000 rw-p 00000000 00:00 0 
7fc99800a000-7fc998014000 r-xp 00000000 00:49 7160490                    /usr/lib/jvm/java-21-openjdk/lib/libnio.so
7fc998014000-7fc99801e000 r--p 0000a000 00:49 7160490                    /usr/lib/jvm/java-21-openjdk/lib/libnio.so
7fc99801e000-7fc99801f000 r--p 00014000 00:49 7160490                    /usr/lib/jvm/java-21-openjdk/lib/libnio.so
7fc99801f000-7fc998020000 rw-p 00015000 00:49 7160490                    /usr/lib/jvm/java-21-openjdk/lib/libnio.so
7fc998020000-7fc998dae000 rw-p 00000000 00:00 0 
7fc998dae000-7fc998e92000 ---p 00000000 00:00 0 
7fc998e92000-7fc998e98000 rw-p 00000000 00:00 0 
7fc998e98000-7fc998f7b000 ---p 00000000 00:00 0 
7fc998f7b000-7fc998f84000 rw-p 00000000 00:00 0 
7fc998f84000-7fc998f8a000 ---p 00000000 00:00 0 
7fc998f8a000-7fc998f9a000 r-xp 00000000 00:49 7160475                    /usr/lib/jvm/java-21-openjdk/lib/libjava.so
7fc998f9a000-7fc998fa9000 r--p 00010000 00:49 7160475                    /usr/lib/jvm/java-21-openjdk/lib/libjava.so
7fc998fa9000-7fc998faa000 r--p 0001f000 00:49 7160475                    /usr/lib/jvm/java-21-openjdk/lib/libjava.so
7fc998faa000-7fc998fab000 rw-p 00020000 00:49 7160475                    /usr/lib/jvm/java-21-openjdk/lib/libjava.so
7fc998fab000-7fc998fac000 rw-p 00000000 00:00 0 
7fc998fac000-7fc998fc4000 r-xp 00000000 00:49 7160478                    /usr/lib/jvm/java-21-openjdk/lib/libjimage.so
7fc998fc4000-7fc998fca000 r--p 00018000 00:49 7160478                    /usr/lib/jvm/java-21-openjdk/lib/libjimage.so
7fc998fca000-7fc998fcc000 r--p 0001e000 00:49 7160478                    /usr/lib/jvm/java-21-openjdk/lib/libjimage.so
7fc998fcc000-7fc998fcd000 rw-p 00020000 00:49 7160478                    /usr/lib/jvm/java-21-openjdk/lib/libjimage.so
7fc998fcd000-7fc998fd1000 ---p 00000000 00:00 0 
7fc998fd1000-7fc9990cd000 rw-p 00000000 00:00 0 
7fc9990cd000-7fc99914f000 r-xp 00000000 00:49 7150414                    /usr/lib64/libm.so.6
7fc99914f000-7fc9991c0000 r--p 00082000 00:49 7150414                    /usr/lib64/libm.so.6
7fc9991c0000-7fc9991c1000 r--p 000f2000 00:49 7150414                    /usr/lib64/libm.so.6
7fc9991c1000-7fc9991c2000 rw-p 000f3000 00:49 7150414                    /usr/lib64/libm.so.6
7fc9991c2000-7fc99a0f8000 r-xp 00000000 00:49 7160506                    /usr/lib/jvm/java-21-openjdk/lib/server/libjvm.so
7fc99a0f8000-7fc99a3dc000 r--p 00f36000 00:49 7160506                    /usr/lib/jvm/java-21-openjdk/lib/server/libjvm.so
7fc99a3dc000-7fc99a4b3000 r--p 0121a000 00:49 7160506                    /usr/lib/jvm/java-21-openjdk/lib/server/libjvm.so
7fc99a4b3000-7fc99a4e3000 rw-p 012f1000 00:49 7160506                    /usr/lib/jvm/java-21-openjdk/lib/server/libjvm.so
7fc99a4e3000-7fc99a54c000 rw-p 00000000 00:00 0 
7fc99a54c000-7fc99a6bb000 r-xp 00000000 00:49 7150412                    /usr/lib64/libc.so.6
7fc99a6bb000-7fc99a731000 r--p 0016f000 00:49 7150412                    /usr/lib64/libc.so.6
7fc99a731000-7fc99a735000 r--p 001e4000 00:49 7150412                    /usr/lib64/libc.so.6
7fc99a735000-7fc99a737000 rw-p 001e8000 00:49 7150412                    /usr/lib64/libc.so.6
7fc99a737000-7fc99a73f000 rw-p 00000000 00:00 0 
7fc99a73f000-7fc99a747000 rw-s 00000000 00:38 2872                       /tmp/hsperfdata_bazzite/224169 (deleted)
7fc99a747000-7fc99a748000 ---p 00000000 00:00 0 
7fc99a748000-7fc99a749000 r--p 00000000 00:00 0 
7fc99a749000-7fc99a74a000 ---p 00000000 00:00 0 
7fc99a74a000-7fc99a75c000 r-xp 00000000 00:49 7160479                    /usr/lib/jvm/java-21-openjdk/lib/libjli.so
7fc99a75c000-7fc99a764000 r--p 00012000 00:49 7160479                    /usr/lib/jvm/java-21-openjdk/lib/libjli.so
7fc99a764000-7fc99a765000 r--p 0001a000 00:49 7160479                    /usr/lib/jvm/java-21-openjdk/lib/libjli.so
7fc99a765000-7fc99a766000 rw-p 0001b000 00:49 7160479                    /usr/lib/jvm/java-21-openjdk/lib/libjli.so
7fc99a766000-7fc99a768000 rw-p 00000000 00:00 0 
7fc99a768000-7fc99a76c000 r--p 00000000 00:00 0                          [vvar]
7fc99a76c000-7fc99a76e000 r--p 00000000 00:00 0                          [vvar_vclock]
7fc99a76e000-7fc99a770000 r-xp 00000000 00:00 0                          [vdso]
7fc99a770000-7fc99a79a000 r-xp 00000000 00:49 7150409                    /usr/lib64/ld-linux-x86-64.so.2
7fc99a79a000-7fc99a7a6000 r--p 0002a000 00:49 7150409                    /usr/lib64/ld-linux-x86-64.so.2
7fc99a7a6000-7fc99a7a8000 r--p 00035000 00:49 7150409                    /usr/lib64/ld-linux-x86-64.so.2
7fc99a7a8000-7fc99a7a9000 rw-p 00037000 00:49 7150409                    /usr/lib64/ld-linux-x86-64.so.2
7fc99a7a9000-7fc99a7aa000 rw-p 00000000 00:00 0 
7ffc3badc000-7ffc3bb00000 rw-p 00000000 00:00 0                          [stack]
ffffffffff600000-ffffffffff601000 --xp 00000000 00:00 0                  [vsyscall]
Total number of mappings: 851

JVMTI agents: none


VM Arguments:
jvm_args: --enable-native-access=ALL-UNNAMED -Dfile.encoding=UTF-8 -Duser.country=US -Duser.language=en -Duser.variant 
java_command: dungeon.crawler.lwjgl3.Lwjgl3Launcher
java_class_path (initial): /home/bazzite/code/java/LibGDXDungeonCrawler/lwjgl3/build/classes/java/main:/home/bazzite/code/java/LibGDXDungeonCrawler/lwjgl3/build/classes/kotlin/main:/home/bazzite/code/java/LibGDXDungeonCrawler/lwjgl3/build/resources/main:/home/bazzite/code/java/LibGDXDungeonCrawler/core/build/libs/core-1.0.0.jar:/home/bazzite/.gradle/caches/modules-2/files-2.1/org.jetbrains.kotlin/kotlin-stdlib/2.3.10/8b80e2f80a3b7daa99c16017f91d4c72cd8b31a6/kotlin-stdlib-2.3.10.jar:/home/bazzite/.gradle/caches/modules-2/files-2.1/com.badlogicgames.gdx-controllers/gdx-controllers-desktop/2.2.4/44c8bdf023f04ea9a84ad105d5e2f59ff5d7768a/gdx-controllers-desktop-2.2.4.jar:/home/bazzite/.gradle/caches/modules-2/files-2.1/com.badlogicgames.gdx/gdx-backend-lwjgl3/1.14.0/122cf51d4a3bcd4e14e8fbd16ae2b65f27fe2d57/gdx-backend-lwjgl3-1.14.0.jar:/home/bazzite/.gradle/caches/modules-2/files-2.1/com.badlogicgames.gdx/gdx-platform/1.14.0/d0ecc53f2c20576f1ba4ac9ba157cf48f7bd9821/gdx-platform-1.14.0-natives-desktop.jar:/home/bazzite/.gradle/caches/modules-2/files-2.1/com.badlogicgames.gdx/gdx-tools/1.14.0/127ace6e61276431b23a963c99cee397da72c783/gdx-tools-1.14.0.jar:/home/bazzite/.gradle/caches/modules-2/files-2.1/org.lwjgl/lwjgl-glfw/3.4.1/a782b1ddd175c9107bf300fd92920579ea65e2a4/lwjgl-glfw-3.4.1.jar:/home/bazzite/.gradle/caches/modules-2/files-2.1/org.lwjgl/lwjgl-glfw/3.4.1/23cdf7655ce9f3b27ad90f08e73345e0d5b46362/lwjgl-glfw-3.4.1-natives-linux.jar:/home/bazzite/.gradle/caches/modules-2/files-2.1/org.lwjgl/lwjgl-glfw/3.4.1/bb243e9a857c4301bf7d5e668538686eaa64101e/lwjgl-glfw-3.4.1-natives-linux-arm32.jar:/home/bazzite/.gradle/caches/modules-2/files-2.1/org.lwjgl/lwjgl-glfw/3.4.1/e5e87034c47118960746077dba46280e8de864b3/lwjgl-glfw-3.4.1-natives-linux-arm64.jar:/home/bazzite/.gradle/caches/modules-2/files-2.1/org.lwjgl/lwjgl-glfw/3.4.1/3c8538942f58377d59cd7be2dc164ba71a53868a/lwjgl-glfw-3.4.1-natives-macos.jar:/home/bazzite/.gradle/caches/modules-2/files-2.1/org.lwjgl/lwjgl-glfw/3.4.1/ef1f8efca5a60ba3512bc4982b88e446ecc43378/lwjgl-glfw-3.4.1-natives-macos-arm64.jar:/home/bazzite/.gradle/caches/modules-2/files-2.1/org.lwjgl/lwjgl-glfw/3.4.1/2eb4aa895ea190ba8cf4356f8cea24d3ebb40ea1/lwjgl-glfw-3.4.1-natives-windows.jar:/home/bazzite/.gradle/caches/modules-2/files-2.1/org.lwjgl/lwjgl-glfw/3.4.1/a48bbdd544f00c88f8906e9d09e3f31bc1c17fac/lwjgl-glfw-3.4.1-natives-windows-x86.jar:/home/bazzite/.gradle/caches/modules-2/files-2.1/org.lwjgl/lwjgl-jemalloc/3.4.1/16b663092854fc6adfe0a941e61cae2bb2e437b6/lwjgl-jemalloc-3.4.1.jar:/home/bazzite/.gradle/caches/modules-2/files-2.1/org.lwjgl/lwjgl-jemalloc/3.4.1/b83c82d941f2e624d150d6d1e2efcf4ea49ff8ea/lwjgl-jemalloc-3.4.1-natives-linux.jar:/home/bazzite/.gradle/caches/modules-2/files-2.1/org.lwjgl/lwjgl-jemalloc/3.4.1/fc9ce35c94743e23855777cacaba34bc145da6ec/lwjgl-jemalloc-3.4.1-natives-linux-arm32.jar:/home/bazzite/.gradle/caches/modules-2/files-2.1/org.lwjgl/lwjgl-jemalloc/3.4.1/7891964dfb723209c6d02b0401432348fb707cc0/lwjgl-jemalloc-3.4.1-natives-linux-arm64.jar:/home/bazzite/.gradle/caches/modules-2/files-2.1/org.lwjgl/lwjgl-jemalloc/3.4.1/581b4d542e841015ce3265eed0495e2cde15b1d0/lwjgl-jemalloc-3.4.1-natives-macos.jar:/home/bazzite/.gradle/caches/modules-2/files-2.1/org.lwjgl/lwjgl-jemalloc/3.4.1/dcd7e3f9a2ca386e8c5b8f508a8511d9dd63bab0/lwjgl-jemalloc-3.4.1-natives-macos-arm64.jar:/home/bazzite/.gradle/caches/modules-2/files-2.1/org.lwjgl/lwjgl-jemalloc/3.4.1/70db8048d1aca8a6365f46f9963b8d6cd77b9e94/lwjgl-jemalloc-3.4.1-natives-windows.jar:/home/bazzite/.gradle/caches/modules-2/files-2.1/org.lwjgl/lwjgl-jemalloc/3.4.1/d8cf69e1155df83260f9bbe01944fe91f8ca3955/lwjgl-jemalloc-3.4.1-natives-windows-x86.jar:/home/bazzite/.gradle/caches/modules-2/files-2.1/org.lwjgl/lwjgl-openal/3.4.1/8508bd60589de0539aa465b78fcf838efd07ae9a/lwjgl-openal-3.4.1.jar:/home/bazzite/.gradle/caches/modules-2/files-2.1/org.lwjgl/lwjgl-openal/3.4.1/dbff577119266cd4312e4eb9cc2b171407c56360/lwjgl-openal-3.4.1-natives-linux.jar:/home/bazzite/.gradle/caches/modules-2/files-2.1/org.lwjgl/lwjgl-openal/3.4.1/6d4ac5f3d5bab7f2fadfd52c32177d9c12a43b49/lwjgl-openal-3.4.1-natives-linux-arm32.jar:/home/bazzite/.gradle/caches/modules-2/files-2.1/org.lwjgl/lwjgl-openal/3.4.1/3729b70cdd42df5571b075e051fa2fc8586dc538/lwjgl-openal-3.4.1-natives-linux-arm64.jar:/home/bazzite/.gradle/caches/modules-2/files-2.1/org.lwjgl/lwjgl-openal/3.4.1/a4dc57b7b0880d3fffb4d0b61649f45712bccc93/lwjgl-openal-3.4.1-natives-macos.jar:/home/bazzite/.gradle/caches/modules-2/files-2.1/org.lwjgl/lwjgl-openal/3.4.1/1c709a38c4a0e86aae96db7b8c78432307f2322a/lwjgl-openal-3.4.1-natives-macos-arm64.jar:/home/bazzite/.gradle/caches/modules-2/files-2.1/org.lwjgl/lwjgl-openal/3.4.1/8e83fdfdf65c80c9877c6fb6cb645d239ed7638/lwjgl-openal-3.4.1-natives-windows.jar:/home/bazzite/.gradle/caches/modules-2/files-2.1/org.lwjgl/lwjgl-openal/3.4.1/9e4bab87e9b89876fa77ea3c19e1b45334b97c10/lwjgl-openal-3.4.1-natives-windows-x86.jar:/home/bazzite/.gradle/caches/modules-2/files-2.1/org.lwjgl/lwjgl-opengl/3.4.1/830412cab823c029cda6b9729f9d2ed36cf79959/lwjgl-opengl-3.4.1.jar:/home/bazzite/.gradle/caches/modules-2/files-2.1/org.lwjgl/lwjgl-opengl/3.4.1/b750599f0e75ddb19f1d0fe993f3011334b710ae/lwjgl-opengl-3.4.1-natives-linux.jar:/home/bazzite/.gradle/caches/modules-2/files-2.1/org.lwjgl/lwjgl-opengl/3.4.1/172e575948234ff7920abf0d0083d25e37c91ba6/lwjgl-opengl-3.4.1-natives-linux-arm32.jar:/home/bazzite/.gradle/caches/modules-2/files-2.1/org.lwjgl/lwjgl-opengl/3.4.1/61a4103e56bbaeb74ad3f19ec14299fd6891c4b0/lwjgl-opengl-3.4.1-natives-linux-arm64.jar:/home/bazzite/.gradle/caches/modules-2/files-2.1/org.lwjgl/lwjgl-opengl/3.4.1/ba18fc6012b88494ee893506934b92b01c4ef14b/lwjgl-opengl-3.4.1-natives-macos.jar:/home/bazzite/.gradle/caches/modules-2/files-2.1/org.lwjgl/lwjgl-opengl/3.4.1/35b5550058de4960525f465243bd01805f04fd8b/lwjgl-opengl-3.4.1-natives-macos-arm64.jar:/home/bazzite/.gradle/caches/modules-2/files-2.1/org.lwjgl/lwjgl-opengl/3.4.1/617f37ef4e2ffb727bd5e74333e8073ef43ca1ec/lwjgl-opengl-3.4.1-natives-windows.jar:/home/bazzite/.gradle/caches/modules-2/files-2.1/org.lwjgl/lwjgl-opengl/3.4.1/cfd47352b758a0c9f7046de467b103182ec77eb1/lwjgl-opengl-3.4.1-natives-windows-x86.jar:/home/bazzite/.gradle/caches/modules-2/files-2.1/org.lwjgl/lwjgl-stb/3.4.1/f077c3dafc31924fbe8acb0b913f08977ba27f8e/lwjgl-stb-3.4.1.jar:/home/bazzite/.gradle/caches/modules-2/files-2.1/org.lwjgl/lwjgl-stb/3.4.1/7e1cfae909da6c68f3cb6073a9bfeb6c90e82a57/lwjgl-stb-3.4.1-natives-linux.jar:/home/bazzite/.gradle/caches/modules-2/files-2.1/org.lwjgl/lwjgl-stb/3.4.1/8f753f3772863989f1172d2b84b4e56ed18e8c35/lwjgl-stb-3.4.1-natives-linux-arm32.jar:/home/bazzite/.gradle/caches/modules-2/files-2.1/org.lwjgl/lwjgl-stb/3.4.1/3bc107f901f931fea07cb0d80b1d74a34b806a2b/lwjgl-stb-3.4.1-natives-linux-arm64.jar:/home/bazzite/.gradle/caches/modules-2/files-2.1/org.lwjgl/lwjgl-stb/3.4.1/fd1ea36b717b0832babca09324a6cfc43906e2aa/lwjgl-stb-3.4.1-natives-macos.jar:/home/bazzite/.gradle/caches/modules-2/files-2.1/org.lwjgl/lwjgl-stb/3.4.1/da554e04f819f09b0f3473bd931628ebf557965e/lwjgl-stb-3.4.1-natives-macos-arm64.jar:/home/bazzite/.gradle/caches/modules-2/files-2.1/org.lwjgl/lwjgl-stb/3.4.1/b4e13ece83c228ecf57354639d8555076a989d74/lwjgl-stb-3.4.1-natives-windows.jar:/home/bazzite/.gradle/caches/modules-2/files-2.1/org.lwjgl/lwjgl-stb/3.4.1/e091cd3b25ab7db88f0e34a0d2797dc396a528fa/lwjgl-stb-3.4.1-natives-windows-x86.jar:/home/bazzite/.gradle/caches/modules-2/files-2.1/org.lwjgl/lwjgl/3.4.1/6105690714874b995aa7812e4f7732a21109276c/lwjgl-3.4.1.jar:/home/bazzite/.gradle/caches/modules-2/files-2.1/org.lwjgl/lwjgl/3.4.1/2734e106bd95db49fe0da8cf8bf7fd96475c436c/lwjgl-3.4.1-natives-linux.jar:/home/bazzite/.gradle/caches/modules-2/files-2.1/org.lwjgl/lwjgl/3.4.1/1511ab1ffb1c8d8e00e2acb452663173ae09bca0/lwjgl-3.4.1-natives-linux-arm32.jar:/home/bazzite/.gradle/caches/modules-2/files-2.1/org.lwjgl/lwjgl/3.4.1/46883f3b622d8b4d7f27b627ca3360cda3db0e0e/lwjgl-3.4.1-natives-linux-arm64.jar:/home/bazzite/.gradle/caches/modules-2/files-2.1/org.lwjgl/lwjgl/3.4.1/b034fd9a67cb8646c01af7efcefcb93be835542b/lwjgl-3.4.1-natives-macos.jar:/home/bazzite/.gradle/caches/modules-2/files-2.1/org.lwjgl/lwjgl/3.4.1/b4cbdef4818abd714ee66985344c0949fd1cd6d6/lwjgl-3.4.1-natives-macos-arm64.jar:/home/bazzite/.gradle/caches/modules-2/files-2.1/org.lwjgl/lwjgl/3.4.1/96a217f0428ab73487f114a54179a4f41e851a04/lwjgl-3.4.1-natives-windows.jar:/home/bazzite/.gradle/caches/modules-2/files-2.1/org.lwjgl/lwjgl/3.4.1/65de43bd52507e108a58247c0da57a50ce3ee6f6/lwjgl-3.4.1-natives-windows-x86.jar:/home/bazzite/.gradle/caches/modules-2/files-2.1/org.jetbrains/annotations/13.0/919f0dfe192fb4e063e7dacadee7f8bb9a2672a9/annotations-13.0.jar:/home/bazzite/.gradle/caches/modules-2/files-2.1/de.golfgl.gdxcontrollerutils/gdx-controllerutils-mapping/2.3.0/4f0651c569245a0fcc2eb3a51f3d64cba33ab943/gdx-controllerutils-mapping-2.3.0.jar:/home/bazzite/.gradle/caches/modules-2/files-2.1/com.badlogicgames.gdx-controllers/gdx-controllers-core/2.2.4/d8a18ff371fb01c1763e9fe5ea050e39d2d66437/gdx-controllers-core-2.2.4.jar:/home/bazzite/.gradle/caches/modules-2/files-2.1/de.golfgl.gdxcontrollerutils/gdx-controllerutils-scene2d/2.3.0/f9a865856302ec274e78f2963cf7936bcd09e4a8/gdx-controllerutils-scene2d-2.3.0.jar:/home/bazzite/.gradle/caches/modules-2/files-2.1/com.vabrantgames/console/v0.3.0/72e7c7973b26a4e4a5cce0e7dae16c10bd73761a/console-v0.3.0.jar:/home/bazzite/.gradle/caches/modules-2/files-2.1/com.badlogicgames.gdx/gdx-freetype/1.14.0/90299d782fca725677549b88bc1958f968e09bd8/gdx-freetype-1.14.0.jar:/home/bazzite/.gradle/caches/modules-2/files-2.1/com.badlogicgames.gdx/gdx-backend-headless/1.14.0/91a9024d8424ffd4f0805a11f652aa4500f59e0b/gdx-backend-headless-1.14.0.jar:/home/bazzite/.gradle/caches/modules-2/files-2.1/com.badlogicgames.gdx/gdx/1.14.0/8accfce8d9313d9ddd23a2c9e315179783085ef2/gdx-1.14.0.jar:/home/bazzite/.gradle/caches/modules-2/files-2.1/com.badlogicgames.jamepad/jamepad/2.26.5.0/5c39b34fa0c39e3dd4607085d27d51b599ea30a0/jamepad-2.26.5.0.jar:/home/bazzite/.gradle/caches/modules-2/files-2.1/com.badlogicgames.jlayer/jlayer/1.0.1-gdx/7cca83cec5c1b2f011362f4d85aabd71a73b049d/jlayer-1.0.1-gdx.jar:/home/bazzite/.gradle/caches/modules-2/files-2.1/org.jcraft/jorbis/0.0.17/8872d22b293e8f5d7d56ff92be966e6dc28ebdc6/jorbis-0.0.17.jar:/home/bazzite/.gradle/caches/modules-2/files-2.1/com.badlogicgames.gdx/gdx-jnigen-loader/2.5.2/f35e90affe07c46b4f5e5958a1a4c1820c4890e2/gdx-jnigen-loader-2.5.2.jar
Launcher Type: SUN_STANDARD

[Global flags]
     intx CICompilerCount                          = 12                                        {product} {ergonomic}
     uint ConcGCThreads                            = 3                                         {product} {ergonomic}
     uint G1ConcRefinementThreads                  = 13                                        {product} {ergonomic}
   size_t G1HeapRegionSize                         = 4194304                                   {product} {ergonomic}
    uintx GCDrainStackTargetSize                   = 64                                        {product} {ergonomic}
   size_t InitialHeapSize                          = 515899392                                 {product} {ergonomic}
   size_t MarkStackSize                            = 4194304                                   {product} {ergonomic}
   size_t MaxHeapSize                              = 8195670016                                {product} {ergonomic}
   size_t MaxNewSize                               = 4915724288                                {product} {ergonomic}
   size_t MinHeapDeltaBytes                        = 4194304                                   {product} {ergonomic}
   size_t MinHeapSize                              = 8388608                                   {product} {ergonomic}
    uintx NonNMethodCodeHeapSize                   = 7602480                                {pd product} {ergonomic}
    uintx NonProfiledCodeHeapSize                  = 122027880                              {pd product} {ergonomic}
    uintx ProfiledCodeHeapSize                     = 122027880                              {pd product} {ergonomic}
    uintx ReservedCodeCacheSize                    = 251658240                              {pd product} {ergonomic}
     bool SegmentedCodeCache                       = true                                      {product} {ergonomic}
   size_t SoftMaxHeapSize                          = 8195670016                             {manageable} {ergonomic}
     bool UseCompressedOops                        = true                           {product lp64_product} {ergonomic}
     bool UseG1GC                                  = true                                      {product} {ergonomic}

Logging:
Log output configuration:
 #0: 
[error occurred during error reporting (printing log configuration), id 0xb, SIGSEGV (0xb) at pc=0x00007fc999b2905a]
Release file:
IMPLEMENTOR="Red Hat, Inc."
IMPLEMENTOR_VERSION="(Red_Hat-21.0.11.0.10-2)"
JAVA_RUNTIME_VERSION="21.0.11+10"
JAVA_VERSION="21.0.11"
JAVA_VERSION_DATE="2026-04-21"
LIBC="gnu"
MODULES="java.base java.compiler java.datatransfer java.xml java.prefs java.desktop java.instrument java.logging java.management java.security.sasl java.naming java.rmi java.management.rmi java.net.http java.scripting java.security.jgss java.transaction.xa java.sql java.sql.rowset java.xml.crypto java.se java.smartcardio jdk.accessibility jdk.internal.jvmstat jdk.attach jdk.charsets jdk.internal.opt jdk.zipfs jdk.compiler jdk.crypto.ec jdk.crypto.cryptoki jdk.dynalink jdk.internal.ed jdk.editpad jdk.hotspot.agent jdk.httpserver jdk.incubator.vector jdk.internal.le jdk.internal.vm.ci jdk.internal.vm.compiler jdk.internal.vm.compiler.management jdk.jartool jdk.javadoc jdk.jcmd jdk.management jdk.management.agent jdk.jconsole jdk.jdeps jdk.jdwp.agent jdk.jdi jdk.jfr jdk.jlink jdk.jpackage jdk.jshell jdk.jsobject jdk.jstatd jdk.localedata jdk.management.jfr jdk.naming.dns jdk.naming.rmi jdk.net jdk.nio.mapmode jdk.random jdk.sctp jdk.security.auth jdk.security.jgss jdk.unsupported jdk.unsupported.desktop jdk.xml.dom"
OS_ARCH="x86_64"
OS_NAME="Linux"
SOURCE=".:git:d8615be99208"

Environment Variables:
PATH=/home/bazzite/.local/bin:/home/bazzite/.local/bin:/home/bazzite/.local/share/../bin:/home/bazzite/.local/bin:/home/bazzite/bin:/usr/local/bin:/usr/bin:/bin:/home/bazzite/.local/share/yabridge:/home/bazzite/.local/share/yabridge:/usr/local/bin:/usr/bin:/usr/local/sbin:/usr/sbin:/sbin
XDG_CACHE_HOME=/home/bazzite/.cache
XDG_CONFIG_HOME=/home/bazzite/.config
SHELL=/usr/bin/zsh
DISPLAY=:0
WAYLAND_DISPLAY=wayland-0
LANG=en_US.UTF-8
TERM=xterm-256color

Active Locale:
LC_ALL=en_US.UTF-8
LC_COLLATE=en_US.UTF-8
LC_CTYPE=en_US.UTF-8
LC_MESSAGES=en_US.UTF-8
LC_MONETARY=en_US.UTF-8
LC_NUMERIC=en_US.UTF-8
LC_TIME=en_US.UTF-8

Signal Handlers:
   SIGSEGV: crash_handler in libjvm.so, mask=11100100010111111101111111111110, flags=SA_RESTART|SA_SIGINFO, unblocked
    SIGBUS: crash_handler in libjvm.so, mask=11100100010111111101111111111110, flags=SA_RESTART|SA_SIGINFO, unblocked
    SIGFPE: crash_handler in libjvm.so, mask=11100100010111111101111111111110, flags=SA_RESTART|SA_SIGINFO, unblocked
   SIGPIPE: SIG_IGN, mask=00000000000000000000000000000000, flags=none, blocked
  *** Handler was modified!
  *** Expected: javaSignalHandler in libjvm.so, mask=11100100110111111111111111111110, flags=SA_RESTART|SA_SIGINFO
   SIGXFSZ: javaSignalHandler in libjvm.so, mask=11100100010111111101111111111110, flags=SA_RESTART|SA_SIGINFO, blocked
    SIGILL: crash_handler in libjvm.so, mask=11100100010111111101111111111110, flags=SA_RESTART|SA_SIGINFO, unblocked
   SIGUSR2: SR_handler in libjvm.so, mask=00000000000000000000000000000000, flags=SA_RESTART|SA_SIGINFO, blocked
    SIGHUP: UserHandler in libjvm.so, mask=11100100010111111101111111111110, flags=SA_RESTART|SA_SIGINFO, blocked
    SIGINT: UserHandler in libjvm.so, mask=11100100010111111101111111111110, flags=SA_RESTART|SA_SIGINFO, blocked
   SIGTERM: UserHandler in libjvm.so, mask=11100100010111111101111111111110, flags=SA_RESTART|SA_SIGINFO, blocked
   SIGQUIT: UserHandler in libjvm.so, mask=11100100010111111101111111111110, flags=SA_RESTART|SA_SIGINFO, blocked
   SIGTRAP: crash_handler in libjvm.so, mask=11100100010111111101111111111110, flags=SA_RESTART|SA_SIGINFO, unblocked


Periodic native trim disabled

---------------  S Y S T E M  ---------------

OS:
Fedora release 43 (Forty Three)
uname: Linux 7.0.9-ogc3.2.fc44.x86_64 #1 SMP PREEMPT_DYNAMIC Wed May 20 01:34:43 UTC 2026 x86_64
OS uptime: 0 days 12:04 hours
libc: glibc 2.42 NPTL 2.42 
rlimit (soft/hard): STACK 8192k/infinity , CORE infinity/infinity , NPROC 123785/123785 , NOFILE 1048576/1048576 , AS infinity/infinity , CPU infinity/infinity , DATA infinity/infinity , FSIZE infinity/infinity , MEMLOCK 2147484k/2147484k
load average: 0.75 0.87 0.87

/proc/meminfo:
MemTotal:       32001840 kB
MemFree:         2147048 kB
MemAvailable:   10607608 kB
Buffers:            4228 kB
Cached:          9966712 kB
SwapCached:         7624 kB
Active:         10814876 kB
Inactive:       15864456 kB
Active(anon):    7795368 kB
Inactive(anon):  9193920 kB
Active(file):    3019508 kB
Inactive(file):  6670536 kB
Unevictable:         916 kB
Mlocked:             916 kB
SwapTotal:      16000508 kB
SwapFree:       12095136 kB
Zswap:                 0 kB
Zswapped:              0 kB
Dirty:              2384 kB
Writeback:             0 kB
AnonPages:      16705484 kB
Mapped:          2690236 kB
Shmem:            286752 kB
KReclaimable:     469880 kB
Slab:             951480 kB
SReclaimable:     469880 kB
SUnreclaim:       481600 kB
KernelStack:       51280 kB
PageTables:       181628 kB
SecPageTables:      5000 kB
NFS_Unstable:          0 kB
Bounce:                0 kB
WritebackTmp:          0 kB
CommitLimit:    32001428 kB
Committed_AS:   72670952 kB
VmallocTotal:   34359738367 kB
VmallocUsed:      368500 kB
VmallocChunk:          0 kB
Percpu:            21440 kB
HardwareCorrupted:     0 kB
AnonHugePages:         0 kB
ShmemHugePages:        0 kB
ShmemPmdMapped:        0 kB
FileHugePages:     12288 kB
FilePmdMapped:         0 kB
CmaTotal:              0 kB
CmaFree:               0 kB
Unaccepted:            0 kB
Balloon:               0 kB
HugePages_Total:       0
HugePages_Free:        0
HugePages_Rsvd:        0
HugePages_Surp:        0
Hugepagesize:       2048 kB
Hugetlb:               0 kB
DirectMap4k:     4180908 kB
DirectMap2M:    27471872 kB
DirectMap1G:     2097152 kB

/sys/kernel/mm/transparent_hugepage/enabled: always [madvise] never
/sys/kernel/mm/transparent_hugepage/hpage_pmd_size: 2097152
/sys/kernel/mm/transparent_hugepage/defrag (defrag/compaction efforts parameter): always defer defer+madvise [madvise] never

Process Memory:
Virtual Size: 13401432K (peak: 13437584K)
Resident Set Size: 283828K (peak: 283828K) (anon: 144140K, file: 127784K, shmem: 11904K)
Swapped out: 0K
C-Heap outstanding allocations: 118203K, retained: 19776K
glibc malloc tunables: (default)

/proc/sys/kernel/threads-max (system-wide limit on the number of threads): 247570
/proc/sys/vm/max_map_count (maximum number of memory map areas a process may have): 2147483642
/proc/sys/vm/swappiness (control to define how aggressively the kernel swaps out anonymous memory): 180
/proc/sys/kernel/pid_max (system-wide limit on number of process identifiers): 4194304

container information not found.
Steal ticks since vm start: 0
Steal ticks percentage since vm start:  0.000

CPU: total 16 (initial active 16) (16 cores per cpu, 2 threads per core) family 25 model 97 stepping 2 microcode 0xa60120a, cx8, cmov, fxsr, ht, mmx, 3dnowpref, sse, sse2, sse3, ssse3, sse4a, sse4.1, sse4.2, popcnt, lzcnt, tsc, tscinvbit, avx, avx2, aes, erms, clmul, bmi1, bmi2, adx, avx512f, avx512dq, avx512cd, avx512bw, avx512vl, sha, fma, vzeroupper, avx512_vpopcntdq, avx512_vpclmulqdq, avx512_vaes, avx512_vnni, clflush, clflushopt, avx512_vbmi2, avx512_vbmi, rdtscp, rdpid, fsrm, gfni, avx512_bitalg, f16c, pku, ospke, cet_ss, avx512_ifma
CPU Model and flags from /proc/cpuinfo:
model name	: AMD Ryzen 7 7700X 8-Core Processor
flags		: fpu vme de pse tsc msr pae mce cx8 apic sep mtrr pge mca cmov pat pse36 clflush mmx fxsr sse sse2 ht syscall nx mmxext fxsr_opt pdpe1gb rdtscp lm constant_tsc rep_good amd_lbr_v2 nopl xtopology nonstop_tsc cpuid extd_apicid aperfmperf rapl pni pclmulqdq monitor ssse3 fma cx16 sse4_1 sse4_2 movbe popcnt aes xsave avx f16c rdrand lahf_lm cmp_legacy svm extapic cr8_legacy abm sse4a misalignsse 3dnowprefetch osvw ibs skinit wdt tce topoext perfctr_core perfctr_nb bpext perfctr_llc mwaitx cpuid_fault cpb cat_l3 cdp_l3 hw_pstate ssbd mba perfmon_v2 ibrs ibpb stibp ibrs_enhanced vmmcall fsgsbase bmi1 avx2 smep bmi2 erms invpcid cqm rdt_a avx512f avx512dq rdseed adx smap avx512ifma clflushopt clwb avx512cd sha_ni avx512bw avx512vl xsaveopt xsavec xgetbv1 xsaves cqm_llc cqm_occup_llc cqm_mbm_total cqm_mbm_local user_shstk avx512_bf16 clzero irperf xsaveerptr rdpru wbnoinvd cppc arat npt lbrv svm_lock nrip_save tsc_scale vmcb_clean flushbyasid decodeassists pausefilter pfthreshold avic vgif x2avic v_spec_ctrl vnmi avx512vbmi umip pku ospke avx512_vbmi2 gfni vaes vpclmulqdq avx512_vnni avx512_bitalg avx512_vpopcntdq rdpid overflow_recov succor smca fsrm flush_l1d amd_lbr_pmc_freeze

Online cpus: 0-15
Offline cpus: 
BIOS frequency limitation: <Not Available>
Frequency switch latency (ns): 0
Available cpu frequencies: <Not Available>
Current governor: performance
Core performance/turbo boost: 1

Memory: 4k page, physical 32001840k(10607608k free), swap 16000508k(12095136k free)
Page Sizes: 4k

vm_info: OpenJDK 64-Bit Server VM (21.0.11+10) for linux-amd64 JRE (21.0.11+10), built on 2026-04-21T00:00:00Z by "mockbuild" with gcc 15.2.1 20260123 (Red Hat 15.2.1-7)

END.
