#
# A fatal error has been detected by the Java Runtime Environment:
#
#  SIGSEGV (0xb) at pc=0x00007f2e346be60e, pid=221130, tid=221165
#
# JRE version: OpenJDK Runtime Environment (Red_Hat-21.0.11.0.10-2) (21.0.11+10) (build 21.0.11+10)
# Java VM: OpenJDK 64-Bit Server VM (Red_Hat-21.0.11.0.10-2) (21.0.11+10, mixed mode, sharing, tiered, compressed oops, compressed class ptrs, g1 gc, linux-amd64)
# Problematic frame:
# C  [libEGL_nvidia.so.0+0xb660e]
#
# Core dump will be written. Default location: Core dumps may be processed with "/usr/lib/systemd/systemd-coredump %P %u %g %s %t %c %h %d %F" (or dumping to /home/bazzite/code/java/LibGDXDungeonCrawler/assets/core.221130)
#
# If you would like to submit a bug report, please visit:
#   https://bugzilla.redhat.com/enter_bug.cgi?product=Fedora&component=java-21-openjdk&version=42
#

---------------  S U M M A R Y ------------

Command Line: --enable-native-access=ALL-UNNAMED -Dfile.encoding=UTF-8 -Duser.country=US -Duser.language=en -Duser.variant dungeon.crawler.lwjgl3.Lwjgl3Launcher

Host: AMD Ryzen 7 7700X 8-Core Processor, 16 cores, 30G, Fedora release 43 (Forty Three)
Time: Sun Aug 16 20:02:28 2026 EDT elapsed time: 15.574557 seconds (0d 0h 0m 15s)

---------------  T H R E A D  ---------------

Current thread is native thread

Stack: [0x00007f2e4805f000,0x00007f2e4885f000],  sp=0x00007f2e4885ddd0,  free space=8187k
Native frames: (J=compiled Java code, j=interpreted, Vv=VM code, C=native code)
C  [libEGL_nvidia.so.0+0xb660e]

siginfo: si_signo: 11 (SIGSEGV), si_code: 1 (SEGV_MAPERR), si_addr: 0x0000000000000040

Registers:
RAX=0x0000000000000000, RBX=0x00007f2de18e7f80, RCX=0x0000000000000001, RDX=0x00007f2de7ff381c
RSP=0x00007f2e4885ddd0, RBP=0x00007f2de0fc7040, RSI=0x00007f2e346b1840, RDI=0x00007f2e3474a4a8
R8 =0x0000000004510ebc, R9 =0x00007f2e4885ddc0, R10=0x0000000000000000, R11=0x00007f2ed6656000
R12=0x00007f2de7ff8aa0, R13=0x00007f2de0fc7040, R14=0x00007f2de18e8380, R15=0x0000000000000000
RIP=0x00007f2e346be60e, EFLAGS=0x0000000000010202, CSGSFS=0x002b000000000033, ERR=0x0000000000000004
  TRAPNO=0x000000000000000e

XMM[0]=0x0000000000000000 0x000000004b6aafa9
XMM[1]=0x0000000000000000 0x0007000700070007
XMM[2]=0xffffffffffffffff 0xffffffffffffffff
XMM[3]=0xffffffffffffffff 0xffffffffffffffff
XMM[4]=0x0000000000000000 0x00007f2ed0000090
XMM[5]=0x0000000000000000 0x0000000000000000
XMM[6]=0x0000000000000000 0x0000000000000000
XMM[7]=0x0000000000000000 0x0000000000000000
XMM[8]=0x00007f2de647da30 0x00007f2de647da20
XMM[9]=0x22c497b022c497b0 0x22c497b03f5dc987
XMM[10]=0x0000000000000000 0x000000001c9931d7
XMM[11]=0xe834151de834151d 0xe834151d2791dea4
XMM[12]=0x0000000000000000 0x000000003f5dc987
XMM[13]=0x0000000000000000 0x00007f2ed06b4620
XMM[14]=0x0000000000000000 0x00007f2ed06b4610
XMM[15]=0x0000000000000000 0x00007f2ed06b4600
  MXCSR=0x00001fa2


Top of Stack: (sp=0x00007f2e4885ddd0)
0x00007f2e4885ddd0:   00007f2de7ff5900 00007f2de688608a   .Y..-....`..-...
0x00007f2e4885dde0:   00007f2de7ff5900 00007f2de66ac31f   .Y..-.....j.-...
0x00007f2e4885ddf0:   00007f2ed0a73280 00007f2de7fa1d00   .2..........-...
0x00007f2e4885de00:   00007f2e4885e6c0 00017f2d00000000   ...H........-...
0x00007f2e4885de10:   00007f2ed0a71960 00007f2de18e8380   `...........-...
0x00007f2e4885de20:   00007f2de6887530 00007f2e4885e6c0   0u..-......H....
0x00007f2e4885de30:   00007f2ed4fb69a0 00007f2e4885ece4   .i.........H....
0x00007f2e4885de40:   00007f2ed4fb6aa7 00007f2de688850a   .j..........-...
0x00007f2e4885de50:   00007f2e4885e6c0 00007f2e4885e6c0   ...H.......H....
0x00007f2e4885de60:   00007f2e4885df30 00007f2ed64ac3c4   0..H......J.....
0x00007f2e4885de70:   0000000000801000 00007f2e4805e000   ...........H....
0x00007f2e4885de80:   0000000000000000 0000008000000000   ................
0x00007f2e4885de90:   ffffffffffffff00 0000000000000000   ................
0x00007f2e4885dea0:   0000000000000021 00007f2e4885e6c0   !..........H....
0x00007f2e4885deb0:   00007f2e4885e6c0 cdafaec23deefe8d   ...H.......=....
0x00007f2e4885dec0:   00007f2e4885e6c0 00007f2ed4fb69a0   ...H.....i......
0x00007f2e4885ded0:   0000000000000000 00007f2ed4fb6aa7   .........j......
0x00007f2e4885dee0:   cdafaec23f6efe8d cdae935c0024fe8d   ..n?......$.\...
0x00007f2e4885def0:   0000000000000000 0000000000000000   ................
0x00007f2e4885df00:   0000000000000000 0000000000000000   ................
0x00007f2e4885df10:   0000000000000000 b99d51faa1855300   .........S...Q..
0x00007f2e4885df20:   00007f2ed64ac0e0 0000000000000000   ..J.............
0x00007f2e4885df30:   0000000000000000 00007f2ed652f56c   ........l.R.....
0x00007f2e4885df40:   0000000000000000 0000000000000000   ................
0x00007f2e4885df50:   0000000000000000 0000000000000000   ................
0x00007f2e4885df60:   0000000000000000 0000000000000000   ................
0x00007f2e4885df70:   0000000000000000 0000000000000000   ................
0x00007f2e4885df80:   0000000000000000 0000000000000000   ................
0x00007f2e4885df90:   0000000000000000 0000000000000000   ................
0x00007f2e4885dfa0:   0000000000000000 0000000000000000   ................
0x00007f2e4885dfb0:   0000000000000000 0000000000000000   ................
0x00007f2e4885dfc0:   0000000000000000 0000000000000000   ................

Instructions: (pc=0x00007f2e346be60e)
0x00007f2e346be50e:   4c 24 08 48 85 c0 48 89 c2 74 61 48 89 08 49 8b
0x00007f2e346be51e:   44 24 40 48 83 c2 08 48 85 c0 74 41 41 8b 4c 24
0x00007f2e346be52e:   34 31 c0 85 c9 74 19 49 8b 74 24 40 89 c1 83 c0
0x00007f2e346be53e:   01 48 8b 34 ce 48 89 34 ca 41 39 44 24 34 77 e7
0x00007f2e346be54e:   49 8b 44 24 40 48 85 c0 74 13 48 8d 78 f8 48 89
0x00007f2e346be55e:   54 24 08 e8 1a a8 00 00 48 8b 54 24 08 45 89 7c
0x00007f2e346be56e:   24 34 49 89 54 24 40 e9 9a fe ff ff 45 8b 74 24
0x00007f2e346be57e:   34 e9 90 fe ff ff 66 2e 0f 1f 84 00 00 00 00 00
0x00007f2e346be58e:   66 90 48 8b 07 48 39 f0 74 58 55 48 89 fd 53 48
0x00007f2e346be59e:   89 f3 48 83 ec 08 48 85 c0 74 15 48 8d 78 08 ff
0x00007f2e346be5ae:   50 18 85 c0 75 0a 48 8b 7d 00 48 8b 07 ff 50 08
0x00007f2e346be5be:   48 89 5d 00 48 85 db 74 19 48 8b 43 10 48 83 c4
0x00007f2e346be5ce:   08 48 8d 7b 08 5b 5d ff e0 66 0f 1f 84 00 00 00
0x00007f2e346be5de:   00 00 48 83 c4 08 5b 5d c3 66 0f 1f 84 00 00 00
0x00007f2e346be5ee:   00 00 c3 66 66 2e 0f 1f 84 00 00 00 00 00 0f 1f
0x00007f2e346be5fe:   40 00 48 83 ec 08 bf 01 00 00 00 e8 62 4a ff ff
0x00007f2e346be60e:   8b 70 40 48 8d 78 30 48 83 c4 08 e9 62 68 f8 ff
0x00007f2e346be61e:   66 90 48 83 ec 18 48 8b 87 b0 04 00 00 ba 04 00
0x00007f2e346be62e:   00 00 be 01 00 00 00 48 8d 4c 24 0c bf 01 00 00
0x00007f2e346be63e:   00 ff 90 d8 00 00 00 48 83 c4 18 c3 66 0f 1f 44
0x00007f2e346be64e:   00 00 49 89 fa 41 89 d1 40 0f b6 fe 89 ca 49 8b
0x00007f2e346be65e:   82 b0 04 00 00 4c 89 c1 44 89 ce 48 8b 80 d8 00
0x00007f2e346be66e:   00 00 ff e0 66 66 2e 0f 1f 84 00 00 00 00 00 0f
0x00007f2e346be67e:   1f 00 55 40 0f b6 f6 53 48 89 fb 48 83 ec 08 48
0x00007f2e346be68e:   8b af b0 04 00 00 e8 b7 ff ff ff ff 95 00 01 00
0x00007f2e346be69e:   00 8b 10 89 53 28 48 83 c4 08 5b 5d c3 0f 1f 44
0x00007f2e346be6ae:   00 00 41 57 41 56 49 89 fe bf 01 00 00 00 41 55
0x00007f2e346be6be:   49 89 f5 41 54 55 53 48 83 ec 58 48 89 14 24 e8
0x00007f2e346be6ce:   9e 49 ff ff 48 c7 44 24 18 00 00 00 00 83 b8 a0
0x00007f2e346be6de:   04 00 00 03 4c 8b b8 b0 04 00 00 48 89 c3 44 8b
0x00007f2e346be6ee:   60 38 0f 84 02 01 00 00 48 8d 4c 24 20 48 8d 70
0x00007f2e346be6fe:   30 ba 01 00 00 00 48 89 cf 48 89 4c 24 08 e8 7f



---------------  P R O C E S S  ---------------

VM state: at safepoint (shutting down)

VM Mutex/Monitor currently owned by a thread:  ([mutex/lock_event])
[0x00007f2ed64030f8] Threads_lock - owner thread: 0x00007f2ed0138250
[0x00007f2ed6402ff8] Heap_lock - owner thread: 0x00007f2e2c009070

Heap address: 0x0000000617800000, size: 7816 MB, Compressed Oops mode: Zero based, Oop shift amount: 3

CDS archive(s) mapped at: [0x00007f2e4f000000-0x00007f2e4fc9d000-0x00007f2e4fc9d000), size 13225984, SharedBaseAddress: 0x00007f2e4f000000, ArchiveRelocationMode: 1.
Compressed class space mapped at: 0x00007f2e50000000-0x00007f2e90000000, reserved size: 1073741824
Narrow klass base: 0x00007f2e4f000000, Narrow klass shift: 0, Narrow klass range: 0x100000000

GC Precious Log:
<Skipped>

Heap:
 garbage-first heap   total 507904K, used 7682K [0x0000000617800000, 0x0000000800000000)
  region size 4096K, 3 young (12288K), 1 survivors (4096K)
 Metaspace       used 8910K, committed 9088K, reserved 1114112K
  class space    used 732K, committed 832K, reserved 1048576K

Heap Regions: E=young(eden), S=young(survivor), O=old, HS=humongous(starts), HC=humongous(continues), CS=collection set, F=free, TAMS=top-at-mark-start, PB=parsable bottom
|   0|0x0000000617800000, 0x0000000617800000, 0x0000000617c00000|  0%| F|  |TAMS 0x0000000617800000| PB 0x0000000617800000| Untracked 
|   1|0x0000000617c00000, 0x0000000617c00000, 0x0000000618000000|  0%| F|  |TAMS 0x0000000617c00000| PB 0x0000000617c00000| Untracked 
|   2|0x0000000618000000, 0x0000000618000000, 0x0000000618400000|  0%| F|  |TAMS 0x0000000618000000| PB 0x0000000618000000| Untracked 
|   3|0x0000000618400000, 0x0000000618400000, 0x0000000618800000|  0%| F|  |TAMS 0x0000000618400000| PB 0x0000000618400000| Untracked 
|   4|0x0000000618800000, 0x0000000618800000, 0x0000000618c00000|  0%| F|  |TAMS 0x0000000618800000| PB 0x0000000618800000| Untracked 
|   5|0x0000000618c00000, 0x0000000618c00000, 0x0000000619000000|  0%| F|  |TAMS 0x0000000618c00000| PB 0x0000000618c00000| Untracked 
|   6|0x0000000619000000, 0x0000000619000000, 0x0000000619400000|  0%| F|  |TAMS 0x0000000619000000| PB 0x0000000619000000| Untracked 
|   7|0x0000000619400000, 0x0000000619400000, 0x0000000619800000|  0%| F|  |TAMS 0x0000000619400000| PB 0x0000000619400000| Untracked 
|   8|0x0000000619800000, 0x0000000619800000, 0x0000000619c00000|  0%| F|  |TAMS 0x0000000619800000| PB 0x0000000619800000| Untracked 
|   9|0x0000000619c00000, 0x0000000619c00000, 0x000000061a000000|  0%| F|  |TAMS 0x0000000619c00000| PB 0x0000000619c00000| Untracked 
|  10|0x000000061a000000, 0x000000061a000000, 0x000000061a400000|  0%| F|  |TAMS 0x000000061a000000| PB 0x000000061a000000| Untracked 
|  11|0x000000061a400000, 0x000000061a400000, 0x000000061a800000|  0%| F|  |TAMS 0x000000061a400000| PB 0x000000061a400000| Untracked 
|  12|0x000000061a800000, 0x000000061a800000, 0x000000061ac00000|  0%| F|  |TAMS 0x000000061a800000| PB 0x000000061a800000| Untracked 
|  13|0x000000061ac00000, 0x000000061ac00000, 0x000000061b000000|  0%| F|  |TAMS 0x000000061ac00000| PB 0x000000061ac00000| Untracked 
|  14|0x000000061b000000, 0x000000061b000000, 0x000000061b400000|  0%| F|  |TAMS 0x000000061b000000| PB 0x000000061b000000| Untracked 
|  15|0x000000061b400000, 0x000000061b400000, 0x000000061b800000|  0%| F|  |TAMS 0x000000061b400000| PB 0x000000061b400000| Untracked 
|  16|0x000000061b800000, 0x000000061b800000, 0x000000061bc00000|  0%| F|  |TAMS 0x000000061b800000| PB 0x000000061b800000| Untracked 
|  17|0x000000061bc00000, 0x000000061bc00000, 0x000000061c000000|  0%| F|  |TAMS 0x000000061bc00000| PB 0x000000061bc00000| Untracked 
|  18|0x000000061c000000, 0x000000061c000000, 0x000000061c400000|  0%| F|  |TAMS 0x000000061c000000| PB 0x000000061c000000| Untracked 
|  19|0x000000061c400000, 0x000000061c400000, 0x000000061c800000|  0%| F|  |TAMS 0x000000061c400000| PB 0x000000061c400000| Untracked 
|  20|0x000000061c800000, 0x000000061c800000, 0x000000061cc00000|  0%| F|  |TAMS 0x000000061c800000| PB 0x000000061c800000| Untracked 
|  21|0x000000061cc00000, 0x000000061cc00000, 0x000000061d000000|  0%| F|  |TAMS 0x000000061cc00000| PB 0x000000061cc00000| Untracked 
|  22|0x000000061d000000, 0x000000061d000000, 0x000000061d400000|  0%| F|  |TAMS 0x000000061d000000| PB 0x000000061d000000| Untracked 
|  23|0x000000061d400000, 0x000000061d400000, 0x000000061d800000|  0%| F|  |TAMS 0x000000061d400000| PB 0x000000061d400000| Untracked 
|  24|0x000000061d800000, 0x000000061d800000, 0x000000061dc00000|  0%| F|  |TAMS 0x000000061d800000| PB 0x000000061d800000| Untracked 
|  25|0x000000061dc00000, 0x000000061dc00000, 0x000000061e000000|  0%| F|  |TAMS 0x000000061dc00000| PB 0x000000061dc00000| Untracked 
|  26|0x000000061e000000, 0x000000061e000000, 0x000000061e400000|  0%| F|  |TAMS 0x000000061e000000| PB 0x000000061e000000| Untracked 
|  27|0x000000061e400000, 0x000000061e400000, 0x000000061e800000|  0%| F|  |TAMS 0x000000061e400000| PB 0x000000061e400000| Untracked 
|  28|0x000000061e800000, 0x000000061e800000, 0x000000061ec00000|  0%| F|  |TAMS 0x000000061e800000| PB 0x000000061e800000| Untracked 
|  29|0x000000061ec00000, 0x000000061ec00000, 0x000000061f000000|  0%| F|  |TAMS 0x000000061ec00000| PB 0x000000061ec00000| Untracked 
|  30|0x000000061f000000, 0x000000061f000000, 0x000000061f400000|  0%| F|  |TAMS 0x000000061f000000| PB 0x000000061f000000| Untracked 
|  31|0x000000061f400000, 0x000000061f400000, 0x000000061f800000|  0%| F|  |TAMS 0x000000061f400000| PB 0x000000061f400000| Untracked 
|  32|0x000000061f800000, 0x000000061f800000, 0x000000061fc00000|  0%| F|  |TAMS 0x000000061f800000| PB 0x000000061f800000| Untracked 
|  33|0x000000061fc00000, 0x000000061fc00000, 0x0000000620000000|  0%| F|  |TAMS 0x000000061fc00000| PB 0x000000061fc00000| Untracked 
|  34|0x0000000620000000, 0x0000000620000000, 0x0000000620400000|  0%| F|  |TAMS 0x0000000620000000| PB 0x0000000620000000| Untracked 
|  35|0x0000000620400000, 0x0000000620400000, 0x0000000620800000|  0%| F|  |TAMS 0x0000000620400000| PB 0x0000000620400000| Untracked 
|  36|0x0000000620800000, 0x0000000620800000, 0x0000000620c00000|  0%| F|  |TAMS 0x0000000620800000| PB 0x0000000620800000| Untracked 
|  37|0x0000000620c00000, 0x0000000620c00000, 0x0000000621000000|  0%| F|  |TAMS 0x0000000620c00000| PB 0x0000000620c00000| Untracked 
|  38|0x0000000621000000, 0x0000000621000000, 0x0000000621400000|  0%| F|  |TAMS 0x0000000621000000| PB 0x0000000621000000| Untracked 
|  39|0x0000000621400000, 0x0000000621400000, 0x0000000621800000|  0%| F|  |TAMS 0x0000000621400000| PB 0x0000000621400000| Untracked 
|  40|0x0000000621800000, 0x0000000621800000, 0x0000000621c00000|  0%| F|  |TAMS 0x0000000621800000| PB 0x0000000621800000| Untracked 
|  41|0x0000000621c00000, 0x0000000621c00000, 0x0000000622000000|  0%| F|  |TAMS 0x0000000621c00000| PB 0x0000000621c00000| Untracked 
|  42|0x0000000622000000, 0x0000000622000000, 0x0000000622400000|  0%| F|  |TAMS 0x0000000622000000| PB 0x0000000622000000| Untracked 
|  43|0x0000000622400000, 0x0000000622400000, 0x0000000622800000|  0%| F|  |TAMS 0x0000000622400000| PB 0x0000000622400000| Untracked 
|  44|0x0000000622800000, 0x0000000622800000, 0x0000000622c00000|  0%| F|  |TAMS 0x0000000622800000| PB 0x0000000622800000| Untracked 
|  45|0x0000000622c00000, 0x0000000622c00000, 0x0000000623000000|  0%| F|  |TAMS 0x0000000622c00000| PB 0x0000000622c00000| Untracked 
|  46|0x0000000623000000, 0x0000000623000000, 0x0000000623400000|  0%| F|  |TAMS 0x0000000623000000| PB 0x0000000623000000| Untracked 
|  47|0x0000000623400000, 0x0000000623400000, 0x0000000623800000|  0%| F|  |TAMS 0x0000000623400000| PB 0x0000000623400000| Untracked 
|  48|0x0000000623800000, 0x0000000623800000, 0x0000000623c00000|  0%| F|  |TAMS 0x0000000623800000| PB 0x0000000623800000| Untracked 
|  49|0x0000000623c00000, 0x0000000623c00000, 0x0000000624000000|  0%| F|  |TAMS 0x0000000623c00000| PB 0x0000000623c00000| Untracked 
|  50|0x0000000624000000, 0x0000000624000000, 0x0000000624400000|  0%| F|  |TAMS 0x0000000624000000| PB 0x0000000624000000| Untracked 
|  51|0x0000000624400000, 0x0000000624400000, 0x0000000624800000|  0%| F|  |TAMS 0x0000000624400000| PB 0x0000000624400000| Untracked 
|  52|0x0000000624800000, 0x0000000624800000, 0x0000000624c00000|  0%| F|  |TAMS 0x0000000624800000| PB 0x0000000624800000| Untracked 
|  53|0x0000000624c00000, 0x0000000624c00000, 0x0000000625000000|  0%| F|  |TAMS 0x0000000624c00000| PB 0x0000000624c00000| Untracked 
|  54|0x0000000625000000, 0x0000000625000000, 0x0000000625400000|  0%| F|  |TAMS 0x0000000625000000| PB 0x0000000625000000| Untracked 
|  55|0x0000000625400000, 0x0000000625400000, 0x0000000625800000|  0%| F|  |TAMS 0x0000000625400000| PB 0x0000000625400000| Untracked 
|  56|0x0000000625800000, 0x0000000625800000, 0x0000000625c00000|  0%| F|  |TAMS 0x0000000625800000| PB 0x0000000625800000| Untracked 
|  57|0x0000000625c00000, 0x0000000625c00000, 0x0000000626000000|  0%| F|  |TAMS 0x0000000625c00000| PB 0x0000000625c00000| Untracked 
|  58|0x0000000626000000, 0x0000000626000000, 0x0000000626400000|  0%| F|  |TAMS 0x0000000626000000| PB 0x0000000626000000| Untracked 
|  59|0x0000000626400000, 0x0000000626400000, 0x0000000626800000|  0%| F|  |TAMS 0x0000000626400000| PB 0x0000000626400000| Untracked 
|  60|0x0000000626800000, 0x0000000626800000, 0x0000000626c00000|  0%| F|  |TAMS 0x0000000626800000| PB 0x0000000626800000| Untracked 
|  61|0x0000000626c00000, 0x0000000626c00000, 0x0000000627000000|  0%| F|  |TAMS 0x0000000626c00000| PB 0x0000000626c00000| Untracked 
|  62|0x0000000627000000, 0x0000000627000000, 0x0000000627400000|  0%| F|  |TAMS 0x0000000627000000| PB 0x0000000627000000| Untracked 
|  63|0x0000000627400000, 0x0000000627400000, 0x0000000627800000|  0%| F|  |TAMS 0x0000000627400000| PB 0x0000000627400000| Untracked 
|  64|0x0000000627800000, 0x0000000627800000, 0x0000000627c00000|  0%| F|  |TAMS 0x0000000627800000| PB 0x0000000627800000| Untracked 
|  65|0x0000000627c00000, 0x0000000627c00000, 0x0000000628000000|  0%| F|  |TAMS 0x0000000627c00000| PB 0x0000000627c00000| Untracked 
|  66|0x0000000628000000, 0x0000000628000000, 0x0000000628400000|  0%| F|  |TAMS 0x0000000628000000| PB 0x0000000628000000| Untracked 
|  67|0x0000000628400000, 0x0000000628400000, 0x0000000628800000|  0%| F|  |TAMS 0x0000000628400000| PB 0x0000000628400000| Untracked 
|  68|0x0000000628800000, 0x0000000628800000, 0x0000000628c00000|  0%| F|  |TAMS 0x0000000628800000| PB 0x0000000628800000| Untracked 
|  69|0x0000000628c00000, 0x0000000628c00000, 0x0000000629000000|  0%| F|  |TAMS 0x0000000628c00000| PB 0x0000000628c00000| Untracked 
|  70|0x0000000629000000, 0x0000000629000000, 0x0000000629400000|  0%| F|  |TAMS 0x0000000629000000| PB 0x0000000629000000| Untracked 
|  71|0x0000000629400000, 0x0000000629400000, 0x0000000629800000|  0%| F|  |TAMS 0x0000000629400000| PB 0x0000000629400000| Untracked 
|  72|0x0000000629800000, 0x0000000629800000, 0x0000000629c00000|  0%| F|  |TAMS 0x0000000629800000| PB 0x0000000629800000| Untracked 
|  73|0x0000000629c00000, 0x0000000629c00000, 0x000000062a000000|  0%| F|  |TAMS 0x0000000629c00000| PB 0x0000000629c00000| Untracked 
|  74|0x000000062a000000, 0x000000062a000000, 0x000000062a400000|  0%| F|  |TAMS 0x000000062a000000| PB 0x000000062a000000| Untracked 
|  75|0x000000062a400000, 0x000000062a400000, 0x000000062a800000|  0%| F|  |TAMS 0x000000062a400000| PB 0x000000062a400000| Untracked 
|  76|0x000000062a800000, 0x000000062a800000, 0x000000062ac00000|  0%| F|  |TAMS 0x000000062a800000| PB 0x000000062a800000| Untracked 
|  77|0x000000062ac00000, 0x000000062ac00000, 0x000000062b000000|  0%| F|  |TAMS 0x000000062ac00000| PB 0x000000062ac00000| Untracked 
|  78|0x000000062b000000, 0x000000062b000000, 0x000000062b400000|  0%| F|  |TAMS 0x000000062b000000| PB 0x000000062b000000| Untracked 
|  79|0x000000062b400000, 0x000000062b400000, 0x000000062b800000|  0%| F|  |TAMS 0x000000062b400000| PB 0x000000062b400000| Untracked 
|  80|0x000000062b800000, 0x000000062b800000, 0x000000062bc00000|  0%| F|  |TAMS 0x000000062b800000| PB 0x000000062b800000| Untracked 
|  81|0x000000062bc00000, 0x000000062bc00000, 0x000000062c000000|  0%| F|  |TAMS 0x000000062bc00000| PB 0x000000062bc00000| Untracked 
|  82|0x000000062c000000, 0x000000062c000000, 0x000000062c400000|  0%| F|  |TAMS 0x000000062c000000| PB 0x000000062c000000| Untracked 
|  83|0x000000062c400000, 0x000000062c400000, 0x000000062c800000|  0%| F|  |TAMS 0x000000062c400000| PB 0x000000062c400000| Untracked 
|  84|0x000000062c800000, 0x000000062c800000, 0x000000062cc00000|  0%| F|  |TAMS 0x000000062c800000| PB 0x000000062c800000| Untracked 
|  85|0x000000062cc00000, 0x000000062cc00000, 0x000000062d000000|  0%| F|  |TAMS 0x000000062cc00000| PB 0x000000062cc00000| Untracked 
|  86|0x000000062d000000, 0x000000062d000000, 0x000000062d400000|  0%| F|  |TAMS 0x000000062d000000| PB 0x000000062d000000| Untracked 
|  87|0x000000062d400000, 0x000000062d400000, 0x000000062d800000|  0%| F|  |TAMS 0x000000062d400000| PB 0x000000062d400000| Untracked 
|  88|0x000000062d800000, 0x000000062d800000, 0x000000062dc00000|  0%| F|  |TAMS 0x000000062d800000| PB 0x000000062d800000| Untracked 
|  89|0x000000062dc00000, 0x000000062dc00000, 0x000000062e000000|  0%| F|  |TAMS 0x000000062dc00000| PB 0x000000062dc00000| Untracked 
|  90|0x000000062e000000, 0x000000062e000000, 0x000000062e400000|  0%| F|  |TAMS 0x000000062e000000| PB 0x000000062e000000| Untracked 
|  91|0x000000062e400000, 0x000000062e400000, 0x000000062e800000|  0%| F|  |TAMS 0x000000062e400000| PB 0x000000062e400000| Untracked 
|  92|0x000000062e800000, 0x000000062e800000, 0x000000062ec00000|  0%| F|  |TAMS 0x000000062e800000| PB 0x000000062e800000| Untracked 
|  93|0x000000062ec00000, 0x000000062ec00000, 0x000000062f000000|  0%| F|  |TAMS 0x000000062ec00000| PB 0x000000062ec00000| Untracked 
|  94|0x000000062f000000, 0x000000062f000000, 0x000000062f400000|  0%| F|  |TAMS 0x000000062f000000| PB 0x000000062f000000| Untracked 
|  95|0x000000062f400000, 0x000000062f400000, 0x000000062f800000|  0%| F|  |TAMS 0x000000062f400000| PB 0x000000062f400000| Untracked 
|  96|0x000000062f800000, 0x000000062f800000, 0x000000062fc00000|  0%| F|  |TAMS 0x000000062f800000| PB 0x000000062f800000| Untracked 
|  97|0x000000062fc00000, 0x000000062fc00000, 0x0000000630000000|  0%| F|  |TAMS 0x000000062fc00000| PB 0x000000062fc00000| Untracked 
|  98|0x0000000630000000, 0x0000000630000000, 0x0000000630400000|  0%| F|  |TAMS 0x0000000630000000| PB 0x0000000630000000| Untracked 
|  99|0x0000000630400000, 0x0000000630400000, 0x0000000630800000|  0%| F|  |TAMS 0x0000000630400000| PB 0x0000000630400000| Untracked 
| 100|0x0000000630800000, 0x0000000630800000, 0x0000000630c00000|  0%| F|  |TAMS 0x0000000630800000| PB 0x0000000630800000| Untracked 
| 101|0x0000000630c00000, 0x0000000630c00000, 0x0000000631000000|  0%| F|  |TAMS 0x0000000630c00000| PB 0x0000000630c00000| Untracked 
| 102|0x0000000631000000, 0x0000000631000000, 0x0000000631400000|  0%| F|  |TAMS 0x0000000631000000| PB 0x0000000631000000| Untracked 
| 103|0x0000000631400000, 0x0000000631400000, 0x0000000631800000|  0%| F|  |TAMS 0x0000000631400000| PB 0x0000000631400000| Untracked 
| 104|0x0000000631800000, 0x0000000631800000, 0x0000000631c00000|  0%| F|  |TAMS 0x0000000631800000| PB 0x0000000631800000| Untracked 
| 105|0x0000000631c00000, 0x0000000631c00000, 0x0000000632000000|  0%| F|  |TAMS 0x0000000631c00000| PB 0x0000000631c00000| Untracked 
| 106|0x0000000632000000, 0x0000000632000000, 0x0000000632400000|  0%| F|  |TAMS 0x0000000632000000| PB 0x0000000632000000| Untracked 
| 107|0x0000000632400000, 0x0000000632400000, 0x0000000632800000|  0%| F|  |TAMS 0x0000000632400000| PB 0x0000000632400000| Untracked 
| 108|0x0000000632800000, 0x0000000632800000, 0x0000000632c00000|  0%| F|  |TAMS 0x0000000632800000| PB 0x0000000632800000| Untracked 
| 109|0x0000000632c00000, 0x0000000632c00000, 0x0000000633000000|  0%| F|  |TAMS 0x0000000632c00000| PB 0x0000000632c00000| Untracked 
| 110|0x0000000633000000, 0x0000000633000000, 0x0000000633400000|  0%| F|  |TAMS 0x0000000633000000| PB 0x0000000633000000| Untracked 
| 111|0x0000000633400000, 0x0000000633400000, 0x0000000633800000|  0%| F|  |TAMS 0x0000000633400000| PB 0x0000000633400000| Untracked 
| 112|0x0000000633800000, 0x0000000633800000, 0x0000000633c00000|  0%| F|  |TAMS 0x0000000633800000| PB 0x0000000633800000| Untracked 
| 113|0x0000000633c00000, 0x0000000633c00000, 0x0000000634000000|  0%| F|  |TAMS 0x0000000633c00000| PB 0x0000000633c00000| Untracked 
| 114|0x0000000634000000, 0x0000000634000000, 0x0000000634400000|  0%| F|  |TAMS 0x0000000634000000| PB 0x0000000634000000| Untracked 
| 115|0x0000000634400000, 0x0000000634400000, 0x0000000634800000|  0%| F|  |TAMS 0x0000000634400000| PB 0x0000000634400000| Untracked 
| 116|0x0000000634800000, 0x0000000634a73d38, 0x0000000634c00000| 61%| S|CS|TAMS 0x0000000634800000| PB 0x0000000634800000| Complete 
| 117|0x0000000634c00000, 0x0000000634c00000, 0x0000000635000000|  0%| F|  |TAMS 0x0000000634c00000| PB 0x0000000634c00000| Untracked 
| 118|0x0000000635000000, 0x0000000635000000, 0x0000000635400000|  0%| F|  |TAMS 0x0000000635000000| PB 0x0000000635000000| Untracked 
| 119|0x0000000635400000, 0x0000000635400000, 0x0000000635800000|  0%| F|  |TAMS 0x0000000635400000| PB 0x0000000635400000| Untracked 
| 120|0x0000000635800000, 0x0000000635800000, 0x0000000635c00000|  0%| F|  |TAMS 0x0000000635800000| PB 0x0000000635800000| Untracked 
| 121|0x0000000635c00000, 0x0000000635fb24c8, 0x0000000636000000| 92%| E|  |TAMS 0x0000000635c00000| PB 0x0000000635c00000| Complete 
| 122|0x0000000636000000, 0x0000000636400000, 0x0000000636400000|100%| E|CS|TAMS 0x0000000636000000| PB 0x0000000636000000| Complete 
|1953|0x00000007ffc00000, 0x00000007ffd0cbc8, 0x0000000800000000| 26%| O|  |TAMS 0x00000007ffc00000| PB 0x00000007ffc00000| Untracked 

Card table byte_map: [0x00007f2eb6877000,0x00007f2eb77bb000] _byte_map_base: 0x00007f2eb37bb000

Marking Bits: (CMBitMap*) 0x00007f2ed005a880
 Bits: [0x00007f2eaee57000, 0x00007f2eb6877000)

Polling page: 0x00007f2ed6635000

Metaspace:

Usage:
  Non-class:      7.99 MB used.
      Class:    732.94 KB used.
       Both:      8.70 MB used.

Virtual space:
  Non-class space:       64.00 MB reserved,       8.06 MB ( 13%) committed,  1 nodes.
      Class space:        1.00 GB reserved,     832.00 KB ( <1%) committed,  1 nodes.
             Both:        1.06 GB reserved,       8.88 MB ( <1%) committed. 

Chunk freelists:
   Non-Class:  6.20 MB
       Class:  15.17 MB
        Both:  21.38 MB

MaxMetaspaceSize: unlimited
CompressedClassSpaceSize: 1.00 GB
Initial GC threshold: 21.00 MB
Current GC threshold: 21.00 MB
CDS: on
 - commit_granule_bytes: 65536.
 - commit_granule_words: 8192.
 - virtual_space_node_default_size: 8388608.
 - enlarge_chunks_in_place: 1.
 - use_allocation_guard: 0.


Internal statistics:

num_allocs_failed_limit: 0.
num_arena_births: 100.
num_arena_deaths: 0.
num_vsnodes_births: 2.
num_vsnodes_deaths: 0.
num_space_committed: 140.
num_space_uncommitted: 0.
num_chunks_returned_to_freelist: 0.
num_chunks_taken_from_freelist: 350.
num_chunk_merges: 0.
num_chunk_splits: 262.
num_chunks_enlarged: 215.
num_inconsistent_stats: 0.

CodeHeap 'non-profiled nmethods': size=119168Kb used=610Kb max_used=610Kb free=118557Kb
 bounds [0x00007f2ec03a0000, 0x00007f2ec0610000, 0x00007f2ec7800000]
CodeHeap 'profiled nmethods': size=119164Kb used=2894Kb max_used=2894Kb free=116269Kb
 bounds [0x00007f2eb8800000, 0x00007f2eb8ae0000, 0x00007f2ebfc5f000]
CodeHeap 'non-nmethods': size=7428Kb used=3048Kb max_used=4163Kb free=4379Kb
 bounds [0x00007f2ebfc5f000, 0x00007f2ec007f000, 0x00007f2ec03a0000]
CodeCache: size=245760Kb, used=6552Kb, max_used=7667Kb, free=239205Kb
 total_blobs=2831, nmethods=1665, adapters=1071, full_count=0
Compilation: enabled, stopped_count=0, restarted_count=0

Compilation events (20 events):
Event: 14.940 Thread 0x00007f2e1c142130 nmethod 1655 0x00007f2eb8acd810 code [0x00007f2eb8acd9c0, 0x00007f2eb8acdb40]
Event: 14.940 Thread 0x00007f2e1c142130 1657       3       dungeon.crawler.Player.PlayerInputHandler::updateInput (118 bytes)
Event: 14.940 Thread 0x00007f2ed014a3e0 nmethod 1656 0x00007f2eb8acdc10 code [0x00007f2eb8acde20, 0x00007f2eb8ace1d0]
Event: 14.940 Thread 0x00007f2ed014a3e0 1658       3       dungeon.crawler.Player.PlayerPositionHandler::update (21 bytes)
Event: 14.940 Thread 0x00007f2e1c142130 nmethod 1657 0x00007f2eb8ace410 code [0x00007f2eb8ace660, 0x00007f2eb8acef30]
Event: 14.940 Thread 0x00007f2ed014a3e0 nmethod 1658 0x00007f2eb8acf110 code [0x00007f2eb8acf2e0, 0x00007f2eb8acf4e0]
Event: 14.940 Thread 0x00007f2ed014a3e0 1659       3       dungeon.crawler.Player.PlayerPositionHandler::updateInput (217 bytes)
Event: 14.940 Thread 0x00007f2e1c142130 1660       3       dungeon.crawler.Player.PlayerAnimatedSprite::update (39 bytes)
Event: 14.940 Thread 0x00007f2e1c142130 nmethod 1660 0x00007f2eb8acf590 code [0x00007f2eb8acf740, 0x00007f2eb8acf9d0]
Event: 14.940 Thread 0x00007f2e1c142130 1661       3       dungeon.crawler.WorldScreenRefactor::draw (161 bytes)
Event: 14.940 Thread 0x00007f2ed014a3e0 nmethod 1659 0x00007f2eb8acfb10 code [0x00007f2eb8acfdc0, 0x00007f2eb8ad0890]
Event: 14.940 Thread 0x00007f2ed014a3e0 1662       3       com.badlogic.gdx.maps.tiled.renderers.BatchTiledMapRenderer::setView (124 bytes)
Event: 14.941 Thread 0x00007f2ed014a3e0 nmethod 1662 0x00007f2eb8ad0b90 code [0x00007f2eb8ad0de0, 0x00007f2eb8ad1530]
Event: 14.941 Thread 0x00007f2ed014a3e0 1663       3       com.badlogic.gdx.maps.tiled.renderers.BatchTiledMapRenderer::endRender (10 bytes)
Event: 14.941 Thread 0x00007f2e1c142130 nmethod 1661 0x00007f2eb8ad1910 code [0x00007f2eb8ad1ca0, 0x00007f2eb8ad2da8]
Event: 14.941 Thread 0x00007f2ed014a3e0 nmethod 1663 0x00007f2eb8ad3590 code [0x00007f2eb8ad3740, 0x00007f2eb8ad38d0]
Event: 15.562 Thread 0x00007f2e1c142130 1664       1       java.lang.Module::getDescriptor (5 bytes)
Event: 15.562 Thread 0x00007f2ed014a3e0 1665       1       java.lang.module.ModuleDescriptor::provides (5 bytes)
Event: 15.562 Thread 0x00007f2e1c142130 nmethod 1664 0x00007f2ec0438290 code [0x00007f2ec0438420, 0x00007f2ec04384e8]
Event: 15.562 Thread 0x00007f2ed014a3e0 nmethod 1665 0x00007f2ec0438590 code [0x00007f2ec0438720, 0x00007f2ec04387e8]

GC Heap History (2 events):
Event: 0.409 GC heap before
{Heap before GC invocations=0 (full 0):
 garbage-first heap   total 507904K, used 25650K [0x0000000617800000, 0x0000000800000000)
  region size 4096K, 6 young (24576K), 0 survivors (0K)
 Metaspace       used 7228K, committed 7424K, reserved 1114112K
  class space    used 556K, committed 640K, reserved 1048576K
}
Event: 0.410 GC heap after
{Heap after GC invocations=1 (full 0):
 garbage-first heap   total 507904K, used 3586K [0x0000000617800000, 0x0000000800000000)
  region size 4096K, 1 young (4096K), 1 survivors (4096K)
 Metaspace       used 7228K, committed 7424K, reserved 1114112K
  class space    used 556K, committed 640K, reserved 1048576K
}

Dll operation events (10 events):
Event: 0.002 Loaded shared library /usr/lib/jvm/java-21-openjdk/lib/libjava.so
Event: 0.016 Loaded shared library /usr/lib/jvm/java-21-openjdk/lib/libjsvml.so
Event: 0.023 Loaded shared library /usr/lib/jvm/java-21-openjdk/lib/libnio.so
Event: 0.024 Loaded shared library /usr/lib/jvm/java-21-openjdk/lib/libzip.so
Event: 0.044 Loaded shared library /usr/lib/jvm/java-21-openjdk/lib/libjimage.so
Event: 0.046 Loaded shared library /tmp/libgdxbazzite/da3a4817/libgdx64.so
Event: 0.060 Loaded shared library /usr/lib/jvm/java-21-openjdk/lib/libnet.so
Event: 0.063 Loaded shared library /tmp/lwjgl_bazzite/3.4.1+2/x64/liblwjgl.so
Event: 0.068 Loaded shared library /usr/lib/jvm/java-21-openjdk/lib/libsystemconf.so
Event: 0.225 Loaded shared library /tmp/lwjgl_bazzite/3.4.1+2/x64/liblwjgl_opengl.so

Deoptimization events (20 events):
Event: 12.677 Thread 0x00007f2ed002e790 DEOPT PACKING pc=0x00007f2ec041ae4c sp=0x00007f2ed4fb9400
Event: 12.677 Thread 0x00007f2ed002e790 DEOPT UNPACKING pc=0x00007f2ebfcb6619 sp=0x00007f2ed4fb93d0 mode 2
Event: 13.138 Thread 0x00007f2ed002e790 Uncommon trap: trap_request=0xffffff45 fr.pc=0x00007f2ec03ea2bc relative=0x000000000000065c
Event: 13.138 Thread 0x00007f2ed002e790 Uncommon trap: reason=unstable_if action=reinterpret pc=0x00007f2ec03ea2bc method=java.lang.StringLatin1.newString([BII)Ljava/lang/String; @ 1 c2
Event: 13.138 Thread 0x00007f2ed002e790 DEOPT PACKING pc=0x00007f2ec03ea2bc sp=0x00007f2ed4fb8bb0
Event: 13.138 Thread 0x00007f2ed002e790 DEOPT UNPACKING pc=0x00007f2ebfcb6619 sp=0x00007f2ed4fb8b10 mode 2
Event: 13.151 Thread 0x00007f2ed002e790 Uncommon trap: trap_request=0xffffff45 fr.pc=0x00007f2ec0401b84 relative=0x0000000000000584
Event: 13.151 Thread 0x00007f2ed002e790 Uncommon trap: reason=unstable_if action=reinterpret pc=0x00007f2ec0401b84 method=com.badlogic.gdx.utils.ObjectIntMap.locateKey(Ljava/lang/Object;)I @ 32 c2
Event: 13.151 Thread 0x00007f2ed002e790 DEOPT PACKING pc=0x00007f2ec0401b84 sp=0x00007f2ed4fb8ad0
Event: 13.151 Thread 0x00007f2ed002e790 DEOPT UNPACKING pc=0x00007f2ebfcb6619 sp=0x00007f2ed4fb8a98 mode 2
Event: 13.151 Thread 0x00007f2ed002e790 Uncommon trap: trap_request=0xffffff45 fr.pc=0x00007f2ec04035a8 relative=0x00000000000000e8
Event: 13.151 Thread 0x00007f2ed002e790 Uncommon trap: reason=unstable_if action=reinterpret pc=0x00007f2ec04035a8 method=com.badlogic.gdx.math.Vector3.nor()Lcom/badlogic/gdx/math/Vector3; @ 8 c2
Event: 13.151 Thread 0x00007f2ed002e790 DEOPT PACKING pc=0x00007f2ec04035a8 sp=0x00007f2ed4fb8d00
Event: 13.151 Thread 0x00007f2ed002e790 DEOPT UNPACKING pc=0x00007f2ebfcb6619 sp=0x00007f2ed4fb8cb8 mode 2
Event: 13.157 Thread 0x00007f2ed002e790 Uncommon trap: trap_request=0xffffff45 fr.pc=0x00007f2ec040be90 relative=0x00000000000007d0
Event: 13.157 Thread 0x00007f2ed002e790 Uncommon trap: reason=unstable_if action=reinterpret pc=0x00007f2ec040be90 method=com.badlogic.gdx.graphics.g2d.SpriteBatch.flush()V @ 41 c2
Event: 13.157 Thread 0x00007f2ed002e790 DEOPT PACKING pc=0x00007f2ec040be90 sp=0x00007f2ed4fb9290
Event: 13.157 Thread 0x00007f2ed002e790 DEOPT UNPACKING pc=0x00007f2ebfcb6619 sp=0x00007f2ed4fb91b8 mode 2
Event: 14.280 Thread 0x00007f2ed002e790 DEOPT PACKING pc=0x00007f2eb8ac8af0 sp=0x00007f2ed4fb9410
Event: 14.280 Thread 0x00007f2ed002e790 DEOPT UNPACKING pc=0x00007f2ebfcb714f sp=0x00007f2ed4fb8848 mode 0

Classes loaded (20 events):
Event: 15.563 Loading class jdk/internal/logger/AbstractLoggerWrapper
Event: 15.563 Loading class jdk/internal/logger/AbstractLoggerWrapper done
Event: 15.563 Loading class jdk/internal/logger/LazyLoggers$LazyLoggerWrapper done
Event: 15.563 Loading class jdk/internal/logger/LazyLoggers$JdkLazyLogger done
Event: 15.563 Loading class jdk/internal/logger/LazyLoggers$LazyLoggerAccessor
Event: 15.563 Loading class jdk/internal/logger/LazyLoggers$LoggerAccessor
Event: 15.563 Loading class jdk/internal/logger/LazyLoggers$LoggerAccessor done
Event: 15.563 Loading class jdk/internal/logger/LazyLoggers$LazyLoggerAccessor done
Event: 15.563 Loading class java/lang/System$Logger$Level
Event: 15.563 Loading class java/lang/System$Logger$Level done
Event: 15.563 Loading class jdk/internal/logger/SurrogateLogger
Event: 15.563 Loading class jdk/internal/logger/SimpleConsoleLogger
Event: 15.563 Loading class sun/util/logging/PlatformLogger$ConfigurableBridge$LoggerConfiguration
Event: 15.563 Loading class sun/util/logging/PlatformLogger$ConfigurableBridge$LoggerConfiguration done
Event: 15.563 Loading class jdk/internal/logger/SimpleConsoleLogger done
Event: 15.563 Loading class jdk/internal/logger/SurrogateLogger done
Event: 15.563 Loading class sun/util/logging/PlatformLogger
Event: 15.563 Loading class sun/util/logging/PlatformLogger done
Event: 15.563 Loading class sun/util/logging/PlatformLogger$Level
Event: 15.563 Loading class sun/util/logging/PlatformLogger$Level done

Classes unloaded (0 events):
No events

Classes redefined (0 events):
No events

Internal exceptions (20 events):
Event: 0.056 Thread 0x00007f2ed002e790 Exception <a 'java/lang/NoSuchMethodError'{0x0000000635d887d0}: 'java.lang.Object java.lang.invoke.DirectMethodHandle$Holder.invokeStatic(java.lang.Object, java.lang.Object, int)'> (0x0000000635d887d0) 
thrown [src/hotspot/share/interpreter/linkResolver.cpp, line 772]
Event: 0.056 Thread 0x00007f2ed002e790 Exception <a 'java/lang/NoSuchMethodError'{0x0000000635d94028}: 'void java.lang.invoke.DelegatingMethodHandle$Holder.delegate(java.lang.Object, java.lang.Object, int, java.lang.Object)'> (0x0000000635d94028) 
thrown [src/hotspot/share/interpreter/linkResolver.cpp, line 772]
Event: 0.057 Thread 0x00007f2ed002e790 Exception <a 'java/lang/NoSuchMethodError'{0x0000000635d98020}: 'int java.lang.invoke.DirectMethodHandle$Holder.invokeSpecial(java.lang.Object, java.lang.Object, java.lang.Object)'> (0x0000000635d98020) 
thrown [src/hotspot/share/interpreter/linkResolver.cpp, line 772]
Event: 0.058 Thread 0x00007f2ed002e790 Exception <a 'java/lang/NoSuchMethodError'{0x0000000635db2748}: 'void java.lang.System.loadLibrary(java.lang.String, java.lang.Class)'> (0x0000000635db2748) 
thrown [src/hotspot/share/interpreter/linkResolver.cpp, line 772]
Event: 0.087 Thread 0x00007f2ed002e790 Exception <a 'java/lang/NoSuchMethodError'{0x0000000635f5bb88}: 'int java.lang.invoke.DirectMethodHandle$Holder.invokeStaticInit(java.lang.Object, java.lang.Object, int, long)'> (0x0000000635f5bb88) 
thrown [src/hotspot/share/interpreter/linkResolver.cpp, line 772]
Event: 0.088 Thread 0x00007f2ed002e790 Exception <a 'java/lang/NoSuchMethodError'{0x0000000635f60cb0}: 'java.lang.Object java.lang.invoke.DirectMethodHandle$Holder.newInvokeSpecial(java.lang.Object, java.lang.Object, int)'> (0x0000000635f60cb0) 
thrown [src/hotspot/share/interpreter/linkResolver.cpp, line 772]
Event: 0.088 Thread 0x00007f2ed002e790 Exception <a 'java/lang/NoSuchMethodError'{0x0000000635f6b188}: 'int java.lang.invoke.DirectMethodHandle$Holder.invokeStaticInit(java.lang.Object, java.lang.Object, long, long)'> (0x0000000635f6b188) 
thrown [src/hotspot/share/interpreter/linkResolver.cpp, line 772]
Event: 0.088 Thread 0x00007f2ed002e790 Exception <a 'java/lang/NoSuchMethodError'{0x0000000635f70c30}: 'java.lang.Object java.lang.invoke.DirectMethodHandle$Holder.newInvokeSpecial(java.lang.Object, java.lang.Object, long)'> (0x0000000635f70c30) 
thrown [src/hotspot/share/interpreter/linkResolver.cpp, line 772]
Event: 0.088 Thread 0x00007f2ed002e790 Exception <a 'java/lang/NoSuchMethodError'{0x0000000635f74cf0}: 'java.lang.Object java.lang.invoke.Invokers$Holder.linkToTargetMethod(java.lang.Object, long, java.lang.Object)'> (0x0000000635f74cf0) 
thrown [src/hotspot/share/interpreter/linkResolver.cpp, line 772]
Event: 0.089 Thread 0x00007f2ed002e790 Exception <a 'java/lang/NoSuchMethodError'{0x0000000635f7bf38}: 'int java.lang.invoke.DirectMethodHandle$Holder.invokeStaticInit(java.lang.Object, java.lang.Object, java.lang.Object, long)'> (0x0000000635f7bf38) 
thrown [src/hotspot/share/interpreter/linkResolver.cpp, line 772]
Event: 0.105 Thread 0x00007f2ed002e790 Exception <a 'java/lang/NoSuchMethodError'{0x00000006358bfb48}: 'int java.lang.invoke.Invokers$Holder.invokeExact_MT(java.lang.Object, java.lang.Object)'> (0x00000006358bfb48) 
thrown [src/hotspot/share/interpreter/linkResolver.cpp, line 772]
Event: 0.135 Thread 0x00007f2ed002e790 Exception <a 'java/lang/NoSuchMethodError'{0x000000063590be48}: 'java.lang.Object java.lang.invoke.DirectMethodHandle$Holder.invokeStaticInit(java.lang.Object, int)'> (0x000000063590be48) 
thrown [src/hotspot/share/interpreter/linkResolver.cpp, line 772]
Event: 0.166 Thread 0x00007f2ed002e790 Exception <a 'java/lang/NoSuchMethodError'{0x0000000635a90d70}: 'java.lang.Object java.lang.invoke.DirectMethodHandle$Holder.newInvokeSpecial(java.lang.Object, long)'> (0x0000000635a90d70) 
thrown [src/hotspot/share/interpreter/linkResolver.cpp, line 772]
Event: 0.223 Thread 0x00007f2ed002e790 Exception <a 'java/lang/NoSuchMethodError'{0x00000006354895d0}: 'void java.lang.System.load(java.lang.String, java.lang.Class)'> (0x00000006354895d0) 
thrown [src/hotspot/share/interpreter/linkResolver.cpp, line 772]
Event: 0.224 Thread 0x00007f2ed002e790 Exception <a 'java/lang/NoSuchMethodError'{0x000000063548c000}: 'void java.lang.System.loadLibrary(java.lang.String, java.lang.Class)'> (0x000000063548c000) 
thrown [src/hotspot/share/interpreter/linkResolver.cpp, line 772]
Event: 0.420 Thread 0x00007f2ed002e790 Exception <a 'java/lang/NoSuchMethodError'{0x0000000636170c00}: 'void java.lang.invoke.Invokers$Holder.invokeExact_MT(java.lang.Object, java.lang.Object, java.lang.Object, java.lang.Object)'> (0x0000000636170c00) 
thrown [src/hotspot/share/interpreter/linkResolver.cpp, line 772]
Event: 0.423 Thread 0x00007f2ed002e790 Exception <a 'java/lang/NoSuchMethodError'{0x00000006361aa0c0}: 'float java.lang.invoke.DelegatingMethodHandle$Holder.reinvoke_L(java.lang.Object, java.lang.Object)'> (0x00000006361aa0c0) 
thrown [src/hotspot/share/interpreter/linkResolver.cpp, line 772]
Event: 0.424 Thread 0x00007f2ed002e790 Exception <a 'java/lang/NoSuchMethodError'{0x00000006361b41e8}: 'void java.lang.invoke.DelegatingMethodHandle$Holder.reinvoke_L(java.lang.Object, java.lang.Object, float)'> (0x00000006361b41e8) 
thrown [src/hotspot/share/interpreter/linkResolver.cpp, line 772]
Event: 12.281 Thread 0x00007f2ed002e790 Implicit null exception at 0x00007f2ec040e8f2 to 0x00007f2ec040e988
Event: 13.151 Thread 0x00007f2ed002e790 Implicit null exception at 0x00007f2ec040188e to 0x00007f2ec0401b70

ZGC Phase Switch (0 events):
No events

VM Operations (20 events):
Event: 1.419 Executing safepoint VM operation: Cleanup done
Event: 3.419 Executing safepoint VM operation: Cleanup
Event: 3.419 Executing safepoint VM operation: Cleanup done
Event: 7.419 Executing safepoint VM operation: Cleanup
Event: 7.419 Executing safepoint VM operation: Cleanup done
Event: 8.419 Executing safepoint VM operation: Cleanup
Event: 8.419 Executing safepoint VM operation: Cleanup done
Event: 10.419 Executing safepoint VM operation: Cleanup
Event: 10.419 Executing safepoint VM operation: Cleanup done
Event: 11.419 Executing safepoint VM operation: Cleanup
Event: 11.419 Executing safepoint VM operation: Cleanup done
Event: 12.419 Executing safepoint VM operation: Cleanup
Event: 12.419 Executing safepoint VM operation: Cleanup done
Event: 13.140 Executing non-safepoint VM operation: HandshakeAllThreads (Deoptimize)
Event: 13.140 Executing non-safepoint VM operation: HandshakeAllThreads (Deoptimize) done
Event: 14.140 Executing safepoint VM operation: Cleanup
Event: 14.140 Executing safepoint VM operation: Cleanup done
Event: 15.140 Executing safepoint VM operation: Cleanup
Event: 15.140 Executing safepoint VM operation: Cleanup done
Event: 15.563 Executing safepoint VM operation: Exit

Memory protections (19 events):
Event: 0.002 Protecting memory [0x00007f2ed4ebb000,0x00007f2ed4ebf000] with protection modes 0
Event: 0.015 Protecting memory [0x00007f2e9f6f8000,0x00007f2e9f6fc000] with protection modes 0
Event: 0.015 Protecting memory [0x00007f2e9f5f8000,0x00007f2e9f5fc000] with protection modes 0
Event: 0.015 Protecting memory [0x00007f2e9f4f8000,0x00007f2e9f4fc000] with protection modes 0
Event: 0.015 Protecting memory [0x00007f2e9f3f8000,0x00007f2e9f3fc000] with protection modes 0
Event: 0.015 Protecting memory [0x00007f2e9f2f8000,0x00007f2e9f2fc000] with protection modes 0
Event: 0.015 Protecting memory [0x00007f2e9f1f8000,0x00007f2e9f1fc000] with protection modes 0
Event: 0.015 Protecting memory [0x00007f2e9f0f8000,0x00007f2e9f0fc000] with protection modes 0
Event: 0.020 Protecting memory [0x00007f2e9ef28000,0x00007f2e9ef2c000] with protection modes 0
Event: 0.021 Protecting memory [0x00007f2e9ee28000,0x00007f2e9ee2c000] with protection modes 0
Event: 0.022 Protecting memory [0x00007f2e9ed28000,0x00007f2e9ed2c000] with protection modes 0
Event: 0.082 Protecting memory [0x00007f2e9e7c2000,0x00007f2e9e7c6000] with protection modes 0
Event: 0.104 Protecting memory [0x00007f2e9db00000,0x00007f2e9db04000] with protection modes 0
Event: 0.104 Protecting memory [0x00007f2e9da00000,0x00007f2e9da04000] with protection modes 0
Event: 0.172 Protecting memory [0x00007f2e357c5000,0x00007f2e357c9000] with protection modes 0
Event: 0.314 Protecting memory [0x00007f2dc3dbe000,0x00007f2dc3dc2000] with protection modes 0
Event: 13.148 Protecting memory [0x00007f2e9ef28000,0x00007f2e9ef2c000] with protection modes 0
Event: 13.148 Protecting memory [0x00007f2e9db00000,0x00007f2e9db04000] with protection modes 0
Event: 15.561 Protecting memory [0x00007f2e9db00000,0x00007f2e9db04000] with protection modes 0

Nmethod flushes (0 events):
No events

Events (20 events):
Event: 0.015 Thread 0x00007f2ed002e790 Thread added: 0x00007f2ed0147160
Event: 0.015 Thread 0x00007f2ed002e790 Thread added: 0x00007f2ed0148d20
Event: 0.015 Thread 0x00007f2ed002e790 Thread added: 0x00007f2ed014a3e0
Event: 0.020 Thread 0x00007f2ed014a3e0 Thread added: 0x00007f2e1c044ab0
Event: 0.021 Thread 0x00007f2ed002e790 Thread added: 0x00007f2ed018b360
Event: 0.022 Thread 0x00007f2ed002e790 Thread added: 0x00007f2ed018e3d0
Event: 0.082 Thread 0x00007f2ed014a3e0 Thread added: 0x00007f2e1c112460
Event: 0.104 Thread 0x00007f2e1c044ab0 Thread added: 0x00007f2e100a3670
Event: 0.104 Thread 0x00007f2e1c044ab0 Thread added: 0x00007f2e100a4980
Event: 0.172 Thread 0x00007f2ed002e790 Thread added: 0x00007f2ed0a22a20
Event: 0.314 Thread 0x00007f2ed002e790 Thread added: 0x00007f2ed3181f60
Event: 0.601 Thread 0x00007f2e1c112460 Thread exited: 0x00007f2e1c112460
Event: 4.284 Thread 0x00007f2e100a4980 Thread exited: 0x00007f2e100a4980
Event: 4.312 Thread 0x00007f2e100a3670 Thread exited: 0x00007f2e100a3670
Event: 4.312 Thread 0x00007f2e1c044ab0 Thread exited: 0x00007f2e1c044ab0
Event: 13.148 Thread 0x00007f2ed014a3e0 Thread added: 0x00007f2e1c142130
Event: 13.148 Thread 0x00007f2ed014a3e0 Thread added: 0x00007f2e1c1431a0
Event: 14.934 Thread 0x00007f2e1c1431a0 Thread exited: 0x00007f2e1c1431a0
Event: 15.561 Thread 0x00007f2ed0144580 Thread added: 0x00007f2e2c009070
Event: 15.563 Thread 0x00007f2e2c009070 Before exit entered


Dynamic libraries:
617800000-636400000 rw-p 00000000 00:00 0 
636400000-7ffc00000 ---p 00000000 00:00 0 
7ffc00000-7ffd0d000 rw-p 00cdc000 00:49 7160503                          /usr/lib/jvm/java-21-openjdk/lib/server/classes.jsa
7ffd0d000-800000000 rw-p 00000000 00:00 0 
55822fae1000-55822fae2000 r-xp 00000000 00:49 7160208                    /usr/lib/jvm/java-21-openjdk/bin/java
55822fae2000-55822fae3000 r--p 00001000 00:49 7160208                    /usr/lib/jvm/java-21-openjdk/bin/java
55822fae3000-55822fae4000 r--p 00001000 00:49 7160208                    /usr/lib/jvm/java-21-openjdk/bin/java
55822fae4000-55822fae5000 rw-p 00002000 00:49 7160208                    /usr/lib/jvm/java-21-openjdk/bin/java
55823a453000-55823a47f000 rw-p 00000000 00:00 0                          [heap]
7f2d88000000-7f2d88021000 rw-p 00000000 00:00 0 
7f2d88021000-7f2d8c000000 ---p 00000000 00:00 0 
7f2d90000000-7f2d90021000 rw-p 00000000 00:00 0 
7f2d90021000-7f2d94000000 ---p 00000000 00:00 0 
7f2d94000000-7f2d94021000 rw-p 00000000 00:00 0 
7f2d94021000-7f2d98000000 ---p 00000000 00:00 0 
7f2d98000000-7f2d98021000 rw-p 00000000 00:00 0 
7f2d98021000-7f2d9c000000 ---p 00000000 00:00 0 
7f2d9c000000-7f2d9c021000 rw-p 00000000 00:00 0 
7f2d9c021000-7f2da0000000 ---p 00000000 00:00 0 
7f2da0000000-7f2da0021000 rw-p 00000000 00:00 0 
7f2da0021000-7f2da4000000 ---p 00000000 00:00 0 
7f2da4000000-7f2da4021000 rw-p 00000000 00:00 0 
7f2da4021000-7f2da8000000 ---p 00000000 00:00 0 
7f2da8000000-7f2da8021000 rw-p 00000000 00:00 0 
7f2da8021000-7f2dac000000 ---p 00000000 00:00 0 
7f2dac000000-7f2dac021000 rw-p 00000000 00:00 0 
7f2dac021000-7f2db0000000 ---p 00000000 00:00 0 
7f2db0000000-7f2db0bdf000 rw-p 00000000 00:00 0 
7f2db0bdf000-7f2db4000000 ---p 00000000 00:00 0 
7f2db4000000-7f2db4021000 rw-p 00000000 00:00 0 
7f2db4021000-7f2db8000000 ---p 00000000 00:00 0 
7f2db8000000-7f2db8021000 rw-p 00000000 00:00 0 
7f2db8021000-7f2dbc000000 ---p 00000000 00:00 0 
7f2dbc000000-7f2dbc073000 rw-p 00000000 00:00 0 
7f2dbc073000-7f2dc0000000 ---p 00000000 00:00 0 
7f2dc1e00000-7f2dc2800000 rwxp 00000000 00:00 0 
7f2dc2927000-7f2dc2bca000 rw-s 00000000 00:01 34246                      /memfd:mesa-shared (deleted)
7f2dc2bca000-7f2dc35d4000 rw-p 00000000 00:00 0 
7f2dc35d4000-7f2dc3dbe000 rw-p 00000000 00:00 0 
7f2dc3dbe000-7f2dc3dc2000 ---p 00000000 00:00 0 
7f2dc3dc2000-7f2dc3ebe000 rw-p 00000000 00:00 0 
7f2dc3ebe000-7f2dc3f59000 r--p 00000000 00:27 257824                     /usr/local/share/fonts/google-noto/NotoSans-Bold.ttf
7f2dc3f59000-7f2dc3ff4000 r--p 00000000 00:27 257824                     /usr/local/share/fonts/google-noto/NotoSans-Bold.ttf
7f2dc3ff4000-7f2dc3ff5000 r--s 00000000 00:23 7387248                    /home/bazzite/.cache/fontconfig/d7a569af8e223acb75bc30910d7ef9ed-le64.cache-9
7f2dc3ff5000-7f2dc3ff7000 r--s 00000000 00:23 12865309                   /home/bazzite/.cache/fontconfig/6b60f0e179979a2c9a4d5c4f7eefb67f-le64.cache-9
7f2dc3ff7000-7f2dc3ff8000 r--s 00000000 00:23 7387197                    /home/bazzite/.cache/fontconfig/fc75e9a4611ba4d5d1230dbca349abc2-le64.cache-9
7f2dc3ff8000-7f2dc3ff9000 r--s 00000000 00:23 12299779                   /home/bazzite/.cache/fontconfig/23ea6065a6d55ece5eb71d63bc4c9c7d-le64.cache-9
7f2dc3ff9000-7f2dc4016000 r--s 00000000 00:49 3822094                    /usr/lib/fontconfig/cache/123d59b33ddb0e7c76bb24004bd5cfac-le64.cache-9
7f2dc4016000-7f2dc401b000 r--s 00000000 00:49 1082902                    /usr/lib/fontconfig/cache/d63f98f14a274bd69a5425fc33aaac6b-le64.cache-9
7f2dc401b000-7f2dc4024000 r--s 00000000 00:49 3822092                    /usr/lib/fontconfig/cache/6ee3103884cce7b2fe6f32eba9089175-le64.cache-9
7f2dc4024000-7f2dc402d000 r--s 00000000 00:49 1085967                    /usr/lib/fontconfig/cache/6cdba951d5a16891afaaf2fee13e80e7-le64.cache-9
7f2dc402d000-7f2dc4030000 r--s 00000000 00:49 1085965                    /usr/lib/fontconfig/cache/feeafda3627faad7596d025cfacea73f-le64.cache-9
7f2dc4030000-7f2dc4033000 r--s 00000000 00:49 1082900                    /usr/lib/fontconfig/cache/18f520a508f13854f77176faf7889ae9-le64.cache-9
7f2dc4033000-7f2dc4038000 r--s 00000000 00:49 1082896                    /usr/lib/fontconfig/cache/6ec93c29005712963aaa22af1809da14-le64.cache-9
7f2dc4038000-7f2dc4055000 r--s 00000000 00:49 1082894                    /usr/lib/fontconfig/cache/876d1e5ed346defde032494815bfb839-le64.cache-9
7f2dc4055000-7f2dc4056000 r--s 00000000 00:49 1082892                    /usr/lib/fontconfig/cache/33c6bbd909a8f10851a4056c73c86d5d-le64.cache-9
7f2dc4056000-7f2dc405b000 r--s 00000000 00:49 1082890                    /usr/lib/fontconfig/cache/c7ea5600018b5457f90a75a411dca181-le64.cache-9
7f2dc405b000-7f2dc405c000 r--s 00000000 00:49 1082888                    /usr/lib/fontconfig/cache/d6ea941674ae40559d2ff3d3b7033dc5-le64.cache-9
7f2dc405c000-7f2dc405e000 r--s 00000000 00:49 1082886                    /usr/lib/fontconfig/cache/ffb01ab76ea797771fc7a567b58060b1-le64.cache-9
7f2dc405e000-7f2dc4060000 r--s 00000000 00:49 1082882                    /usr/lib/fontconfig/cache/d08f6a95540f65647c5ddb26bc5ee44f-le64.cache-9
7f2dc4060000-7f2dc4065000 r--s 00000000 00:49 1082880                    /usr/lib/fontconfig/cache/c49556cff7e1a89b25831daeff5ebdc9-le64.cache-9
7f2dc4065000-7f2dc4067000 r--s 00000000 00:49 1082878                    /usr/lib/fontconfig/cache/8705ab89d754816d59fecae72f983cbb-le64.cache-9
7f2dc4067000-7f2dc406a000 r--s 00000000 00:49 1082874                    /usr/lib/fontconfig/cache/9df9a62f46596efacd17df59faea9e12-le64.cache-9
7f2dc406a000-7f2dc4073000 r--s 00000000 00:49 1082868                    /usr/lib/fontconfig/cache/2c94c36db93ab6a338646c01dbecb342-le64.cache-9
7f2dc4073000-7f2dc40d5000 r--s 00000000 00:49 1082864                    /usr/lib/fontconfig/cache/b57f9a2bb32865a9d06aed058fcf9161-le64.cache-9
7f2dc40d5000-7f2dc40e8000 r--s 00000000 00:49 1082862                    /usr/lib/fontconfig/cache/225b3e7a21154b8bedfc9509e8cccdc5-le64.cache-9
7f2dc40e8000-7f2dc4100000 r--s 00000000 00:49 1082858                    /usr/lib/fontconfig/cache/1f8920c8d92ca109b30bca641140eeb4-le64.cache-9
7f2dc4100000-7f2dc415a000 r--s 00000000 00:49 1082852                    /usr/lib/fontconfig/cache/b73e02d9d19db59b33300e44f1f51e49-le64.cache-9
7f2dc415a000-7f2dc495b000 rw-p 00000000 00:00 0 
7f2dc49c4000-7f2dc4c67000 rw-s 00000000 00:01 28097                      /memfd:mesa-shared (deleted)
7f2dc4c67000-7f2dc4c7c000 r-xp 00000000 00:38 2567                       /tmp/lwjgl_bazzite/3.4.1+2/x64/liblwjgl_opengl.so
7f2dc4c7c000-7f2dc4cbf000 r--p 00015000 00:38 2567                       /tmp/lwjgl_bazzite/3.4.1+2/x64/liblwjgl_opengl.so
7f2dc4cbf000-7f2dc4cc0000 r--p 00057000 00:38 2567                       /tmp/lwjgl_bazzite/3.4.1+2/x64/liblwjgl_opengl.so
7f2dc4cc0000-7f2dc4cc1000 rw-p 00058000 00:38 2567                       /tmp/lwjgl_bazzite/3.4.1+2/x64/liblwjgl_opengl.so
7f2dc4cc1000-7f2dc50e4000 rw-p 00000000 00:00 0 
7f2dc50e4000-7f2dc5387000 rw-s 00000000 00:01 35942                      /memfd:mesa-shared (deleted)
7f2dc5387000-7f2dc5456000 rw-p 00000000 00:00 0 
7f2dc5456000-7f2dd5476000 rw-p 00000000 00:00 0 
7f2dd5476000-7f2dd926d000 r--p 00000000 00:49 7154802                    /usr/lib64/libLLVM.so.21.1
7f2dd926d000-7f2dddaf6000 r-xp 03df6000 00:49 7154802                    /usr/lib64/libLLVM.so.21.1
7f2dddaf6000-7f2dddd02000 r--p 0867e000 00:49 7154802                    /usr/lib64/libLLVM.so.21.1
7f2dddd02000-7f2dddd47000 rw-p 08889000 00:49 7154802                    /usr/lib64/libLLVM.so.21.1
7f2dddd47000-7f2ddddec000 rw-p 00000000 00:00 0 
7f2ddddec000-7f2ddfb5e000 r-xp 00000000 00:49 7154882                    /usr/lib64/libgallium-25.3.6.so
7f2ddfb5e000-7f2de0c77000 r--p 01d72000 00:49 7154882                    /usr/lib64/libgallium-25.3.6.so
7f2de0c77000-7f2de0dce000 r--p 02e8b000 00:49 7154882                    /usr/lib64/libgallium-25.3.6.so
7f2de0dce000-7f2de0dfc000 rw-p 02fe2000 00:49 7154882                    /usr/lib64/libgallium-25.3.6.so
7f2de0dfc000-7f2de18e9000 rw-p 00000000 00:00 0 
7f2de18e9000-7f2de1b94000 r--p 00000000 00:27 30957                      /usr/lib64/libnvidia-gpucomp.so.580.159.04
7f2de1b94000-7f2de4c82000 r-xp 002ab000 00:27 30957                      /usr/lib64/libnvidia-gpucomp.so.580.159.04
7f2de4c82000-7f2de5af2000 r--p 03399000 00:27 30957                      /usr/lib64/libnvidia-gpucomp.so.580.159.04
7f2de5af2000-7f2de5af3000 ---p 04209000 00:27 30957                      /usr/lib64/libnvidia-gpucomp.so.580.159.04
7f2de5af3000-7f2de5cca000 r--p 04209000 00:27 30957                      /usr/lib64/libnvidia-gpucomp.so.580.159.04
7f2de5cca000-7f2de5dd5000 rw-p 043e0000 00:27 30957                      /usr/lib64/libnvidia-gpucomp.so.580.159.04
7f2de5dd5000-7f2de5e75000 rw-p 00000000 00:00 0 
7f2de5e75000-7f2de60b7000 r--p 00000000 00:27 30918                      /usr/lib64/libnvidia-eglcore.so.580.159.04
7f2de60b7000-7f2de6d7b000 r-xp 00242000 00:27 30918                      /usr/lib64/libnvidia-eglcore.so.580.159.04
7f2de6d7b000-7f2de7e1d000 r--p 00f06000 00:27 30918                      /usr/lib64/libnvidia-eglcore.so.580.159.04
7f2de7e1d000-7f2de7e1e000 ---p 01fa8000 00:27 30918                      /usr/lib64/libnvidia-eglcore.so.580.159.04
7f2de7e1e000-7f2de7f96000 r--p 01fa8000 00:27 30918                      /usr/lib64/libnvidia-eglcore.so.580.159.04
7f2de7f96000-7f2de7fea000 rw-p 02120000 00:27 30918                      /usr/lib64/libnvidia-eglcore.so.580.159.04
7f2de7fea000-7f2de807e000 rw-p 00000000 00:00 0 
7f2de807e000-7f2dec000000 ---p 00000000 00:00 0 
7f2dec000000-7f2dec021000 rw-p 00000000 00:00 0 
7f2dec021000-7f2df0000000 ---p 00000000 00:00 0 
7f2df0000000-7f2df0021000 rw-p 00000000 00:00 0 
7f2df0021000-7f2df4000000 ---p 00000000 00:00 0 
7f2df4000000-7f2df4087000 rw-p 00000000 00:00 0 
7f2df4087000-7f2df8000000 ---p 00000000 00:00 0 
7f2df8000000-7f2df8021000 rw-p 00000000 00:00 0 
7f2df8021000-7f2dfc000000 ---p 00000000 00:00 0 
7f2dfc000000-7f2dfc022000 rw-p 00000000 00:00 0 
7f2dfc022000-7f2e00000000 ---p 00000000 00:00 0 
7f2e00000000-7f2e00079000 rw-p 00000000 00:00 0 
7f2e00079000-7f2e04000000 ---p 00000000 00:00 0 
7f2e04000000-7f2e04039000 rw-p 00000000 00:00 0 
7f2e04039000-7f2e08000000 ---p 00000000 00:00 0 
7f2e08000000-7f2e08021000 rw-p 00000000 00:00 0 
7f2e08021000-7f2e0c000000 ---p 00000000 00:00 0 
7f2e0c000000-7f2e0c1cd000 rw-p 00000000 00:00 0 
7f2e0c1cd000-7f2e10000000 ---p 00000000 00:00 0 
7f2e10000000-7f2e10234000 rw-p 00000000 00:00 0 
7f2e10234000-7f2e14000000 ---p 00000000 00:00 0 
7f2e14000000-7f2e14021000 rw-p 00000000 00:00 0 
7f2e14021000-7f2e18000000 ---p 00000000 00:00 0 
7f2e18000000-7f2e189c7000 rw-p 00000000 00:00 0 
7f2e189c7000-7f2e1c000000 ---p 00000000 00:00 0 
7f2e1c000000-7f2e1c17c000 rw-p 00000000 00:00 0 
7f2e1c17c000-7f2e20000000 ---p 00000000 00:00 0 
7f2e20000000-7f2e20021000 rw-p 00000000 00:00 0 
7f2e20021000-7f2e24000000 ---p 00000000 00:00 0 
7f2e24000000-7f2e24021000 rw-p 00000000 00:00 0 
7f2e24021000-7f2e28000000 ---p 00000000 00:00 0 
7f2e28000000-7f2e28021000 rw-p 00000000 00:00 0 
7f2e28021000-7f2e2c000000 ---p 00000000 00:00 0 
7f2e2c000000-7f2e2c021000 rw-p 00000000 00:00 0 
7f2e2c021000-7f2e30000000 ---p 00000000 00:00 0 
7f2e30000000-7f2e30021000 rw-p 00000000 00:00 0 
7f2e30021000-7f2e34000000 ---p 00000000 00:00 0 
7f2e34000000-7f2e34001000 r--s 00000000 00:49 1082884                    /usr/lib/fontconfig/cache/e0ab052bd3d44540ac0679a31c37147f-le64.cache-9
7f2e34001000-7f2e34002000 r--s 00000000 00:49 1082876                    /usr/lib/fontconfig/cache/e1d7114fade3104855b784d52043788b-le64.cache-9
7f2e34002000-7f2e34004000 r--s 00000000 00:49 1082872                    /usr/lib/fontconfig/cache/81f440aff8695e62538f4d4aa4dda1b9-le64.cache-9
7f2e34004000-7f2e34006000 r--s 00000000 00:49 1082870                    /usr/lib/fontconfig/cache/9ba4c59e0897ff97e9ff83765e36aba0-le64.cache-9
7f2e34006000-7f2e34007000 r--s 00000000 00:49 1082866                    /usr/lib/fontconfig/cache/149e020e1ffa29da6638c239e39df2a6-le64.cache-9
7f2e34007000-7f2e34012000 r--s 00000000 00:49 1082860                    /usr/lib/fontconfig/cache/614ccbc80639b3a6f43af8bfce0af87e-le64.cache-9
7f2e34012000-7f2e34013000 r--s 00000000 00:49 1082856                    /usr/lib/fontconfig/cache/b5adcb31ec90862990a73c9baa385b38-le64.cache-9
7f2e34013000-7f2e3401c000 r--s 00000000 00:49 1082850                    /usr/lib/fontconfig/cache/27ae899a46ebbb03076b2733a727ba91-le64.cache-9
7f2e3401c000-7f2e34020000 r--s 00000000 00:49 1082846                    /usr/lib/fontconfig/cache/44d36ec332e97361f14b43118a6bb4fa-le64.cache-9
7f2e34020000-7f2e34029000 r--s 00000000 00:49 1082842                    /usr/lib/fontconfig/cache/fc4098c50360d5dff771e984a783ba6f-le64.cache-9
7f2e34029000-7f2e3402c000 r--s 00000000 00:49 1082840                    /usr/lib/fontconfig/cache/f068ed1aed4cb4b8fd15a017c476fecc-le64.cache-9
7f2e3402c000-7f2e3402f000 r--s 00000000 00:49 1082838                    /usr/lib/fontconfig/cache/c8fe155264990cf0dc8a423973091113-le64.cache-9
7f2e3402f000-7f2e34032000 r--s 00000000 00:49 1082836                    /usr/lib/fontconfig/cache/61ea0c41d2b57119f60ea7e4839106cf-le64.cache-9
7f2e34033000-7f2e34034000 r--p 00000000 00:00 0 
7f2e34034000-7f2e34035000 r-xp 00000000 00:00 0 
7f2e34035000-7f2e34036000 r--p 00000000 00:00 0 
7f2e34036000-7f2e34037000 r-xp 00000000 00:00 0 
7f2e34037000-7f2e34038000 rw-p 00000000 00:00 0 
7f2e34038000-7f2e34039000 r--p 00000000 00:00 0 
7f2e34039000-7f2e3403a000 r-xp 00000000 00:00 0 
7f2e3403a000-7f2e3403b000 r--p 00000000 00:00 0 
7f2e3403b000-7f2e3403c000 r-xp 00000000 00:00 0 
7f2e3403c000-7f2e3403d000 rw-p 00000000 00:00 0 
7f2e3403d000-7f2e3403e000 r--p 00000000 00:00 0 
7f2e3403e000-7f2e3403f000 r-xp 00000000 00:00 0 
7f2e3403f000-7f2e34040000 rw-p 00000000 00:00 0 
7f2e34040000-7f2e34041000 r--p 00000000 00:00 0 
7f2e34041000-7f2e34042000 r-xp 00000000 00:00 0 
7f2e34042000-7f2e34043000 r--p 00000000 00:00 0 
7f2e34043000-7f2e34044000 r-xp 00000000 00:00 0 
7f2e34044000-7f2e34045000 r--p 00000000 00:00 0 
7f2e34045000-7f2e34046000 r-xp 00000000 00:00 0 
7f2e34046000-7f2e34047000 rw-p 00000000 00:00 0 
7f2e34047000-7f2e34048000 r--p 00000000 00:00 0 
7f2e34048000-7f2e34049000 r-xp 00000000 00:00 0 
7f2e34049000-7f2e3418a000 rw-s 00000000 00:23 5884                       /home/bazzite/.cache/mesa_shader_cache/index
7f2e3418a000-7f2e3419f000 r-xp 00000000 00:49 590540                     /usr/lib64/libtinfo.so.6.5
7f2e3419f000-7f2e341b2000 r--p 00015000 00:49 590540                     /usr/lib64/libtinfo.so.6.5
7f2e341b2000-7f2e341b6000 r--p 00028000 00:49 590540                     /usr/lib64/libtinfo.so.6.5
7f2e341b6000-7f2e341b7000 rw-p 0002c000 00:49 590540                     /usr/lib64/libtinfo.so.6.5
7f2e341b7000-7f2e341bc000 r-xp 00000000 00:49 1067372                    /usr/lib64/libpciaccess.so.0.11.1
7f2e341bc000-7f2e341bf000 r--p 00005000 00:49 1067372                    /usr/lib64/libpciaccess.so.0.11.1
7f2e341bf000-7f2e341c0000 r--p 00008000 00:49 1067372                    /usr/lib64/libpciaccess.so.0.11.1
7f2e341c0000-7f2e341c1000 rw-p 00000000 00:00 0 
7f2e341c1000-7f2e341e3000 r-xp 00000000 00:49 1066457                    /usr/lib64/libedit.so.0.0.76
7f2e341e3000-7f2e341f5000 r--p 00022000 00:49 1066457                    /usr/lib64/libedit.so.0.0.76
7f2e341f5000-7f2e341f7000 r--p 00034000 00:49 1066457                    /usr/lib64/libedit.so.0.0.76
7f2e341f7000-7f2e341f8000 rw-p 00036000 00:49 1066457                    /usr/lib64/libedit.so.0.0.76
7f2e341f8000-7f2e341fb000 rw-p 00000000 00:00 0 
7f2e341fb000-7f2e34213000 r-xp 00000000 00:49 7151765                    /usr/lib64/libdrm_intel.so.1.131.0
7f2e34213000-7f2e3421f000 r--p 00018000 00:49 7151765                    /usr/lib64/libdrm_intel.so.1.131.0
7f2e3421f000-7f2e34220000 r--p 00023000 00:49 7151765                    /usr/lib64/libdrm_intel.so.1.131.0
7f2e34220000-7f2e34221000 rw-p 00024000 00:49 7151765                    /usr/lib64/libdrm_intel.so.1.131.0
7f2e34221000-7f2e34235000 r-xp 00000000 00:49 7151795                    /usr/lib64/libelf-0.195.so
7f2e34235000-7f2e3423c000 r--p 00014000 00:49 7151795                    /usr/lib64/libelf-0.195.so
7f2e3423c000-7f2e3423d000 r--p 0001a000 00:49 7151795                    /usr/lib64/libelf-0.195.so
7f2e3423d000-7f2e3423e000 rw-p 00000000 00:00 0 
7f2e3423e000-7f2e34245000 r-xp 00000000 00:49 7151763                    /usr/lib64/libdrm_amdgpu.so.1.131.0
7f2e34245000-7f2e3424a000 r--p 00007000 00:49 7151763                    /usr/lib64/libdrm_amdgpu.so.1.131.0
7f2e3424a000-7f2e3424b000 r--p 0000b000 00:49 7151763                    /usr/lib64/libdrm_amdgpu.so.1.131.0
7f2e3424b000-7f2e3424c000 rw-p 00000000 00:00 0 
7f2e3424c000-7f2e3424d000 r-xp 00000000 00:49 1066452                    /usr/lib64/libxshmfence.so.1.0.0
7f2e3424d000-7f2e3424e000 r--p 00001000 00:49 1066452                    /usr/lib64/libxshmfence.so.1.0.0
7f2e3424e000-7f2e3424f000 r--p 00001000 00:49 1066452                    /usr/lib64/libxshmfence.so.1.0.0
7f2e3424f000-7f2e34250000 rw-p 00002000 00:49 1066452                    /usr/lib64/libxshmfence.so.1.0.0
7f2e34250000-7f2e34253000 r-xp 00000000 00:49 1066406                    /usr/lib64/libxcb-sync.so.1.0.0
7f2e34253000-7f2e34256000 r--p 00003000 00:49 1066406                    /usr/lib64/libxcb-sync.so.1.0.0
7f2e34256000-7f2e34257000 r--p 00006000 00:49 1066406                    /usr/lib64/libxcb-sync.so.1.0.0
7f2e34257000-7f2e34258000 rw-p 00007000 00:49 1066406                    /usr/lib64/libxcb-sync.so.1.0.0
7f2e34258000-7f2e34260000 r-xp 00000000 00:49 1066638                    /usr/lib64/libsensors.so.4.5.0
7f2e34260000-7f2e34265000 r--p 00008000 00:49 1066638                    /usr/lib64/libsensors.so.4.5.0
7f2e34265000-7f2e34266000 r--p 0000d000 00:49 1066638                    /usr/lib64/libsensors.so.4.5.0
7f2e34266000-7f2e34267000 rw-p 0000e000 00:49 1066638                    /usr/lib64/libsensors.so.4.5.0
7f2e34267000-7f2e3436a000 r-xp 00000000 00:49 7151966                    /usr/lib64/libSPIRV-Tools.so
7f2e3436a000-7f2e343f9000 r--p 00103000 00:49 7151966                    /usr/lib64/libSPIRV-Tools.so
7f2e343f9000-7f2e343fc000 r--p 00192000 00:49 7151966                    /usr/lib64/libSPIRV-Tools.so
7f2e343fc000-7f2e343fd000 rw-p 00195000 00:49 7151966                    /usr/lib64/libSPIRV-Tools.so
7f2e343fd000-7f2e344ad000 r-xp 00000000 00:49 590585                     /usr/lib64/libzstd.so.1.5.7
7f2e344ad000-7f2e344be000 r--p 000b0000 00:49 590585                     /usr/lib64/libzstd.so.1.5.7
7f2e344be000-7f2e344bf000 r--p 000c0000 00:49 590585                     /usr/lib64/libzstd.so.1.5.7
7f2e344bf000-7f2e344c0000 rw-p 00000000 00:00 0 
7f2e344c0000-7f2e344c1000 r-xp 00000000 00:49 1066390                    /usr/lib64/libxcb-present.so.0.0.0
7f2e344c1000-7f2e344c3000 r--p 00001000 00:49 1066390                    /usr/lib64/libxcb-present.so.0.0.0
7f2e344c3000-7f2e344c4000 r--p 00002000 00:49 1066390                    /usr/lib64/libxcb-present.so.0.0.0
7f2e344c4000-7f2e344c5000 rw-p 00003000 00:49 1066390                    /usr/lib64/libxcb-present.so.0.0.0
7f2e344c5000-7f2e344c7000 r-xp 00000000 00:49 1066386                    /usr/lib64/libxcb-dri3.so.0.1.0
7f2e344c7000-7f2e344c9000 r--p 00002000 00:49 1066386                    /usr/lib64/libxcb-dri3.so.0.1.0
7f2e344c9000-7f2e344ca000 r--p 00004000 00:49 1066386                    /usr/lib64/libxcb-dri3.so.0.1.0
7f2e344ca000-7f2e344cb000 rw-p 00005000 00:49 1066386                    /usr/lib64/libxcb-dri3.so.0.1.0
7f2e344cb000-7f2e344ce000 r-xp 00000000 00:49 1066410                    /usr/lib64/libxcb-xfixes.so.0.0.0
7f2e344ce000-7f2e344d2000 r--p 00003000 00:49 1066410                    /usr/lib64/libxcb-xfixes.so.0.0.0
7f2e344d2000-7f2e344d3000 r--p 00007000 00:49 1066410                    /usr/lib64/libxcb-xfixes.so.0.0.0
7f2e344d3000-7f2e344d4000 rw-p 00008000 00:49 1066410                    /usr/lib64/libxcb-xfixes.so.0.0.0
7f2e344d4000-7f2e344da000 r-xp 00000000 00:49 1066392                    /usr/lib64/libxcb-randr.so.0.1.0
7f2e344da000-7f2e344e4000 r--p 00006000 00:49 1066392                    /usr/lib64/libxcb-randr.so.0.1.0
7f2e344e4000-7f2e344e5000 r--p 00010000 00:49 1066392                    /usr/lib64/libxcb-randr.so.0.1.0
7f2e344e5000-7f2e344e6000 rw-p 00011000 00:49 1066392                    /usr/lib64/libxcb-randr.so.0.1.0
7f2e344e6000-7f2e344e7000 r-xp 00000000 00:49 7151793                    /usr/lib64/libX11-xcb.so.1.0.0
7f2e344e7000-7f2e344e8000 r--p 00001000 00:49 7151793                    /usr/lib64/libX11-xcb.so.1.0.0
7f2e344e8000-7f2e344e9000 r--p 00001000 00:49 7151793                    /usr/lib64/libX11-xcb.so.1.0.0
7f2e344e9000-7f2e344ea000 rw-p 00000000 00:00 0 
7f2e344ea000-7f2e34512000 r-xp 00000000 00:49 7173565                    /usr/lib64/libEGL_mesa.so.0.0.0
7f2e34512000-7f2e34529000 r--p 00028000 00:49 7173565                    /usr/lib64/libEGL_mesa.so.0.0.0
7f2e34529000-7f2e34535000 r--p 0003f000 00:49 7173565                    /usr/lib64/libEGL_mesa.so.0.0.0
7f2e34535000-7f2e34536000 rw-p 0004b000 00:49 7173565                    /usr/lib64/libEGL_mesa.so.0.0.0
7f2e34536000-7f2e34537000 r--s 00000000 00:49 1082854                    /usr/lib/fontconfig/cache/e7c90c5d6650b542ec5033b04921fa77-le64.cache-9
7f2e34537000-7f2e34538000 r--s 00000000 00:49 1082848                    /usr/lib/fontconfig/cache/a5f2dcfa2bf6574e3790e0d984f4cd62-le64.cache-9
7f2e34538000-7f2e3453d000 r--s 00000000 00:49 1083501                    /usr/lib/fontconfig/cache/beeeeb3dfe132a8a0633a017c99ce0c0-le64.cache-9
7f2e3453d000-7f2e3453e000 r--p 00000000 00:00 0 
7f2e3453e000-7f2e3453f000 r-xp 00000000 00:00 0 
7f2e3453f000-7f2e34540000 r--p 00000000 00:00 0 
7f2e34540000-7f2e34541000 r-xp 00000000 00:00 0 
7f2e34541000-7f2e3455f000 r-xp 00000000 00:49 1066326                    /usr/lib64/libexpat.so.1.11.1
7f2e3455f000-7f2e34569000 r--p 0001e000 00:49 1066326                    /usr/lib64/libexpat.so.1.11.1
7f2e34569000-7f2e3456b000 r--p 00027000 00:49 1066326                    /usr/lib64/libexpat.so.1.11.1
7f2e3456b000-7f2e3456c000 rw-p 00000000 00:00 0 
7f2e3456c000-7f2e3457c000 r--p 00000000 00:27 30947                      /usr/lib64/libnvidia-glsi.so.580.159.04
7f2e3457c000-7f2e345dc000 r-xp 00010000 00:27 30947                      /usr/lib64/libnvidia-glsi.so.580.159.04
7f2e345dc000-7f2e345f9000 r--p 00070000 00:27 30947                      /usr/lib64/libnvidia-glsi.so.580.159.04
7f2e345f9000-7f2e345ff000 r--p 0008c000 00:27 30947                      /usr/lib64/libnvidia-glsi.so.580.159.04
7f2e345ff000-7f2e34600000 rw-p 00092000 00:27 30947                      /usr/lib64/libnvidia-glsi.so.580.159.04
7f2e34600000-7f2e34608000 rw-p 00000000 00:00 0 
7f2e34608000-7f2e3463c000 r--p 00000000 00:27 21359                      /usr/lib64/libEGL_nvidia.so.0
7f2e3463c000-7f2e346d3000 r-xp 00034000 00:27 21359                      /usr/lib64/libEGL_nvidia.so.0
7f2e346d3000-7f2e34727000 r--p 000cb000 00:27 21359                      /usr/lib64/libEGL_nvidia.so.0
7f2e34727000-7f2e34728000 ---p 0011f000 00:27 21359                      /usr/lib64/libEGL_nvidia.so.0
7f2e34728000-7f2e34730000 r--p 0011f000 00:27 21359                      /usr/lib64/libEGL_nvidia.so.0
7f2e34730000-7f2e34746000 rw-p 00127000 00:27 21359                      /usr/lib64/libEGL_nvidia.so.0
7f2e34746000-7f2e3474b000 rw-p 00000000 00:00 0 
7f2e3474b000-7f2e3478a000 r-xp 00000000 00:49 1070050                    /usr/lib64/libGLdispatch.so.0.0.0
7f2e3478a000-7f2e3479e000 r--p 0003f000 00:49 1070050                    /usr/lib64/libGLdispatch.so.0.0.0
7f2e3479e000-7f2e347ba000 r--p 00053000 00:49 1070050                    /usr/lib64/libGLdispatch.so.0.0.0
7f2e347ba000-7f2e347bb000 rw-p 0006f000 00:49 1070050                    /usr/lib64/libGLdispatch.so.0.0.0
7f2e347bb000-7f2e347c3000 rw-p 00000000 00:00 0 
7f2e347c3000-7f2e357c5000 rw-p 00000000 00:00 0 
7f2e357c5000-7f2e357c9000 ---p 00000000 00:00 0 
7f2e357c9000-7f2e360c6000 rw-p 00000000 00:00 0 
7f2e360c6000-7f2e3611e000 r-xp 00000000 00:49 7156432                    /usr/lib64/spa-0.2/audioconvert/libspa-audioconvert.so
7f2e3611e000-7f2e36186000 r--p 00058000 00:49 7156432                    /usr/lib64/spa-0.2/audioconvert/libspa-audioconvert.so
7f2e36186000-7f2e3618d000 r--p 000c0000 00:49 7156432                    /usr/lib64/spa-0.2/audioconvert/libspa-audioconvert.so
7f2e3618d000-7f2e36190000 rw-p 000c7000 00:49 7156432                    /usr/lib64/spa-0.2/audioconvert/libspa-audioconvert.so
7f2e36190000-7f2e44000000 r--p 00000000 00:49 7173786                    /usr/lib/locale/locale-archive
7f2e44000000-7f2e44021000 rw-p 00000000 00:00 0 
7f2e44021000-7f2e48000000 ---p 00000000 00:00 0 
7f2e48000000-7f2e48001000 r--p 00000000 00:00 0 
7f2e48001000-7f2e48002000 r-xp 00000000 00:00 0 
7f2e48002000-7f2e48003000 r--p 00000000 00:00 0 
7f2e48003000-7f2e4800c000 rw-s 00008000 00:01 33163                      /memfd:pipewire-memfd:flags=0x0000000f,type=2,size=65664 (deleted)
7f2e4800c000-7f2e48015000 rw-s 00000000 00:01 33163                      /memfd:pipewire-memfd:flags=0x0000000f,type=2,size=65664 (deleted)
7f2e48015000-7f2e4801e000 rw-s 00008000 00:01 33162                      /memfd:pipewire-memfd:flags=0x0000000f,type=2,size=65664 (deleted)
7f2e4801e000-7f2e4802b000 r-xp 00000000 00:49 7151761                    /usr/lib64/libdrm.so.2.131.0
7f2e4802b000-7f2e48033000 r--p 0000d000 00:49 7151761                    /usr/lib64/libdrm.so.2.131.0
7f2e48033000-7f2e48034000 r--p 00015000 00:49 7151761                    /usr/lib64/libdrm.so.2.131.0
7f2e48034000-7f2e48035000 rw-p 00000000 00:00 0 
7f2e48035000-7f2e48037000 r-xp 00000000 00:49 7154887                    /usr/lib64/libgbm.so.1.0.0
7f2e48037000-7f2e48039000 r--p 00002000 00:49 7154887                    /usr/lib64/libgbm.so.1.0.0
7f2e48039000-7f2e4803a000 r--p 00003000 00:49 7154887                    /usr/lib64/libgbm.so.1.0.0
7f2e4803a000-7f2e4803b000 rw-p 00004000 00:49 7154887                    /usr/lib64/libgbm.so.1.0.0
7f2e48042000-7f2e4804c000 r-xp 00000000 00:49 1070058                    /usr/lib64/libEGL.so.1.1.0
7f2e4804c000-7f2e48051000 r--p 0000a000 00:49 1070058                    /usr/lib64/libEGL.so.1.1.0
7f2e48051000-7f2e48052000 r--p 0000e000 00:49 1070058                    /usr/lib64/libEGL.so.1.1.0
7f2e48052000-7f2e48053000 rw-p 0000f000 00:49 1070058                    /usr/lib64/libEGL.so.1.1.0
7f2e48053000-7f2e48054000 r-xp 00000000 00:00 0 
7f2e48054000-7f2e48055000 r--p 00000000 00:00 0 
7f2e48055000-7f2e4805e000 rw-s 00000000 00:01 33162                      /memfd:pipewire-memfd:flags=0x0000000f,type=2,size=65664 (deleted)
7f2e4805e000-7f2e49861000 rw-p 00000000 00:00 0 
7f2e49861000-7f2e4987f000 r-xp 00000000 00:49 7156420                    /usr/lib64/pipewire-0.3/libpipewire-module-session-manager.so
7f2e4987f000-7f2e49885000 r--p 0001e000 00:49 7156420                    /usr/lib64/pipewire-0.3/libpipewire-module-session-manager.so
7f2e49885000-7f2e49887000 r--p 00024000 00:49 7156420                    /usr/lib64/pipewire-0.3/libpipewire-module-session-manager.so
7f2e49887000-7f2e49888000 rw-p 00000000 00:00 0 
7f2e49888000-7f2e49892000 r-xp 00000000 00:49 7156402                    /usr/lib64/pipewire-0.3/libpipewire-module-metadata.so
7f2e49892000-7f2e49895000 r--p 0000a000 00:49 7156402                    /usr/lib64/pipewire-0.3/libpipewire-module-metadata.so
7f2e49895000-7f2e49896000 r--p 0000d000 00:49 7156402                    /usr/lib64/pipewire-0.3/libpipewire-module-metadata.so
7f2e49896000-7f2e49897000 rw-p 0000e000 00:49 7156402                    /usr/lib64/pipewire-0.3/libpipewire-module-metadata.so
7f2e49897000-7f2e4989b000 r-xp 00000000 00:49 7156392                    /usr/lib64/pipewire-0.3/libpipewire-module-adapter.so
7f2e4989b000-7f2e4989e000 r--p 00004000 00:49 7156392                    /usr/lib64/pipewire-0.3/libpipewire-module-adapter.so
7f2e4989e000-7f2e4989f000 r--p 00007000 00:49 7156392                    /usr/lib64/pipewire-0.3/libpipewire-module-adapter.so
7f2e4989f000-7f2e498a0000 rw-p 00008000 00:49 7156392                    /usr/lib64/pipewire-0.3/libpipewire-module-adapter.so
7f2e498a0000-7f2e498ac000 r-xp 00000000 00:49 7156394                    /usr/lib64/pipewire-0.3/libpipewire-module-client-device.so
7f2e498ac000-7f2e498af000 r--p 0000c000 00:49 7156394                    /usr/lib64/pipewire-0.3/libpipewire-module-client-device.so
7f2e498af000-7f2e498b0000 r--p 0000e000 00:49 7156394                    /usr/lib64/pipewire-0.3/libpipewire-module-client-device.so
7f2e498b0000-7f2e498b1000 rw-p 0000f000 00:49 7156394                    /usr/lib64/pipewire-0.3/libpipewire-module-client-device.so
7f2e498b1000-7f2e498d5000 r-xp 00000000 00:49 7156395                    /usr/lib64/pipewire-0.3/libpipewire-module-client-node.so
7f2e498d5000-7f2e498dd000 r--p 00024000 00:49 7156395                    /usr/lib64/pipewire-0.3/libpipewire-module-client-node.so
7f2e498dd000-7f2e498df000 r--p 0002c000 00:49 7156395                    /usr/lib64/pipewire-0.3/libpipewire-module-client-node.so
7f2e498df000-7f2e498e0000 rw-p 0002e000 00:49 7156395                    /usr/lib64/pipewire-0.3/libpipewire-module-client-node.so
7f2e498e0000-7f2e49903000 r-xp 00000000 00:49 7156409                    /usr/lib64/pipewire-0.3/libpipewire-module-protocol-native.so
7f2e49903000-7f2e49912000 r--p 00023000 00:49 7156409                    /usr/lib64/pipewire-0.3/libpipewire-module-protocol-native.so
7f2e49912000-7f2e49922000 r--p 00031000 00:49 7156409                    /usr/lib64/pipewire-0.3/libpipewire-module-protocol-native.so
7f2e49922000-7f2e49923000 rw-p 00041000 00:49 7156409                    /usr/lib64/pipewire-0.3/libpipewire-module-protocol-native.so
7f2e49923000-7f2e4a124000 rw-p 00000000 00:00 0 
7f2e4a124000-7f2e4a128000 r-xp 00000000 00:49 7156414                    /usr/lib64/pipewire-0.3/libpipewire-module-rt.so
7f2e4a128000-7f2e4a12b000 r--p 00004000 00:49 7156414                    /usr/lib64/pipewire-0.3/libpipewire-module-rt.so
7f2e4a12b000-7f2e4a12c000 r--p 00007000 00:49 7156414                    /usr/lib64/pipewire-0.3/libpipewire-module-rt.so
7f2e4a12c000-7f2e4a12d000 rw-p 00008000 00:49 7156414                    /usr/lib64/pipewire-0.3/libpipewire-module-rt.so
7f2e4a12d000-7f2e4a146000 r-xp 00000000 00:49 7156452                    /usr/lib64/spa-0.2/support/libspa-support.so
7f2e4a146000-7f2e4a14d000 r--p 00019000 00:49 7156452                    /usr/lib64/spa-0.2/support/libspa-support.so
7f2e4a14d000-7f2e4a14f000 r--p 0001f000 00:49 7156452                    /usr/lib64/spa-0.2/support/libspa-support.so
7f2e4a14f000-7f2e4a150000 rw-p 00021000 00:49 7156452                    /usr/lib64/spa-0.2/support/libspa-support.so
7f2e4a150000-7f2e4a1cc000 r-xp 00000000 00:49 7156390                    /usr/lib64/libpipewire-0.3.so.0.1411.0
7f2e4a1cc000-7f2e4a1f3000 r--p 0007c000 00:49 7156390                    /usr/lib64/libpipewire-0.3.so.0.1411.0
7f2e4a1f3000-7f2e4a210000 r--p 000a3000 00:49 7156390                    /usr/lib64/libpipewire-0.3.so.0.1411.0
7f2e4a210000-7f2e4a211000 rw-p 000c0000 00:49 7156390                    /usr/lib64/libpipewire-0.3.so.0.1411.0
7f2e4a211000-7f2e4a212000 rw-p 00000000 00:00 0 
7f2e4a212000-7f2e4a353000 r-xp 00000000 00:49 7151663                    /usr/lib64/libstdc++.so.6.0.34
7f2e4a353000-7f2e4a473000 r--p 00141000 00:49 7151663                    /usr/lib64/libstdc++.so.6.0.34
7f2e4a473000-7f2e4a484000 r--p 00260000 00:49 7151663                    /usr/lib64/libstdc++.so.6.0.34
7f2e4a484000-7f2e4a485000 rw-p 00271000 00:49 7151663                    /usr/lib64/libstdc++.so.6.0.34
7f2e4a485000-7f2e4a489000 rw-p 00000000 00:00 0 
7f2e4a489000-7f2e4a5e1000 r-xp 00000000 00:38 2566                       /tmp/lwjgl_bazzite/3.4.1+2/x64/libopenal.so
7f2e4a5e1000-7f2e4a67b000 r--p 00158000 00:38 2566                       /tmp/lwjgl_bazzite/3.4.1+2/x64/libopenal.so
7f2e4a67b000-7f2e4a685000 r--p 001f2000 00:38 2566                       /tmp/lwjgl_bazzite/3.4.1+2/x64/libopenal.so
7f2e4a685000-7f2e4a686000 rw-p 001fc000 00:38 2566                       /tmp/lwjgl_bazzite/3.4.1+2/x64/libopenal.so
7f2e4a686000-7f2e4a76a000 rw-p 00000000 00:00 0 
7f2e4a76a000-7f2e4a85a000 rw-s 00000000 00:01 34244                      /memfd:wayland-cursor (deleted)
7f2e4a85a000-7f2e4a92a000 rw-s 00000000 00:01 34243                      /memfd:wayland-cursor (deleted)
7f2e4a92a000-7f2e4a970000 r-xp 00000000 00:49 1069695                    /usr/lib64/liblcms2.so.2.0.16
7f2e4a970000-7f2e4a98b000 r--p 00046000 00:49 1069695                    /usr/lib64/liblcms2.so.2.0.16
7f2e4a98b000-7f2e4a98e000 r--p 00060000 00:49 1069695                    /usr/lib64/liblcms2.so.2.0.16
7f2e4a98e000-7f2e4a991000 rw-p 00063000 00:49 1069695                    /usr/lib64/liblcms2.so.2.0.16
7f2e4a991000-7f2e4a992000 rw-p 00000000 00:00 0 
7f2e4a992000-7f2e4aaca000 r-xp 00000000 00:49 590523                     /usr/lib64/libsqlite3.so.3.50.2
7f2e4aaca000-7f2e4ab03000 r--p 00138000 00:49 590523                     /usr/lib64/libsqlite3.so.3.50.2
7f2e4ab03000-7f2e4ab07000 r--p 00170000 00:49 590523                     /usr/lib64/libsqlite3.so.3.50.2
7f2e4ab07000-7f2e4ab0b000 rw-p 00174000 00:49 590523                     /usr/lib64/libsqlite3.so.3.50.2
7f2e4ab0b000-7f2e4ab0c000 rw-p 00000000 00:00 0 
7f2e4ab0c000-7f2e4ae57000 r-xp 00000000 00:49 7154507                    /usr/lib64/libglycin-2.so.0
7f2e4ae57000-7f2e4af10000 r--p 0034b000 00:49 7154507                    /usr/lib64/libglycin-2.so.0
7f2e4af10000-7f2e4af29000 r--p 00403000 00:49 7154507                    /usr/lib64/libglycin-2.so.0
7f2e4af29000-7f2e4af2c000 rw-p 0041c000 00:49 7154507                    /usr/lib64/libglycin-2.so.0
7f2e4af2c000-7f2e4afad000 r-xp 00000000 00:49 1078632                    /usr/lib64/libtinysparql-3.0.so.0.1001.0
7f2e4afad000-7f2e4aff1000 r--p 00081000 00:49 1078632                    /usr/lib64/libtinysparql-3.0.so.0.1001.0
7f2e4aff1000-7f2e4afff000 r--p 000c5000 00:49 1078632                    /usr/lib64/libtinysparql-3.0.so.0.1001.0
7f2e4afff000-7f2e4b000000 rw-p 000d3000 00:49 1078632                    /usr/lib64/libtinysparql-3.0.so.0.1001.0
7f2e4b000000-7f2e4b240000 rw-p 00000000 00:00 0 
7f2e4b240000-7f2e4b400000 ---p 00000000 00:00 0 
7f2e4b400000-7f2e4b9d0000 rw-p 00000000 00:00 0 
7f2e4b9d0000-7f2e4f000000 ---p 00000000 00:00 0 
7f2e4f000000-7f2e4f482000 rw-p 00001000 00:49 7160503                    /usr/lib/jvm/java-21-openjdk/lib/server/classes.jsa
7f2e4f482000-7f2e4fc9d000 rw-p 00483000 00:49 7160503                    /usr/lib/jvm/java-21-openjdk/lib/server/classes.jsa
7f2e4fc9d000-7f2e50000000 ---p 00000000 00:00 0 
7f2e50000000-7f2e50040000 rw-p 00000000 00:00 0 
7f2e50040000-7f2e50070000 rw-p 00000000 00:00 0 
7f2e50070000-7f2e50080000 ---p 00000000 00:00 0 
7f2e50080000-7f2e500e0000 rw-p 00000000 00:00 0 
7f2e500e0000-7f2e90000000 ---p 00000000 00:00 0 
7f2e90000000-7f2e90021000 rw-p 00000000 00:00 0 
7f2e90021000-7f2e94000000 ---p 00000000 00:00 0 
7f2e94000000-7f2e94021000 rw-p 00000000 00:00 0 
7f2e94021000-7f2e98000000 ---p 00000000 00:00 0 
7f2e98000000-7f2e98021000 rw-p 00000000 00:00 0 
7f2e98021000-7f2e9c000000 ---p 00000000 00:00 0 
7f2e9c000000-7f2e9c001000 r-xp 00000000 00:00 0 
7f2e9c001000-7f2e9c002000 r--p 00000000 00:00 0 
7f2e9c002000-7f2e9c012000 r-xp 00000000 00:49 1069856                    /usr/lib64/libseccomp.so.2.6.0
7f2e9c012000-7f2e9c02c000 r--p 00010000 00:49 1069856                    /usr/lib64/libseccomp.so.2.6.0
7f2e9c02c000-7f2e9c02d000 r--p 0002a000 00:49 1069856                    /usr/lib64/libseccomp.so.2.6.0
7f2e9c02d000-7f2e9c02e000 rw-p 0002b000 00:49 1069856                    /usr/lib64/libseccomp.so.2.6.0
7f2e9c02e000-7f2e9c046000 r-xp 00000000 00:49 1069644                    /usr/lib64/libjson-glib-1.0.so.0.1000.8
7f2e9c046000-7f2e9c057000 r--p 00018000 00:49 1069644                    /usr/lib64/libjson-glib-1.0.so.0.1000.8
7f2e9c057000-7f2e9c058000 r--p 00029000 00:49 1069644                    /usr/lib64/libjson-glib-1.0.so.0.1000.8
7f2e9c058000-7f2e9c059000 rw-p 00000000 00:00 0 
7f2e9c059000-7f2e9c075000 r-xp 00000000 00:49 7163058                    /usr/lib64/libatspi.so.0.0.1
7f2e9c075000-7f2e9c08f000 r--p 0001c000 00:49 7163058                    /usr/lib64/libatspi.so.0.0.1
7f2e9c08f000-7f2e9c093000 r--p 00036000 00:49 7163058                    /usr/lib64/libatspi.so.0.0.1
7f2e9c093000-7f2e9c094000 rw-p 0003a000 00:49 7163058                    /usr/lib64/libatspi.so.0.0.1
7f2e9c094000-7f2e9c095000 r-xp 00000000 00:49 1081827                    /usr/lib64/libXinerama.so.1.0.0
7f2e9c095000-7f2e9c096000 r--p 00001000 00:49 1081827                    /usr/lib64/libXinerama.so.1.0.0
7f2e9c096000-7f2e9c097000 r--p 00001000 00:49 1081827                    /usr/lib64/libXinerama.so.1.0.0
7f2e9c097000-7f2e9c098000 rw-p 00002000 00:49 1081827                    /usr/lib64/libXinerama.so.1.0.0
7f2e9c098000-7f2e9c0a0000 r-xp 00000000 00:49 1070474                    /usr/lib64/libXrandr.so.2.2.0
7f2e9c0a0000-7f2e9c0a3000 r--p 00008000 00:49 1070474                    /usr/lib64/libXrandr.so.2.2.0
7f2e9c0a3000-7f2e9c0a4000 r--p 0000a000 00:49 1070474                    /usr/lib64/libXrandr.so.2.2.0
7f2e9c0a4000-7f2e9c0a5000 rw-p 0000b000 00:49 1070474                    /usr/lib64/libXrandr.so.2.2.0
7f2e9c0a5000-7f2e9c0a6000 r-xp 00000000 00:49 1070270                    /usr/lib64/libXcomposite.so.1.0.0
7f2e9c0a6000-7f2e9c0a7000 r--p 00001000 00:49 1070270                    /usr/lib64/libXcomposite.so.1.0.0
7f2e9c0a7000-7f2e9c0a8000 r--p 00001000 00:49 1070270                    /usr/lib64/libXcomposite.so.1.0.0
7f2e9c0a8000-7f2e9c0a9000 rw-p 00000000 00:00 0 
7f2e9c0a9000-7f2e9c0b0000 r-xp 00000000 00:49 1070370                    /usr/lib64/libXcursor.so.1.0.2
7f2e9c0b0000-7f2e9c0b4000 r--p 00007000 00:49 1070370                    /usr/lib64/libXcursor.so.1.0.2
7f2e9c0b4000-7f2e9c0b5000 r--p 0000b000 00:49 1070370                    /usr/lib64/libXcursor.so.1.0.2
7f2e9c0b5000-7f2e9c0b6000 rw-p 00000000 00:00 0 
7f2e9c0b6000-7f2e9c0b9000 r-xp 00000000 00:49 1069885                    /usr/lib64/libXfixes.so.3.1.0
7f2e9c0b9000-7f2e9c0bb000 r--p 00003000 00:49 1069885                    /usr/lib64/libXfixes.so.3.1.0
7f2e9c0bb000-7f2e9c0bc000 r--p 00004000 00:49 1069885                    /usr/lib64/libXfixes.so.3.1.0
7f2e9c0bc000-7f2e9c0bd000 rw-p 00005000 00:49 1069885                    /usr/lib64/libXfixes.so.3.1.0
7f2e9c0bd000-7f2e9c0c9000 r-xp 00000000 00:49 1081818                    /usr/lib64/libcloudproviders.so.0.3.6
7f2e9c0c9000-7f2e9c0d4000 r--p 0000c000 00:49 1081818                    /usr/lib64/libcloudproviders.so.0.3.6
7f2e9c0d4000-7f2e9c0d5000 r--p 00017000 00:49 1081818                    /usr/lib64/libcloudproviders.so.0.3.6
7f2e9c0d5000-7f2e9c0d6000 rw-p 00018000 00:49 1081818                    /usr/lib64/libcloudproviders.so.0.3.6
7f2e9c0d6000-7f2e9c0f2000 r-xp 00000000 00:49 7163083                    /usr/lib64/libatk-bridge-2.0.so.0.0.0
7f2e9c0f2000-7f2e9c10f000 r--p 0001c000 00:49 7163083                    /usr/lib64/libatk-bridge-2.0.so.0.0.0
7f2e9c10f000-7f2e9c111000 r--p 00039000 00:49 7163083                    /usr/lib64/libatk-bridge-2.0.so.0.0.0
7f2e9c111000-7f2e9c113000 rw-p 0003b000 00:49 7163083                    /usr/lib64/libatk-bridge-2.0.so.0.0.0
7f2e9c113000-7f2e9c120000 r-xp 00000000 00:49 1069808                    /usr/lib64/libXi.so.6.1.0
7f2e9c120000-7f2e9c124000 r--p 0000d000 00:49 1069808                    /usr/lib64/libXi.so.6.1.0
7f2e9c124000-7f2e9c125000 r--p 00011000 00:49 1069808                    /usr/lib64/libXi.so.6.1.0
7f2e9c125000-7f2e9c126000 rw-p 00012000 00:49 1069808                    /usr/lib64/libXi.so.6.1.0
7f2e9c126000-7f2e9c193000 r-xp 00000000 00:49 1081809                    /usr/lib64/libepoxy.so.0.0.0
7f2e9c193000-7f2e9c223000 r--p 0006d000 00:49 1081809                    /usr/lib64/libepoxy.so.0.0.0
7f2e9c223000-7f2e9c22b000 r--p 000fc000 00:49 1081809                    /usr/lib64/libepoxy.so.0.0.0
7f2e9c22b000-7f2e9c232000 rw-p 00104000 00:49 1081809                    /usr/lib64/libepoxy.so.0.0.0
7f2e9c232000-7f2e9c242000 r-xp 00000000 00:49 7163075                    /usr/lib64/libatk-1.0.so.0.25814.1
7f2e9c242000-7f2e9c254000 r--p 00010000 00:49 7163075                    /usr/lib64/libatk-1.0.so.0.25814.1
7f2e9c254000-7f2e9c257000 r--p 00021000 00:49 7163075                    /usr/lib64/libatk-1.0.so.0.25814.1
7f2e9c257000-7f2e9c258000 rw-p 00024000 00:49 7163075                    /usr/lib64/libatk-1.0.so.0.25814.1
7f2e9c258000-7f2e9c274000 r-xp 00000000 00:49 7154515                    /usr/lib64/libgdk_pixbuf-2.0.so.0.4400.4
7f2e9c274000-7f2e9c283000 r--p 0001c000 00:49 7154515                    /usr/lib64/libgdk_pixbuf-2.0.so.0.4400.4
7f2e9c283000-7f2e9c285000 r--p 0002a000 00:49 7154515                    /usr/lib64/libgdk_pixbuf-2.0.so.0.4400.4
7f2e9c285000-7f2e9c286000 rw-p 0002c000 00:49 7154515                    /usr/lib64/libgdk_pixbuf-2.0.so.0.4400.4
7f2e9c286000-7f2e9c288000 r-xp 00000000 00:49 1082923                    /usr/lib64/libcairo-gobject.so.2.11804.4
7f2e9c288000-7f2e9c28c000 r--p 00002000 00:49 1082923                    /usr/lib64/libcairo-gobject.so.2.11804.4
7f2e9c28c000-7f2e9c28e000 r--p 00005000 00:49 1082923                    /usr/lib64/libcairo-gobject.so.2.11804.4
7f2e9c28e000-7f2e9c28f000 rw-p 00000000 00:00 0 
7f2e9c28f000-7f2e9c31c000 r-xp 00000000 00:49 7163107                    /usr/lib64/libgdk-3.so.0.2420.32
7f2e9c31c000-7f2e9c37d000 r--p 0008d000 00:49 7163107                    /usr/lib64/libgdk-3.so.0.2420.32
7f2e9c37d000-7f2e9c387000 r--p 000ed000 00:49 7163107                    /usr/lib64/libgdk-3.so.0.2420.32
7f2e9c387000-7f2e9c389000 rw-p 000f7000 00:49 7163107                    /usr/lib64/libgdk-3.so.0.2420.32
7f2e9c389000-7f2e9c741000 r-xp 00000000 00:49 7163109                    /usr/lib64/libgtk-3.so.0.2420.32
7f2e9c741000-7f2e9ca75000 r--p 003b8000 00:49 7163109                    /usr/lib64/libgtk-3.so.0.2420.32
7f2e9ca75000-7f2e9ca88000 r--p 006eb000 00:49 7163109                    /usr/lib64/libgtk-3.so.0.2420.32
7f2e9ca88000-7f2e9ca8a000 rw-p 006fe000 00:49 7163109                    /usr/lib64/libgtk-3.so.0.2420.32
7f2e9ca8a000-7f2e9ca8f000 rw-p 00000000 00:00 0 
7f2e9ca8f000-7f2e9ca90000 r-xp 00000000 00:00 0 
7f2e9ca90000-7f2e9ca91000 r--p 00000000 00:00 0 
7f2e9ca91000-7f2e9ca92000 r-xp 00000000 00:00 0 
7f2e9ca92000-7f2e9ca99000 r--s 00000000 00:49 7176855                    /usr/lib64/gconv/gconv-modules.cache
7f2e9ca99000-7f2e9ca9c000 r-xp 00000000 00:49 7156450                    /usr/lib64/spa-0.2/support/libspa-dbus.so
7f2e9ca9c000-7f2e9ca9e000 r--p 00003000 00:49 7156450                    /usr/lib64/spa-0.2/support/libspa-dbus.so
7f2e9ca9e000-7f2e9ca9f000 r--p 00004000 00:49 7156450                    /usr/lib64/spa-0.2/support/libspa-dbus.so
7f2e9ca9f000-7f2e9caa0000 rw-p 00005000 00:49 7156450                    /usr/lib64/spa-0.2/support/libspa-dbus.so
7f2e9caa0000-7f2e9caa1000 r-xp 00000000 00:49 590297                     /usr/lib64/libbrotlicommon.so.1.2.0
7f2e9caa1000-7f2e9cac1000 r--p 00001000 00:49 590297                     /usr/lib64/libbrotlicommon.so.1.2.0
7f2e9cac1000-7f2e9cac2000 r--p 00020000 00:49 590297                     /usr/lib64/libbrotlicommon.so.1.2.0
7f2e9cac2000-7f2e9cac3000 rw-p 00000000 00:00 0 
7f2e9cac3000-7f2e9cae9000 r-xp 00000000 00:49 7151705                    /usr/lib64/libblkid.so.1.1.0
7f2e9cae9000-7f2e9caf6000 r--p 00026000 00:49 7151705                    /usr/lib64/libblkid.so.1.1.0
7f2e9caf6000-7f2e9cafc000 r--p 00033000 00:49 7151705                    /usr/lib64/libblkid.so.1.1.0
7f2e9cafc000-7f2e9cafd000 rw-p 00039000 00:49 7151705                    /usr/lib64/libblkid.so.1.1.0
7f2e9cafd000-7f2e9cb22000 r-xp 00000000 00:49 590433                     /usr/lib64/liblzma.so.5.8.1
7f2e9cb22000-7f2e9cb30000 r--p 00025000 00:49 590433                     /usr/lib64/liblzma.so.5.8.1
7f2e9cb30000-7f2e9cb31000 r--p 00033000 00:49 590433                     /usr/lib64/liblzma.so.5.8.1
7f2e9cb31000-7f2e9cb32000 rw-p 00034000 00:49 590433                     /usr/lib64/liblzma.so.5.8.1
7f2e9cb32000-7f2e9cb55000 r-xp 00000000 00:49 6195619                    /usr/lib64/libgcc_s-15-20260123.so.1
7f2e9cb55000-7f2e9cb5c000 r--p 00023000 00:49 6195619                    /usr/lib64/libgcc_s-15-20260123.so.1
7f2e9cb5c000-7f2e9cb5d000 r--p 0002a000 00:49 6195619                    /usr/lib64/libgcc_s-15-20260123.so.1
7f2e9cb5d000-7f2e9cb5e000 rw-p 00000000 00:00 0 
7f2e9cb5e000-7f2e9cb64000 r-xp 00000000 00:49 7151721                    /usr/lib64/libcap.so.2.76
7f2e9cb64000-7f2e9cb68000 r--p 00006000 00:49 7151721                    /usr/lib64/libcap.so.2.76
7f2e9cb68000-7f2e9cb69000 r--p 00009000 00:49 7151721                    /usr/lib64/libcap.so.2.76
7f2e9cb69000-7f2e9cb6a000 rw-p 0000a000 00:49 7151721                    /usr/lib64/libcap.so.2.76
7f2e9cb6a000-7f2e9cb6c000 r-xp 00000000 00:49 1066338                    /usr/lib64/libXau.so.6.0.0
7f2e9cb6c000-7f2e9cb6d000 r--p 00002000 00:49 1066338                    /usr/lib64/libXau.so.6.0.0
7f2e9cb6d000-7f2e9cb6e000 r--p 00003000 00:49 1066338                    /usr/lib64/libXau.so.6.0.0
7f2e9cb6e000-7f2e9cb6f000 rw-p 00000000 00:00 0 
7f2e9cb6f000-7f2e9cb78000 r-xp 00000000 00:49 590314                     /usr/lib64/libbrotlidec.so.1.2.0
7f2e9cb78000-7f2e9cb7b000 r--p 00009000 00:49 590314                     /usr/lib64/libbrotlidec.so.1.2.0
7f2e9cb7b000-7f2e9cb7c000 r--p 0000c000 00:49 590314                     /usr/lib64/libbrotlidec.so.1.2.0
7f2e9cb7c000-7f2e9cb7d000 rw-p 00000000 00:00 0 
7f2e9cb7d000-7f2e9cb8c000 r-xp 00000000 00:49 590315                     /usr/lib64/libbz2.so.1.0.8
7f2e9cb8c000-7f2e9cb8f000 r--p 0000f000 00:49 590315                     /usr/lib64/libbz2.so.1.0.8
7f2e9cb8f000-7f2e9cb90000 r--p 00011000 00:49 590315                     /usr/lib64/libbz2.so.1.0.8
7f2e9cb90000-7f2e9cb91000 rw-p 00012000 00:49 590315                     /usr/lib64/libbz2.so.1.0.8
7f2e9cb91000-7f2e9cb95000 r-xp 00000000 00:49 1079043                    /usr/lib64/libdatrie.so.1.4.0
7f2e9cb95000-7f2e9cb97000 r--p 00004000 00:49 1079043                    /usr/lib64/libdatrie.so.1.4.0
7f2e9cb97000-7f2e9cb98000 r--p 00005000 00:49 1079043                    /usr/lib64/libdatrie.so.1.4.0
7f2e9cb98000-7f2e9cb99000 rw-p 00000000 00:00 0 
7f2e9cb99000-7f2e9cbb9000 r-xp 00000000 00:49 590514                     /usr/lib64/libselinux.so.1
7f2e9cbb9000-7f2e9cbc6000 r--p 00020000 00:49 590514                     /usr/lib64/libselinux.so.1
7f2e9cbc6000-7f2e9cbc7000 r--p 0002d000 00:49 590514                     /usr/lib64/libselinux.so.1
7f2e9cbc7000-7f2e9cbc8000 rw-p 0002e000 00:49 590514                     /usr/lib64/libselinux.so.1
7f2e9cbc8000-7f2e9cbca000 rw-p 00000000 00:00 0 
7f2e9cbca000-7f2e9cc05000 r-xp 00000000 00:49 7151787                    /usr/lib64/libmount.so.1.1.0
7f2e9cc05000-7f2e9cc1c000 r--p 0003b000 00:49 7151787                    /usr/lib64/libmount.so.1.1.0
7f2e9cc1c000-7f2e9cc1e000 r--p 00052000 00:49 7151787                    /usr/lib64/libmount.so.1.1.0
7f2e9cc1e000-7f2e9cc1f000 rw-p 00054000 00:49 7151787                    /usr/lib64/libmount.so.1.1.0
7f2e9cc1f000-7f2e9cd11000 r-xp 00000000 00:49 590580                     /usr/lib64/libxml2.so.2.12.10
7f2e9cd11000-7f2e9cd70000 r--p 000f2000 00:49 590580                     /usr/lib64/libxml2.so.2.12.10
7f2e9cd70000-7f2e9cd7b000 r--p 00150000 00:49 590580                     /usr/lib64/libxml2.so.2.12.10
7f2e9cd7b000-7f2e9cd7c000 rw-p 0015b000 00:49 590580                     /usr/lib64/libxml2.so.2.12.10
7f2e9cd7c000-7f2e9cd7d000 rw-p 00000000 00:00 0 
7f2e9cd7d000-7f2e9cd95000 r-xp 00000000 00:49 1082614                    /usr/lib64/libgraphite2.so.3.2.1
7f2e9cd95000-7f2e9cd99000 r--p 00018000 00:49 1082614                    /usr/lib64/libgraphite2.so.3.2.1
7f2e9cd99000-7f2e9cd9b000 r--p 0001c000 00:49 1082614                    /usr/lib64/libgraphite2.so.3.2.1
7f2e9cd9b000-7f2e9cd9c000 rw-p 00000000 00:00 0 
7f2e9cd9c000-7f2e9ce1a000 r-xp 00000000 00:49 590479                     /usr/lib64/libpcre2-8.so.0.15.0
7f2e9ce1a000-7f2e9ce47000 r--p 0007e000 00:49 590479                     /usr/lib64/libpcre2-8.so.0.15.0
7f2e9ce47000-7f2e9ce48000 r--p 000aa000 00:49 590479                     /usr/lib64/libpcre2-8.so.0.15.0
7f2e9ce48000-7f2e9ce49000 rw-p 000ab000 00:49 590479                     /usr/lib64/libpcre2-8.so.0.15.0
7f2e9ce49000-7f2e9cf0e000 r-xp 00000000 00:49 7151746                    /usr/lib64/libsystemd.so.0.41.0
7f2e9cf0e000-7f2e9cf65000 r--p 000c5000 00:49 7151746                    /usr/lib64/libsystemd.so.0.41.0
7f2e9cf65000-7f2e9cf6e000 r--p 0011b000 00:49 7151746                    /usr/lib64/libsystemd.so.0.41.0
7f2e9cf6e000-7f2e9cf6f000 rw-p 00124000 00:49 7151746                    /usr/lib64/libsystemd.so.0.41.0
7f2e9cf6f000-7f2e9cf70000 rw-p 00000000 00:00 0 
7f2e9cf70000-7f2e9d002000 r-xp 00000000 00:49 1079059                    /usr/lib64/libpixman-1.so.0.46.2
7f2e9d002000-7f2e9d016000 r--p 00092000 00:49 1079059                    /usr/lib64/libpixman-1.so.0.46.2
7f2e9d016000-7f2e9d01e000 r--p 000a6000 00:49 1079059                    /usr/lib64/libpixman-1.so.0.46.2
7f2e9d01e000-7f2e9d01f000 rw-p 000ae000 00:49 1079059                    /usr/lib64/libpixman-1.so.0.46.2
7f2e9d01f000-7f2e9d025000 r-xp 00000000 00:49 1066396                    /usr/lib64/libxcb-render.so.0.0.0
7f2e9d025000-7f2e9d02c000 r--p 00006000 00:49 1066396                    /usr/lib64/libxcb-render.so.0.0.0
7f2e9d02c000-7f2e9d02d000 r--p 0000d000 00:49 1066396                    /usr/lib64/libxcb-render.so.0.0.0
7f2e9d02d000-7f2e9d02e000 rw-p 0000e000 00:49 1066396                    /usr/lib64/libxcb-render.so.0.0.0
7f2e9d02e000-7f2e9d042000 r-xp 00000000 00:49 1066426                    /usr/lib64/libxcb.so.1.1.0
7f2e9d042000-7f2e9d056000 r--p 00014000 00:49 1066426                    /usr/lib64/libxcb.so.1.1.0
7f2e9d056000-7f2e9d057000 r--p 00028000 00:49 1066426                    /usr/lib64/libxcb.so.1.1.0
7f2e9d057000-7f2e9d058000 rw-p 00029000 00:49 1066426                    /usr/lib64/libxcb.so.1.1.0
7f2e9d058000-7f2e9d05f000 r-xp 00000000 00:49 1069663                    /usr/lib64/libXrender.so.1.3.0
7f2e9d05f000-7f2e9d062000 r--p 00007000 00:49 1069663                    /usr/lib64/libXrender.so.1.3.0
7f2e9d062000-7f2e9d063000 r--p 00009000 00:49 1069663                    /usr/lib64/libXrender.so.1.3.0
7f2e9d063000-7f2e9d064000 rw-p 0000a000 00:49 1069663                    /usr/lib64/libXrender.so.1.3.0
7f2e9d064000-7f2e9d070000 r-xp 00000000 00:49 1066436                    /usr/lib64/libXext.so.6.4.0
7f2e9d070000-7f2e9d076000 r--p 0000c000 00:49 1066436                    /usr/lib64/libXext.so.6.4.0
7f2e9d076000-7f2e9d077000 r--p 00011000 00:49 1066436                    /usr/lib64/libXext.so.6.4.0
7f2e9d077000-7f2e9d078000 rw-p 00012000 00:49 1066436                    /usr/lib64/libXext.so.6.4.0
7f2e9d078000-7f2e9d111000 r-xp 00000000 00:49 7155085                    /usr/lib64/libX11.so.6.4.0
7f2e9d111000-7f2e9d1b6000 r--p 00099000 00:49 7155085                    /usr/lib64/libX11.so.6.4.0
7f2e9d1b6000-7f2e9d1b9000 r--p 0013d000 00:49 7155085                    /usr/lib64/libX11.so.6.4.0
7f2e9d1b9000-7f2e9d1bd000 rw-p 00140000 00:49 7155085                    /usr/lib64/libX11.so.6.4.0
7f2e9d1bd000-7f2e9d253000 r-xp 00000000 00:49 1082624                    /usr/lib64/libfreetype.so.6.20.2
7f2e9d253000-7f2e9d27e000 r--p 00096000 00:49 1082624                    /usr/lib64/libfreetype.so.6.20.2
7f2e9d27e000-7f2e9d286000 r--p 000c1000 00:49 1082624                    /usr/lib64/libfreetype.so.6.20.2
7f2e9d286000-7f2e9d287000 rw-p 00000000 00:00 0 
7f2e9d287000-7f2e9d2b2000 r-xp 00000000 00:49 7152136                    /usr/lib64/libpng16.so.16.56.0
7f2e9d2b2000-7f2e9d2c0000 r--p 0002b000 00:49 7152136                    /usr/lib64/libpng16.so.16.56.0
7f2e9d2c0000-7f2e9d2c1000 r--p 00038000 00:49 7152136                    /usr/lib64/libpng16.so.16.56.0
7f2e9d2c1000-7f2e9d2c2000 rw-p 00000000 00:00 0 
7f2e9d2c2000-7f2e9d2de000 r-xp 00000000 00:49 7151660                    /usr/lib64/libz.so.1.3.1.zlib-ng
7f2e9d2de000-7f2e9d2e8000 r--p 0001c000 00:49 7151660                    /usr/lib64/libz.so.1.3.1.zlib-ng
7f2e9d2e8000-7f2e9d2e9000 r--p 00026000 00:49 7151660                    /usr/lib64/libz.so.1.3.1.zlib-ng
7f2e9d2e9000-7f2e9d2ea000 rw-p 00027000 00:49 7151660                    /usr/lib64/libz.so.1.3.1.zlib-ng
7f2e9d2ea000-7f2e9d2ef000 r-xp 00000000 00:49 1079049                    /usr/lib64/libthai.so.0.3.1
7f2e9d2ef000-7f2e9d2f3000 r--p 00005000 00:49 1079049                    /usr/lib64/libthai.so.0.3.1
7f2e9d2f3000-7f2e9d2f4000 r--p 00009000 00:49 1079049                    /usr/lib64/libthai.so.0.3.1
7f2e9d2f4000-7f2e9d2f5000 rw-p 0000a000 00:49 1079049                    /usr/lib64/libthai.so.0.3.1
7f2e9d2f5000-7f2e9d414000 r-xp 00000000 00:49 7151897                    /usr/lib64/libgio-2.0.so.0.8600.5
7f2e9d414000-7f2e9d4bc000 r--p 0011f000 00:49 7151897                    /usr/lib64/libgio-2.0.so.0.8600.5
7f2e9d4bc000-7f2e9d4c5000 r--p 001c6000 00:49 7151897                    /usr/lib64/libgio-2.0.so.0.8600.5
7f2e9d4c5000-7f2e9d4c6000 rw-p 001cf000 00:49 7151897                    /usr/lib64/libgio-2.0.so.0.8600.5
7f2e9d4c6000-7f2e9d4c8000 rw-p 00000000 00:00 0 
7f2e9d4c8000-7f2e9d4f9000 r-xp 00000000 00:49 1082696                    /usr/lib64/libfontconfig.so.1.16.0
7f2e9d4f9000-7f2e9d515000 r--p 00031000 00:49 1082696                    /usr/lib64/libfontconfig.so.1.16.0
7f2e9d515000-7f2e9d517000 r--p 0004d000 00:49 1082696                    /usr/lib64/libfontconfig.so.1.16.0
7f2e9d517000-7f2e9d518000 rw-p 0004f000 00:49 1082696                    /usr/lib64/libfontconfig.so.1.16.0
7f2e9d518000-7f2e9d606000 r-xp 00000000 00:49 1082641                    /usr/lib64/libharfbuzz.so.0.61151.0
7f2e9d606000-7f2e9d649000 r--p 000ee000 00:49 1082641                    /usr/lib64/libharfbuzz.so.0.61151.0
7f2e9d649000-7f2e9d64b000 r--p 00130000 00:49 1082641                    /usr/lib64/libharfbuzz.so.0.61151.0
7f2e9d64b000-7f2e9d64c000 rw-p 00132000 00:49 1082641                    /usr/lib64/libharfbuzz.so.0.61151.0
7f2e9d64c000-7f2e9d6f3000 r-xp 00000000 00:49 7151901                    /usr/lib64/libglib-2.0.so.0.8600.5
7f2e9d6f3000-7f2e9d7a0000 r--p 000a7000 00:49 7151901                    /usr/lib64/libglib-2.0.so.0.8600.5
7f2e9d7a0000-7f2e9d7a1000 r--p 00154000 00:49 7151901                    /usr/lib64/libglib-2.0.so.0.8600.5
7f2e9d7a1000-7f2e9d7a2000 rw-p 00155000 00:49 7151901                    /usr/lib64/libglib-2.0.so.0.8600.5
7f2e9d7a2000-7f2e9d7a3000 rw-p 00000000 00:00 0 
7f2e9d7a3000-7f2e9d7d7000 r-xp 00000000 00:49 1069583                    /usr/lib64/libdbus-1.so.3.38.3
7f2e9d7d7000-7f2e9d7f4000 r--p 00034000 00:49 1069583                    /usr/lib64/libdbus-1.so.3.38.3
7f2e9d7f4000-7f2e9d7f6000 r--p 00051000 00:49 1069583                    /usr/lib64/libdbus-1.so.3.38.3
7f2e9d7f6000-7f2e9d7f7000 rw-p 00053000 00:49 1069583                    /usr/lib64/libdbus-1.so.3.38.3
7f2e9d7f7000-7f2e9d8ed000 r-xp 00000000 00:49 1082910                    /usr/lib64/libcairo.so.2.11804.4
7f2e9d8ed000-7f2e9d92e000 r--p 000f6000 00:49 1082910                    /usr/lib64/libcairo.so.2.11804.4
7f2e9d92e000-7f2e9d932000 r--p 00137000 00:49 1082910                    /usr/lib64/libcairo.so.2.11804.4
7f2e9d932000-7f2e9d934000 rw-p 0013b000 00:49 1082910                    /usr/lib64/libcairo.so.2.11804.4
7f2e9d934000-7f2e9d935000 rw-p 00000000 00:00 0 
7f2e9d935000-7f2e9d96d000 r-xp 00000000 00:49 7151905                    /usr/lib64/libgobject-2.0.so.0.8600.5
7f2e9d96d000-7f2e9d990000 r--p 00038000 00:49 7151905                    /usr/lib64/libgobject-2.0.so.0.8600.5
7f2e9d990000-7f2e9d993000 r--p 0005a000 00:49 7151905                    /usr/lib64/libgobject-2.0.so.0.8600.5
7f2e9d993000-7f2e9d994000 rw-p 0005d000 00:49 7151905                    /usr/lib64/libgobject-2.0.so.0.8600.5
7f2e9d994000-7f2e9d9d4000 r-xp 00000000 00:49 7155104                    /usr/lib64/libpango-1.0.so.0.5701.0
7f2e9d9d4000-7f2e9d9fb000 r--p 00040000 00:49 7155104                    /usr/lib64/libpango-1.0.so.0.5701.0
7f2e9d9fb000-7f2e9d9ff000 r--p 00066000 00:49 7155104                    /usr/lib64/libpango-1.0.so.0.5701.0
7f2e9d9ff000-7f2e9da00000 rw-p 0006a000 00:49 7155104                    /usr/lib64/libpango-1.0.so.0.5701.0
7f2e9da00000-7f2e9da04000 ---p 00000000 00:00 0 
7f2e9da04000-7f2e9db00000 rw-p 00000000 00:00 0 
7f2e9db00000-7f2e9db04000 ---p 00000000 00:00 0 
7f2e9db04000-7f2e9dc00000 rw-p 00000000 00:00 0 
7f2e9dc00000-7f2e9e400000 rw-p 00000000 00:00 0 
7f2e9e400000-7f2e9e401000 r-xp 00000000 00:49 1070380                    /usr/lib64/libXdamage.so.1.1.0
7f2e9e401000-7f2e9e402000 r--p 00001000 00:49 1070380                    /usr/lib64/libXdamage.so.1.1.0
7f2e9e402000-7f2e9e403000 r--p 00001000 00:49 1070380                    /usr/lib64/libXdamage.so.1.1.0
7f2e9e403000-7f2e9e404000 rw-p 00000000 00:00 0 
7f2e9e404000-7f2e9e40a000 r-xp 00000000 00:49 1070236                    /usr/lib64/libfribidi.so.0.4.0
7f2e9e40a000-7f2e9e422000 r--p 00006000 00:49 1070236                    /usr/lib64/libfribidi.so.0.4.0
7f2e9e422000-7f2e9e423000 r--p 0001d000 00:49 1070236                    /usr/lib64/libfribidi.so.0.4.0
7f2e9e423000-7f2e9e424000 rw-p 0001e000 00:49 1070236                    /usr/lib64/libfribidi.so.0.4.0
7f2e9e424000-7f2e9e433000 r-xp 00000000 00:49 7155108                    /usr/lib64/libpangoft2-1.0.so.0.5701.0
7f2e9e433000-7f2e9e43e000 r--p 0000f000 00:49 7155108                    /usr/lib64/libpangoft2-1.0.so.0.5701.0
7f2e9e43e000-7f2e9e43f000 r--p 0001a000 00:49 7155108                    /usr/lib64/libpangoft2-1.0.so.0.5701.0
7f2e9e43f000-7f2e9e440000 rw-p 00000000 00:00 0 
7f2e9e440000-7f2e9e46c000 r-xp 00000000 00:49 1079035                    /usr/lib64/libxkbcommon.so.0.11.0
7f2e9e46c000-7f2e9e496000 r--p 0002c000 00:49 1079035                    /usr/lib64/libxkbcommon.so.0.11.0
7f2e9e496000-7f2e9e498000 r--p 00056000 00:49 1079035                    /usr/lib64/libxkbcommon.so.0.11.0
7f2e9e498000-7f2e9e499000 rw-p 00058000 00:49 1079035                    /usr/lib64/libxkbcommon.so.0.11.0
7f2e9e499000-7f2e9e4be000 r-xp 00000000 00:38 2565                       /tmp/lwjgl_bazzite/3.4.1+2/x64/libglfw.so
7f2e9e4be000-7f2e9e50d000 r--p 00025000 00:38 2565                       /tmp/lwjgl_bazzite/3.4.1+2/x64/libglfw.so
7f2e9e50d000-7f2e9e511000 r--p 00074000 00:38 2565                       /tmp/lwjgl_bazzite/3.4.1+2/x64/libglfw.so
7f2e9e511000-7f2e9e514000 rw-p 00078000 00:38 2565                       /tmp/lwjgl_bazzite/3.4.1+2/x64/libglfw.so
7f2e9e514000-7f2e9e537000 rw-p 00000000 00:00 0 
7f2e9e537000-7f2e9e597000 r-xp 00000000 00:38 2564                       /tmp/lwjgl_bazzite/3.4.1+2/x64/libjemalloc.so
7f2e9e597000-7f2e9e5b0000 r--p 00060000 00:38 2564                       /tmp/lwjgl_bazzite/3.4.1+2/x64/libjemalloc.so
7f2e9e5b0000-7f2e9e5b7000 r--p 00078000 00:38 2564                       /tmp/lwjgl_bazzite/3.4.1+2/x64/libjemalloc.so
7f2e9e5b7000-7f2e9e5b8000 rw-p 0007f000 00:38 2564                       /tmp/lwjgl_bazzite/3.4.1+2/x64/libjemalloc.so
7f2e9e5b8000-7f2e9e7c2000 rw-p 00000000 00:00 0 
7f2e9e7c2000-7f2e9e7c6000 ---p 00000000 00:00 0 
7f2e9e7c6000-7f2e9e8c2000 rw-p 00000000 00:00 0 
7f2e9e8c2000-7f2e9e9ac000 r-xp 00000000 00:49 7160192                    /usr/lib64/libnss3.so
7f2e9e9ac000-7f2e9e9f6000 r--p 000ea000 00:49 7160192                    /usr/lib64/libnss3.so
7f2e9e9f6000-7f2e9e9fd000 r--p 00134000 00:49 7160192                    /usr/lib64/libnss3.so
7f2e9e9fd000-7f2e9e9fe000 rw-p 0013b000 00:49 7160192                    /usr/lib64/libnss3.so
7f2e9e9fe000-7f2e9ea00000 rw-p 00000000 00:00 0 
7f2e9ea00000-7f2e9ea20000 r-xp 00000000 00:38 198                        /tmp/libgdxbazzite/da3a4817/libgdx64.so
7f2e9ea20000-7f2e9ec20000 ---p 00020000 00:38 198                        /tmp/libgdxbazzite/da3a4817/libgdx64.so
7f2e9ec20000-7f2e9ec21000 r--p 00020000 00:38 198                        /tmp/libgdxbazzite/da3a4817/libgdx64.so
7f2e9ec21000-7f2e9ec22000 rw-p 00021000 00:38 198                        /tmp/libgdxbazzite/da3a4817/libgdx64.so
7f2e9ec22000-7f2e9ec24000 r-xp 00000000 00:49 7151903                    /usr/lib64/libgmodule-2.0.so.0.8600.5
7f2e9ec24000-7f2e9ec26000 r--p 00002000 00:49 7151903                    /usr/lib64/libgmodule-2.0.so.0.8600.5
7f2e9ec26000-7f2e9ec27000 r--p 00003000 00:49 7151903                    /usr/lib64/libgmodule-2.0.so.0.8600.5
7f2e9ec27000-7f2e9ec28000 rw-p 00004000 00:49 7151903                    /usr/lib64/libgmodule-2.0.so.0.8600.5
7f2e9ec28000-7f2e9ec29000 r-xp 00000000 00:49 1066404                    /usr/lib64/libxcb-shm.so.0.0.0
7f2e9ec29000-7f2e9ec2a000 r--p 00001000 00:49 1066404                    /usr/lib64/libxcb-shm.so.0.0.0
7f2e9ec2a000-7f2e9ec2b000 r--p 00002000 00:49 1066404                    /usr/lib64/libxcb-shm.so.0.0.0
7f2e9ec2b000-7f2e9ec2c000 rw-p 00003000 00:49 1066404                    /usr/lib64/libxcb-shm.so.0.0.0
7f2e9ec2c000-7f2e9ec36000 r-xp 00000000 00:49 7155106                    /usr/lib64/libpangocairo-1.0.so.0.5701.0
7f2e9ec36000-7f2e9ec3d000 r--p 0000a000 00:49 7155106                    /usr/lib64/libpangocairo-1.0.so.0.5701.0
7f2e9ec3d000-7f2e9ec3e000 r--p 00010000 00:49 7155106                    /usr/lib64/libpangocairo-1.0.so.0.5701.0
7f2e9ec3e000-7f2e9ec3f000 rw-p 00011000 00:49 7155106                    /usr/lib64/libpangocairo-1.0.so.0.5701.0
7f2e9ec3f000-7f2e9ec46000 r-xp 00000000 00:49 1221932                    /usr/lib64/libdecor/plugins-1/libdecor-cairo.so
7f2e9ec46000-7f2e9ec4b000 r--p 00007000 00:49 1221932                    /usr/lib64/libdecor/plugins-1/libdecor-cairo.so
7f2e9ec4b000-7f2e9ec4e000 r--p 0000b000 00:49 1221932                    /usr/lib64/libdecor/plugins-1/libdecor-cairo.so
7f2e9ec4e000-7f2e9ec4f000 rw-p 0000e000 00:49 1221932                    /usr/lib64/libdecor/plugins-1/libdecor-cairo.so
7f2e9ec4f000-7f2e9ec52000 r-xp 00000000 00:49 1221930                    /usr/lib64/libdecor-0.so.0.200.5
7f2e9ec52000-7f2e9ec55000 r--p 00003000 00:49 1221930                    /usr/lib64/libdecor-0.so.0.200.5
7f2e9ec55000-7f2e9ec56000 r--p 00006000 00:49 1221930                    /usr/lib64/libdecor-0.so.0.200.5
7f2e9ec56000-7f2e9ec57000 rw-p 00007000 00:49 1221930                    /usr/lib64/libdecor-0.so.0.200.5
7f2e9ec57000-7f2e9ec62000 r-xp 00000000 00:49 590336                     /usr/lib64/libffi.so.8.2.0
7f2e9ec62000-7f2e9ec65000 r--p 0000b000 00:49 590336                     /usr/lib64/libffi.so.8.2.0
7f2e9ec65000-7f2e9ec66000 r--p 0000d000 00:49 590336                     /usr/lib64/libffi.so.8.2.0
7f2e9ec66000-7f2e9ec67000 rw-p 0000e000 00:49 590336                     /usr/lib64/libffi.so.8.2.0
7f2e9ec67000-7f2e9ec8f000 r-xp 00000000 00:49 7151776                    /usr/lib64/libnspr4.so
7f2e9ec8f000-7f2e9eca3000 r--p 00028000 00:49 7151776                    /usr/lib64/libnspr4.so
7f2e9eca3000-7f2e9eca5000 r--p 0003b000 00:49 7151776                    /usr/lib64/libnspr4.so
7f2e9eca5000-7f2e9eca6000 rw-p 0003d000 00:49 7151776                    /usr/lib64/libnspr4.so
7f2e9eca6000-7f2e9eca9000 rw-p 00000000 00:00 0 
7f2e9eca9000-7f2e9ecde000 r-xp 00000000 00:38 2561                       /tmp/lwjgl_bazzite/3.4.1+2/x64/liblwjgl.so
7f2e9ecde000-7f2e9ed26000 r--p 00035000 00:38 2561                       /tmp/lwjgl_bazzite/3.4.1+2/x64/liblwjgl.so
7f2e9ed26000-7f2e9ed27000 r--p 0007c000 00:38 2561                       /tmp/lwjgl_bazzite/3.4.1+2/x64/liblwjgl.so
7f2e9ed27000-7f2e9ed28000 rw-p 0007d000 00:38 2561                       /tmp/lwjgl_bazzite/3.4.1+2/x64/liblwjgl.so
7f2e9ed28000-7f2e9ed2c000 ---p 00000000 00:00 0 
7f2e9ed2c000-7f2e9ee28000 rw-p 00000000 00:00 0 
7f2e9ee28000-7f2e9ee2c000 ---p 00000000 00:00 0 
7f2e9ee2c000-7f2e9ef28000 rw-p 00000000 00:00 0 
7f2e9ef28000-7f2e9ef2c000 ---p 00000000 00:00 0 
7f2e9ef2c000-7f2e9f028000 rw-p 00000000 00:00 0 
7f2e9f028000-7f2e9f069000 r-xp 00000000 00:49 7160482                    /usr/lib/jvm/java-21-openjdk/lib/libjsvml.so
7f2e9f069000-7f2e9f0f6000 r--p 00041000 00:49 7160482                    /usr/lib/jvm/java-21-openjdk/lib/libjsvml.so
7f2e9f0f6000-7f2e9f0f7000 r--p 000cd000 00:49 7160482                    /usr/lib/jvm/java-21-openjdk/lib/libjsvml.so
7f2e9f0f7000-7f2e9f0f8000 rw-p 000ce000 00:49 7160482                    /usr/lib/jvm/java-21-openjdk/lib/libjsvml.so
7f2e9f0f8000-7f2e9f0fc000 ---p 00000000 00:00 0 
7f2e9f0fc000-7f2e9f1f8000 rw-p 00000000 00:00 0 
7f2e9f1f8000-7f2e9f1fc000 ---p 00000000 00:00 0 
7f2e9f1fc000-7f2e9f2f8000 rw-p 00000000 00:00 0 
7f2e9f2f8000-7f2e9f2fc000 ---p 00000000 00:00 0 
7f2e9f2fc000-7f2e9f3f8000 rw-p 00000000 00:00 0 
7f2e9f3f8000-7f2e9f3fc000 ---p 00000000 00:00 0 
7f2e9f3fc000-7f2e9f4f8000 rw-p 00000000 00:00 0 
7f2e9f4f8000-7f2e9f4fc000 ---p 00000000 00:00 0 
7f2e9f4fc000-7f2e9f5f8000 rw-p 00000000 00:00 0 
7f2e9f5f8000-7f2e9f5fc000 ---p 00000000 00:00 0 
7f2e9f5fc000-7f2e9f6f8000 rw-p 00000000 00:00 0 
7f2e9f6f8000-7f2e9f6fc000 ---p 00000000 00:00 0 
7f2e9f6fc000-7f2e9fbfc000 rw-p 00000000 00:00 0 
7f2e9fbfc000-7f2ea0021000 rw-p 00000000 00:00 0 
7f2ea0021000-7f2ea4000000 ---p 00000000 00:00 0 
7f2ea4000000-7f2ea4021000 rw-p 00000000 00:00 0 
7f2ea4021000-7f2ea8000000 ---p 00000000 00:00 0 
7f2ea8000000-7f2ea8021000 rw-p 00000000 00:00 0 
7f2ea8021000-7f2eac000000 ---p 00000000 00:00 0 
7f2eac000000-7f2eac001000 r--p 00000000 00:00 0 
7f2eac001000-7f2eac002000 r-xp 00000000 00:00 0 
7f2eac002000-7f2eac005000 r-xp 00000000 00:49 1070228                    /usr/lib64/libwayland-cursor.so.0.24.0
7f2eac005000-7f2eac007000 r--p 00003000 00:49 1070228                    /usr/lib64/libwayland-cursor.so.0.24.0
7f2eac007000-7f2eac008000 r--p 00004000 00:49 1070228                    /usr/lib64/libwayland-cursor.so.0.24.0
7f2eac008000-7f2eac00c000 rw-p 00005000 00:49 1070228                    /usr/lib64/libwayland-cursor.so.0.24.0
7f2eac00c000-7f2eac013000 r-xp 00000000 00:49 1066644                    /usr/lib64/libwayland-client.so.0.24.0
7f2eac013000-7f2eac018000 r--p 00007000 00:49 1066644                    /usr/lib64/libwayland-client.so.0.24.0
7f2eac018000-7f2eac01a000 r--p 0000c000 00:49 1066644                    /usr/lib64/libwayland-client.so.0.24.0
7f2eac01a000-7f2eac01b000 rw-p 0000e000 00:49 1066644                    /usr/lib64/libwayland-client.so.0.24.0
7f2eac01b000-7f2eaea00000 rw-p 00000000 00:00 0 
7f2eaea00000-7f2eaea01000 rw-s 00000000 00:01 36908                      /memfd:lp_dma_buf (deleted)
7f2eaea01000-7f2eaea02000 r-xp 00000000 00:49 1070223                    /usr/lib64/libwayland-egl.so.1.24.0
7f2eaea02000-7f2eaea03000 r--p 00001000 00:49 1070223                    /usr/lib64/libwayland-egl.so.1.24.0
7f2eaea03000-7f2eaea04000 r--p 00001000 00:49 1070223                    /usr/lib64/libwayland-egl.so.1.24.0
7f2eaea04000-7f2eaea05000 rw-p 00000000 00:00 0 
7f2eaea05000-7f2eaea06000 r-xp 00000000 00:49 7150422                    /usr/lib64/librt.so.1
7f2eaea06000-7f2eaea07000 r--p 00001000 00:49 7150422                    /usr/lib64/librt.so.1
7f2eaea07000-7f2eaea08000 r--p 00001000 00:49 7150422                    /usr/lib64/librt.so.1
7f2eaea08000-7f2eaea09000 rw-p 00000000 00:00 0 
7f2eaea09000-7f2eaea0b000 r-xp 00000000 00:49 7151778                    /usr/lib64/libplds4.so
7f2eaea0b000-7f2eaea0d000 r--p 00002000 00:49 7151778                    /usr/lib64/libplds4.so
7f2eaea0d000-7f2eaea0e000 r--p 00003000 00:49 7151778                    /usr/lib64/libplds4.so
7f2eaea0e000-7f2eaea0f000 rw-p 00004000 00:49 7151778                    /usr/lib64/libplds4.so
7f2eaea0f000-7f2eaea23000 r-xp 00000000 00:49 7151782                    /usr/lib64/libnssutil3.so
7f2eaea23000-7f2eaea35000 r--p 00014000 00:49 7151782                    /usr/lib64/libnssutil3.so
7f2eaea35000-7f2eaea3c000 r--p 00026000 00:49 7151782                    /usr/lib64/libnssutil3.so
7f2eaea3c000-7f2eaea3d000 rw-p 0002d000 00:49 7151782                    /usr/lib64/libnssutil3.so
7f2eaea3d000-7f2eaea3e000 rw-s 00000000 00:01 28940                      /memfd:pipewire-memfd:flags=0x0000000f,type=2,size=4096 (deleted)
7f2eaea3e000-7f2eaea3f000 rw-s 00000000 00:01 32060                      /memfd:pipewire-memfd:flags=0x0000000f,type=2,size=2312 (deleted)
7f2eaea3f000-7f2eaea40000 rw-s 00000000 00:01 32061                      /memfd:pipewire-memfd:flags=0x0000000f,type=2,size=2312 (deleted)
7f2eaea40000-7f2eaea41000 rw-s 00000000 00:01 28939                      /memfd:pipewire-memfd:flags=0x0000000f,type=2,size=2312 (deleted)
7f2eaea41000-7f2eaea42000 rw-s 00000000 00:01 35046                      /memfd:pipewire-memfd:flags=0x0000000f,type=2,size=2312 (deleted)
7f2eaea42000-7f2eaea44000 r-xp 00000000 00:49 7156451                    /usr/lib64/spa-0.2/support/libspa-journal.so
7f2eaea44000-7f2eaea45000 r--p 00002000 00:49 7156451                    /usr/lib64/spa-0.2/support/libspa-journal.so
7f2eaea45000-7f2eaea46000 r--p 00002000 00:49 7156451                    /usr/lib64/spa-0.2/support/libspa-journal.so
7f2eaea46000-7f2eaea47000 rw-p 00003000 00:49 7156451                    /usr/lib64/spa-0.2/support/libspa-journal.so
7f2eaea47000-7f2eaea48000 rw-p 00000000 00:00 0 
7f2eaea48000-7f2eaea49000 r-xp 00000000 00:49 7150420                    /usr/lib64/libpthread.so.0
7f2eaea49000-7f2eaea4a000 r--p 00001000 00:49 7150420                    /usr/lib64/libpthread.so.0
7f2eaea4a000-7f2eaea4b000 r--p 00001000 00:49 7150420                    /usr/lib64/libpthread.so.0
7f2eaea4b000-7f2eaea4c000 rw-p 00000000 00:00 0 
7f2eaea4c000-7f2eaea4f000 r-xp 00000000 00:49 7151777                    /usr/lib64/libplc4.so
7f2eaea4f000-7f2eaea51000 r--p 00003000 00:49 7151777                    /usr/lib64/libplc4.so
7f2eaea51000-7f2eaea52000 r--p 00004000 00:49 7151777                    /usr/lib64/libplc4.so
7f2eaea52000-7f2eaea53000 rw-p 00005000 00:49 7151777                    /usr/lib64/libplc4.so
7f2eaea53000-7f2eaea54000 r-xp 00000000 00:49 7160496                    /usr/lib/jvm/java-21-openjdk/lib/libsystemconf.so
7f2eaea54000-7f2eaea55000 r--p 00001000 00:49 7160496                    /usr/lib/jvm/java-21-openjdk/lib/libsystemconf.so
7f2eaea55000-7f2eaea56000 r--p 00001000 00:49 7160496                    /usr/lib/jvm/java-21-openjdk/lib/libsystemconf.so
7f2eaea56000-7f2eaea98000 rw-p 00000000 00:00 0 
7f2eaea98000-7f2eaed9b000 rw-p 00000000 00:00 0 
7f2eaed9b000-7f2eaf607000 rw-p 00000000 00:00 0 
7f2eaf607000-7f2eb6867000 ---p 00000000 00:00 0 
7f2eb6867000-7f2eb696d000 rw-p 00000000 00:00 0 
7f2eb696d000-7f2eb77b9000 ---p 00000000 00:00 0 
7f2eb77b9000-7f2eb78b1000 rw-p 00000000 00:00 0 
7f2eb78b1000-7f2eb86fd000 ---p 00000000 00:00 0 
7f2eb86fd000-7f2eb8800000 rw-p 00000000 00:00 0 
7f2eb8800000-7f2eb8ae0000 rwxp 00000000 00:00 0 
7f2eb8ae0000-7f2ebfc5f000 ---p 00000000 00:00 0 
7f2ebfc5f000-7f2ec007f000 rwxp 00000000 00:00 0 
7f2ec007f000-7f2ec03a0000 ---p 00000000 00:00 0 
7f2ec03a0000-7f2ec0610000 rwxp 00000000 00:00 0 
7f2ec0610000-7f2ec7800000 ---p 00000000 00:00 0 
7f2ec7800000-7f2ec7801000 rw-p 00000000 00:00 0 
7f2ec7801000-7f2ec7802000 r-xp 00033000 00:38 2561                       /tmp/lwjgl_bazzite/3.4.1+2/x64/liblwjgl.so
7f2ec7802000-7f2ec7803000 rw-p 00000000 00:00 0 
7f2ec7803000-7f2ec7804000 r-xp 00000000 00:49 7150413                    /usr/lib64/libdl.so.2
7f2ec7804000-7f2ec7805000 r--p 00001000 00:49 7150413                    /usr/lib64/libdl.so.2
7f2ec7805000-7f2ec7806000 r--p 00001000 00:49 7150413                    /usr/lib64/libdl.so.2
7f2ec7806000-7f2ec7807000 rw-p 00000000 00:00 0 
7f2ec7807000-7f2ec781b000 r-xp 00000000 00:49 7160498                    /usr/lib/jvm/java-21-openjdk/lib/libzip.so
7f2ec781b000-7f2ec7824000 r--p 00014000 00:49 7160498                    /usr/lib/jvm/java-21-openjdk/lib/libzip.so
7f2ec7824000-7f2ec7825000 r--p 0001c000 00:49 7160498                    /usr/lib/jvm/java-21-openjdk/lib/libzip.so
7f2ec7825000-7f2ec7826000 rw-p 00000000 00:00 0 
7f2ec7826000-7f2ec7830000 r-xp 00000000 00:49 7160490                    /usr/lib/jvm/java-21-openjdk/lib/libnio.so
7f2ec7830000-7f2ec783a000 r--p 0000a000 00:49 7160490                    /usr/lib/jvm/java-21-openjdk/lib/libnio.so
7f2ec783a000-7f2ec783b000 r--p 00014000 00:49 7160490                    /usr/lib/jvm/java-21-openjdk/lib/libnio.so
7f2ec783b000-7f2ec783c000 rw-p 00015000 00:49 7160490                    /usr/lib/jvm/java-21-openjdk/lib/libnio.so
7f2ec783c000-7f2ed0000000 r--s 00000000 00:49 7160499                    /usr/lib/jvm/java-21-openjdk/lib/modules
7f2ed0000000-7f2ed3f40000 rw-p 00000000 00:00 0 
7f2ed3f40000-7f2ed4000000 ---p 00000000 00:00 0 
7f2ed4000000-7f2ed4001000 rw-p 00000000 00:00 0 
7f2ed4001000-7f2ed4009000 r-xp 00000000 00:49 7160489                    /usr/lib/jvm/java-21-openjdk/lib/libnet.so
7f2ed4009000-7f2ed400d000 r--p 00008000 00:49 7160489                    /usr/lib/jvm/java-21-openjdk/lib/libnet.so
7f2ed400d000-7f2ed400e000 r--p 0000b000 00:49 7160489                    /usr/lib/jvm/java-21-openjdk/lib/libnet.so
7f2ed400e000-7f2ed4c9c000 rw-p 00000000 00:00 0 
7f2ed4c9c000-7f2ed4d80000 ---p 00000000 00:00 0 
7f2ed4d80000-7f2ed4d86000 rw-p 00000000 00:00 0 
7f2ed4d86000-7f2ed4e69000 ---p 00000000 00:00 0 
7f2ed4e69000-7f2ed4e72000 rw-p 00000000 00:00 0 
7f2ed4e72000-7f2ed4e78000 ---p 00000000 00:00 0 
7f2ed4e78000-7f2ed4e88000 r-xp 00000000 00:49 7160475                    /usr/lib/jvm/java-21-openjdk/lib/libjava.so
7f2ed4e88000-7f2ed4e97000 r--p 00010000 00:49 7160475                    /usr/lib/jvm/java-21-openjdk/lib/libjava.so
7f2ed4e97000-7f2ed4e98000 r--p 0001f000 00:49 7160475                    /usr/lib/jvm/java-21-openjdk/lib/libjava.so
7f2ed4e98000-7f2ed4e99000 rw-p 00020000 00:49 7160475                    /usr/lib/jvm/java-21-openjdk/lib/libjava.so
7f2ed4e99000-7f2ed4e9a000 rw-p 00000000 00:00 0 
7f2ed4e9a000-7f2ed4eb2000 r-xp 00000000 00:49 7160478                    /usr/lib/jvm/java-21-openjdk/lib/libjimage.so
7f2ed4eb2000-7f2ed4eb8000 r--p 00018000 00:49 7160478                    /usr/lib/jvm/java-21-openjdk/lib/libjimage.so
7f2ed4eb8000-7f2ed4eba000 r--p 0001e000 00:49 7160478                    /usr/lib/jvm/java-21-openjdk/lib/libjimage.so
7f2ed4eba000-7f2ed4ebb000 rw-p 00020000 00:49 7160478                    /usr/lib/jvm/java-21-openjdk/lib/libjimage.so
7f2ed4ebb000-7f2ed4ebf000 ---p 00000000 00:00 0 
7f2ed4ebf000-7f2ed4fbb000 rw-p 00000000 00:00 0 
7f2ed4fbb000-7f2ed503d000 r-xp 00000000 00:49 7150414                    /usr/lib64/libm.so.6
7f2ed503d000-7f2ed50ae000 r--p 00082000 00:49 7150414                    /usr/lib64/libm.so.6
7f2ed50ae000-7f2ed50af000 r--p 000f2000 00:49 7150414                    /usr/lib64/libm.so.6
7f2ed50af000-7f2ed50b0000 rw-p 000f3000 00:49 7150414                    /usr/lib64/libm.so.6
7f2ed50b0000-7f2ed5fe6000 r-xp 00000000 00:49 7160506                    /usr/lib/jvm/java-21-openjdk/lib/server/libjvm.so
7f2ed5fe6000-7f2ed62ca000 r--p 00f36000 00:49 7160506                    /usr/lib/jvm/java-21-openjdk/lib/server/libjvm.so
7f2ed62ca000-7f2ed63a1000 r--p 0121a000 00:49 7160506                    /usr/lib/jvm/java-21-openjdk/lib/server/libjvm.so
7f2ed63a1000-7f2ed63d1000 rw-p 012f1000 00:49 7160506                    /usr/lib/jvm/java-21-openjdk/lib/server/libjvm.so
7f2ed63d1000-7f2ed643a000 rw-p 00000000 00:00 0 
7f2ed643a000-7f2ed65a9000 r-xp 00000000 00:49 7150412                    /usr/lib64/libc.so.6
7f2ed65a9000-7f2ed661f000 r--p 0016f000 00:49 7150412                    /usr/lib64/libc.so.6
7f2ed661f000-7f2ed6623000 r--p 001e4000 00:49 7150412                    /usr/lib64/libc.so.6
7f2ed6623000-7f2ed6625000 rw-p 001e8000 00:49 7150412                    /usr/lib64/libc.so.6
7f2ed6625000-7f2ed662d000 rw-p 00000000 00:00 0 
7f2ed662d000-7f2ed6635000 rw-s 00000000 00:38 2831                       /tmp/hsperfdata_bazzite/221130 (deleted)
7f2ed6635000-7f2ed6636000 ---p 00000000 00:00 0 
7f2ed6636000-7f2ed6637000 r--p 00000000 00:00 0 
7f2ed6637000-7f2ed6638000 ---p 00000000 00:00 0 
7f2ed6638000-7f2ed664a000 r-xp 00000000 00:49 7160479                    /usr/lib/jvm/java-21-openjdk/lib/libjli.so
7f2ed664a000-7f2ed6652000 r--p 00012000 00:49 7160479                    /usr/lib/jvm/java-21-openjdk/lib/libjli.so
7f2ed6652000-7f2ed6653000 r--p 0001a000 00:49 7160479                    /usr/lib/jvm/java-21-openjdk/lib/libjli.so
7f2ed6653000-7f2ed6654000 rw-p 0001b000 00:49 7160479                    /usr/lib/jvm/java-21-openjdk/lib/libjli.so
7f2ed6654000-7f2ed6656000 rw-p 00000000 00:00 0 
7f2ed6656000-7f2ed665a000 r--p 00000000 00:00 0                          [vvar]
7f2ed665a000-7f2ed665c000 r--p 00000000 00:00 0                          [vvar_vclock]
7f2ed665c000-7f2ed665e000 r-xp 00000000 00:00 0                          [vdso]
7f2ed665e000-7f2ed6688000 r-xp 00000000 00:49 7150409                    /usr/lib64/ld-linux-x86-64.so.2
7f2ed6688000-7f2ed6694000 r--p 0002a000 00:49 7150409                    /usr/lib64/ld-linux-x86-64.so.2
7f2ed6694000-7f2ed6696000 r--p 00035000 00:49 7150409                    /usr/lib64/ld-linux-x86-64.so.2
7f2ed6696000-7f2ed6697000 rw-p 00037000 00:49 7150409                    /usr/lib64/ld-linux-x86-64.so.2
7f2ed6697000-7f2ed6698000 rw-p 00000000 00:00 0 
7fff1f2cd000-7fff1f2f1000 rw-p 00000000 00:00 0                          [stack]
ffffffffff600000-ffffffffff601000 --xp 00000000 00:00 0                  [vsyscall]
Total number of mappings: 849

JVMTI agents: none


VM Arguments:
jvm_args: --enable-native-access=ALL-UNNAMED -Dfile.encoding=UTF-8 -Duser.country=US -Duser.language=en -Duser.variant 
java_command: dungeon.crawler.lwjgl3.Lwjgl3Launcher
java_class_path (initial): /home/bazzite/code/java/LibGDXDungeonCrawler/lwjgl3/build/classes/java/main:/home/bazzite/code/java/LibGDXDungeonCrawler/lwjgl3/build/classes/kotlin/main:/home/bazzite/code/java/LibGDXDungeonCrawler/lwjgl3/build/resources/main:/home/bazzite/code/java/LibGDXDungeonCrawler/core/build/libs/core-1.0.0.jar:/home/bazzite/.gradle/caches/modules-2/files-2.1/org.jetbrains.kotlin/kotlin-stdlib/2.3.10/8b80e2f80a3b7daa99c16017f91d4c72cd8b31a6/kotlin-stdlib-2.3.10.jar:/home/bazzite/.gradle/caches/modules-2/files-2.1/com.badlogicgames.gdx-controllers/gdx-controllers-desktop/2.2.4/44c8bdf023f04ea9a84ad105d5e2f59ff5d7768a/gdx-controllers-desktop-2.2.4.jar:/home/bazzite/.gradle/caches/modules-2/files-2.1/com.badlogicgames.gdx/gdx-backend-lwjgl3/1.14.0/122cf51d4a3bcd4e14e8fbd16ae2b65f27fe2d57/gdx-backend-lwjgl3-1.14.0.jar:/home/bazzite/.gradle/caches/modules-2/files-2.1/com.badlogicgames.gdx/gdx-platform/1.14.0/d0ecc53f2c20576f1ba4ac9ba157cf48f7bd9821/gdx-platform-1.14.0-natives-desktop.jar:/home/bazzite/.gradle/caches/modules-2/files-2.1/com.badlogicgames.gdx/gdx-tools/1.14.0/127ace6e61276431b23a963c99cee397da72c783/gdx-tools-1.14.0.jar:/home/bazzite/.gradle/caches/modules-2/files-2.1/org.lwjgl/lwjgl-glfw/3.4.1/a782b1ddd175c9107bf300fd92920579ea65e2a4/lwjgl-glfw-3.4.1.jar:/home/bazzite/.gradle/caches/modules-2/files-2.1/org.lwjgl/lwjgl-glfw/3.4.1/23cdf7655ce9f3b27ad90f08e73345e0d5b46362/lwjgl-glfw-3.4.1-natives-linux.jar:/home/bazzite/.gradle/caches/modules-2/files-2.1/org.lwjgl/lwjgl-glfw/3.4.1/bb243e9a857c4301bf7d5e668538686eaa64101e/lwjgl-glfw-3.4.1-natives-linux-arm32.jar:/home/bazzite/.gradle/caches/modules-2/files-2.1/org.lwjgl/lwjgl-glfw/3.4.1/e5e87034c47118960746077dba46280e8de864b3/lwjgl-glfw-3.4.1-natives-linux-arm64.jar:/home/bazzite/.gradle/caches/modules-2/files-2.1/org.lwjgl/lwjgl-glfw/3.4.1/3c8538942f58377d59cd7be2dc164ba71a53868a/lwjgl-glfw-3.4.1-natives-macos.jar:/home/bazzite/.gradle/caches/modules-2/files-2.1/org.lwjgl/lwjgl-glfw/3.4.1/ef1f8efca5a60ba3512bc4982b88e446ecc43378/lwjgl-glfw-3.4.1-natives-macos-arm64.jar:/home/bazzite/.gradle/caches/modules-2/files-2.1/org.lwjgl/lwjgl-glfw/3.4.1/2eb4aa895ea190ba8cf4356f8cea24d3ebb40ea1/lwjgl-glfw-3.4.1-natives-windows.jar:/home/bazzite/.gradle/caches/modules-2/files-2.1/org.lwjgl/lwjgl-glfw/3.4.1/a48bbdd544f00c88f8906e9d09e3f31bc1c17fac/lwjgl-glfw-3.4.1-natives-windows-x86.jar:/home/bazzite/.gradle/caches/modules-2/files-2.1/org.lwjgl/lwjgl-jemalloc/3.4.1/16b663092854fc6adfe0a941e61cae2bb2e437b6/lwjgl-jemalloc-3.4.1.jar:/home/bazzite/.gradle/caches/modules-2/files-2.1/org.lwjgl/lwjgl-jemalloc/3.4.1/b83c82d941f2e624d150d6d1e2efcf4ea49ff8ea/lwjgl-jemalloc-3.4.1-natives-linux.jar:/home/bazzite/.gradle/caches/modules-2/files-2.1/org.lwjgl/lwjgl-jemalloc/3.4.1/fc9ce35c94743e23855777cacaba34bc145da6ec/lwjgl-jemalloc-3.4.1-natives-linux-arm32.jar:/home/bazzite/.gradle/caches/modules-2/files-2.1/org.lwjgl/lwjgl-jemalloc/3.4.1/7891964dfb723209c6d02b0401432348fb707cc0/lwjgl-jemalloc-3.4.1-natives-linux-arm64.jar:/home/bazzite/.gradle/caches/modules-2/files-2.1/org.lwjgl/lwjgl-jemalloc/3.4.1/581b4d542e841015ce3265eed0495e2cde15b1d0/lwjgl-jemalloc-3.4.1-natives-macos.jar:/home/bazzite/.gradle/caches/modules-2/files-2.1/org.lwjgl/lwjgl-jemalloc/3.4.1/dcd7e3f9a2ca386e8c5b8f508a8511d9dd63bab0/lwjgl-jemalloc-3.4.1-natives-macos-arm64.jar:/home/bazzite/.gradle/caches/modules-2/files-2.1/org.lwjgl/lwjgl-jemalloc/3.4.1/70db8048d1aca8a6365f46f9963b8d6cd77b9e94/lwjgl-jemalloc-3.4.1-natives-windows.jar:/home/bazzite/.gradle/caches/modules-2/files-2.1/org.lwjgl/lwjgl-jemalloc/3.4.1/d8cf69e1155df83260f9bbe01944fe91f8ca3955/lwjgl-jemalloc-3.4.1-natives-windows-x86.jar:/home/bazzite/.gradle/caches/modules-2/files-2.1/org.lwjgl/lwjgl-openal/3.4.1/8508bd60589de0539aa465b78fcf838efd07ae9a/lwjgl-openal-3.4.1.jar:/home/bazzite/.gradle/caches/modules-2/files-2.1/org.lwjgl/lwjgl-openal/3.4.1/dbff577119266cd4312e4eb9cc2b171407c56360/lwjgl-openal-3.4.1-natives-linux.jar:/home/bazzite/.gradle/caches/modules-2/files-2.1/org.lwjgl/lwjgl-openal/3.4.1/6d4ac5f3d5bab7f2fadfd52c32177d9c12a43b49/lwjgl-openal-3.4.1-natives-linux-arm32.jar:/home/bazzite/.gradle/caches/modules-2/files-2.1/org.lwjgl/lwjgl-openal/3.4.1/3729b70cdd42df5571b075e051fa2fc8586dc538/lwjgl-openal-3.4.1-natives-linux-arm64.jar:/home/bazzite/.gradle/caches/modules-2/files-2.1/org.lwjgl/lwjgl-openal/3.4.1/a4dc57b7b0880d3fffb4d0b61649f45712bccc93/lwjgl-openal-3.4.1-natives-macos.jar:/home/bazzite/.gradle/caches/modules-2/files-2.1/org.lwjgl/lwjgl-openal/3.4.1/1c709a38c4a0e86aae96db7b8c78432307f2322a/lwjgl-openal-3.4.1-natives-macos-arm64.jar:/home/bazzite/.gradle/caches/modules-2/files-2.1/org.lwjgl/lwjgl-openal/3.4.1/8e83fdfdf65c80c9877c6fb6cb645d239ed7638/lwjgl-openal-3.4.1-natives-windows.jar:/home/bazzite/.gradle/caches/modules-2/files-2.1/org.lwjgl/lwjgl-openal/3.4.1/9e4bab87e9b89876fa77ea3c19e1b45334b97c10/lwjgl-openal-3.4.1-natives-windows-x86.jar:/home/bazzite/.gradle/caches/modules-2/files-2.1/org.lwjgl/lwjgl-opengl/3.4.1/830412cab823c029cda6b9729f9d2ed36cf79959/lwjgl-opengl-3.4.1.jar:/home/bazzite/.gradle/caches/modules-2/files-2.1/org.lwjgl/lwjgl-opengl/3.4.1/b750599f0e75ddb19f1d0fe993f3011334b710ae/lwjgl-opengl-3.4.1-natives-linux.jar:/home/bazzite/.gradle/caches/modules-2/files-2.1/org.lwjgl/lwjgl-opengl/3.4.1/172e575948234ff7920abf0d0083d25e37c91ba6/lwjgl-opengl-3.4.1-natives-linux-arm32.jar:/home/bazzite/.gradle/caches/modules-2/files-2.1/org.lwjgl/lwjgl-opengl/3.4.1/61a4103e56bbaeb74ad3f19ec14299fd6891c4b0/lwjgl-opengl-3.4.1-natives-linux-arm64.jar:/home/bazzite/.gradle/caches/modules-2/files-2.1/org.lwjgl/lwjgl-opengl/3.4.1/ba18fc6012b88494ee893506934b92b01c4ef14b/lwjgl-opengl-3.4.1-natives-macos.jar:/home/bazzite/.gradle/caches/modules-2/files-2.1/org.lwjgl/lwjgl-opengl/3.4.1/35b5550058de4960525f465243bd01805f04fd8b/lwjgl-opengl-3.4.1-natives-macos-arm64.jar:/home/bazzite/.gradle/caches/modules-2/files-2.1/org.lwjgl/lwjgl-opengl/3.4.1/617f37ef4e2ffb727bd5e74333e8073ef43ca1ec/lwjgl-opengl-3.4.1-natives-windows.jar:/home/bazzite/.gradle/caches/modules-2/files-2.1/org.lwjgl/lwjgl-opengl/3.4.1/cfd47352b758a0c9f7046de467b103182ec77eb1/lwjgl-opengl-3.4.1-natives-windows-x86.jar:/home/bazzite/.gradle/caches/modules-2/files-2.1/org.lwjgl/lwjgl-stb/3.4.1/f077c3dafc31924fbe8acb0b913f08977ba27f8e/lwjgl-stb-3.4.1.jar:/home/bazzite/.gradle/caches/modules-2/files-2.1/org.lwjgl/lwjgl-stb/3.4.1/7e1cfae909da6c68f3cb6073a9bfeb6c90e82a57/lwjgl-stb-3.4.1-natives-linux.jar:/home/bazzite/.gradle/caches/modules-2/files-2.1/org.lwjgl/lwjgl-stb/3.4.1/8f753f3772863989f1172d2b84b4e56ed18e8c35/lwjgl-stb-3.4.1-natives-linux-arm32.jar:/home/bazzite/.gradle/caches/modules-2/files-2.1/org.lwjgl/lwjgl-stb/3.4.1/3bc107f901f931fea07cb0d80b1d74a34b806a2b/lwjgl-stb-3.4.1-natives-linux-arm64.jar:/home/bazzite/.gradle/caches/modules-2/files-2.1/org.lwjgl/lwjgl-stb/3.4.1/fd1ea36b717b0832babca09324a6cfc43906e2aa/lwjgl-stb-3.4.1-natives-macos.jar:/home/bazzite/.gradle/caches/modules-2/files-2.1/org.lwjgl/lwjgl-stb/3.4.1/da554e04f819f09b0f3473bd931628ebf557965e/lwjgl-stb-3.4.1-natives-macos-arm64.jar:/home/bazzite/.gradle/caches/modules-2/files-2.1/org.lwjgl/lwjgl-stb/3.4.1/b4e13ece83c228ecf57354639d8555076a989d74/lwjgl-stb-3.4.1-natives-windows.jar:/home/bazzite/.gradle/caches/modules-2/files-2.1/org.lwjgl/lwjgl-stb/3.4.1/e091cd3b25ab7db88f0e34a0d2797dc396a528fa/lwjgl-stb-3.4.1-natives-windows-x86.jar:/home/bazzite/.gradle/caches/modules-2/files-2.1/org.lwjgl/lwjgl/3.4.1/6105690714874b995aa7812e4f7732a21109276c/lwjgl-3.4.1.jar:/home/bazzite/.gradle/caches/modules-2/files-2.1/org.lwjgl/lwjgl/3.4.1/2734e106bd95db49fe0da8cf8bf7fd96475c436c/lwjgl-3.4.1-natives-linux.jar:/home/bazzite/.gradle/caches/modules-2/files-2.1/org.lwjgl/lwjgl/3.4.1/1511ab1ffb1c8d8e00e2acb452663173ae09bca0/lwjgl-3.4.1-natives-linux-arm32.jar:/home/bazzite/.gradle/caches/modules-2/files-2.1/org.lwjgl/lwjgl/3.4.1/46883f3b622d8b4d7f27b627ca3360cda3db0e0e/lwjgl-3.4.1-natives-linux-arm64.jar:/home/bazzite/.gradle/caches/modules-2/files-2.1/org.lwjgl/lwjgl/3.4.1/b034fd9a67cb8646c01af7efcefcb93be835542b/lwjgl-3.4.1-natives-macos.jar:/home/bazzite/.gradle/caches/modules-2/files-2.1/org.lwjgl/lwjgl/3.4.1/b4cbdef4818abd714ee66985344c0949fd1cd6d6/lwjgl-3.4.1-natives-macos-arm64.jar:/home/bazzite/.gradle/caches/modules-2/files-2.1/org.lwjgl/lwjgl/3.4.1/96a217f0428ab73487f114a54179a4f41e851a04/lwjgl-3.4.1-natives-windows.jar:/home/bazzite/.gradle/caches/modules-2/files-2.1/org.lwjgl/lwjgl/3.4.1/65de43bd52507e108a58247c0da57a50ce3ee6f6/lwjgl-3.4.1-natives-windows-x86.jar:/home/bazzite/.gradle/caches/modules-2/files-2.1/org.jetbrains/annotations/13.0/919f0dfe192fb4e063e7dacadee7f8bb9a2672a9/annotations-13.0.jar:/home/bazzite/.gradle/caches/modules-2/files-2.1/de.golfgl.gdxcontrollerutils/gdx-controllerutils-mapping/2.3.0/4f0651c569245a0fcc2eb3a51f3d64cba33ab943/gdx-controllerutils-mapping-2.3.0.jar:/home/bazzite/.gradle/caches/modules-2/files-2.1/com.badlogicgames.gdx-controllers/gdx-controllers-core/2.2.4/d8a18ff371fb01c1763e9fe5ea050e39d2d66437/gdx-controllers-core-2.2.4.jar:/home/bazzite/.gradle/caches/modules-2/files-2.1/de.golfgl.gdxcontrollerutils/gdx-controllerutils-scene2d/2.3.0/f9a865856302ec274e78f2963cf7936bcd09e4a8/gdx-controllerutils-scene2d-2.3.0.jar:/home/bazzite/.gradle/caches/modules-2/files-2.1/com.vabrantgames/console/v0.3.0/72e7c7973b26a4e4a5cce0e7dae16c10bd73761a/console-v0.3.0.jar:/home/bazzite/.gradle/caches/modules-2/files-2.1/com.badlogicgames.gdx/gdx-freetype/1.14.0/90299d782fca725677549b88bc1958f968e09bd8/gdx-freetype-1.14.0.jar:/home/bazzite/.gradle/caches/modules-2/files-2.1/com.badlogicgames.gdx/gdx-backend-headless/1.14.0/91a9024d8424ffd4f0805a11f652aa4500f59e0b/gdx-backend-headless-1.14.0.jar:/home/bazzite/.gradle/caches/modules-2/files-2.1/com.badlogicgames.gdx/gdx/1.14.0/8accfce8d9313d9ddd23a2c9e315179783085ef2/gdx-1.14.0.jar:/home/bazzite/.gradle/caches/modules-2/files-2.1/com.badlogicgames.jamepad/jamepad/2.26.5.0/5c39b34fa0c39e3dd4607085d27d51b599ea30a0/jamepad-2.26.5.0.jar:/home/bazzite/.gradle/caches/modules-2/files-2.1/com.badlogicgames.jlayer/jlayer/1.0.1-gdx/7cca83cec5c1b2f011362f4d85aabd71a73b049d/jlayer-1.0.1-gdx.jar:/home/bazzite/.gradle/caches/modules-2/files-2.1/org.jcraft/jorbis/0.0.17/8872d22b293e8f5d7d56ff92be966e6dc28ebdc6/jorbis-0.0.17.jar:/home/bazzite/.gradle/caches/modules-2/files-2.1/com.badlogicgames.gdx/gdx-jnigen-loader/2.5.2/f35e90affe07c46b4f5e5958a1a4c1820c4890e2/gdx-jnigen-loader-2.5.2.jar
Launcher Type: SUN_STANDARD

[Global flags]
     intx CICompilerCount                          = 12                                        {product} {ergonomic}
     uint ConcGCThreads                            = 3                                         {product} {ergonomic}
     uint G1ConcRefinementThreads                  = 13                                        {product} {ergonomic}
   size_t G1HeapRegionSize                         = 4194304                                   {product} {ergonomic}
    uintx GCDrainStackTargetSize                   = 64                                        {product} {ergonomic}
   size_t InitialHeapSize                          = 515899392                                 {product} {ergonomic}
   size_t MarkStackSize                            = 4194304                                   {product} {ergonomic}
   size_t MaxHeapSize                              = 8195670016                                {product} {ergonomic}
   size_t MaxNewSize                               = 4915724288                                {product} {ergonomic}
   size_t MinHeapDeltaBytes                        = 4194304                                   {product} {ergonomic}
   size_t MinHeapSize                              = 8388608                                   {product} {ergonomic}
    uintx NonNMethodCodeHeapSize                   = 7602480                                {pd product} {ergonomic}
    uintx NonProfiledCodeHeapSize                  = 122027880                              {pd product} {ergonomic}
    uintx ProfiledCodeHeapSize                     = 122027880                              {pd product} {ergonomic}
    uintx ReservedCodeCacheSize                    = 251658240                              {pd product} {ergonomic}
     bool SegmentedCodeCache                       = true                                      {product} {ergonomic}
   size_t SoftMaxHeapSize                          = 8195670016                             {manageable} {ergonomic}
     bool UseCompressedOops                        = true                           {product lp64_product} {ergonomic}
     bool UseG1GC                                  = true                                      {product} {ergonomic}

Logging:
Log output configuration:
 #0: 
[error occurred during error reporting (printing log configuration), id 0xb, SIGSEGV (0xb) at pc=0x00007f2ed5a1705a]
Release file:
IMPLEMENTOR="Red Hat, Inc."
IMPLEMENTOR_VERSION="(Red_Hat-21.0.11.0.10-2)"
JAVA_RUNTIME_VERSION="21.0.11+10"
JAVA_VERSION="21.0.11"
JAVA_VERSION_DATE="2026-04-21"
LIBC="gnu"
MODULES="java.base java.compiler java.datatransfer java.xml java.prefs java.desktop java.instrument java.logging java.management java.security.sasl java.naming java.rmi java.management.rmi java.net.http java.scripting java.security.jgss java.transaction.xa java.sql java.sql.rowset java.xml.crypto java.se java.smartcardio jdk.accessibility jdk.internal.jvmstat jdk.attach jdk.charsets jdk.internal.opt jdk.zipfs jdk.compiler jdk.crypto.ec jdk.crypto.cryptoki jdk.dynalink jdk.internal.ed jdk.editpad jdk.hotspot.agent jdk.httpserver jdk.incubator.vector jdk.internal.le jdk.internal.vm.ci jdk.internal.vm.compiler jdk.internal.vm.compiler.management jdk.jartool jdk.javadoc jdk.jcmd jdk.management jdk.management.agent jdk.jconsole jdk.jdeps jdk.jdwp.agent jdk.jdi jdk.jfr jdk.jlink jdk.jpackage jdk.jshell jdk.jsobject jdk.jstatd jdk.localedata jdk.management.jfr jdk.naming.dns jdk.naming.rmi jdk.net jdk.nio.mapmode jdk.random jdk.sctp jdk.security.auth jdk.security.jgss jdk.unsupported jdk.unsupported.desktop jdk.xml.dom"
OS_ARCH="x86_64"
OS_NAME="Linux"
SOURCE=".:git:d8615be99208"

Environment Variables:
PATH=/home/bazzite/.local/bin:/home/bazzite/.local/bin:/home/bazzite/.local/share/../bin:/home/bazzite/.local/bin:/home/bazzite/bin:/usr/local/bin:/usr/bin:/bin:/home/bazzite/.local/share/yabridge:/home/bazzite/.local/share/yabridge:/usr/local/bin:/usr/bin:/usr/local/sbin:/usr/sbin:/sbin
XDG_CACHE_HOME=/home/bazzite/.cache
XDG_CONFIG_HOME=/home/bazzite/.config
SHELL=/usr/bin/zsh
DISPLAY=:0
WAYLAND_DISPLAY=wayland-0
LANG=en_US.UTF-8
TERM=xterm-256color

Active Locale:
LC_ALL=en_US.UTF-8
LC_COLLATE=en_US.UTF-8
LC_CTYPE=en_US.UTF-8
LC_MESSAGES=en_US.UTF-8
LC_MONETARY=en_US.UTF-8
LC_NUMERIC=en_US.UTF-8
LC_TIME=en_US.UTF-8

Signal Handlers:
   SIGSEGV: crash_handler in libjvm.so, mask=11100100010111111101111111111110, flags=SA_RESTART|SA_SIGINFO, unblocked
    SIGBUS: crash_handler in libjvm.so, mask=11100100010111111101111111111110, flags=SA_RESTART|SA_SIGINFO, unblocked
    SIGFPE: crash_handler in libjvm.so, mask=11100100010111111101111111111110, flags=SA_RESTART|SA_SIGINFO, unblocked
   SIGPIPE: SIG_IGN, mask=00000000000000000000000000000000, flags=none, blocked
  *** Handler was modified!
  *** Expected: javaSignalHandler in libjvm.so, mask=11100100110111111111111111111110, flags=SA_RESTART|SA_SIGINFO
   SIGXFSZ: javaSignalHandler in libjvm.so, mask=11100100010111111101111111111110, flags=SA_RESTART|SA_SIGINFO, blocked
    SIGILL: crash_handler in libjvm.so, mask=11100100010111111101111111111110, flags=SA_RESTART|SA_SIGINFO, unblocked
   SIGUSR2: SR_handler in libjvm.so, mask=00000000000000000000000000000000, flags=SA_RESTART|SA_SIGINFO, blocked
    SIGHUP: UserHandler in libjvm.so, mask=11100100010111111101111111111110, flags=SA_RESTART|SA_SIGINFO, blocked
    SIGINT: UserHandler in libjvm.so, mask=11100100010111111101111111111110, flags=SA_RESTART|SA_SIGINFO, blocked
   SIGTERM: UserHandler in libjvm.so, mask=11100100010111111101111111111110, flags=SA_RESTART|SA_SIGINFO, blocked
   SIGQUIT: UserHandler in libjvm.so, mask=11100100010111111101111111111110, flags=SA_RESTART|SA_SIGINFO, blocked
   SIGTRAP: crash_handler in libjvm.so, mask=11100100010111111101111111111110, flags=SA_RESTART|SA_SIGINFO, unblocked


Periodic native trim disabled

---------------  S Y S T E M  ---------------

OS:
Fedora release 43 (Forty Three)
uname: Linux 7.0.9-ogc3.2.fc44.x86_64 #1 SMP PREEMPT_DYNAMIC Wed May 20 01:34:43 UTC 2026 x86_64
OS uptime: 0 days 11:58 hours
libc: glibc 2.42 NPTL 2.42 
rlimit (soft/hard): STACK 8192k/infinity , CORE infinity/infinity , NPROC 123785/123785 , NOFILE 1048576/1048576 , AS infinity/infinity , CPU infinity/infinity , DATA infinity/infinity , FSIZE infinity/infinity , MEMLOCK 2147484k/2147484k
load average: 0.39 0.47 0.75

/proc/meminfo:
MemTotal:       32001840 kB
MemFree:         2652036 kB
MemAvailable:   11557844 kB
Buffers:            4296 kB
Cached:         10406040 kB
SwapCached:         7380 kB
Active:         16711080 kB
Inactive:        9520864 kB
Active(anon):   13195876 kB
Inactive(anon):  2897748 kB
Active(file):    3515204 kB
Inactive(file):  6623116 kB
Unevictable:         916 kB
Mlocked:             916 kB
SwapTotal:      16000508 kB
SwapFree:       12505500 kB
Zswap:                 0 kB
Zswapped:              0 kB
Dirty:              1340 kB
Writeback:            36 kB
AnonPages:      15816748 kB
Mapped:          2756620 kB
Shmem:            278184 kB
KReclaimable:     463820 kB
Slab:             943464 kB
SReclaimable:     463820 kB
SUnreclaim:       479644 kB
KernelStack:       50056 kB
PageTables:       174396 kB
SecPageTables:      5000 kB
NFS_Unstable:          0 kB
Bounce:                0 kB
WritebackTmp:          0 kB
CommitLimit:    32001428 kB
Committed_AS:   69168956 kB
VmallocTotal:   34359738367 kB
VmallocUsed:      367308 kB
VmallocChunk:          0 kB
Percpu:            21440 kB
HardwareCorrupted:     0 kB
AnonHugePages:         0 kB
ShmemHugePages:        0 kB
ShmemPmdMapped:        0 kB
FileHugePages:     12288 kB
FilePmdMapped:         0 kB
CmaTotal:              0 kB
CmaFree:               0 kB
Unaccepted:            0 kB
Balloon:               0 kB
HugePages_Total:       0
HugePages_Free:        0
HugePages_Rsvd:        0
HugePages_Surp:        0
Hugepagesize:       2048 kB
Hugetlb:               0 kB
DirectMap4k:     4178860 kB
DirectMap2M:    27473920 kB
DirectMap1G:     2097152 kB

/sys/kernel/mm/transparent_hugepage/enabled: always [madvise] never
/sys/kernel/mm/transparent_hugepage/hpage_pmd_size: 2097152
/sys/kernel/mm/transparent_hugepage/defrag (defrag/compaction efforts parameter): always defer defer+madvise [madvise] never

Process Memory:
Virtual Size: 13385040K (peak: 13437584K)
Resident Set Size: 294248K (peak: 294248K) (anon: 155384K, file: 126984K, shmem: 11880K)
Swapped out: 0K
C-Heap outstanding allocations: 117967K, retained: 25096K
glibc malloc tunables: (default)

/proc/sys/kernel/threads-max (system-wide limit on the number of threads): 247570
/proc/sys/vm/max_map_count (maximum number of memory map areas a process may have): 2147483642
/proc/sys/vm/swappiness (control to define how aggressively the kernel swaps out anonymous memory): 180
/proc/sys/kernel/pid_max (system-wide limit on number of process identifiers): 4194304

container information not found.
Steal ticks since vm start: 0
Steal ticks percentage since vm start:  0.000

CPU: total 16 (initial active 16) (16 cores per cpu, 2 threads per core) family 25 model 97 stepping 2 microcode 0xa60120a, cx8, cmov, fxsr, ht, mmx, 3dnowpref, sse, sse2, sse3, ssse3, sse4a, sse4.1, sse4.2, popcnt, lzcnt, tsc, tscinvbit, avx, avx2, aes, erms, clmul, bmi1, bmi2, adx, avx512f, avx512dq, avx512cd, avx512bw, avx512vl, sha, fma, vzeroupper, avx512_vpopcntdq, avx512_vpclmulqdq, avx512_vaes, avx512_vnni, clflush, clflushopt, avx512_vbmi2, avx512_vbmi, rdtscp, rdpid, fsrm, gfni, avx512_bitalg, f16c, pku, ospke, cet_ss, avx512_ifma
CPU Model and flags from /proc/cpuinfo:
model name	: AMD Ryzen 7 7700X 8-Core Processor
flags		: fpu vme de pse tsc msr pae mce cx8 apic sep mtrr pge mca cmov pat pse36 clflush mmx fxsr sse sse2 ht syscall nx mmxext fxsr_opt pdpe1gb rdtscp lm constant_tsc rep_good amd_lbr_v2 nopl xtopology nonstop_tsc cpuid extd_apicid aperfmperf rapl pni pclmulqdq monitor ssse3 fma cx16 sse4_1 sse4_2 movbe popcnt aes xsave avx f16c rdrand lahf_lm cmp_legacy svm extapic cr8_legacy abm sse4a misalignsse 3dnowprefetch osvw ibs skinit wdt tce topoext perfctr_core perfctr_nb bpext perfctr_llc mwaitx cpuid_fault cpb cat_l3 cdp_l3 hw_pstate ssbd mba perfmon_v2 ibrs ibpb stibp ibrs_enhanced vmmcall fsgsbase bmi1 avx2 smep bmi2 erms invpcid cqm rdt_a avx512f avx512dq rdseed adx smap avx512ifma clflushopt clwb avx512cd sha_ni avx512bw avx512vl xsaveopt xsavec xgetbv1 xsaves cqm_llc cqm_occup_llc cqm_mbm_total cqm_mbm_local user_shstk avx512_bf16 clzero irperf xsaveerptr rdpru wbnoinvd cppc arat npt lbrv svm_lock nrip_save tsc_scale vmcb_clean flushbyasid decodeassists pausefilter pfthreshold avic vgif x2avic v_spec_ctrl vnmi avx512vbmi umip pku ospke avx512_vbmi2 gfni vaes vpclmulqdq avx512_vnni avx512_bitalg avx512_vpopcntdq rdpid overflow_recov succor smca fsrm flush_l1d amd_lbr_pmc_freeze

Online cpus: 0-15
Offline cpus: 
BIOS frequency limitation: <Not Available>
Frequency switch latency (ns): 0
Available cpu frequencies: <Not Available>
Current governor: performance
Core performance/turbo boost: 1

Memory: 4k page, physical 32001840k(11557844k free), swap 16000508k(12505500k free)
Page Sizes: 4k

vm_info: OpenJDK 64-Bit Server VM (21.0.11+10) for linux-amd64 JRE (21.0.11+10), built on 2026-04-21T00:00:00Z by "mockbuild" with gcc 15.2.1 20260123 (Red Hat 15.2.1-7)

END.
