#
# A fatal error has been detected by the Java Runtime Environment:
#
#  SIGSEGV (0xb) at pc=0x00007f5aae77060e, pid=223693, tid=223724
#
# JRE version: OpenJDK Runtime Environment (Red_Hat-21.0.11.0.10-2) (21.0.11+10) (build 21.0.11+10)
# Java VM: OpenJDK 64-Bit Server VM (Red_Hat-21.0.11.0.10-2) (21.0.11+10, mixed mode, sharing, tiered, compressed oops, compressed class ptrs, g1 gc, linux-amd64)
# Problematic frame:
# C  [libEGL_nvidia.so.0+0xb660e]
#
# Core dump will be written. Default location: Core dumps may be processed with "/usr/lib/systemd/systemd-coredump %P %u %g %s %t %c %h %d %F" (or dumping to /home/bazzite/code/java/LibGDXDungeonCrawler/assets/core.223693)
#
# If you would like to submit a bug report, please visit:
#   https://bugzilla.redhat.com/enter_bug.cgi?product=Fedora&component=java-21-openjdk&version=42
#

---------------  S U M M A R Y ------------

Command Line: --enable-native-access=ALL-UNNAMED -Dfile.encoding=UTF-8 -Duser.country=US -Duser.language=en -Duser.variant dungeon.crawler.lwjgl3.Lwjgl3Launcher

Host: AMD Ryzen 7 7700X 8-Core Processor, 16 cores, 30G, Fedora release 43 (Forty Three)
Time: Sun Aug 16 20:07:30 2026 EDT elapsed time: 4.866191 seconds (0d 0h 0m 4s)

---------------  T H R E A D  ---------------

Current thread is native thread

Stack: [0x00007f5af418d000,0x00007f5af498d000],  sp=0x00007f5af498bdd0,  free space=8187k
Native frames: (J=compiled Java code, j=interpreted, Vv=VM code, C=native code)
C  [libEGL_nvidia.so.0+0xb660e]

siginfo: si_signo: 11 (SIGSEGV), si_code: 1 (SEGV_MAPERR), si_addr: 0x0000000000000040

Registers:
RAX=0x0000000000000000, RBX=0x00007f5aa7ffef80, RCX=0x0000000000000001, RDX=0x00007f5aae61181c
RSP=0x00007f5af498bdd0, RBP=0x00007f5aa76de040, RSI=0x00007f5aae763840, RDI=0x00007f5aae7fc4a8
R8 =0x00000000045a426e, R9 =0x00007f5af498bdc0, R10=0x0000000000000000, R11=0x00007f5b947b6000
R12=0x00007f5aae616aa0, R13=0x00007f5aa76de040, R14=0x00007f5aa7fff380, R15=0x0000000000000000
RIP=0x00007f5aae77060e, EFLAGS=0x0000000000010202, CSGSFS=0x002b000000000033, ERR=0x0000000000000004
  TRAPNO=0x000000000000000e

XMM[0]=0x0000000000000000 0x000000004a8ed2e4
XMM[1]=0x0000000000000000 0x0007000700070007
XMM[2]=0xffffffffffffffff 0xffffffffffffffff
XMM[3]=0xffffffffffffffff 0xffffffffffffffff
XMM[4]=0x0000000000000000 0x00007f5b8c000090
XMM[5]=0x0000000000000000 0x0000000000000000
XMM[6]=0x0000000000000000 0x0000000000000000
XMM[7]=0x0000000000000000 0x0000000000000000
XMM[8]=0x00007f5aaca9ba30 0x00007f5aaca9ba20
XMM[9]=0x22c497b022c497b0 0x22c497b03f5dc987
XMM[10]=0x0000000000000000 0x000000001c9931d7
XMM[11]=0xe834151de834151d 0xe834151d2791dea4
XMM[12]=0x0000000000000000 0x000000003f5dc987
XMM[13]=0x0000000000000000 0x00007f5b8c6b4500
XMM[14]=0x0000000000000000 0x00007f5b8c6b44f0
XMM[15]=0x0000000000000000 0x00007f5b8c6b44e0
  MXCSR=0x00001fa2


Top of Stack: (sp=0x00007f5af498bdd0)
0x00007f5af498bdd0:   00007f5aae613900 00007f5aacea408a   .9a.Z....@..Z...
0x00007f5af498bde0:   00007f5aae613900 00007f5aaccca31f   .9a.Z.......Z...
0x00007f5af498bdf0:   00007f5af4038080 00007f5aae5bfd00   ....Z.....[.Z...
0x00007f5af498be00:   00007f5af498c6c0 00007f5a00000035   ....Z...5...Z...
0x00007f5af498be10:   00007f5b8ca71f90 00007f5aa7fff380   ....[.......Z...
0x00007f5af498be20:   00007f5aacea5530 00007f5af498c6c0   0U..Z.......Z...
0x00007f5af498be30:   00007f5b931169a0 00007f5af498cce4   .i..[.......Z...
0x00007f5af498be40:   00007f5b93116aa7 00007f5aacea650a   .j..[....e..Z...
0x00007f5af498be50:   00007f5af498c6c0 00007f5af498c6c0   ....Z.......Z...
0x00007f5af498be60:   00007f5af498bf30 00007f5b9460c3c4   0...Z.....`.[...
0x00007f5af498be70:   0000000000801000 00007f5af418c000   ............Z...
0x00007f5af498be80:   0000000000000000 0000008000000000   ................
0x00007f5af498be90:   ffffffffffffff00 0000000000000000   ................
0x00007f5af498bea0:   0000000000000021 00007f5af498c6c0   !...........Z...
0x00007f5af498beb0:   00007f5af498c6c0 bfba48d36eed429a   ....Z....B.n.H..
0x00007f5af498bec0:   00007f5af498c6c0 00007f5b931169a0   ....Z....i..[...
0x00007f5af498bed0:   0000000000000000 00007f5b93116aa7   .........j..[...
0x00007f5af498bee0:   bfba48d36c6d429a bfb889239327429a   .Bml.H...B'.#...
0x00007f5af498bef0:   0000000000000000 0000000000000000   ................
0x00007f5af498bf00:   0000000000000000 0000000000000000   ................
0x00007f5af498bf10:   0000000000000000 f8ee11ac47b64600   .........F.G....
0x00007f5af498bf20:   00007f5b9460c0e0 0000000000000000   ..`.[...........
0x00007f5af498bf30:   0000000000000000 00007f5b9468f56c   ........l.h.[...
0x00007f5af498bf40:   0000000000000000 0000000000000000   ................
0x00007f5af498bf50:   0000000000000000 0000000000000000   ................
0x00007f5af498bf60:   0000000000000000 0000000000000000   ................
0x00007f5af498bf70:   0000000000000000 0000000000000000   ................
0x00007f5af498bf80:   0000000000000000 0000000000000000   ................
0x00007f5af498bf90:   0000000000000000 0000000000000000   ................
0x00007f5af498bfa0:   0000000000000000 0000000000000000   ................
0x00007f5af498bfb0:   0000000000000000 0000000000000000   ................
0x00007f5af498bfc0:   0000000000000000 0000000000000000   ................

Instructions: (pc=0x00007f5aae77060e)
0x00007f5aae77050e:   4c 24 08 48 85 c0 48 89 c2 74 61 48 89 08 49 8b
0x00007f5aae77051e:   44 24 40 48 83 c2 08 48 85 c0 74 41 41 8b 4c 24
0x00007f5aae77052e:   34 31 c0 85 c9 74 19 49 8b 74 24 40 89 c1 83 c0
0x00007f5aae77053e:   01 48 8b 34 ce 48 89 34 ca 41 39 44 24 34 77 e7
0x00007f5aae77054e:   49 8b 44 24 40 48 85 c0 74 13 48 8d 78 f8 48 89
0x00007f5aae77055e:   54 24 08 e8 1a a8 00 00 48 8b 54 24 08 45 89 7c
0x00007f5aae77056e:   24 34 49 89 54 24 40 e9 9a fe ff ff 45 8b 74 24
0x00007f5aae77057e:   34 e9 90 fe ff ff 66 2e 0f 1f 84 00 00 00 00 00
0x00007f5aae77058e:   66 90 48 8b 07 48 39 f0 74 58 55 48 89 fd 53 48
0x00007f5aae77059e:   89 f3 48 83 ec 08 48 85 c0 74 15 48 8d 78 08 ff
0x00007f5aae7705ae:   50 18 85 c0 75 0a 48 8b 7d 00 48 8b 07 ff 50 08
0x00007f5aae7705be:   48 89 5d 00 48 85 db 74 19 48 8b 43 10 48 83 c4
0x00007f5aae7705ce:   08 48 8d 7b 08 5b 5d ff e0 66 0f 1f 84 00 00 00
0x00007f5aae7705de:   00 00 48 83 c4 08 5b 5d c3 66 0f 1f 84 00 00 00
0x00007f5aae7705ee:   00 00 c3 66 66 2e 0f 1f 84 00 00 00 00 00 0f 1f
0x00007f5aae7705fe:   40 00 48 83 ec 08 bf 01 00 00 00 e8 62 4a ff ff
0x00007f5aae77060e:   8b 70 40 48 8d 78 30 48 83 c4 08 e9 62 68 f8 ff
0x00007f5aae77061e:   66 90 48 83 ec 18 48 8b 87 b0 04 00 00 ba 04 00
0x00007f5aae77062e:   00 00 be 01 00 00 00 48 8d 4c 24 0c bf 01 00 00
0x00007f5aae77063e:   00 ff 90 d8 00 00 00 48 83 c4 18 c3 66 0f 1f 44
0x00007f5aae77064e:   00 00 49 89 fa 41 89 d1 40 0f b6 fe 89 ca 49 8b
0x00007f5aae77065e:   82 b0 04 00 00 4c 89 c1 44 89 ce 48 8b 80 d8 00
0x00007f5aae77066e:   00 00 ff e0 66 66 2e 0f 1f 84 00 00 00 00 00 0f
0x00007f5aae77067e:   1f 00 55 40 0f b6 f6 53 48 89 fb 48 83 ec 08 48
0x00007f5aae77068e:   8b af b0 04 00 00 e8 b7 ff ff ff ff 95 00 01 00
0x00007f5aae77069e:   00 8b 10 89 53 28 48 83 c4 08 5b 5d c3 0f 1f 44
0x00007f5aae7706ae:   00 00 41 57 41 56 49 89 fe bf 01 00 00 00 41 55
0x00007f5aae7706be:   49 89 f5 41 54 55 53 48 83 ec 58 48 89 14 24 e8
0x00007f5aae7706ce:   9e 49 ff ff 48 c7 44 24 18 00 00 00 00 83 b8 a0
0x00007f5aae7706de:   04 00 00 03 4c 8b b8 b0 04 00 00 48 89 c3 44 8b
0x00007f5aae7706ee:   60 38 0f 84 02 01 00 00 48 8d 4c 24 20 48 8d 70
0x00007f5aae7706fe:   30 ba 01 00 00 00 48 89 cf 48 89 4c 24 08 e8 7f



---------------  P R O C E S S  ---------------

VM state: at safepoint (shutting down)

VM Mutex/Monitor currently owned by a thread:  ([mutex/lock_event])
[0x00007f5b945630f8] Threads_lock - owner thread: 0x00007f5b8c138230
[0x00007f5b94562ff8] Heap_lock - owner thread: 0x00007f5aec001080

Heap address: 0x0000000617800000, size: 7816 MB, Compressed Oops mode: Zero based, Oop shift amount: 3

CDS archive(s) mapped at: [0x00007f5b0f000000-0x00007f5b0fc9d000-0x00007f5b0fc9d000), size 13225984, SharedBaseAddress: 0x00007f5b0f000000, ArchiveRelocationMode: 1.
Compressed class space mapped at: 0x00007f5b10000000-0x00007f5b50000000, reserved size: 1073741824
Narrow klass base: 0x00007f5b0f000000, Narrow klass shift: 0, Narrow klass range: 0x100000000

GC Precious Log:
<Skipped>

Heap:
 garbage-first heap   total 507904K, used 7774K [0x0000000617800000, 0x0000000800000000)
  region size 4096K, 3 young (12288K), 1 survivors (4096K)
 Metaspace       used 8899K, committed 9088K, reserved 1114112K
  class space    used 732K, committed 832K, reserved 1048576K

Heap Regions: E=young(eden), S=young(survivor), O=old, HS=humongous(starts), HC=humongous(continues), CS=collection set, F=free, TAMS=top-at-mark-start, PB=parsable bottom
|   0|0x0000000617800000, 0x0000000617800000, 0x0000000617c00000|  0%| F|  |TAMS 0x0000000617800000| PB 0x0000000617800000| Untracked 
|   1|0x0000000617c00000, 0x0000000617c00000, 0x0000000618000000|  0%| F|  |TAMS 0x0000000617c00000| PB 0x0000000617c00000| Untracked 
|   2|0x0000000618000000, 0x0000000618000000, 0x0000000618400000|  0%| F|  |TAMS 0x0000000618000000| PB 0x0000000618000000| Untracked 
|   3|0x0000000618400000, 0x0000000618400000, 0x0000000618800000|  0%| F|  |TAMS 0x0000000618400000| PB 0x0000000618400000| Untracked 
|   4|0x0000000618800000, 0x0000000618800000, 0x0000000618c00000|  0%| F|  |TAMS 0x0000000618800000| PB 0x0000000618800000| Untracked 
|   5|0x0000000618c00000, 0x0000000618c00000, 0x0000000619000000|  0%| F|  |TAMS 0x0000000618c00000| PB 0x0000000618c00000| Untracked 
|   6|0x0000000619000000, 0x0000000619000000, 0x0000000619400000|  0%| F|  |TAMS 0x0000000619000000| PB 0x0000000619000000| Untracked 
|   7|0x0000000619400000, 0x0000000619400000, 0x0000000619800000|  0%| F|  |TAMS 0x0000000619400000| PB 0x0000000619400000| Untracked 
|   8|0x0000000619800000, 0x0000000619800000, 0x0000000619c00000|  0%| F|  |TAMS 0x0000000619800000| PB 0x0000000619800000| Untracked 
|   9|0x0000000619c00000, 0x0000000619c00000, 0x000000061a000000|  0%| F|  |TAMS 0x0000000619c00000| PB 0x0000000619c00000| Untracked 
|  10|0x000000061a000000, 0x000000061a000000, 0x000000061a400000|  0%| F|  |TAMS 0x000000061a000000| PB 0x000000061a000000| Untracked 
|  11|0x000000061a400000, 0x000000061a400000, 0x000000061a800000|  0%| F|  |TAMS 0x000000061a400000| PB 0x000000061a400000| Untracked 
|  12|0x000000061a800000, 0x000000061a800000, 0x000000061ac00000|  0%| F|  |TAMS 0x000000061a800000| PB 0x000000061a800000| Untracked 
|  13|0x000000061ac00000, 0x000000061ac00000, 0x000000061b000000|  0%| F|  |TAMS 0x000000061ac00000| PB 0x000000061ac00000| Untracked 
|  14|0x000000061b000000, 0x000000061b000000, 0x000000061b400000|  0%| F|  |TAMS 0x000000061b000000| PB 0x000000061b000000| Untracked 
|  15|0x000000061b400000, 0x000000061b400000, 0x000000061b800000|  0%| F|  |TAMS 0x000000061b400000| PB 0x000000061b400000| Untracked 
|  16|0x000000061b800000, 0x000000061b800000, 0x000000061bc00000|  0%| F|  |TAMS 0x000000061b800000| PB 0x000000061b800000| Untracked 
|  17|0x000000061bc00000, 0x000000061bc00000, 0x000000061c000000|  0%| F|  |TAMS 0x000000061bc00000| PB 0x000000061bc00000| Untracked 
|  18|0x000000061c000000, 0x000000061c000000, 0x000000061c400000|  0%| F|  |TAMS 0x000000061c000000| PB 0x000000061c000000| Untracked 
|  19|0x000000061c400000, 0x000000061c400000, 0x000000061c800000|  0%| F|  |TAMS 0x000000061c400000| PB 0x000000061c400000| Untracked 
|  20|0x000000061c800000, 0x000000061c800000, 0x000000061cc00000|  0%| F|  |TAMS 0x000000061c800000| PB 0x000000061c800000| Untracked 
|  21|0x000000061cc00000, 0x000000061cc00000, 0x000000061d000000|  0%| F|  |TAMS 0x000000061cc00000| PB 0x000000061cc00000| Untracked 
|  22|0x000000061d000000, 0x000000061d000000, 0x000000061d400000|  0%| F|  |TAMS 0x000000061d000000| PB 0x000000061d000000| Untracked 
|  23|0x000000061d400000, 0x000000061d400000, 0x000000061d800000|  0%| F|  |TAMS 0x000000061d400000| PB 0x000000061d400000| Untracked 
|  24|0x000000061d800000, 0x000000061d800000, 0x000000061dc00000|  0%| F|  |TAMS 0x000000061d800000| PB 0x000000061d800000| Untracked 
|  25|0x000000061dc00000, 0x000000061dc00000, 0x000000061e000000|  0%| F|  |TAMS 0x000000061dc00000| PB 0x000000061dc00000| Untracked 
|  26|0x000000061e000000, 0x000000061e000000, 0x000000061e400000|  0%| F|  |TAMS 0x000000061e000000| PB 0x000000061e000000| Untracked 
|  27|0x000000061e400000, 0x000000061e400000, 0x000000061e800000|  0%| F|  |TAMS 0x000000061e400000| PB 0x000000061e400000| Untracked 
|  28|0x000000061e800000, 0x000000061e800000, 0x000000061ec00000|  0%| F|  |TAMS 0x000000061e800000| PB 0x000000061e800000| Untracked 
|  29|0x000000061ec00000, 0x000000061ec00000, 0x000000061f000000|  0%| F|  |TAMS 0x000000061ec00000| PB 0x000000061ec00000| Untracked 
|  30|0x000000061f000000, 0x000000061f000000, 0x000000061f400000|  0%| F|  |TAMS 0x000000061f000000| PB 0x000000061f000000| Untracked 
|  31|0x000000061f400000, 0x000000061f400000, 0x000000061f800000|  0%| F|  |TAMS 0x000000061f400000| PB 0x000000061f400000| Untracked 
|  32|0x000000061f800000, 0x000000061f800000, 0x000000061fc00000|  0%| F|  |TAMS 0x000000061f800000| PB 0x000000061f800000| Untracked 
|  33|0x000000061fc00000, 0x000000061fc00000, 0x0000000620000000|  0%| F|  |TAMS 0x000000061fc00000| PB 0x000000061fc00000| Untracked 
|  34|0x0000000620000000, 0x0000000620000000, 0x0000000620400000|  0%| F|  |TAMS 0x0000000620000000| PB 0x0000000620000000| Untracked 
|  35|0x0000000620400000, 0x0000000620400000, 0x0000000620800000|  0%| F|  |TAMS 0x0000000620400000| PB 0x0000000620400000| Untracked 
|  36|0x0000000620800000, 0x0000000620800000, 0x0000000620c00000|  0%| F|  |TAMS 0x0000000620800000| PB 0x0000000620800000| Untracked 
|  37|0x0000000620c00000, 0x0000000620c00000, 0x0000000621000000|  0%| F|  |TAMS 0x0000000620c00000| PB 0x0000000620c00000| Untracked 
|  38|0x0000000621000000, 0x0000000621000000, 0x0000000621400000|  0%| F|  |TAMS 0x0000000621000000| PB 0x0000000621000000| Untracked 
|  39|0x0000000621400000, 0x0000000621400000, 0x0000000621800000|  0%| F|  |TAMS 0x0000000621400000| PB 0x0000000621400000| Untracked 
|  40|0x0000000621800000, 0x0000000621800000, 0x0000000621c00000|  0%| F|  |TAMS 0x0000000621800000| PB 0x0000000621800000| Untracked 
|  41|0x0000000621c00000, 0x0000000621c00000, 0x0000000622000000|  0%| F|  |TAMS 0x0000000621c00000| PB 0x0000000621c00000| Untracked 
|  42|0x0000000622000000, 0x0000000622000000, 0x0000000622400000|  0%| F|  |TAMS 0x0000000622000000| PB 0x0000000622000000| Untracked 
|  43|0x0000000622400000, 0x0000000622400000, 0x0000000622800000|  0%| F|  |TAMS 0x0000000622400000| PB 0x0000000622400000| Untracked 
|  44|0x0000000622800000, 0x0000000622800000, 0x0000000622c00000|  0%| F|  |TAMS 0x0000000622800000| PB 0x0000000622800000| Untracked 
|  45|0x0000000622c00000, 0x0000000622c00000, 0x0000000623000000|  0%| F|  |TAMS 0x0000000622c00000| PB 0x0000000622c00000| Untracked 
|  46|0x0000000623000000, 0x0000000623000000, 0x0000000623400000|  0%| F|  |TAMS 0x0000000623000000| PB 0x0000000623000000| Untracked 
|  47|0x0000000623400000, 0x0000000623400000, 0x0000000623800000|  0%| F|  |TAMS 0x0000000623400000| PB 0x0000000623400000| Untracked 
|  48|0x0000000623800000, 0x0000000623800000, 0x0000000623c00000|  0%| F|  |TAMS 0x0000000623800000| PB 0x0000000623800000| Untracked 
|  49|0x0000000623c00000, 0x0000000623c00000, 0x0000000624000000|  0%| F|  |TAMS 0x0000000623c00000| PB 0x0000000623c00000| Untracked 
|  50|0x0000000624000000, 0x0000000624000000, 0x0000000624400000|  0%| F|  |TAMS 0x0000000624000000| PB 0x0000000624000000| Untracked 
|  51|0x0000000624400000, 0x0000000624400000, 0x0000000624800000|  0%| F|  |TAMS 0x0000000624400000| PB 0x0000000624400000| Untracked 
|  52|0x0000000624800000, 0x0000000624800000, 0x0000000624c00000|  0%| F|  |TAMS 0x0000000624800000| PB 0x0000000624800000| Untracked 
|  53|0x0000000624c00000, 0x0000000624c00000, 0x0000000625000000|  0%| F|  |TAMS 0x0000000624c00000| PB 0x0000000624c00000| Untracked 
|  54|0x0000000625000000, 0x0000000625000000, 0x0000000625400000|  0%| F|  |TAMS 0x0000000625000000| PB 0x0000000625000000| Untracked 
|  55|0x0000000625400000, 0x0000000625400000, 0x0000000625800000|  0%| F|  |TAMS 0x0000000625400000| PB 0x0000000625400000| Untracked 
|  56|0x0000000625800000, 0x0000000625800000, 0x0000000625c00000|  0%| F|  |TAMS 0x0000000625800000| PB 0x0000000625800000| Untracked 
|  57|0x0000000625c00000, 0x0000000625c00000, 0x0000000626000000|  0%| F|  |TAMS 0x0000000625c00000| PB 0x0000000625c00000| Untracked 
|  58|0x0000000626000000, 0x0000000626000000, 0x0000000626400000|  0%| F|  |TAMS 0x0000000626000000| PB 0x0000000626000000| Untracked 
|  59|0x0000000626400000, 0x0000000626400000, 0x0000000626800000|  0%| F|  |TAMS 0x0000000626400000| PB 0x0000000626400000| Untracked 
|  60|0x0000000626800000, 0x0000000626800000, 0x0000000626c00000|  0%| F|  |TAMS 0x0000000626800000| PB 0x0000000626800000| Untracked 
|  61|0x0000000626c00000, 0x0000000626c00000, 0x0000000627000000|  0%| F|  |TAMS 0x0000000626c00000| PB 0x0000000626c00000| Untracked 
|  62|0x0000000627000000, 0x0000000627000000, 0x0000000627400000|  0%| F|  |TAMS 0x0000000627000000| PB 0x0000000627000000| Untracked 
|  63|0x0000000627400000, 0x0000000627400000, 0x0000000627800000|  0%| F|  |TAMS 0x0000000627400000| PB 0x0000000627400000| Untracked 
|  64|0x0000000627800000, 0x0000000627800000, 0x0000000627c00000|  0%| F|  |TAMS 0x0000000627800000| PB 0x0000000627800000| Untracked 
|  65|0x0000000627c00000, 0x0000000627c00000, 0x0000000628000000|  0%| F|  |TAMS 0x0000000627c00000| PB 0x0000000627c00000| Untracked 
|  66|0x0000000628000000, 0x0000000628000000, 0x0000000628400000|  0%| F|  |TAMS 0x0000000628000000| PB 0x0000000628000000| Untracked 
|  67|0x0000000628400000, 0x0000000628400000, 0x0000000628800000|  0%| F|  |TAMS 0x0000000628400000| PB 0x0000000628400000| Untracked 
|  68|0x0000000628800000, 0x0000000628800000, 0x0000000628c00000|  0%| F|  |TAMS 0x0000000628800000| PB 0x0000000628800000| Untracked 
|  69|0x0000000628c00000, 0x0000000628c00000, 0x0000000629000000|  0%| F|  |TAMS 0x0000000628c00000| PB 0x0000000628c00000| Untracked 
|  70|0x0000000629000000, 0x0000000629000000, 0x0000000629400000|  0%| F|  |TAMS 0x0000000629000000| PB 0x0000000629000000| Untracked 
|  71|0x0000000629400000, 0x0000000629400000, 0x0000000629800000|  0%| F|  |TAMS 0x0000000629400000| PB 0x0000000629400000| Untracked 
|  72|0x0000000629800000, 0x0000000629800000, 0x0000000629c00000|  0%| F|  |TAMS 0x0000000629800000| PB 0x0000000629800000| Untracked 
|  73|0x0000000629c00000, 0x0000000629c00000, 0x000000062a000000|  0%| F|  |TAMS 0x0000000629c00000| PB 0x0000000629c00000| Untracked 
|  74|0x000000062a000000, 0x000000062a000000, 0x000000062a400000|  0%| F|  |TAMS 0x000000062a000000| PB 0x000000062a000000| Untracked 
|  75|0x000000062a400000, 0x000000062a400000, 0x000000062a800000|  0%| F|  |TAMS 0x000000062a400000| PB 0x000000062a400000| Untracked 
|  76|0x000000062a800000, 0x000000062a800000, 0x000000062ac00000|  0%| F|  |TAMS 0x000000062a800000| PB 0x000000062a800000| Untracked 
|  77|0x000000062ac00000, 0x000000062ac00000, 0x000000062b000000|  0%| F|  |TAMS 0x000000062ac00000| PB 0x000000062ac00000| Untracked 
|  78|0x000000062b000000, 0x000000062b000000, 0x000000062b400000|  0%| F|  |TAMS 0x000000062b000000| PB 0x000000062b000000| Untracked 
|  79|0x000000062b400000, 0x000000062b400000, 0x000000062b800000|  0%| F|  |TAMS 0x000000062b400000| PB 0x000000062b400000| Untracked 
|  80|0x000000062b800000, 0x000000062b800000, 0x000000062bc00000|  0%| F|  |TAMS 0x000000062b800000| PB 0x000000062b800000| Untracked 
|  81|0x000000062bc00000, 0x000000062bc00000, 0x000000062c000000|  0%| F|  |TAMS 0x000000062bc00000| PB 0x000000062bc00000| Untracked 
|  82|0x000000062c000000, 0x000000062c000000, 0x000000062c400000|  0%| F|  |TAMS 0x000000062c000000| PB 0x000000062c000000| Untracked 
|  83|0x000000062c400000, 0x000000062c400000, 0x000000062c800000|  0%| F|  |TAMS 0x000000062c400000| PB 0x000000062c400000| Untracked 
|  84|0x000000062c800000, 0x000000062c800000, 0x000000062cc00000|  0%| F|  |TAMS 0x000000062c800000| PB 0x000000062c800000| Untracked 
|  85|0x000000062cc00000, 0x000000062cc00000, 0x000000062d000000|  0%| F|  |TAMS 0x000000062cc00000| PB 0x000000062cc00000| Untracked 
|  86|0x000000062d000000, 0x000000062d000000, 0x000000062d400000|  0%| F|  |TAMS 0x000000062d000000| PB 0x000000062d000000| Untracked 
|  87|0x000000062d400000, 0x000000062d400000, 0x000000062d800000|  0%| F|  |TAMS 0x000000062d400000| PB 0x000000062d400000| Untracked 
|  88|0x000000062d800000, 0x000000062d800000, 0x000000062dc00000|  0%| F|  |TAMS 0x000000062d800000| PB 0x000000062d800000| Untracked 
|  89|0x000000062dc00000, 0x000000062dc00000, 0x000000062e000000|  0%| F|  |TAMS 0x000000062dc00000| PB 0x000000062dc00000| Untracked 
|  90|0x000000062e000000, 0x000000062e000000, 0x000000062e400000|  0%| F|  |TAMS 0x000000062e000000| PB 0x000000062e000000| Untracked 
|  91|0x000000062e400000, 0x000000062e400000, 0x000000062e800000|  0%| F|  |TAMS 0x000000062e400000| PB 0x000000062e400000| Untracked 
|  92|0x000000062e800000, 0x000000062e800000, 0x000000062ec00000|  0%| F|  |TAMS 0x000000062e800000| PB 0x000000062e800000| Untracked 
|  93|0x000000062ec00000, 0x000000062ec00000, 0x000000062f000000|  0%| F|  |TAMS 0x000000062ec00000| PB 0x000000062ec00000| Untracked 
|  94|0x000000062f000000, 0x000000062f000000, 0x000000062f400000|  0%| F|  |TAMS 0x000000062f000000| PB 0x000000062f000000| Untracked 
|  95|0x000000062f400000, 0x000000062f400000, 0x000000062f800000|  0%| F|  |TAMS 0x000000062f400000| PB 0x000000062f400000| Untracked 
|  96|0x000000062f800000, 0x000000062f800000, 0x000000062fc00000|  0%| F|  |TAMS 0x000000062f800000| PB 0x000000062f800000| Untracked 
|  97|0x000000062fc00000, 0x000000062fc00000, 0x0000000630000000|  0%| F|  |TAMS 0x000000062fc00000| PB 0x000000062fc00000| Untracked 
|  98|0x0000000630000000, 0x0000000630000000, 0x0000000630400000|  0%| F|  |TAMS 0x0000000630000000| PB 0x0000000630000000| Untracked 
|  99|0x0000000630400000, 0x0000000630400000, 0x0000000630800000|  0%| F|  |TAMS 0x0000000630400000| PB 0x0000000630400000| Untracked 
| 100|0x0000000630800000, 0x0000000630800000, 0x0000000630c00000|  0%| F|  |TAMS 0x0000000630800000| PB 0x0000000630800000| Untracked 
| 101|0x0000000630c00000, 0x0000000630c00000, 0x0000000631000000|  0%| F|  |TAMS 0x0000000630c00000| PB 0x0000000630c00000| Untracked 
| 102|0x0000000631000000, 0x0000000631000000, 0x0000000631400000|  0%| F|  |TAMS 0x0000000631000000| PB 0x0000000631000000| Untracked 
| 103|0x0000000631400000, 0x0000000631400000, 0x0000000631800000|  0%| F|  |TAMS 0x0000000631400000| PB 0x0000000631400000| Untracked 
| 104|0x0000000631800000, 0x0000000631800000, 0x0000000631c00000|  0%| F|  |TAMS 0x0000000631800000| PB 0x0000000631800000| Untracked 
| 105|0x0000000631c00000, 0x0000000631c00000, 0x0000000632000000|  0%| F|  |TAMS 0x0000000631c00000| PB 0x0000000631c00000| Untracked 
| 106|0x0000000632000000, 0x0000000632000000, 0x0000000632400000|  0%| F|  |TAMS 0x0000000632000000| PB 0x0000000632000000| Untracked 
| 107|0x0000000632400000, 0x0000000632400000, 0x0000000632800000|  0%| F|  |TAMS 0x0000000632400000| PB 0x0000000632400000| Untracked 
| 108|0x0000000632800000, 0x0000000632800000, 0x0000000632c00000|  0%| F|  |TAMS 0x0000000632800000| PB 0x0000000632800000| Untracked 
| 109|0x0000000632c00000, 0x0000000632c00000, 0x0000000633000000|  0%| F|  |TAMS 0x0000000632c00000| PB 0x0000000632c00000| Untracked 
| 110|0x0000000633000000, 0x0000000633000000, 0x0000000633400000|  0%| F|  |TAMS 0x0000000633000000| PB 0x0000000633000000| Untracked 
| 111|0x0000000633400000, 0x0000000633400000, 0x0000000633800000|  0%| F|  |TAMS 0x0000000633400000| PB 0x0000000633400000| Untracked 
| 112|0x0000000633800000, 0x0000000633800000, 0x0000000633c00000|  0%| F|  |TAMS 0x0000000633800000| PB 0x0000000633800000| Untracked 
| 113|0x0000000633c00000, 0x0000000633c00000, 0x0000000634000000|  0%| F|  |TAMS 0x0000000633c00000| PB 0x0000000633c00000| Untracked 
| 114|0x0000000634000000, 0x0000000634000000, 0x0000000634400000|  0%| F|  |TAMS 0x0000000634000000| PB 0x0000000634000000| Untracked 
| 115|0x0000000634400000, 0x0000000634400000, 0x0000000634800000|  0%| F|  |TAMS 0x0000000634400000| PB 0x0000000634400000| Untracked 
| 116|0x0000000634800000, 0x0000000634a8af70, 0x0000000634c00000| 63%| S|CS|TAMS 0x0000000634800000| PB 0x0000000634800000| Complete 
| 117|0x0000000634c00000, 0x0000000634c00000, 0x0000000635000000|  0%| F|  |TAMS 0x0000000634c00000| PB 0x0000000634c00000| Untracked 
| 118|0x0000000635000000, 0x0000000635000000, 0x0000000635400000|  0%| F|  |TAMS 0x0000000635000000| PB 0x0000000635000000| Untracked 
| 119|0x0000000635400000, 0x0000000635400000, 0x0000000635800000|  0%| F|  |TAMS 0x0000000635400000| PB 0x0000000635400000| Untracked 
| 120|0x0000000635800000, 0x0000000635800000, 0x0000000635c00000|  0%| F|  |TAMS 0x0000000635800000| PB 0x0000000635800000| Untracked 
| 121|0x0000000635c00000, 0x0000000635f36278, 0x0000000636000000| 80%| E|  |TAMS 0x0000000635c00000| PB 0x0000000635c00000| Complete 
| 122|0x0000000636000000, 0x0000000636400000, 0x0000000636400000|100%| E|CS|TAMS 0x0000000636000000| PB 0x0000000636000000| Complete 
|1953|0x00000007ffc00000, 0x00000007ffd0cbc8, 0x0000000800000000| 26%| O|  |TAMS 0x00000007ffc00000| PB 0x00000007ffc00000| Untracked 

Card table byte_map: [0x00007f5b90224000,0x00007f5b91168000] _byte_map_base: 0x00007f5b8d168000

Marking Bits: (CMBitMap*) 0x00007f5b8c05a880
 Bits: [0x00007f5b6cde0000, 0x00007f5b74800000)

Polling page: 0x00007f5b94795000

Metaspace:

Usage:
  Non-class:      7.97 MB used.
      Class:    732.94 KB used.
       Both:      8.69 MB used.

Virtual space:
  Non-class space:       64.00 MB reserved,       8.06 MB ( 13%) committed,  1 nodes.
      Class space:        1.00 GB reserved,     832.00 KB ( <1%) committed,  1 nodes.
             Both:        1.06 GB reserved,       8.88 MB ( <1%) committed. 

Chunk freelists:
   Non-Class:  6.20 MB
       Class:  15.17 MB
        Both:  21.38 MB

MaxMetaspaceSize: unlimited
CompressedClassSpaceSize: 1.00 GB
Initial GC threshold: 21.00 MB
Current GC threshold: 21.00 MB
CDS: on
 - commit_granule_bytes: 65536.
 - commit_granule_words: 8192.
 - virtual_space_node_default_size: 8388608.
 - enlarge_chunks_in_place: 1.
 - use_allocation_guard: 0.


Internal statistics:

num_allocs_failed_limit: 0.
num_arena_births: 100.
num_arena_deaths: 0.
num_vsnodes_births: 2.
num_vsnodes_deaths: 0.
num_space_committed: 140.
num_space_uncommitted: 0.
num_chunks_returned_to_freelist: 0.
num_chunks_taken_from_freelist: 350.
num_chunk_merges: 0.
num_chunk_splits: 262.
num_chunks_enlarged: 215.
num_inconsistent_stats: 0.

CodeHeap 'non-profiled nmethods': size=119168Kb used=445Kb max_used=445Kb free=118722Kb
 bounds [0x00007f5b7c3a0000, 0x00007f5b7c610000, 0x00007f5b83800000]
CodeHeap 'profiled nmethods': size=119164Kb used=2803Kb max_used=2803Kb free=116360Kb
 bounds [0x00007f5b74800000, 0x00007f5b74ac0000, 0x00007f5b7bc5f000]
CodeHeap 'non-nmethods': size=7428Kb used=3613Kb max_used=4190Kb free=3814Kb
 bounds [0x00007f5b7bc5f000, 0x00007f5b7c07f000, 0x00007f5b7c3a0000]
CodeCache: size=245760Kb, used=6861Kb, max_used=7438Kb, free=238896Kb
 total_blobs=2751, nmethods=1584, adapters=1071, full_count=0
Compilation: enabled, stopped_count=0, restarted_count=0

Compilation events (20 events):
Event: 4.526 Thread 0x00007f5ad00dc4e0 1576       3       dungeon.crawler.Player.PlayerPositionHandler::updateInput (217 bytes)
Event: 4.526 Thread 0x00007f5b8c14a3c0 nmethod 1573 0x00007f5b74ab7210 code [0x00007f5b74ab7420, 0x00007f5b74ab77d0]
Event: 4.526 Thread 0x00007f5b8c14a3c0 1577       3       dungeon.crawler.Player.PlayerAnimatedSprite::update (39 bytes)
Event: 4.526 Thread 0x00007f5adc04ca20 nmethod 1574 0x00007f5b74ab7a10 code [0x00007f5b74ab7c60, 0x00007f5b74ab8530]
Event: 4.526 Thread 0x00007f5adc04ca20 1578       3       dungeon.crawler.WorldScreenRefactor::draw (161 bytes)
Event: 4.526 Thread 0x00007f5b8c14a3c0 nmethod 1577 0x00007f5b74ab8710 code [0x00007f5b74ab88c0, 0x00007f5b74ab8b50]
Event: 4.526 Thread 0x00007f5b8c14a3c0 1579       3       com.badlogic.gdx.maps.tiled.renderers.BatchTiledMapRenderer::setView (124 bytes)
Event: 4.526 Thread 0x00007f5ad00dc4e0 nmethod 1576 0x00007f5b74ab8c90 code [0x00007f5b74ab8f40, 0x00007f5b74ab9a10]
Event: 4.526 Thread 0x00007f5ad00dc4e0 1580       3       com.badlogic.gdx.math.Rectangle::set (23 bytes)
Event: 4.526 Thread 0x00007f5ad00dc4e0 nmethod 1580 0x00007f5b74ab9d10 code [0x00007f5b74ab9ea0, 0x00007f5b74ab9fb8]
Event: 4.526 Thread 0x00007f5ad00dc4e0 1581       3       com.badlogic.gdx.maps.tiled.renderers.BatchTiledMapRenderer::endRender (10 bytes)
Event: 4.526 Thread 0x00007f5ad00dc4e0 nmethod 1581 0x00007f5b74aba090 code [0x00007f5b74aba240, 0x00007f5b74aba3d0]
Event: 4.526 Thread 0x00007f5b8c14a3c0 nmethod 1579 0x00007f5b74aba510 code [0x00007f5b74aba760, 0x00007f5b74abaeb0]
Event: 4.527 Thread 0x00007f5adc04ca20 nmethod 1578 0x00007f5b74abb290 code [0x00007f5b74abb620, 0x00007f5b74abc728]
Event: 4.560 Thread 0x00007f5b8c148d00 1582       4       com.badlogic.gdx.math.Vector3::nor (32 bytes)
Event: 4.560 Thread 0x00007f5b8c148d00 nmethod 1582 0x00007f5b7c40ec10 code [0x00007f5b7c40edc0, 0x00007f5b7c40eeb0]
Event: 4.854 Thread 0x00007f5adc04ca20 1583       1       java.lang.Module::getDescriptor (5 bytes)
Event: 4.854 Thread 0x00007f5ad00dc4e0 1584       1       java.lang.module.ModuleDescriptor::provides (5 bytes)
Event: 4.854 Thread 0x00007f5ad00dc4e0 nmethod 1584 0x00007f5b7c40ef90 code [0x00007f5b7c40f120, 0x00007f5b7c40f1e8]
Event: 4.854 Thread 0x00007f5adc04ca20 nmethod 1583 0x00007f5b7c40f290 code [0x00007f5b7c40f420, 0x00007f5b7c40f4e8]

GC Heap History (2 events):
Event: 0.405 GC heap before
{Heap before GC invocations=0 (full 0):
 garbage-first heap   total 507904K, used 25650K [0x0000000617800000, 0x0000000800000000)
  region size 4096K, 6 young (24576K), 0 survivors (0K)
 Metaspace       used 7215K, committed 7360K, reserved 1114112K
  class space    used 554K, committed 640K, reserved 1048576K
}
Event: 0.407 GC heap after
{Heap after GC invocations=1 (full 0):
 garbage-first heap   total 507904K, used 3678K [0x0000000617800000, 0x0000000800000000)
  region size 4096K, 1 young (4096K), 1 survivors (4096K)
 Metaspace       used 7215K, committed 7360K, reserved 1114112K
  class space    used 554K, committed 640K, reserved 1048576K
}

Dll operation events (10 events):
Event: 0.003 Loaded shared library /usr/lib/jvm/java-21-openjdk/lib/libjava.so
Event: 0.015 Loaded shared library /usr/lib/jvm/java-21-openjdk/lib/libjsvml.so
Event: 0.021 Loaded shared library /usr/lib/jvm/java-21-openjdk/lib/libnio.so
Event: 0.023 Loaded shared library /usr/lib/jvm/java-21-openjdk/lib/libzip.so
Event: 0.041 Loaded shared library /usr/lib/jvm/java-21-openjdk/lib/libjimage.so
Event: 0.043 Loaded shared library /tmp/libgdxbazzite/da3a4817/libgdx64.so
Event: 0.057 Loaded shared library /usr/lib/jvm/java-21-openjdk/lib/libnet.so
Event: 0.060 Loaded shared library /tmp/lwjgl_bazzite/3.4.1+2/x64/liblwjgl.so
Event: 0.064 Loaded shared library /usr/lib/jvm/java-21-openjdk/lib/libsystemconf.so
Event: 0.219 Loaded shared library /tmp/lwjgl_bazzite/3.4.1+2/x64/liblwjgl_opengl.so

Deoptimization events (20 events):
Event: 0.147 Thread 0x00007f5b8c02e790 DEOPT PACKING pc=0x00007f5b7489dca6 sp=0x00007f5b931180f0
Event: 0.147 Thread 0x00007f5b8c02e790 DEOPT UNPACKING pc=0x00007f5b7bcb714f sp=0x00007f5b93117560 mode 0
Event: 0.215 Thread 0x00007f5b8c02e790 Uncommon trap: trap_request=0xffffff6e fr.pc=0x00007f5b7c3dd710 relative=0x0000000000000450
Event: 0.215 Thread 0x00007f5b8c02e790 Uncommon trap: reason=loop_limit_check action=maybe_recompile pc=0x00007f5b7c3dd710 method=java.lang.StringLatin1.indexOf([BI[BII)I @ 37 c2
Event: 0.215 Thread 0x00007f5b8c02e790 DEOPT PACKING pc=0x00007f5b7c3dd710 sp=0x00007f5b93118f10
Event: 0.215 Thread 0x00007f5b8c02e790 DEOPT UNPACKING pc=0x00007f5b7bcb6619 sp=0x00007f5b93118e90 mode 2
Event: 0.220 Thread 0x00007f5b8c02e790 Uncommon trap: trap_request=0xffffff45 fr.pc=0x00007f5b7c3ac62c relative=0x000000000000018c
Event: 0.220 Thread 0x00007f5b8c02e790 Uncommon trap: reason=unstable_if action=reinterpret pc=0x00007f5b7c3ac62c method=jdk.internal.util.ArraysSupport.vectorizedHashCode(Ljava/lang/Object;IIII)I @ 2 c2
Event: 0.220 Thread 0x00007f5b8c02e790 DEOPT PACKING pc=0x00007f5b7c3ac62c sp=0x00007f5b93118300
Event: 0.220 Thread 0x00007f5b8c02e790 DEOPT UNPACKING pc=0x00007f5b7bcb6619 sp=0x00007f5b931182d0 mode 2
Event: 2.739 Thread 0x00007f5b8c02e790 Uncommon trap: trap_request=0xffffff45 fr.pc=0x00007f5b7c3eaf3c relative=0x000000000000065c
Event: 2.739 Thread 0x00007f5b8c02e790 Uncommon trap: reason=unstable_if action=reinterpret pc=0x00007f5b7c3eaf3c method=java.lang.StringLatin1.newString([BII)Ljava/lang/String; @ 1 c2
Event: 2.739 Thread 0x00007f5b8c02e790 DEOPT PACKING pc=0x00007f5b7c3eaf3c sp=0x00007f5b93118c40
Event: 2.739 Thread 0x00007f5b8c02e790 DEOPT UNPACKING pc=0x00007f5b7bcb6619 sp=0x00007f5b93118ba0 mode 2
Event: 2.753 Thread 0x00007f5b8c02e790 Uncommon trap: trap_request=0xffffff45 fr.pc=0x00007f5b7c400204 relative=0x0000000000000584
Event: 2.753 Thread 0x00007f5b8c02e790 Uncommon trap: reason=unstable_if action=reinterpret pc=0x00007f5b7c400204 method=com.badlogic.gdx.utils.ObjectIntMap.locateKey(Ljava/lang/Object;)I @ 32 c2
Event: 2.753 Thread 0x00007f5b8c02e790 DEOPT PACKING pc=0x00007f5b7c400204 sp=0x00007f5b93118b50
Event: 2.753 Thread 0x00007f5b8c02e790 DEOPT UNPACKING pc=0x00007f5b7bcb6619 sp=0x00007f5b93118b18 mode 2
Event: 3.876 Thread 0x00007f5b8c02e790 DEOPT PACKING pc=0x00007f5b74ab08f0 sp=0x00007f5b93119410
Event: 3.876 Thread 0x00007f5b8c02e790 DEOPT UNPACKING pc=0x00007f5b7bcb714f sp=0x00007f5b93118848 mode 0

Classes loaded (20 events):
Event: 4.854 Loading class jdk/internal/logger/AbstractLoggerWrapper
Event: 4.854 Loading class jdk/internal/logger/AbstractLoggerWrapper done
Event: 4.854 Loading class jdk/internal/logger/LazyLoggers$LazyLoggerWrapper done
Event: 4.854 Loading class jdk/internal/logger/LazyLoggers$JdkLazyLogger done
Event: 4.854 Loading class jdk/internal/logger/LazyLoggers$LazyLoggerAccessor
Event: 4.854 Loading class jdk/internal/logger/LazyLoggers$LoggerAccessor
Event: 4.854 Loading class jdk/internal/logger/LazyLoggers$LoggerAccessor done
Event: 4.854 Loading class jdk/internal/logger/LazyLoggers$LazyLoggerAccessor done
Event: 4.854 Loading class java/lang/System$Logger$Level
Event: 4.854 Loading class java/lang/System$Logger$Level done
Event: 4.854 Loading class jdk/internal/logger/SurrogateLogger
Event: 4.855 Loading class jdk/internal/logger/SimpleConsoleLogger
Event: 4.855 Loading class sun/util/logging/PlatformLogger$ConfigurableBridge$LoggerConfiguration
Event: 4.855 Loading class sun/util/logging/PlatformLogger$ConfigurableBridge$LoggerConfiguration done
Event: 4.855 Loading class jdk/internal/logger/SimpleConsoleLogger done
Event: 4.855 Loading class jdk/internal/logger/SurrogateLogger done
Event: 4.855 Loading class sun/util/logging/PlatformLogger
Event: 4.855 Loading class sun/util/logging/PlatformLogger done
Event: 4.855 Loading class sun/util/logging/PlatformLogger$Level
Event: 4.855 Loading class sun/util/logging/PlatformLogger$Level done

Classes unloaded (0 events):
No events

Classes redefined (0 events):
No events

Internal exceptions (20 events):
Event: 0.052 Thread 0x00007f5b8c02e790 Exception <a 'java/lang/NoSuchMethodError'{0x0000000635d76570}: 'void java.lang.invoke.DirectMethodHandle$Holder.invokeSpecial(java.lang.Object, java.lang.Object, java.lang.Object)'> (0x0000000635d76570) 
thrown [src/hotspot/share/interpreter/linkResolver.cpp, line 772]
Event: 0.053 Thread 0x00007f5b8c02e790 Exception <a 'java/lang/NoSuchMethodError'{0x0000000635d887d0}: 'java.lang.Object java.lang.invoke.DirectMethodHandle$Holder.invokeStatic(java.lang.Object, java.lang.Object, int)'> (0x0000000635d887d0) 
thrown [src/hotspot/share/interpreter/linkResolver.cpp, line 772]
Event: 0.053 Thread 0x00007f5b8c02e790 Exception <a 'java/lang/NoSuchMethodError'{0x0000000635d94028}: 'void java.lang.invoke.DelegatingMethodHandle$Holder.delegate(java.lang.Object, java.lang.Object, int, java.lang.Object)'> (0x0000000635d94028) 
thrown [src/hotspot/share/interpreter/linkResolver.cpp, line 772]
Event: 0.054 Thread 0x00007f5b8c02e790 Exception <a 'java/lang/NoSuchMethodError'{0x0000000635d98020}: 'int java.lang.invoke.DirectMethodHandle$Holder.invokeSpecial(java.lang.Object, java.lang.Object, java.lang.Object)'> (0x0000000635d98020) 
thrown [src/hotspot/share/interpreter/linkResolver.cpp, line 772]
Event: 0.055 Thread 0x00007f5b8c02e790 Exception <a 'java/lang/NoSuchMethodError'{0x0000000635db2748}: 'void java.lang.System.loadLibrary(java.lang.String, java.lang.Class)'> (0x0000000635db2748) 
thrown [src/hotspot/share/interpreter/linkResolver.cpp, line 772]
Event: 0.082 Thread 0x00007f5b8c02e790 Exception <a 'java/lang/NoSuchMethodError'{0x0000000635f5bb88}: 'int java.lang.invoke.DirectMethodHandle$Holder.invokeStaticInit(java.lang.Object, java.lang.Object, int, long)'> (0x0000000635f5bb88) 
thrown [src/hotspot/share/interpreter/linkResolver.cpp, line 772]
Event: 0.082 Thread 0x00007f5b8c02e790 Exception <a 'java/lang/NoSuchMethodError'{0x0000000635f60cb0}: 'java.lang.Object java.lang.invoke.DirectMethodHandle$Holder.newInvokeSpecial(java.lang.Object, java.lang.Object, int)'> (0x0000000635f60cb0) 
thrown [src/hotspot/share/interpreter/linkResolver.cpp, line 772]
Event: 0.083 Thread 0x00007f5b8c02e790 Exception <a 'java/lang/NoSuchMethodError'{0x0000000635f6b188}: 'int java.lang.invoke.DirectMethodHandle$Holder.invokeStaticInit(java.lang.Object, java.lang.Object, long, long)'> (0x0000000635f6b188) 
thrown [src/hotspot/share/interpreter/linkResolver.cpp, line 772]
Event: 0.083 Thread 0x00007f5b8c02e790 Exception <a 'java/lang/NoSuchMethodError'{0x0000000635f70c30}: 'java.lang.Object java.lang.invoke.DirectMethodHandle$Holder.newInvokeSpecial(java.lang.Object, java.lang.Object, long)'> (0x0000000635f70c30) 
thrown [src/hotspot/share/interpreter/linkResolver.cpp, line 772]
Event: 0.083 Thread 0x00007f5b8c02e790 Exception <a 'java/lang/NoSuchMethodError'{0x0000000635f74cf0}: 'java.lang.Object java.lang.invoke.Invokers$Holder.linkToTargetMethod(java.lang.Object, long, java.lang.Object)'> (0x0000000635f74cf0) 
thrown [src/hotspot/share/interpreter/linkResolver.cpp, line 772]
Event: 0.083 Thread 0x00007f5b8c02e790 Exception <a 'java/lang/NoSuchMethodError'{0x0000000635f7bf38}: 'int java.lang.invoke.DirectMethodHandle$Holder.invokeStaticInit(java.lang.Object, java.lang.Object, java.lang.Object, long)'> (0x0000000635f7bf38) 
thrown [src/hotspot/share/interpreter/linkResolver.cpp, line 772]
Event: 0.099 Thread 0x00007f5b8c02e790 Exception <a 'java/lang/NoSuchMethodError'{0x00000006358bfb48}: 'int java.lang.invoke.Invokers$Holder.invokeExact_MT(java.lang.Object, java.lang.Object)'> (0x00000006358bfb48) 
thrown [src/hotspot/share/interpreter/linkResolver.cpp, line 772]
Event: 0.130 Thread 0x00007f5b8c02e790 Exception <a 'java/lang/NoSuchMethodError'{0x000000063590be48}: 'java.lang.Object java.lang.invoke.DirectMethodHandle$Holder.invokeStaticInit(java.lang.Object, int)'> (0x000000063590be48) 
thrown [src/hotspot/share/interpreter/linkResolver.cpp, line 772]
Event: 0.160 Thread 0x00007f5b8c02e790 Exception <a 'java/lang/NoSuchMethodError'{0x0000000635a9d3a0}: 'java.lang.Object java.lang.invoke.DirectMethodHandle$Holder.newInvokeSpecial(java.lang.Object, long)'> (0x0000000635a9d3a0) 
thrown [src/hotspot/share/interpreter/linkResolver.cpp, line 772]
Event: 0.217 Thread 0x00007f5b8c02e790 Exception <a 'java/lang/NoSuchMethodError'{0x0000000635513f30}: 'void java.lang.System.load(java.lang.String, java.lang.Class)'> (0x0000000635513f30) 
thrown [src/hotspot/share/interpreter/linkResolver.cpp, line 772]
Event: 0.218 Thread 0x00007f5b8c02e790 Exception <a 'java/lang/NoSuchMethodError'{0x0000000635516960}: 'void java.lang.System.loadLibrary(java.lang.String, java.lang.Class)'> (0x0000000635516960) 
thrown [src/hotspot/share/interpreter/linkResolver.cpp, line 772]
Event: 0.417 Thread 0x00007f5b8c02e790 Exception <a 'java/lang/NoSuchMethodError'{0x0000000636182270}: 'void java.lang.invoke.Invokers$Holder.invokeExact_MT(java.lang.Object, java.lang.Object, java.lang.Object, java.lang.Object)'> (0x0000000636182270) 
thrown [src/hotspot/share/interpreter/linkResolver.cpp, line 772]
Event: 0.421 Thread 0x00007f5b8c02e790 Exception <a 'java/lang/NoSuchMethodError'{0x00000006361bb6f8}: 'float java.lang.invoke.DelegatingMethodHandle$Holder.reinvoke_L(java.lang.Object, java.lang.Object)'> (0x00000006361bb6f8) 
thrown [src/hotspot/share/interpreter/linkResolver.cpp, line 772]
Event: 0.421 Thread 0x00007f5b8c02e790 Exception <a 'java/lang/NoSuchMethodError'{0x00000006361c5820}: 'void java.lang.invoke.DelegatingMethodHandle$Holder.reinvoke_L(java.lang.Object, java.lang.Object, float)'> (0x00000006361c5820) 
thrown [src/hotspot/share/interpreter/linkResolver.cpp, line 772]
Event: 2.753 Thread 0x00007f5b8c02e790 Implicit null exception at 0x00007f5b7c3fff0e to 0x00007f5b7c4001f0

ZGC Phase Switch (0 events):
No events

VM Operations (20 events):
Event: 0.024 Executing non-safepoint VM operation: HandshakeAllThreads (Deoptimize) done
Event: 0.042 Executing non-safepoint VM operation: HandshakeAllThreads (Deoptimize)
Event: 0.042 Executing non-safepoint VM operation: HandshakeAllThreads (Deoptimize) done
Event: 0.053 Executing non-safepoint VM operation: HandshakeAllThreads (Deoptimize)
Event: 0.053 Executing non-safepoint VM operation: HandshakeAllThreads (Deoptimize) done
Event: 0.080 Executing non-safepoint VM operation: HandshakeAllThreads (Deoptimize)
Event: 0.080 Executing non-safepoint VM operation: HandshakeAllThreads (Deoptimize) done
Event: 0.316 Executing non-safepoint VM operation: HandshakeAllThreads (Deoptimize)
Event: 0.316 Executing non-safepoint VM operation: HandshakeAllThreads (Deoptimize) done
Event: 0.405 Executing safepoint VM operation: G1CollectForAllocation (G1 Evacuation Pause)
Event: 0.407 Executing safepoint VM operation: G1CollectForAllocation (G1 Evacuation Pause) done
Event: 0.416 Executing non-safepoint VM operation: HandshakeAllThreads (Deoptimize)
Event: 0.416 Executing non-safepoint VM operation: HandshakeAllThreads (Deoptimize) done
Event: 1.416 Executing safepoint VM operation: Cleanup
Event: 1.416 Executing safepoint VM operation: Cleanup done
Event: 2.416 Executing safepoint VM operation: Cleanup
Event: 2.416 Executing safepoint VM operation: Cleanup done
Event: 3.416 Executing safepoint VM operation: Cleanup
Event: 3.416 Executing safepoint VM operation: Cleanup done
Event: 4.855 Executing safepoint VM operation: Exit

Memory protections (17 events):
Event: 0.002 Protecting memory [0x00007f5b9301b000,0x00007f5b9301f000] with protection modes 0
Event: 0.014 Protecting memory [0x00007f5b5d879000,0x00007f5b5d87d000] with protection modes 0
Event: 0.014 Protecting memory [0x00007f5b5d779000,0x00007f5b5d77d000] with protection modes 0
Event: 0.014 Protecting memory [0x00007f5b5d679000,0x00007f5b5d67d000] with protection modes 0
Event: 0.014 Protecting memory [0x00007f5b5d579000,0x00007f5b5d57d000] with protection modes 0
Event: 0.014 Protecting memory [0x00007f5b5d479000,0x00007f5b5d47d000] with protection modes 0
Event: 0.014 Protecting memory [0x00007f5b5d379000,0x00007f5b5d37d000] with protection modes 0
Event: 0.014 Protecting memory [0x00007f5b5d279000,0x00007f5b5d27d000] with protection modes 0
Event: 0.019 Protecting memory [0x00007f5b5d0a9000,0x00007f5b5d0ad000] with protection modes 0
Event: 0.020 Protecting memory [0x00007f5b5cfa9000,0x00007f5b5cfad000] with protection modes 0
Event: 0.020 Protecting memory [0x00007f5b5cea9000,0x00007f5b5cead000] with protection modes 0
Event: 0.077 Protecting memory [0x00007f5b5c980000,0x00007f5b5c984000] with protection modes 0
Event: 0.099 Protecting memory [0x00007f5b5c100000,0x00007f5b5c104000] with protection modes 0
Event: 0.099 Protecting memory [0x00007f5b5c000000,0x00007f5b5c004000] with protection modes 0
Event: 0.165 Protecting memory [0x00007f5af408c000,0x00007f5af4090000] with protection modes 0
Event: 0.311 Protecting memory [0x00007f5a81dc3000,0x00007f5a81dc7000] with protection modes 0
Event: 4.853 Protecting memory [0x00007f5b5c000000,0x00007f5b5c004000] with protection modes 0

Nmethod flushes (0 events):
No events

Events (20 events):
Event: 0.010 Thread 0x00007f5b8c02e790 Thread added: 0x00007f5b8c02e790
Event: 0.014 Thread 0x00007f5b8c02e790 Thread added: 0x00007f5b8c141820
Event: 0.014 Thread 0x00007f5b8c02e790 Thread added: 0x00007f5b8c142d90
Event: 0.014 Thread 0x00007f5b8c02e790 Thread added: 0x00007f5b8c144560
Event: 0.014 Thread 0x00007f5b8c02e790 Thread added: 0x00007f5b8c145ba0
Event: 0.014 Thread 0x00007f5b8c02e790 Thread added: 0x00007f5b8c147140
Event: 0.014 Thread 0x00007f5b8c02e790 Thread added: 0x00007f5b8c148d00
Event: 0.014 Thread 0x00007f5b8c02e790 Thread added: 0x00007f5b8c14a3c0
Event: 0.019 Thread 0x00007f5b8c14a3c0 Thread added: 0x00007f5adc04ca20
Event: 0.020 Thread 0x00007f5b8c02e790 Thread added: 0x00007f5b8c18b5d0
Event: 0.020 Thread 0x00007f5b8c02e790 Thread added: 0x00007f5b8c18e640
Event: 0.077 Thread 0x00007f5adc04ca20 Thread added: 0x00007f5ad00c6510
Event: 0.099 Thread 0x00007f5adc04ca20 Thread added: 0x00007f5ad00dc4e0
Event: 0.099 Thread 0x00007f5adc04ca20 Thread added: 0x00007f5ad00dd7f0
Event: 0.165 Thread 0x00007f5b8c02e790 Thread added: 0x00007f5b8ca228f0
Event: 0.311 Thread 0x00007f5b8c02e790 Thread added: 0x00007f5b8f02b6d0
Event: 0.549 Thread 0x00007f5ad00c6510 Thread exited: 0x00007f5ad00c6510
Event: 4.199 Thread 0x00007f5ad00dd7f0 Thread exited: 0x00007f5ad00dd7f0
Event: 4.853 Thread 0x00007f5b8c144560 Thread added: 0x00007f5aec001080
Event: 4.855 Thread 0x00007f5aec001080 Before exit entered


Dynamic libraries:
617800000-636400000 rw-p 00000000 00:00 0 
636400000-7ffc00000 ---p 00000000 00:00 0 
7ffc00000-7ffd0d000 rw-p 00cdc000 00:49 7160503                          /usr/lib/jvm/java-21-openjdk/lib/server/classes.jsa
7ffd0d000-800000000 rw-p 00000000 00:00 0 
5578374ab000-5578374ac000 r-xp 00000000 00:49 7160208                    /usr/lib/jvm/java-21-openjdk/bin/java
5578374ac000-5578374ad000 r--p 00001000 00:49 7160208                    /usr/lib/jvm/java-21-openjdk/bin/java
5578374ad000-5578374ae000 r--p 00001000 00:49 7160208                    /usr/lib/jvm/java-21-openjdk/bin/java
5578374ae000-5578374af000 rw-p 00002000 00:49 7160208                    /usr/lib/jvm/java-21-openjdk/bin/java
55787582e000-55787585a000 rw-p 00000000 00:00 0                          [heap]
7f5a4b600000-7f5a4c000000 rwxp 00000000 00:00 0 
7f5a4c000000-7f5a4c021000 rw-p 00000000 00:00 0 
7f5a4c021000-7f5a50000000 ---p 00000000 00:00 0 
7f5a50000000-7f5a50021000 rw-p 00000000 00:00 0 
7f5a50021000-7f5a54000000 ---p 00000000 00:00 0 
7f5a54000000-7f5a54021000 rw-p 00000000 00:00 0 
7f5a54021000-7f5a58000000 ---p 00000000 00:00 0 
7f5a58000000-7f5a58021000 rw-p 00000000 00:00 0 
7f5a58021000-7f5a5c000000 ---p 00000000 00:00 0 
7f5a5c000000-7f5a5c021000 rw-p 00000000 00:00 0 
7f5a5c021000-7f5a60000000 ---p 00000000 00:00 0 
7f5a60000000-7f5a60021000 rw-p 00000000 00:00 0 
7f5a60021000-7f5a64000000 ---p 00000000 00:00 0 
7f5a64000000-7f5a64021000 rw-p 00000000 00:00 0 
7f5a64021000-7f5a68000000 ---p 00000000 00:00 0 
7f5a68000000-7f5a68021000 rw-p 00000000 00:00 0 
7f5a68021000-7f5a6c000000 ---p 00000000 00:00 0 
7f5a6c000000-7f5a6c021000 rw-p 00000000 00:00 0 
7f5a6c021000-7f5a70000000 ---p 00000000 00:00 0 
7f5a70000000-7f5a70021000 rw-p 00000000 00:00 0 
7f5a70021000-7f5a74000000 ---p 00000000 00:00 0 
7f5a74000000-7f5a74021000 rw-p 00000000 00:00 0 
7f5a74021000-7f5a78000000 ---p 00000000 00:00 0 
7f5a78000000-7f5a789e5000 rw-p 00000000 00:00 0 
7f5a789e5000-7f5a7c000000 ---p 00000000 00:00 0 
7f5a7c000000-7f5a7c073000 rw-p 00000000 00:00 0 
7f5a7c073000-7f5a80000000 ---p 00000000 00:00 0 
7f5a8092c000-7f5a80bcf000 rw-s 00000000 00:01 22464                      /memfd:mesa-shared (deleted)
7f5a80bcf000-7f5a815d9000 rw-p 00000000 00:00 0 
7f5a815d9000-7f5a81dc3000 rw-p 00000000 00:00 0 
7f5a81dc3000-7f5a81dc7000 ---p 00000000 00:00 0 
7f5a81dc7000-7f5a81ec3000 rw-p 00000000 00:00 0 
7f5a81ec3000-7f5a81f04000 rw-p 00000000 00:00 0 
7f5a81f04000-7f5a81f9f000 r--p 00000000 00:27 257824                     /usr/local/share/fonts/google-noto/NotoSans-Bold.ttf
7f5a81f9f000-7f5a8203a000 r--p 00000000 00:27 257824                     /usr/local/share/fonts/google-noto/NotoSans-Bold.ttf
7f5a8203a000-7f5a8203b000 r--s 00000000 00:23 7387248                    /home/bazzite/.cache/fontconfig/d7a569af8e223acb75bc30910d7ef9ed-le64.cache-9
7f5a8203b000-7f5a8203d000 r--s 00000000 00:23 12865309                   /home/bazzite/.cache/fontconfig/6b60f0e179979a2c9a4d5c4f7eefb67f-le64.cache-9
7f5a8203d000-7f5a8203e000 r--s 00000000 00:23 7387197                    /home/bazzite/.cache/fontconfig/fc75e9a4611ba4d5d1230dbca349abc2-le64.cache-9
7f5a8203e000-7f5a8203f000 r--s 00000000 00:23 12299779                   /home/bazzite/.cache/fontconfig/23ea6065a6d55ece5eb71d63bc4c9c7d-le64.cache-9
7f5a8203f000-7f5a8205c000 r--s 00000000 00:49 3822094                    /usr/lib/fontconfig/cache/123d59b33ddb0e7c76bb24004bd5cfac-le64.cache-9
7f5a8205c000-7f5a82061000 r--s 00000000 00:49 1082902                    /usr/lib/fontconfig/cache/d63f98f14a274bd69a5425fc33aaac6b-le64.cache-9
7f5a82061000-7f5a8206a000 r--s 00000000 00:49 3822092                    /usr/lib/fontconfig/cache/6ee3103884cce7b2fe6f32eba9089175-le64.cache-9
7f5a8206a000-7f5a82073000 r--s 00000000 00:49 1085967                    /usr/lib/fontconfig/cache/6cdba951d5a16891afaaf2fee13e80e7-le64.cache-9
7f5a82073000-7f5a82076000 r--s 00000000 00:49 1085965                    /usr/lib/fontconfig/cache/feeafda3627faad7596d025cfacea73f-le64.cache-9
7f5a82076000-7f5a8207b000 r--s 00000000 00:49 1082896                    /usr/lib/fontconfig/cache/6ec93c29005712963aaa22af1809da14-le64.cache-9
7f5a8207b000-7f5a82098000 r--s 00000000 00:49 1082894                    /usr/lib/fontconfig/cache/876d1e5ed346defde032494815bfb839-le64.cache-9
7f5a82098000-7f5a820fa000 r--s 00000000 00:49 1082864                    /usr/lib/fontconfig/cache/b57f9a2bb32865a9d06aed058fcf9161-le64.cache-9
7f5a820fa000-7f5a82154000 r--s 00000000 00:49 1082852                    /usr/lib/fontconfig/cache/b73e02d9d19db59b33300e44f1f51e49-le64.cache-9
7f5a82154000-7f5a82955000 rw-p 00000000 00:00 0 
7f5a829be000-7f5a82c61000 rw-s 00000000 00:01 13979                      /memfd:mesa-shared (deleted)
7f5a82c61000-7f5a82c76000 r-xp 00000000 00:38 2567                       /tmp/lwjgl_bazzite/3.4.1+2/x64/liblwjgl_opengl.so
7f5a82c76000-7f5a82cb9000 r--p 00015000 00:38 2567                       /tmp/lwjgl_bazzite/3.4.1+2/x64/liblwjgl_opengl.so
7f5a82cb9000-7f5a82cba000 r--p 00057000 00:38 2567                       /tmp/lwjgl_bazzite/3.4.1+2/x64/liblwjgl_opengl.so
7f5a82cba000-7f5a82cbb000 rw-p 00058000 00:38 2567                       /tmp/lwjgl_bazzite/3.4.1+2/x64/liblwjgl_opengl.so
7f5a82cbb000-7f5a830de000 rw-p 00000000 00:00 0 
7f5a830de000-7f5a930fe000 rw-p 00000000 00:00 0 
7f5a930fe000-7f5a96ef5000 r--p 00000000 00:49 7154802                    /usr/lib64/libLLVM.so.21.1
7f5a96ef5000-7f5a9b77e000 r-xp 03df6000 00:49 7154802                    /usr/lib64/libLLVM.so.21.1
7f5a9b77e000-7f5a9b98a000 r--p 0867e000 00:49 7154802                    /usr/lib64/libLLVM.so.21.1
7f5a9b98a000-7f5a9b9cf000 rw-p 08889000 00:49 7154802                    /usr/lib64/libLLVM.so.21.1
7f5a9b9cf000-7f5a9ba74000 rw-p 00000000 00:00 0 
7f5a9ba74000-7f5a9bd1f000 r--p 00000000 00:27 30957                      /usr/lib64/libnvidia-gpucomp.so.580.159.04
7f5a9bd1f000-7f5a9ee0d000 r-xp 002ab000 00:27 30957                      /usr/lib64/libnvidia-gpucomp.so.580.159.04
7f5a9ee0d000-7f5a9fc7d000 r--p 03399000 00:27 30957                      /usr/lib64/libnvidia-gpucomp.so.580.159.04
7f5a9fc7d000-7f5a9fc7e000 ---p 04209000 00:27 30957                      /usr/lib64/libnvidia-gpucomp.so.580.159.04
7f5a9fc7e000-7f5a9fe55000 r--p 04209000 00:27 30957                      /usr/lib64/libnvidia-gpucomp.so.580.159.04
7f5a9fe55000-7f5a9ff60000 rw-p 043e0000 00:27 30957                      /usr/lib64/libnvidia-gpucomp.so.580.159.04
7f5a9ff60000-7f5aa0021000 rw-p 00000000 00:00 0 
7f5aa0021000-7f5aa4000000 ---p 00000000 00:00 0 
7f5aa4000000-7f5aa4003000 r--s 00000000 00:49 1082900                    /usr/lib/fontconfig/cache/18f520a508f13854f77176faf7889ae9-le64.cache-9
7f5aa4003000-7f5aa4004000 r--s 00000000 00:49 1082892                    /usr/lib/fontconfig/cache/33c6bbd909a8f10851a4056c73c86d5d-le64.cache-9
7f5aa4004000-7f5aa4009000 r--s 00000000 00:49 1082890                    /usr/lib/fontconfig/cache/c7ea5600018b5457f90a75a411dca181-le64.cache-9
7f5aa4009000-7f5aa400a000 r--s 00000000 00:49 1082888                    /usr/lib/fontconfig/cache/d6ea941674ae40559d2ff3d3b7033dc5-le64.cache-9
7f5aa400a000-7f5aa400c000 r--s 00000000 00:49 1082886                    /usr/lib/fontconfig/cache/ffb01ab76ea797771fc7a567b58060b1-le64.cache-9
7f5aa400c000-7f5aa400d000 r--s 00000000 00:49 1082884                    /usr/lib/fontconfig/cache/e0ab052bd3d44540ac0679a31c37147f-le64.cache-9
7f5aa400d000-7f5aa400f000 r--s 00000000 00:49 1082882                    /usr/lib/fontconfig/cache/d08f6a95540f65647c5ddb26bc5ee44f-le64.cache-9
7f5aa400f000-7f5aa4014000 r--s 00000000 00:49 1082880                    /usr/lib/fontconfig/cache/c49556cff7e1a89b25831daeff5ebdc9-le64.cache-9
7f5aa4014000-7f5aa4016000 r--s 00000000 00:49 1082878                    /usr/lib/fontconfig/cache/8705ab89d754816d59fecae72f983cbb-le64.cache-9
7f5aa4016000-7f5aa4017000 r--s 00000000 00:49 1082876                    /usr/lib/fontconfig/cache/e1d7114fade3104855b784d52043788b-le64.cache-9
7f5aa4017000-7f5aa401a000 r--s 00000000 00:49 1082874                    /usr/lib/fontconfig/cache/9df9a62f46596efacd17df59faea9e12-le64.cache-9
7f5aa401a000-7f5aa401c000 r--s 00000000 00:49 1082872                    /usr/lib/fontconfig/cache/81f440aff8695e62538f4d4aa4dda1b9-le64.cache-9
7f5aa401c000-7f5aa4025000 r--s 00000000 00:49 1082868                    /usr/lib/fontconfig/cache/2c94c36db93ab6a338646c01dbecb342-le64.cache-9
7f5aa4025000-7f5aa4038000 r--s 00000000 00:49 1082862                    /usr/lib/fontconfig/cache/225b3e7a21154b8bedfc9509e8cccdc5-le64.cache-9
7f5aa4038000-7f5aa4050000 r--s 00000000 00:49 1082858                    /usr/lib/fontconfig/cache/1f8920c8d92ca109b30bca641140eeb4-le64.cache-9
7f5aa4050000-7f5aa42f3000 rw-s 00000000 00:01 32115                      /memfd:mesa-shared (deleted)
7f5aa42f3000-7f5aa43c2000 rw-p 00000000 00:00 0 
7f5aa43c2000-7f5aa4503000 rw-s 00000000 00:23 5884                       /home/bazzite/.cache/mesa_shader_cache/index
7f5aa4503000-7f5aa6275000 r-xp 00000000 00:49 7154882                    /usr/lib64/libgallium-25.3.6.so
7f5aa6275000-7f5aa738e000 r--p 01d72000 00:49 7154882                    /usr/lib64/libgallium-25.3.6.so
7f5aa738e000-7f5aa74e5000 r--p 02e8b000 00:49 7154882                    /usr/lib64/libgallium-25.3.6.so
7f5aa74e5000-7f5aa7513000 rw-p 02fe2000 00:49 7154882                    /usr/lib64/libgallium-25.3.6.so
7f5aa7513000-7f5aa807e000 rw-p 00000000 00:00 0 
7f5aa807e000-7f5aac000000 ---p 00000000 00:00 0 
7f5aac000000-7f5aac002000 r--s 00000000 00:49 1082870                    /usr/lib/fontconfig/cache/9ba4c59e0897ff97e9ff83765e36aba0-le64.cache-9
7f5aac002000-7f5aac003000 r--s 00000000 00:49 1082866                    /usr/lib/fontconfig/cache/149e020e1ffa29da6638c239e39df2a6-le64.cache-9
7f5aac003000-7f5aac00e000 r--s 00000000 00:49 1082860                    /usr/lib/fontconfig/cache/614ccbc80639b3a6f43af8bfce0af87e-le64.cache-9
7f5aac00e000-7f5aac00f000 r--s 00000000 00:49 1082856                    /usr/lib/fontconfig/cache/b5adcb31ec90862990a73c9baa385b38-le64.cache-9
7f5aac00f000-7f5aac018000 r--s 00000000 00:49 1082850                    /usr/lib/fontconfig/cache/27ae899a46ebbb03076b2733a727ba91-le64.cache-9
7f5aac018000-7f5aac01c000 r--s 00000000 00:49 1082846                    /usr/lib/fontconfig/cache/44d36ec332e97361f14b43118a6bb4fa-le64.cache-9
7f5aac01c000-7f5aac025000 r--s 00000000 00:49 1082842                    /usr/lib/fontconfig/cache/fc4098c50360d5dff771e984a783ba6f-le64.cache-9
7f5aac025000-7f5aac028000 r--s 00000000 00:49 1082840                    /usr/lib/fontconfig/cache/f068ed1aed4cb4b8fd15a017c476fecc-le64.cache-9
7f5aac028000-7f5aac02b000 r--s 00000000 00:49 1082838                    /usr/lib/fontconfig/cache/c8fe155264990cf0dc8a423973091113-le64.cache-9
7f5aac02c000-7f5aac02d000 r--p 00000000 00:00 0 
7f5aac02d000-7f5aac02e000 r-xp 00000000 00:00 0 
7f5aac02e000-7f5aac02f000 r--p 00000000 00:00 0 
7f5aac02f000-7f5aac030000 r-xp 00000000 00:00 0 
7f5aac030000-7f5aac031000 rw-p 00000000 00:00 0 
7f5aac031000-7f5aac032000 r--p 00000000 00:00 0 
7f5aac032000-7f5aac033000 r-xp 00000000 00:00 0 
7f5aac033000-7f5aac034000 r--p 00000000 00:00 0 
7f5aac034000-7f5aac035000 r-xp 00000000 00:00 0 
7f5aac035000-7f5aac036000 rw-p 00000000 00:00 0 
7f5aac036000-7f5aac037000 r--p 00000000 00:00 0 
7f5aac037000-7f5aac038000 r-xp 00000000 00:00 0 
7f5aac038000-7f5aac039000 rw-p 00000000 00:00 0 
7f5aac039000-7f5aac03a000 r--p 00000000 00:00 0 
7f5aac03a000-7f5aac03b000 r-xp 00000000 00:00 0 
7f5aac03b000-7f5aac03c000 r--p 00000000 00:00 0 
7f5aac03c000-7f5aac03d000 r-xp 00000000 00:00 0 
7f5aac03d000-7f5aac03e000 r--p 00000000 00:00 0 
7f5aac03e000-7f5aac03f000 r-xp 00000000 00:00 0 
7f5aac03f000-7f5aac040000 rw-p 00000000 00:00 0 
7f5aac040000-7f5aac041000 r--p 00000000 00:00 0 
7f5aac041000-7f5aac042000 r-xp 00000000 00:00 0 
7f5aac042000-7f5aac111000 rw-p 00000000 00:00 0 
7f5aac111000-7f5aac126000 r-xp 00000000 00:49 590540                     /usr/lib64/libtinfo.so.6.5
7f5aac126000-7f5aac139000 r--p 00015000 00:49 590540                     /usr/lib64/libtinfo.so.6.5
7f5aac139000-7f5aac13d000 r--p 00028000 00:49 590540                     /usr/lib64/libtinfo.so.6.5
7f5aac13d000-7f5aac13e000 rw-p 0002c000 00:49 590540                     /usr/lib64/libtinfo.so.6.5
7f5aac13e000-7f5aac143000 r-xp 00000000 00:49 1067372                    /usr/lib64/libpciaccess.so.0.11.1
7f5aac143000-7f5aac146000 r--p 00005000 00:49 1067372                    /usr/lib64/libpciaccess.so.0.11.1
7f5aac146000-7f5aac147000 r--p 00008000 00:49 1067372                    /usr/lib64/libpciaccess.so.0.11.1
7f5aac147000-7f5aac148000 rw-p 00000000 00:00 0 
7f5aac148000-7f5aac16a000 r-xp 00000000 00:49 1066457                    /usr/lib64/libedit.so.0.0.76
7f5aac16a000-7f5aac17c000 r--p 00022000 00:49 1066457                    /usr/lib64/libedit.so.0.0.76
7f5aac17c000-7f5aac17e000 r--p 00034000 00:49 1066457                    /usr/lib64/libedit.so.0.0.76
7f5aac17e000-7f5aac17f000 rw-p 00036000 00:49 1066457                    /usr/lib64/libedit.so.0.0.76
7f5aac17f000-7f5aac182000 rw-p 00000000 00:00 0 
7f5aac182000-7f5aac19a000 r-xp 00000000 00:49 7151765                    /usr/lib64/libdrm_intel.so.1.131.0
7f5aac19a000-7f5aac1a6000 r--p 00018000 00:49 7151765                    /usr/lib64/libdrm_intel.so.1.131.0
7f5aac1a6000-7f5aac1a7000 r--p 00023000 00:49 7151765                    /usr/lib64/libdrm_intel.so.1.131.0
7f5aac1a7000-7f5aac1a8000 rw-p 00024000 00:49 7151765                    /usr/lib64/libdrm_intel.so.1.131.0
7f5aac1a8000-7f5aac1bc000 r-xp 00000000 00:49 7151795                    /usr/lib64/libelf-0.195.so
7f5aac1bc000-7f5aac1c3000 r--p 00014000 00:49 7151795                    /usr/lib64/libelf-0.195.so
7f5aac1c3000-7f5aac1c4000 r--p 0001a000 00:49 7151795                    /usr/lib64/libelf-0.195.so
7f5aac1c4000-7f5aac1c5000 rw-p 00000000 00:00 0 
7f5aac1c5000-7f5aac1cc000 r-xp 00000000 00:49 7151763                    /usr/lib64/libdrm_amdgpu.so.1.131.0
7f5aac1cc000-7f5aac1d1000 r--p 00007000 00:49 7151763                    /usr/lib64/libdrm_amdgpu.so.1.131.0
7f5aac1d1000-7f5aac1d2000 r--p 0000b000 00:49 7151763                    /usr/lib64/libdrm_amdgpu.so.1.131.0
7f5aac1d2000-7f5aac1d3000 rw-p 00000000 00:00 0 
7f5aac1d3000-7f5aac1d4000 r-xp 00000000 00:49 1066452                    /usr/lib64/libxshmfence.so.1.0.0
7f5aac1d4000-7f5aac1d5000 r--p 00001000 00:49 1066452                    /usr/lib64/libxshmfence.so.1.0.0
7f5aac1d5000-7f5aac1d6000 r--p 00001000 00:49 1066452                    /usr/lib64/libxshmfence.so.1.0.0
7f5aac1d6000-7f5aac1d7000 rw-p 00002000 00:49 1066452                    /usr/lib64/libxshmfence.so.1.0.0
7f5aac1d7000-7f5aac1da000 r-xp 00000000 00:49 1066406                    /usr/lib64/libxcb-sync.so.1.0.0
7f5aac1da000-7f5aac1dd000 r--p 00003000 00:49 1066406                    /usr/lib64/libxcb-sync.so.1.0.0
7f5aac1dd000-7f5aac1de000 r--p 00006000 00:49 1066406                    /usr/lib64/libxcb-sync.so.1.0.0
7f5aac1de000-7f5aac1df000 rw-p 00007000 00:49 1066406                    /usr/lib64/libxcb-sync.so.1.0.0
7f5aac1df000-7f5aac1e7000 r-xp 00000000 00:49 1066638                    /usr/lib64/libsensors.so.4.5.0
7f5aac1e7000-7f5aac1ec000 r--p 00008000 00:49 1066638                    /usr/lib64/libsensors.so.4.5.0
7f5aac1ec000-7f5aac1ed000 r--p 0000d000 00:49 1066638                    /usr/lib64/libsensors.so.4.5.0
7f5aac1ed000-7f5aac1ee000 rw-p 0000e000 00:49 1066638                    /usr/lib64/libsensors.so.4.5.0
7f5aac1ee000-7f5aac2f1000 r-xp 00000000 00:49 7151966                    /usr/lib64/libSPIRV-Tools.so
7f5aac2f1000-7f5aac380000 r--p 00103000 00:49 7151966                    /usr/lib64/libSPIRV-Tools.so
7f5aac380000-7f5aac383000 r--p 00192000 00:49 7151966                    /usr/lib64/libSPIRV-Tools.so
7f5aac383000-7f5aac384000 rw-p 00195000 00:49 7151966                    /usr/lib64/libSPIRV-Tools.so
7f5aac384000-7f5aac434000 r-xp 00000000 00:49 590585                     /usr/lib64/libzstd.so.1.5.7
7f5aac434000-7f5aac445000 r--p 000b0000 00:49 590585                     /usr/lib64/libzstd.so.1.5.7
7f5aac445000-7f5aac446000 r--p 000c0000 00:49 590585                     /usr/lib64/libzstd.so.1.5.7
7f5aac446000-7f5aac447000 rw-p 00000000 00:00 0 
7f5aac447000-7f5aac46f000 r-xp 00000000 00:49 7173565                    /usr/lib64/libEGL_mesa.so.0.0.0
7f5aac46f000-7f5aac486000 r--p 00028000 00:49 7173565                    /usr/lib64/libEGL_mesa.so.0.0.0
7f5aac486000-7f5aac492000 r--p 0003f000 00:49 7173565                    /usr/lib64/libEGL_mesa.so.0.0.0
7f5aac492000-7f5aac493000 rw-p 0004b000 00:49 7173565                    /usr/lib64/libEGL_mesa.so.0.0.0
7f5aac493000-7f5aac6d5000 r--p 00000000 00:27 30918                      /usr/lib64/libnvidia-eglcore.so.580.159.04
7f5aac6d5000-7f5aad399000 r-xp 00242000 00:27 30918                      /usr/lib64/libnvidia-eglcore.so.580.159.04
7f5aad399000-7f5aae43b000 r--p 00f06000 00:27 30918                      /usr/lib64/libnvidia-eglcore.so.580.159.04
7f5aae43b000-7f5aae43c000 ---p 01fa8000 00:27 30918                      /usr/lib64/libnvidia-eglcore.so.580.159.04
7f5aae43c000-7f5aae5b4000 r--p 01fa8000 00:27 30918                      /usr/lib64/libnvidia-eglcore.so.580.159.04
7f5aae5b4000-7f5aae608000 rw-p 02120000 00:27 30918                      /usr/lib64/libnvidia-eglcore.so.580.159.04
7f5aae608000-7f5aae61e000 rw-p 00000000 00:00 0 
7f5aae61e000-7f5aae62e000 r--p 00000000 00:27 30947                      /usr/lib64/libnvidia-glsi.so.580.159.04
7f5aae62e000-7f5aae68e000 r-xp 00010000 00:27 30947                      /usr/lib64/libnvidia-glsi.so.580.159.04
7f5aae68e000-7f5aae6ab000 r--p 00070000 00:27 30947                      /usr/lib64/libnvidia-glsi.so.580.159.04
7f5aae6ab000-7f5aae6b1000 r--p 0008c000 00:27 30947                      /usr/lib64/libnvidia-glsi.so.580.159.04
7f5aae6b1000-7f5aae6b2000 rw-p 00092000 00:27 30947                      /usr/lib64/libnvidia-glsi.so.580.159.04
7f5aae6b2000-7f5aae6ba000 rw-p 00000000 00:00 0 
7f5aae6ba000-7f5aae6ee000 r--p 00000000 00:27 21359                      /usr/lib64/libEGL_nvidia.so.0
7f5aae6ee000-7f5aae785000 r-xp 00034000 00:27 21359                      /usr/lib64/libEGL_nvidia.so.0
7f5aae785000-7f5aae7d9000 r--p 000cb000 00:27 21359                      /usr/lib64/libEGL_nvidia.so.0
7f5aae7d9000-7f5aae7da000 ---p 0011f000 00:27 21359                      /usr/lib64/libEGL_nvidia.so.0
7f5aae7da000-7f5aae7e2000 r--p 0011f000 00:27 21359                      /usr/lib64/libEGL_nvidia.so.0
7f5aae7e2000-7f5aae7f8000 rw-p 00127000 00:27 21359                      /usr/lib64/libEGL_nvidia.so.0
7f5aae7f8000-7f5aae7fd000 rw-p 00000000 00:00 0 
7f5aae7fd000-7f5ab0000000 rw-p 00000000 00:00 0 
7f5ab0000000-7f5ab0021000 rw-p 00000000 00:00 0 
7f5ab0021000-7f5ab4000000 ---p 00000000 00:00 0 
7f5ab4000000-7f5ab4087000 rw-p 00000000 00:00 0 
7f5ab4087000-7f5ab8000000 ---p 00000000 00:00 0 
7f5ab8000000-7f5ab8021000 rw-p 00000000 00:00 0 
7f5ab8021000-7f5abc000000 ---p 00000000 00:00 0 
7f5abc000000-7f5abc022000 rw-p 00000000 00:00 0 
7f5abc022000-7f5ac0000000 ---p 00000000 00:00 0 
7f5ac0000000-7f5ac0177000 rw-p 00000000 00:00 0 
7f5ac0177000-7f5ac4000000 ---p 00000000 00:00 0 
7f5ac4000000-7f5ac4063000 rw-p 00000000 00:00 0 
7f5ac4063000-7f5ac8000000 ---p 00000000 00:00 0 
7f5ac8000000-7f5ac8021000 rw-p 00000000 00:00 0 
7f5ac8021000-7f5acc000000 ---p 00000000 00:00 0 
7f5acc000000-7f5acc1fa000 rw-p 00000000 00:00 0 
7f5acc1fa000-7f5ad0000000 ---p 00000000 00:00 0 
7f5ad0000000-7f5ad0135000 rw-p 00000000 00:00 0 
7f5ad0135000-7f5ad4000000 ---p 00000000 00:00 0 
7f5ad4000000-7f5ad4021000 rw-p 00000000 00:00 0 
7f5ad4021000-7f5ad8000000 ---p 00000000 00:00 0 
7f5ad8000000-7f5ad8335000 rw-p 00000000 00:00 0 
7f5ad8335000-7f5adc000000 ---p 00000000 00:00 0 
7f5adc000000-7f5adc1ca000 rw-p 00000000 00:00 0 
7f5adc1ca000-7f5ae0000000 ---p 00000000 00:00 0 
7f5ae0000000-7f5ae0021000 rw-p 00000000 00:00 0 
7f5ae0021000-7f5ae4000000 ---p 00000000 00:00 0 
7f5ae4000000-7f5ae4021000 rw-p 00000000 00:00 0 
7f5ae4021000-7f5ae8000000 ---p 00000000 00:00 0 
7f5ae8000000-7f5ae8021000 rw-p 00000000 00:00 0 
7f5ae8021000-7f5aec000000 ---p 00000000 00:00 0 
7f5aec000000-7f5aec021000 rw-p 00000000 00:00 0 
7f5aec021000-7f5af0000000 ---p 00000000 00:00 0 
7f5af0000000-7f5af0021000 rw-p 00000000 00:00 0 
7f5af0021000-7f5af4000000 ---p 00000000 00:00 0 
7f5af4000000-7f5af4003000 r--s 00000000 00:49 1082836                    /usr/lib/fontconfig/cache/61ea0c41d2b57119f60ea7e4839106cf-le64.cache-9
7f5af4003000-7f5af4004000 r-xp 00000000 00:49 1066390                    /usr/lib64/libxcb-present.so.0.0.0
7f5af4004000-7f5af4006000 r--p 00001000 00:49 1066390                    /usr/lib64/libxcb-present.so.0.0.0
7f5af4006000-7f5af4007000 r--p 00002000 00:49 1066390                    /usr/lib64/libxcb-present.so.0.0.0
7f5af4007000-7f5af4008000 rw-p 00003000 00:49 1066390                    /usr/lib64/libxcb-present.so.0.0.0
7f5af4008000-7f5af400a000 r-xp 00000000 00:49 1066386                    /usr/lib64/libxcb-dri3.so.0.1.0
7f5af400a000-7f5af400c000 r--p 00002000 00:49 1066386                    /usr/lib64/libxcb-dri3.so.0.1.0
7f5af400c000-7f5af400d000 r--p 00004000 00:49 1066386                    /usr/lib64/libxcb-dri3.so.0.1.0
7f5af400d000-7f5af400e000 rw-p 00005000 00:49 1066386                    /usr/lib64/libxcb-dri3.so.0.1.0
7f5af400e000-7f5af4011000 r-xp 00000000 00:49 1066410                    /usr/lib64/libxcb-xfixes.so.0.0.0
7f5af4011000-7f5af4015000 r--p 00003000 00:49 1066410                    /usr/lib64/libxcb-xfixes.so.0.0.0
7f5af4015000-7f5af4016000 r--p 00007000 00:49 1066410                    /usr/lib64/libxcb-xfixes.so.0.0.0
7f5af4016000-7f5af4017000 rw-p 00008000 00:49 1066410                    /usr/lib64/libxcb-xfixes.so.0.0.0
7f5af4017000-7f5af401d000 r-xp 00000000 00:49 1066392                    /usr/lib64/libxcb-randr.so.0.1.0
7f5af401d000-7f5af4027000 r--p 00006000 00:49 1066392                    /usr/lib64/libxcb-randr.so.0.1.0
7f5af4027000-7f5af4028000 r--p 00010000 00:49 1066392                    /usr/lib64/libxcb-randr.so.0.1.0
7f5af4028000-7f5af4029000 rw-p 00011000 00:49 1066392                    /usr/lib64/libxcb-randr.so.0.1.0
7f5af4029000-7f5af402a000 r-xp 00000000 00:49 7151793                    /usr/lib64/libX11-xcb.so.1.0.0
7f5af402a000-7f5af402b000 r--p 00001000 00:49 7151793                    /usr/lib64/libX11-xcb.so.1.0.0
7f5af402b000-7f5af402c000 r--p 00001000 00:49 7151793                    /usr/lib64/libX11-xcb.so.1.0.0
7f5af402c000-7f5af402d000 rw-p 00000000 00:00 0 
7f5af402d000-7f5af402e000 r--s 00000000 00:49 1082854                    /usr/lib/fontconfig/cache/e7c90c5d6650b542ec5033b04921fa77-le64.cache-9
7f5af402e000-7f5af402f000 r--s 00000000 00:49 1082848                    /usr/lib/fontconfig/cache/a5f2dcfa2bf6574e3790e0d984f4cd62-le64.cache-9
7f5af402f000-7f5af4034000 r--s 00000000 00:49 1083501                    /usr/lib/fontconfig/cache/beeeeb3dfe132a8a0633a017c99ce0c0-le64.cache-9
7f5af4034000-7f5af4035000 r--p 00000000 00:00 0 
7f5af4035000-7f5af4036000 r-xp 00000000 00:00 0 
7f5af4036000-7f5af4037000 r--p 00000000 00:00 0 
7f5af4037000-7f5af4038000 r-xp 00000000 00:00 0 
7f5af4038000-7f5af4083000 rw-p 00000000 00:00 0 
7f5af4083000-7f5af408c000 rw-s 00008000 00:01 34283                      /memfd:pipewire-memfd:flags=0x0000000f,type=2,size=65664 (deleted)
7f5af408c000-7f5af4090000 ---p 00000000 00:00 0 
7f5af4090000-7f5af6190000 rw-p 00000000 00:00 0 
7f5af6190000-7f5b04000000 r--p 00000000 00:49 7173786                    /usr/lib/locale/locale-archive
7f5b04000000-7f5b04021000 rw-p 00000000 00:00 0 
7f5b04021000-7f5b08000000 ---p 00000000 00:00 0 
7f5b08000000-7f5b08001000 r--p 00000000 00:00 0 
7f5b08001000-7f5b08002000 r-xp 00000000 00:00 0 
7f5b08002000-7f5b0800b000 rw-s 00000000 00:01 34283                      /memfd:pipewire-memfd:flags=0x0000000f,type=2,size=65664 (deleted)
7f5b0800b000-7f5b08014000 rw-s 00008000 00:01 34282                      /memfd:pipewire-memfd:flags=0x0000000f,type=2,size=65664 (deleted)
7f5b08014000-7f5b08032000 r-xp 00000000 00:49 1066326                    /usr/lib64/libexpat.so.1.11.1
7f5b08032000-7f5b0803c000 r--p 0001e000 00:49 1066326                    /usr/lib64/libexpat.so.1.11.1
7f5b0803c000-7f5b0803e000 r--p 00027000 00:49 1066326                    /usr/lib64/libexpat.so.1.11.1
7f5b0803e000-7f5b0803f000 rw-p 00000000 00:00 0 
7f5b0803f000-7f5b0804c000 r-xp 00000000 00:49 7151761                    /usr/lib64/libdrm.so.2.131.0
7f5b0804c000-7f5b08054000 r--p 0000d000 00:49 7151761                    /usr/lib64/libdrm.so.2.131.0
7f5b08054000-7f5b08055000 r--p 00015000 00:49 7151761                    /usr/lib64/libdrm.so.2.131.0
7f5b08055000-7f5b08056000 rw-p 00000000 00:00 0 
7f5b08056000-7f5b08058000 r-xp 00000000 00:49 7154887                    /usr/lib64/libgbm.so.1.0.0
7f5b08058000-7f5b0805a000 r--p 00002000 00:49 7154887                    /usr/lib64/libgbm.so.1.0.0
7f5b0805a000-7f5b0805b000 r--p 00003000 00:49 7154887                    /usr/lib64/libgbm.so.1.0.0
7f5b0805b000-7f5b0805c000 rw-p 00004000 00:49 7154887                    /usr/lib64/libgbm.so.1.0.0
7f5b08063000-7f5b080a2000 r-xp 00000000 00:49 1070050                    /usr/lib64/libGLdispatch.so.0.0.0
7f5b080a2000-7f5b080b6000 r--p 0003f000 00:49 1070050                    /usr/lib64/libGLdispatch.so.0.0.0
7f5b080b6000-7f5b080d2000 r--p 00053000 00:49 1070050                    /usr/lib64/libGLdispatch.so.0.0.0
7f5b080d2000-7f5b080d3000 rw-p 0006f000 00:49 1070050                    /usr/lib64/libGLdispatch.so.0.0.0
7f5b080d3000-7f5b080db000 rw-p 00000000 00:00 0 
7f5b080db000-7f5b080e5000 r-xp 00000000 00:49 1070058                    /usr/lib64/libEGL.so.1.1.0
7f5b080e5000-7f5b080ea000 r--p 0000a000 00:49 1070058                    /usr/lib64/libEGL.so.1.1.0
7f5b080ea000-7f5b080eb000 r--p 0000e000 00:49 1070058                    /usr/lib64/libEGL.so.1.1.0
7f5b080eb000-7f5b080ec000 rw-p 0000f000 00:49 1070058                    /usr/lib64/libEGL.so.1.1.0
7f5b080ec000-7f5b080ed000 r--p 00000000 00:00 0 
7f5b080ed000-7f5b080ee000 r-xp 00000000 00:00 0 
7f5b080ee000-7f5b080f7000 rw-s 00000000 00:01 34282                      /memfd:pipewire-memfd:flags=0x0000000f,type=2,size=65664 (deleted)
7f5b080f7000-7f5b0814f000 r-xp 00000000 00:49 7156432                    /usr/lib64/spa-0.2/audioconvert/libspa-audioconvert.so
7f5b0814f000-7f5b081b7000 r--p 00058000 00:49 7156432                    /usr/lib64/spa-0.2/audioconvert/libspa-audioconvert.so
7f5b081b7000-7f5b081be000 r--p 000c0000 00:49 7156432                    /usr/lib64/spa-0.2/audioconvert/libspa-audioconvert.so
7f5b081be000-7f5b081c1000 rw-p 000c7000 00:49 7156432                    /usr/lib64/spa-0.2/audioconvert/libspa-audioconvert.so
7f5b081c1000-7f5b081df000 r-xp 00000000 00:49 7156420                    /usr/lib64/pipewire-0.3/libpipewire-module-session-manager.so
7f5b081df000-7f5b081e5000 r--p 0001e000 00:49 7156420                    /usr/lib64/pipewire-0.3/libpipewire-module-session-manager.so
7f5b081e5000-7f5b081e7000 r--p 00024000 00:49 7156420                    /usr/lib64/pipewire-0.3/libpipewire-module-session-manager.so
7f5b081e7000-7f5b081e8000 rw-p 00000000 00:00 0 
7f5b081e8000-7f5b081f2000 r-xp 00000000 00:49 7156402                    /usr/lib64/pipewire-0.3/libpipewire-module-metadata.so
7f5b081f2000-7f5b081f5000 r--p 0000a000 00:49 7156402                    /usr/lib64/pipewire-0.3/libpipewire-module-metadata.so
7f5b081f5000-7f5b081f6000 r--p 0000d000 00:49 7156402                    /usr/lib64/pipewire-0.3/libpipewire-module-metadata.so
7f5b081f6000-7f5b081f7000 rw-p 0000e000 00:49 7156402                    /usr/lib64/pipewire-0.3/libpipewire-module-metadata.so
7f5b081f7000-7f5b081fb000 r-xp 00000000 00:49 7156392                    /usr/lib64/pipewire-0.3/libpipewire-module-adapter.so
7f5b081fb000-7f5b081fe000 r--p 00004000 00:49 7156392                    /usr/lib64/pipewire-0.3/libpipewire-module-adapter.so
7f5b081fe000-7f5b081ff000 r--p 00007000 00:49 7156392                    /usr/lib64/pipewire-0.3/libpipewire-module-adapter.so
7f5b081ff000-7f5b08200000 rw-p 00008000 00:49 7156392                    /usr/lib64/pipewire-0.3/libpipewire-module-adapter.so
7f5b08200000-7f5b0820c000 r-xp 00000000 00:49 7156394                    /usr/lib64/pipewire-0.3/libpipewire-module-client-device.so
7f5b0820c000-7f5b0820f000 r--p 0000c000 00:49 7156394                    /usr/lib64/pipewire-0.3/libpipewire-module-client-device.so
7f5b0820f000-7f5b08210000 r--p 0000e000 00:49 7156394                    /usr/lib64/pipewire-0.3/libpipewire-module-client-device.so
7f5b08210000-7f5b08211000 rw-p 0000f000 00:49 7156394                    /usr/lib64/pipewire-0.3/libpipewire-module-client-device.so
7f5b08211000-7f5b08235000 r-xp 00000000 00:49 7156395                    /usr/lib64/pipewire-0.3/libpipewire-module-client-node.so
7f5b08235000-7f5b0823d000 r--p 00024000 00:49 7156395                    /usr/lib64/pipewire-0.3/libpipewire-module-client-node.so
7f5b0823d000-7f5b0823f000 r--p 0002c000 00:49 7156395                    /usr/lib64/pipewire-0.3/libpipewire-module-client-node.so
7f5b0823f000-7f5b08240000 rw-p 0002e000 00:49 7156395                    /usr/lib64/pipewire-0.3/libpipewire-module-client-node.so
7f5b08240000-7f5b08263000 r-xp 00000000 00:49 7156409                    /usr/lib64/pipewire-0.3/libpipewire-module-protocol-native.so
7f5b08263000-7f5b08272000 r--p 00023000 00:49 7156409                    /usr/lib64/pipewire-0.3/libpipewire-module-protocol-native.so
7f5b08272000-7f5b08282000 r--p 00031000 00:49 7156409                    /usr/lib64/pipewire-0.3/libpipewire-module-protocol-native.so
7f5b08282000-7f5b08283000 rw-p 00041000 00:49 7156409                    /usr/lib64/pipewire-0.3/libpipewire-module-protocol-native.so
7f5b08283000-7f5b08287000 r-xp 00000000 00:49 7156414                    /usr/lib64/pipewire-0.3/libpipewire-module-rt.so
7f5b08287000-7f5b0828a000 r--p 00004000 00:49 7156414                    /usr/lib64/pipewire-0.3/libpipewire-module-rt.so
7f5b0828a000-7f5b0828b000 r--p 00007000 00:49 7156414                    /usr/lib64/pipewire-0.3/libpipewire-module-rt.so
7f5b0828b000-7f5b0828c000 rw-p 00008000 00:49 7156414                    /usr/lib64/pipewire-0.3/libpipewire-module-rt.so
7f5b0828c000-7f5b082a5000 r-xp 00000000 00:49 7156452                    /usr/lib64/spa-0.2/support/libspa-support.so
7f5b082a5000-7f5b082ac000 r--p 00019000 00:49 7156452                    /usr/lib64/spa-0.2/support/libspa-support.so
7f5b082ac000-7f5b082ae000 r--p 0001f000 00:49 7156452                    /usr/lib64/spa-0.2/support/libspa-support.so
7f5b082ae000-7f5b082af000 rw-p 00021000 00:49 7156452                    /usr/lib64/spa-0.2/support/libspa-support.so
7f5b082af000-7f5b0832b000 r-xp 00000000 00:49 7156390                    /usr/lib64/libpipewire-0.3.so.0.1411.0
7f5b0832b000-7f5b08352000 r--p 0007c000 00:49 7156390                    /usr/lib64/libpipewire-0.3.so.0.1411.0
7f5b08352000-7f5b0836f000 r--p 000a3000 00:49 7156390                    /usr/lib64/libpipewire-0.3.so.0.1411.0
7f5b0836f000-7f5b08370000 rw-p 000c0000 00:49 7156390                    /usr/lib64/libpipewire-0.3.so.0.1411.0
7f5b08370000-7f5b08371000 rw-p 00000000 00:00 0 
7f5b08371000-7f5b084b2000 r-xp 00000000 00:49 7151663                    /usr/lib64/libstdc++.so.6.0.34
7f5b084b2000-7f5b085d2000 r--p 00141000 00:49 7151663                    /usr/lib64/libstdc++.so.6.0.34
7f5b085d2000-7f5b085e3000 r--p 00260000 00:49 7151663                    /usr/lib64/libstdc++.so.6.0.34
7f5b085e3000-7f5b085e4000 rw-p 00271000 00:49 7151663                    /usr/lib64/libstdc++.so.6.0.34
7f5b085e4000-7f5b085e8000 rw-p 00000000 00:00 0 
7f5b085e8000-7f5b08740000 r-xp 00000000 00:38 2566                       /tmp/lwjgl_bazzite/3.4.1+2/x64/libopenal.so
7f5b08740000-7f5b087da000 r--p 00158000 00:38 2566                       /tmp/lwjgl_bazzite/3.4.1+2/x64/libopenal.so
7f5b087da000-7f5b087e4000 r--p 001f2000 00:38 2566                       /tmp/lwjgl_bazzite/3.4.1+2/x64/libopenal.so
7f5b087e4000-7f5b087e5000 rw-p 001fc000 00:38 2566                       /tmp/lwjgl_bazzite/3.4.1+2/x64/libopenal.so
7f5b087e5000-7f5b088c9000 rw-p 00000000 00:00 0 
7f5b088c9000-7f5b089b9000 rw-s 00000000 00:01 35991                      /memfd:wayland-cursor (deleted)
7f5b089b9000-7f5b08a89000 rw-s 00000000 00:01 35990                      /memfd:wayland-cursor (deleted)
7f5b08a89000-7f5b08a99000 r-xp 00000000 00:49 1069856                    /usr/lib64/libseccomp.so.2.6.0
7f5b08a99000-7f5b08ab3000 r--p 00010000 00:49 1069856                    /usr/lib64/libseccomp.so.2.6.0
7f5b08ab3000-7f5b08ab4000 r--p 0002a000 00:49 1069856                    /usr/lib64/libseccomp.so.2.6.0
7f5b08ab4000-7f5b08ab5000 rw-p 0002b000 00:49 1069856                    /usr/lib64/libseccomp.so.2.6.0
7f5b08ab5000-7f5b08afb000 r-xp 00000000 00:49 1069695                    /usr/lib64/liblcms2.so.2.0.16
7f5b08afb000-7f5b08b16000 r--p 00046000 00:49 1069695                    /usr/lib64/liblcms2.so.2.0.16
7f5b08b16000-7f5b08b19000 r--p 00060000 00:49 1069695                    /usr/lib64/liblcms2.so.2.0.16
7f5b08b19000-7f5b08b1c000 rw-p 00063000 00:49 1069695                    /usr/lib64/liblcms2.so.2.0.16
7f5b08b1c000-7f5b08b1d000 rw-p 00000000 00:00 0 
7f5b08b1d000-7f5b08c55000 r-xp 00000000 00:49 590523                     /usr/lib64/libsqlite3.so.3.50.2
7f5b08c55000-7f5b08c8e000 r--p 00138000 00:49 590523                     /usr/lib64/libsqlite3.so.3.50.2
7f5b08c8e000-7f5b08c92000 r--p 00170000 00:49 590523                     /usr/lib64/libsqlite3.so.3.50.2
7f5b08c92000-7f5b08c96000 rw-p 00174000 00:49 590523                     /usr/lib64/libsqlite3.so.3.50.2
7f5b08c96000-7f5b08c97000 rw-p 00000000 00:00 0 
7f5b08c97000-7f5b08caf000 r-xp 00000000 00:49 1069644                    /usr/lib64/libjson-glib-1.0.so.0.1000.8
7f5b08caf000-7f5b08cc0000 r--p 00018000 00:49 1069644                    /usr/lib64/libjson-glib-1.0.so.0.1000.8
7f5b08cc0000-7f5b08cc1000 r--p 00029000 00:49 1069644                    /usr/lib64/libjson-glib-1.0.so.0.1000.8
7f5b08cc1000-7f5b08cc2000 rw-p 00000000 00:00 0 
7f5b08cc2000-7f5b08cde000 r-xp 00000000 00:49 7163058                    /usr/lib64/libatspi.so.0.0.1
7f5b08cde000-7f5b08cf8000 r--p 0001c000 00:49 7163058                    /usr/lib64/libatspi.so.0.0.1
7f5b08cf8000-7f5b08cfc000 r--p 00036000 00:49 7163058                    /usr/lib64/libatspi.so.0.0.1
7f5b08cfc000-7f5b08cfd000 rw-p 0003a000 00:49 7163058                    /usr/lib64/libatspi.so.0.0.1
7f5b08cfd000-7f5b09048000 r-xp 00000000 00:49 7154507                    /usr/lib64/libglycin-2.so.0
7f5b09048000-7f5b09101000 r--p 0034b000 00:49 7154507                    /usr/lib64/libglycin-2.so.0
7f5b09101000-7f5b0911a000 r--p 00403000 00:49 7154507                    /usr/lib64/libglycin-2.so.0
7f5b0911a000-7f5b0911d000 rw-p 0041c000 00:49 7154507                    /usr/lib64/libglycin-2.so.0
7f5b0911d000-7f5b0911e000 r-xp 00000000 00:49 1081827                    /usr/lib64/libXinerama.so.1.0.0
7f5b0911e000-7f5b0911f000 r--p 00001000 00:49 1081827                    /usr/lib64/libXinerama.so.1.0.0
7f5b0911f000-7f5b09120000 r--p 00001000 00:49 1081827                    /usr/lib64/libXinerama.so.1.0.0
7f5b09120000-7f5b09121000 rw-p 00002000 00:49 1081827                    /usr/lib64/libXinerama.so.1.0.0
7f5b09121000-7f5b09129000 r-xp 00000000 00:49 1070474                    /usr/lib64/libXrandr.so.2.2.0
7f5b09129000-7f5b0912c000 r--p 00008000 00:49 1070474                    /usr/lib64/libXrandr.so.2.2.0
7f5b0912c000-7f5b0912d000 r--p 0000a000 00:49 1070474                    /usr/lib64/libXrandr.so.2.2.0
7f5b0912d000-7f5b0912e000 rw-p 0000b000 00:49 1070474                    /usr/lib64/libXrandr.so.2.2.0
7f5b0912e000-7f5b0912f000 r-xp 00000000 00:49 1070270                    /usr/lib64/libXcomposite.so.1.0.0
7f5b0912f000-7f5b09130000 r--p 00001000 00:49 1070270                    /usr/lib64/libXcomposite.so.1.0.0
7f5b09130000-7f5b09131000 r--p 00001000 00:49 1070270                    /usr/lib64/libXcomposite.so.1.0.0
7f5b09131000-7f5b09132000 rw-p 00000000 00:00 0 
7f5b09132000-7f5b09133000 r-xp 00000000 00:49 1070380                    /usr/lib64/libXdamage.so.1.1.0
7f5b09133000-7f5b09134000 r--p 00001000 00:49 1070380                    /usr/lib64/libXdamage.so.1.1.0
7f5b09134000-7f5b09135000 r--p 00001000 00:49 1070380                    /usr/lib64/libXdamage.so.1.1.0
7f5b09135000-7f5b09136000 rw-p 00000000 00:00 0 
7f5b09136000-7f5b0913d000 r-xp 00000000 00:49 1070370                    /usr/lib64/libXcursor.so.1.0.2
7f5b0913d000-7f5b09141000 r--p 00007000 00:49 1070370                    /usr/lib64/libXcursor.so.1.0.2
7f5b09141000-7f5b09142000 r--p 0000b000 00:49 1070370                    /usr/lib64/libXcursor.so.1.0.2
7f5b09142000-7f5b09143000 rw-p 00000000 00:00 0 
7f5b09143000-7f5b09146000 r-xp 00000000 00:49 1069885                    /usr/lib64/libXfixes.so.3.1.0
7f5b09146000-7f5b09148000 r--p 00003000 00:49 1069885                    /usr/lib64/libXfixes.so.3.1.0
7f5b09148000-7f5b09149000 r--p 00004000 00:49 1069885                    /usr/lib64/libXfixes.so.3.1.0
7f5b09149000-7f5b0914a000 rw-p 00005000 00:49 1069885                    /usr/lib64/libXfixes.so.3.1.0
7f5b0914a000-7f5b091cb000 r-xp 00000000 00:49 1078632                    /usr/lib64/libtinysparql-3.0.so.0.1001.0
7f5b091cb000-7f5b0920f000 r--p 00081000 00:49 1078632                    /usr/lib64/libtinysparql-3.0.so.0.1001.0
7f5b0920f000-7f5b0921d000 r--p 000c5000 00:49 1078632                    /usr/lib64/libtinysparql-3.0.so.0.1001.0
7f5b0921d000-7f5b0921e000 rw-p 000d3000 00:49 1078632                    /usr/lib64/libtinysparql-3.0.so.0.1001.0
7f5b0921e000-7f5b0922a000 r-xp 00000000 00:49 1081818                    /usr/lib64/libcloudproviders.so.0.3.6
7f5b0922a000-7f5b09235000 r--p 0000c000 00:49 1081818                    /usr/lib64/libcloudproviders.so.0.3.6
7f5b09235000-7f5b09236000 r--p 00017000 00:49 1081818                    /usr/lib64/libcloudproviders.so.0.3.6
7f5b09236000-7f5b09237000 rw-p 00018000 00:49 1081818                    /usr/lib64/libcloudproviders.so.0.3.6
7f5b09237000-7f5b09253000 r-xp 00000000 00:49 7163083                    /usr/lib64/libatk-bridge-2.0.so.0.0.0
7f5b09253000-7f5b09270000 r--p 0001c000 00:49 7163083                    /usr/lib64/libatk-bridge-2.0.so.0.0.0
7f5b09270000-7f5b09272000 r--p 00039000 00:49 7163083                    /usr/lib64/libatk-bridge-2.0.so.0.0.0
7f5b09272000-7f5b09274000 rw-p 0003b000 00:49 7163083                    /usr/lib64/libatk-bridge-2.0.so.0.0.0
7f5b09274000-7f5b09281000 r-xp 00000000 00:49 1069808                    /usr/lib64/libXi.so.6.1.0
7f5b09281000-7f5b09285000 r--p 0000d000 00:49 1069808                    /usr/lib64/libXi.so.6.1.0
7f5b09285000-7f5b09286000 r--p 00011000 00:49 1069808                    /usr/lib64/libXi.so.6.1.0
7f5b09286000-7f5b09287000 rw-p 00012000 00:49 1069808                    /usr/lib64/libXi.so.6.1.0
7f5b09287000-7f5b092f4000 r-xp 00000000 00:49 1081809                    /usr/lib64/libepoxy.so.0.0.0
7f5b092f4000-7f5b09384000 r--p 0006d000 00:49 1081809                    /usr/lib64/libepoxy.so.0.0.0
7f5b09384000-7f5b0938c000 r--p 000fc000 00:49 1081809                    /usr/lib64/libepoxy.so.0.0.0
7f5b0938c000-7f5b09393000 rw-p 00104000 00:49 1081809                    /usr/lib64/libepoxy.so.0.0.0
7f5b09393000-7f5b093a3000 r-xp 00000000 00:49 7163075                    /usr/lib64/libatk-1.0.so.0.25814.1
7f5b093a3000-7f5b093b5000 r--p 00010000 00:49 7163075                    /usr/lib64/libatk-1.0.so.0.25814.1
7f5b093b5000-7f5b093b8000 r--p 00021000 00:49 7163075                    /usr/lib64/libatk-1.0.so.0.25814.1
7f5b093b8000-7f5b093b9000 rw-p 00024000 00:49 7163075                    /usr/lib64/libatk-1.0.so.0.25814.1
7f5b093b9000-7f5b093d5000 r-xp 00000000 00:49 7154515                    /usr/lib64/libgdk_pixbuf-2.0.so.0.4400.4
7f5b093d5000-7f5b093e4000 r--p 0001c000 00:49 7154515                    /usr/lib64/libgdk_pixbuf-2.0.so.0.4400.4
7f5b093e4000-7f5b093e6000 r--p 0002a000 00:49 7154515                    /usr/lib64/libgdk_pixbuf-2.0.so.0.4400.4
7f5b093e6000-7f5b093e7000 rw-p 0002c000 00:49 7154515                    /usr/lib64/libgdk_pixbuf-2.0.so.0.4400.4
7f5b093e7000-7f5b093e9000 r-xp 00000000 00:49 1082923                    /usr/lib64/libcairo-gobject.so.2.11804.4
7f5b093e9000-7f5b093ed000 r--p 00002000 00:49 1082923                    /usr/lib64/libcairo-gobject.so.2.11804.4
7f5b093ed000-7f5b093ef000 r--p 00005000 00:49 1082923                    /usr/lib64/libcairo-gobject.so.2.11804.4
7f5b093ef000-7f5b093f0000 rw-p 00000000 00:00 0 
7f5b093f0000-7f5b0947d000 r-xp 00000000 00:49 7163107                    /usr/lib64/libgdk-3.so.0.2420.32
7f5b0947d000-7f5b094de000 r--p 0008d000 00:49 7163107                    /usr/lib64/libgdk-3.so.0.2420.32
7f5b094de000-7f5b094e8000 r--p 000ed000 00:49 7163107                    /usr/lib64/libgdk-3.so.0.2420.32
7f5b094e8000-7f5b094ea000 rw-p 000f7000 00:49 7163107                    /usr/lib64/libgdk-3.so.0.2420.32
7f5b094ea000-7f5b098a2000 r-xp 00000000 00:49 7163109                    /usr/lib64/libgtk-3.so.0.2420.32
7f5b098a2000-7f5b09bd6000 r--p 003b8000 00:49 7163109                    /usr/lib64/libgtk-3.so.0.2420.32
7f5b09bd6000-7f5b09be9000 r--p 006eb000 00:49 7163109                    /usr/lib64/libgtk-3.so.0.2420.32
7f5b09be9000-7f5b09beb000 rw-p 006fe000 00:49 7163109                    /usr/lib64/libgtk-3.so.0.2420.32
7f5b09beb000-7f5b09bf0000 rw-p 00000000 00:00 0 
7f5b09bf0000-7f5b09bf1000 r--p 00000000 00:00 0 
7f5b09bf1000-7f5b09bf2000 r-xp 00000000 00:00 0 
7f5b09bf2000-7f5b09bf3000 r--p 00000000 00:00 0 
7f5b09bf3000-7f5b09bfa000 r--s 00000000 00:49 7176855                    /usr/lib64/gconv/gconv-modules.cache
7f5b09bfa000-7f5b09bfd000 r-xp 00000000 00:49 7156450                    /usr/lib64/spa-0.2/support/libspa-dbus.so
7f5b09bfd000-7f5b09bff000 r--p 00003000 00:49 7156450                    /usr/lib64/spa-0.2/support/libspa-dbus.so
7f5b09bff000-7f5b09c00000 r--p 00004000 00:49 7156450                    /usr/lib64/spa-0.2/support/libspa-dbus.so
7f5b09c00000-7f5b09c01000 rw-p 00005000 00:49 7156450                    /usr/lib64/spa-0.2/support/libspa-dbus.so
7f5b09c01000-7f5b09c02000 r-xp 00000000 00:49 590297                     /usr/lib64/libbrotlicommon.so.1.2.0
7f5b09c02000-7f5b09c22000 r--p 00001000 00:49 590297                     /usr/lib64/libbrotlicommon.so.1.2.0
7f5b09c22000-7f5b09c23000 r--p 00020000 00:49 590297                     /usr/lib64/libbrotlicommon.so.1.2.0
7f5b09c23000-7f5b09c24000 rw-p 00000000 00:00 0 
7f5b09c24000-7f5b09c4a000 r-xp 00000000 00:49 7151705                    /usr/lib64/libblkid.so.1.1.0
7f5b09c4a000-7f5b09c57000 r--p 00026000 00:49 7151705                    /usr/lib64/libblkid.so.1.1.0
7f5b09c57000-7f5b09c5d000 r--p 00033000 00:49 7151705                    /usr/lib64/libblkid.so.1.1.0
7f5b09c5d000-7f5b09c5e000 rw-p 00039000 00:49 7151705                    /usr/lib64/libblkid.so.1.1.0
7f5b09c5e000-7f5b09c83000 r-xp 00000000 00:49 590433                     /usr/lib64/liblzma.so.5.8.1
7f5b09c83000-7f5b09c91000 r--p 00025000 00:49 590433                     /usr/lib64/liblzma.so.5.8.1
7f5b09c91000-7f5b09c92000 r--p 00033000 00:49 590433                     /usr/lib64/liblzma.so.5.8.1
7f5b09c92000-7f5b09c93000 rw-p 00034000 00:49 590433                     /usr/lib64/liblzma.so.5.8.1
7f5b09c93000-7f5b09cb6000 r-xp 00000000 00:49 6195619                    /usr/lib64/libgcc_s-15-20260123.so.1
7f5b09cb6000-7f5b09cbd000 r--p 00023000 00:49 6195619                    /usr/lib64/libgcc_s-15-20260123.so.1
7f5b09cbd000-7f5b09cbe000 r--p 0002a000 00:49 6195619                    /usr/lib64/libgcc_s-15-20260123.so.1
7f5b09cbe000-7f5b09cbf000 rw-p 00000000 00:00 0 
7f5b09cbf000-7f5b09cc5000 r-xp 00000000 00:49 7151721                    /usr/lib64/libcap.so.2.76
7f5b09cc5000-7f5b09cc9000 r--p 00006000 00:49 7151721                    /usr/lib64/libcap.so.2.76
7f5b09cc9000-7f5b09cca000 r--p 00009000 00:49 7151721                    /usr/lib64/libcap.so.2.76
7f5b09cca000-7f5b09ccb000 rw-p 0000a000 00:49 7151721                    /usr/lib64/libcap.so.2.76
7f5b09ccb000-7f5b09ccd000 r-xp 00000000 00:49 1066338                    /usr/lib64/libXau.so.6.0.0
7f5b09ccd000-7f5b09cce000 r--p 00002000 00:49 1066338                    /usr/lib64/libXau.so.6.0.0
7f5b09cce000-7f5b09ccf000 r--p 00003000 00:49 1066338                    /usr/lib64/libXau.so.6.0.0
7f5b09ccf000-7f5b09cd0000 rw-p 00000000 00:00 0 
7f5b09cd0000-7f5b09cd9000 r-xp 00000000 00:49 590314                     /usr/lib64/libbrotlidec.so.1.2.0
7f5b09cd9000-7f5b09cdc000 r--p 00009000 00:49 590314                     /usr/lib64/libbrotlidec.so.1.2.0
7f5b09cdc000-7f5b09cdd000 r--p 0000c000 00:49 590314                     /usr/lib64/libbrotlidec.so.1.2.0
7f5b09cdd000-7f5b09cde000 rw-p 00000000 00:00 0 
7f5b09cde000-7f5b09ced000 r-xp 00000000 00:49 590315                     /usr/lib64/libbz2.so.1.0.8
7f5b09ced000-7f5b09cf0000 r--p 0000f000 00:49 590315                     /usr/lib64/libbz2.so.1.0.8
7f5b09cf0000-7f5b09cf1000 r--p 00011000 00:49 590315                     /usr/lib64/libbz2.so.1.0.8
7f5b09cf1000-7f5b09cf2000 rw-p 00012000 00:49 590315                     /usr/lib64/libbz2.so.1.0.8
7f5b09cf2000-7f5b09cf6000 r-xp 00000000 00:49 1079043                    /usr/lib64/libdatrie.so.1.4.0
7f5b09cf6000-7f5b09cf8000 r--p 00004000 00:49 1079043                    /usr/lib64/libdatrie.so.1.4.0
7f5b09cf8000-7f5b09cf9000 r--p 00005000 00:49 1079043                    /usr/lib64/libdatrie.so.1.4.0
7f5b09cf9000-7f5b09cfa000 rw-p 00000000 00:00 0 
7f5b09cfa000-7f5b09d1a000 r-xp 00000000 00:49 590514                     /usr/lib64/libselinux.so.1
7f5b09d1a000-7f5b09d27000 r--p 00020000 00:49 590514                     /usr/lib64/libselinux.so.1
7f5b09d27000-7f5b09d28000 r--p 0002d000 00:49 590514                     /usr/lib64/libselinux.so.1
7f5b09d28000-7f5b09d29000 rw-p 0002e000 00:49 590514                     /usr/lib64/libselinux.so.1
7f5b09d29000-7f5b09d2b000 rw-p 00000000 00:00 0 
7f5b09d2b000-7f5b09d66000 r-xp 00000000 00:49 7151787                    /usr/lib64/libmount.so.1.1.0
7f5b09d66000-7f5b09d7d000 r--p 0003b000 00:49 7151787                    /usr/lib64/libmount.so.1.1.0
7f5b09d7d000-7f5b09d7f000 r--p 00052000 00:49 7151787                    /usr/lib64/libmount.so.1.1.0
7f5b09d7f000-7f5b09d80000 rw-p 00054000 00:49 7151787                    /usr/lib64/libmount.so.1.1.0
7f5b09d80000-7f5b09d82000 r-xp 00000000 00:49 7151903                    /usr/lib64/libgmodule-2.0.so.0.8600.5
7f5b09d82000-7f5b09d84000 r--p 00002000 00:49 7151903                    /usr/lib64/libgmodule-2.0.so.0.8600.5
7f5b09d84000-7f5b09d85000 r--p 00003000 00:49 7151903                    /usr/lib64/libgmodule-2.0.so.0.8600.5
7f5b09d85000-7f5b09d86000 rw-p 00004000 00:49 7151903                    /usr/lib64/libgmodule-2.0.so.0.8600.5
7f5b09d86000-7f5b09e78000 r-xp 00000000 00:49 590580                     /usr/lib64/libxml2.so.2.12.10
7f5b09e78000-7f5b09ed7000 r--p 000f2000 00:49 590580                     /usr/lib64/libxml2.so.2.12.10
7f5b09ed7000-7f5b09ee2000 r--p 00150000 00:49 590580                     /usr/lib64/libxml2.so.2.12.10
7f5b09ee2000-7f5b09ee3000 rw-p 0015b000 00:49 590580                     /usr/lib64/libxml2.so.2.12.10
7f5b09ee3000-7f5b09ee4000 rw-p 00000000 00:00 0 
7f5b09ee4000-7f5b09efc000 r-xp 00000000 00:49 1082614                    /usr/lib64/libgraphite2.so.3.2.1
7f5b09efc000-7f5b09f00000 r--p 00018000 00:49 1082614                    /usr/lib64/libgraphite2.so.3.2.1
7f5b09f00000-7f5b09f02000 r--p 0001c000 00:49 1082614                    /usr/lib64/libgraphite2.so.3.2.1
7f5b09f02000-7f5b09f03000 rw-p 00000000 00:00 0 
7f5b09f03000-7f5b09f81000 r-xp 00000000 00:49 590479                     /usr/lib64/libpcre2-8.so.0.15.0
7f5b09f81000-7f5b09fae000 r--p 0007e000 00:49 590479                     /usr/lib64/libpcre2-8.so.0.15.0
7f5b09fae000-7f5b09faf000 r--p 000aa000 00:49 590479                     /usr/lib64/libpcre2-8.so.0.15.0
7f5b09faf000-7f5b09fb0000 rw-p 000ab000 00:49 590479                     /usr/lib64/libpcre2-8.so.0.15.0
7f5b09fb0000-7f5b0a075000 r-xp 00000000 00:49 7151746                    /usr/lib64/libsystemd.so.0.41.0
7f5b0a075000-7f5b0a0cc000 r--p 000c5000 00:49 7151746                    /usr/lib64/libsystemd.so.0.41.0
7f5b0a0cc000-7f5b0a0d5000 r--p 0011b000 00:49 7151746                    /usr/lib64/libsystemd.so.0.41.0
7f5b0a0d5000-7f5b0a0d6000 rw-p 00124000 00:49 7151746                    /usr/lib64/libsystemd.so.0.41.0
7f5b0a0d6000-7f5b0a0d7000 rw-p 00000000 00:00 0 
7f5b0a0d7000-7f5b0a169000 r-xp 00000000 00:49 1079059                    /usr/lib64/libpixman-1.so.0.46.2
7f5b0a169000-7f5b0a17d000 r--p 00092000 00:49 1079059                    /usr/lib64/libpixman-1.so.0.46.2
7f5b0a17d000-7f5b0a185000 r--p 000a6000 00:49 1079059                    /usr/lib64/libpixman-1.so.0.46.2
7f5b0a185000-7f5b0a186000 rw-p 000ae000 00:49 1079059                    /usr/lib64/libpixman-1.so.0.46.2
7f5b0a186000-7f5b0a187000 r-xp 00000000 00:49 1066404                    /usr/lib64/libxcb-shm.so.0.0.0
7f5b0a187000-7f5b0a188000 r--p 00001000 00:49 1066404                    /usr/lib64/libxcb-shm.so.0.0.0
7f5b0a188000-7f5b0a189000 r--p 00002000 00:49 1066404                    /usr/lib64/libxcb-shm.so.0.0.0
7f5b0a189000-7f5b0a18a000 rw-p 00003000 00:49 1066404                    /usr/lib64/libxcb-shm.so.0.0.0
7f5b0a18a000-7f5b0a190000 r-xp 00000000 00:49 1066396                    /usr/lib64/libxcb-render.so.0.0.0
7f5b0a190000-7f5b0a197000 r--p 00006000 00:49 1066396                    /usr/lib64/libxcb-render.so.0.0.0
7f5b0a197000-7f5b0a198000 r--p 0000d000 00:49 1066396                    /usr/lib64/libxcb-render.so.0.0.0
7f5b0a198000-7f5b0a199000 rw-p 0000e000 00:49 1066396                    /usr/lib64/libxcb-render.so.0.0.0
7f5b0a199000-7f5b0a1ad000 r-xp 00000000 00:49 1066426                    /usr/lib64/libxcb.so.1.1.0
7f5b0a1ad000-7f5b0a1c1000 r--p 00014000 00:49 1066426                    /usr/lib64/libxcb.so.1.1.0
7f5b0a1c1000-7f5b0a1c2000 r--p 00028000 00:49 1066426                    /usr/lib64/libxcb.so.1.1.0
7f5b0a1c2000-7f5b0a1c3000 rw-p 00029000 00:49 1066426                    /usr/lib64/libxcb.so.1.1.0
7f5b0a1c3000-7f5b0a1ca000 r-xp 00000000 00:49 1069663                    /usr/lib64/libXrender.so.1.3.0
7f5b0a1ca000-7f5b0a1cd000 r--p 00007000 00:49 1069663                    /usr/lib64/libXrender.so.1.3.0
7f5b0a1cd000-7f5b0a1ce000 r--p 00009000 00:49 1069663                    /usr/lib64/libXrender.so.1.3.0
7f5b0a1ce000-7f5b0a1cf000 rw-p 0000a000 00:49 1069663                    /usr/lib64/libXrender.so.1.3.0
7f5b0a1cf000-7f5b0a1db000 r-xp 00000000 00:49 1066436                    /usr/lib64/libXext.so.6.4.0
7f5b0a1db000-7f5b0a1e1000 r--p 0000c000 00:49 1066436                    /usr/lib64/libXext.so.6.4.0
7f5b0a1e1000-7f5b0a1e2000 r--p 00011000 00:49 1066436                    /usr/lib64/libXext.so.6.4.0
7f5b0a1e2000-7f5b0a1e3000 rw-p 00012000 00:49 1066436                    /usr/lib64/libXext.so.6.4.0
7f5b0a1e3000-7f5b0a27c000 r-xp 00000000 00:49 7155085                    /usr/lib64/libX11.so.6.4.0
7f5b0a27c000-7f5b0a321000 r--p 00099000 00:49 7155085                    /usr/lib64/libX11.so.6.4.0
7f5b0a321000-7f5b0a324000 r--p 0013d000 00:49 7155085                    /usr/lib64/libX11.so.6.4.0
7f5b0a324000-7f5b0a328000 rw-p 00140000 00:49 7155085                    /usr/lib64/libX11.so.6.4.0
7f5b0a328000-7f5b0a3be000 r-xp 00000000 00:49 1082624                    /usr/lib64/libfreetype.so.6.20.2
7f5b0a3be000-7f5b0a3e9000 r--p 00096000 00:49 1082624                    /usr/lib64/libfreetype.so.6.20.2
7f5b0a3e9000-7f5b0a3f1000 r--p 000c1000 00:49 1082624                    /usr/lib64/libfreetype.so.6.20.2
7f5b0a3f1000-7f5b0a3f2000 rw-p 00000000 00:00 0 
7f5b0a3f2000-7f5b0a41d000 r-xp 00000000 00:49 7152136                    /usr/lib64/libpng16.so.16.56.0
7f5b0a41d000-7f5b0a42b000 r--p 0002b000 00:49 7152136                    /usr/lib64/libpng16.so.16.56.0
7f5b0a42b000-7f5b0a42c000 r--p 00038000 00:49 7152136                    /usr/lib64/libpng16.so.16.56.0
7f5b0a42c000-7f5b0a42d000 rw-p 00000000 00:00 0 
7f5b0a42d000-7f5b0a449000 r-xp 00000000 00:49 7151660                    /usr/lib64/libz.so.1.3.1.zlib-ng
7f5b0a449000-7f5b0a453000 r--p 0001c000 00:49 7151660                    /usr/lib64/libz.so.1.3.1.zlib-ng
7f5b0a453000-7f5b0a454000 r--p 00026000 00:49 7151660                    /usr/lib64/libz.so.1.3.1.zlib-ng
7f5b0a454000-7f5b0a455000 rw-p 00027000 00:49 7151660                    /usr/lib64/libz.so.1.3.1.zlib-ng
7f5b0a455000-7f5b0a45a000 r-xp 00000000 00:49 1079049                    /usr/lib64/libthai.so.0.3.1
7f5b0a45a000-7f5b0a45e000 r--p 00005000 00:49 1079049                    /usr/lib64/libthai.so.0.3.1
7f5b0a45e000-7f5b0a45f000 r--p 00009000 00:49 1079049                    /usr/lib64/libthai.so.0.3.1
7f5b0a45f000-7f5b0a460000 rw-p 0000a000 00:49 1079049                    /usr/lib64/libthai.so.0.3.1
7f5b0a460000-7f5b0a466000 r-xp 00000000 00:49 1070236                    /usr/lib64/libfribidi.so.0.4.0
7f5b0a466000-7f5b0a47e000 r--p 00006000 00:49 1070236                    /usr/lib64/libfribidi.so.0.4.0
7f5b0a47e000-7f5b0a47f000 r--p 0001d000 00:49 1070236                    /usr/lib64/libfribidi.so.0.4.0
7f5b0a47f000-7f5b0a480000 rw-p 0001e000 00:49 1070236                    /usr/lib64/libfribidi.so.0.4.0
7f5b0a480000-7f5b0a59f000 r-xp 00000000 00:49 7151897                    /usr/lib64/libgio-2.0.so.0.8600.5
7f5b0a59f000-7f5b0a647000 r--p 0011f000 00:49 7151897                    /usr/lib64/libgio-2.0.so.0.8600.5
7f5b0a647000-7f5b0a650000 r--p 001c6000 00:49 7151897                    /usr/lib64/libgio-2.0.so.0.8600.5
7f5b0a650000-7f5b0a651000 rw-p 001cf000 00:49 7151897                    /usr/lib64/libgio-2.0.so.0.8600.5
7f5b0a651000-7f5b0a653000 rw-p 00000000 00:00 0 
7f5b0a653000-7f5b0a684000 r-xp 00000000 00:49 1082696                    /usr/lib64/libfontconfig.so.1.16.0
7f5b0a684000-7f5b0a6a0000 r--p 00031000 00:49 1082696                    /usr/lib64/libfontconfig.so.1.16.0
7f5b0a6a0000-7f5b0a6a2000 r--p 0004d000 00:49 1082696                    /usr/lib64/libfontconfig.so.1.16.0
7f5b0a6a2000-7f5b0a6a3000 rw-p 0004f000 00:49 1082696                    /usr/lib64/libfontconfig.so.1.16.0
7f5b0a6a3000-7f5b0a791000 r-xp 00000000 00:49 1082641                    /usr/lib64/libharfbuzz.so.0.61151.0
7f5b0a791000-7f5b0a7d4000 r--p 000ee000 00:49 1082641                    /usr/lib64/libharfbuzz.so.0.61151.0
7f5b0a7d4000-7f5b0a7d6000 r--p 00130000 00:49 1082641                    /usr/lib64/libharfbuzz.so.0.61151.0
7f5b0a7d6000-7f5b0a7d7000 rw-p 00132000 00:49 1082641                    /usr/lib64/libharfbuzz.so.0.61151.0
7f5b0a7d7000-7f5b0a87e000 r-xp 00000000 00:49 7151901                    /usr/lib64/libglib-2.0.so.0.8600.5
7f5b0a87e000-7f5b0a92b000 r--p 000a7000 00:49 7151901                    /usr/lib64/libglib-2.0.so.0.8600.5
7f5b0a92b000-7f5b0a92c000 r--p 00154000 00:49 7151901                    /usr/lib64/libglib-2.0.so.0.8600.5
7f5b0a92c000-7f5b0a92d000 rw-p 00155000 00:49 7151901                    /usr/lib64/libglib-2.0.so.0.8600.5
7f5b0a92d000-7f5b0a92e000 rw-p 00000000 00:00 0 
7f5b0a92e000-7f5b0a93d000 r-xp 00000000 00:49 7155108                    /usr/lib64/libpangoft2-1.0.so.0.5701.0
7f5b0a93d000-7f5b0a948000 r--p 0000f000 00:49 7155108                    /usr/lib64/libpangoft2-1.0.so.0.5701.0
7f5b0a948000-7f5b0a949000 r--p 0001a000 00:49 7155108                    /usr/lib64/libpangoft2-1.0.so.0.5701.0
7f5b0a949000-7f5b0a94a000 rw-p 00000000 00:00 0 
7f5b0a94a000-7f5b0a97e000 r-xp 00000000 00:49 1069583                    /usr/lib64/libdbus-1.so.3.38.3
7f5b0a97e000-7f5b0a99b000 r--p 00034000 00:49 1069583                    /usr/lib64/libdbus-1.so.3.38.3
7f5b0a99b000-7f5b0a99d000 r--p 00051000 00:49 1069583                    /usr/lib64/libdbus-1.so.3.38.3
7f5b0a99d000-7f5b0a99e000 rw-p 00053000 00:49 1069583                    /usr/lib64/libdbus-1.so.3.38.3
7f5b0a99e000-7f5b0aa94000 r-xp 00000000 00:49 1082910                    /usr/lib64/libcairo.so.2.11804.4
7f5b0aa94000-7f5b0aad5000 r--p 000f6000 00:49 1082910                    /usr/lib64/libcairo.so.2.11804.4
7f5b0aad5000-7f5b0aad9000 r--p 00137000 00:49 1082910                    /usr/lib64/libcairo.so.2.11804.4
7f5b0aad9000-7f5b0aadb000 rw-p 0013b000 00:49 1082910                    /usr/lib64/libcairo.so.2.11804.4
7f5b0aadb000-7f5b0aadc000 rw-p 00000000 00:00 0 
7f5b0aadc000-7f5b0ab14000 r-xp 00000000 00:49 7151905                    /usr/lib64/libgobject-2.0.so.0.8600.5
7f5b0ab14000-7f5b0ab37000 r--p 00038000 00:49 7151905                    /usr/lib64/libgobject-2.0.so.0.8600.5
7f5b0ab37000-7f5b0ab3a000 r--p 0005a000 00:49 7151905                    /usr/lib64/libgobject-2.0.so.0.8600.5
7f5b0ab3a000-7f5b0ab3b000 rw-p 0005d000 00:49 7151905                    /usr/lib64/libgobject-2.0.so.0.8600.5
7f5b0ab3b000-7f5b0ab7b000 r-xp 00000000 00:49 7155104                    /usr/lib64/libpango-1.0.so.0.5701.0
7f5b0ab7b000-7f5b0aba2000 r--p 00040000 00:49 7155104                    /usr/lib64/libpango-1.0.so.0.5701.0
7f5b0aba2000-7f5b0aba6000 r--p 00066000 00:49 7155104                    /usr/lib64/libpango-1.0.so.0.5701.0
7f5b0aba6000-7f5b0aba7000 rw-p 0006a000 00:49 7155104                    /usr/lib64/libpango-1.0.so.0.5701.0
7f5b0aba7000-7f5b0abd3000 r-xp 00000000 00:49 1079035                    /usr/lib64/libxkbcommon.so.0.11.0
7f5b0abd3000-7f5b0abfd000 r--p 0002c000 00:49 1079035                    /usr/lib64/libxkbcommon.so.0.11.0
7f5b0abfd000-7f5b0abff000 r--p 00056000 00:49 1079035                    /usr/lib64/libxkbcommon.so.0.11.0
7f5b0abff000-7f5b0ac00000 rw-p 00058000 00:49 1079035                    /usr/lib64/libxkbcommon.so.0.11.0
7f5b0ac00000-7f5b0b000000 rw-p 00000000 00:00 0 
7f5b0b000000-7f5b0b240000 rw-p 00000000 00:00 0 
7f5b0b240000-7f5b0b400000 ---p 00000000 00:00 0 
7f5b0b400000-7f5b0b9d0000 rw-p 00000000 00:00 0 
7f5b0b9d0000-7f5b0f000000 ---p 00000000 00:00 0 
7f5b0f000000-7f5b0f482000 rw-p 00001000 00:49 7160503                    /usr/lib/jvm/java-21-openjdk/lib/server/classes.jsa
7f5b0f482000-7f5b0fc9d000 rw-p 00483000 00:49 7160503                    /usr/lib/jvm/java-21-openjdk/lib/server/classes.jsa
7f5b0fc9d000-7f5b10000000 ---p 00000000 00:00 0 
7f5b10000000-7f5b10040000 rw-p 00000000 00:00 0 
7f5b10040000-7f5b10070000 rw-p 00000000 00:00 0 
7f5b10070000-7f5b10080000 ---p 00000000 00:00 0 
7f5b10080000-7f5b100e0000 rw-p 00000000 00:00 0 
7f5b100e0000-7f5b50000000 ---p 00000000 00:00 0 
7f5b50000000-7f5b50021000 rw-p 00000000 00:00 0 
7f5b50021000-7f5b54000000 ---p 00000000 00:00 0 
7f5b54000000-7f5b54021000 rw-p 00000000 00:00 0 
7f5b54021000-7f5b58000000 ---p 00000000 00:00 0 
7f5b58000000-7f5b58021000 rw-p 00000000 00:00 0 
7f5b58021000-7f5b5c004000 ---p 00000000 00:00 0 
7f5b5c004000-7f5b5c100000 rw-p 00000000 00:00 0 
7f5b5c100000-7f5b5c104000 ---p 00000000 00:00 0 
7f5b5c104000-7f5b5c200000 rw-p 00000000 00:00 0 
7f5b5c200000-7f5b5c600000 rw-p 00000000 00:00 0 
7f5b5c600000-7f5b5c601000 r-xp 00000000 00:00 0 
7f5b5c601000-7f5b5c602000 r--p 00000000 00:00 0 
7f5b5c602000-7f5b5c603000 r-xp 00000000 00:00 0 
7f5b5c603000-7f5b5c60d000 r-xp 00000000 00:49 7155106                    /usr/lib64/libpangocairo-1.0.so.0.5701.0
7f5b5c60d000-7f5b5c614000 r--p 0000a000 00:49 7155106                    /usr/lib64/libpangocairo-1.0.so.0.5701.0
7f5b5c614000-7f5b5c615000 r--p 00010000 00:49 7155106                    /usr/lib64/libpangocairo-1.0.so.0.5701.0
7f5b5c615000-7f5b5c616000 rw-p 00011000 00:49 7155106                    /usr/lib64/libpangocairo-1.0.so.0.5701.0
7f5b5c616000-7f5b5c61d000 r-xp 00000000 00:49 1221932                    /usr/lib64/libdecor/plugins-1/libdecor-cairo.so
7f5b5c61d000-7f5b5c622000 r--p 00007000 00:49 1221932                    /usr/lib64/libdecor/plugins-1/libdecor-cairo.so
7f5b5c622000-7f5b5c625000 r--p 0000b000 00:49 1221932                    /usr/lib64/libdecor/plugins-1/libdecor-cairo.so
7f5b5c625000-7f5b5c626000 rw-p 0000e000 00:49 1221932                    /usr/lib64/libdecor/plugins-1/libdecor-cairo.so
7f5b5c626000-7f5b5c629000 r-xp 00000000 00:49 1221930                    /usr/lib64/libdecor-0.so.0.200.5
7f5b5c629000-7f5b5c62c000 r--p 00003000 00:49 1221930                    /usr/lib64/libdecor-0.so.0.200.5
7f5b5c62c000-7f5b5c62d000 r--p 00006000 00:49 1221930                    /usr/lib64/libdecor-0.so.0.200.5
7f5b5c62d000-7f5b5c62e000 rw-p 00007000 00:49 1221930                    /usr/lib64/libdecor-0.so.0.200.5
7f5b5c62e000-7f5b5c631000 r-xp 00000000 00:49 1070228                    /usr/lib64/libwayland-cursor.so.0.24.0
7f5b5c631000-7f5b5c633000 r--p 00003000 00:49 1070228                    /usr/lib64/libwayland-cursor.so.0.24.0
7f5b5c633000-7f5b5c634000 r--p 00004000 00:49 1070228                    /usr/lib64/libwayland-cursor.so.0.24.0
7f5b5c634000-7f5b5c638000 rw-p 00005000 00:49 1070228                    /usr/lib64/libwayland-cursor.so.0.24.0
7f5b5c638000-7f5b5c643000 r-xp 00000000 00:49 590336                     /usr/lib64/libffi.so.8.2.0
7f5b5c643000-7f5b5c646000 r--p 0000b000 00:49 590336                     /usr/lib64/libffi.so.8.2.0
7f5b5c646000-7f5b5c647000 r--p 0000d000 00:49 590336                     /usr/lib64/libffi.so.8.2.0
7f5b5c647000-7f5b5c648000 rw-p 0000e000 00:49 590336                     /usr/lib64/libffi.so.8.2.0
7f5b5c648000-7f5b5c64f000 r-xp 00000000 00:49 1066644                    /usr/lib64/libwayland-client.so.0.24.0
7f5b5c64f000-7f5b5c654000 r--p 00007000 00:49 1066644                    /usr/lib64/libwayland-client.so.0.24.0
7f5b5c654000-7f5b5c656000 r--p 0000c000 00:49 1066644                    /usr/lib64/libwayland-client.so.0.24.0
7f5b5c656000-7f5b5c657000 rw-p 0000e000 00:49 1066644                    /usr/lib64/libwayland-client.so.0.24.0
7f5b5c657000-7f5b5c67c000 r-xp 00000000 00:38 2565                       /tmp/lwjgl_bazzite/3.4.1+2/x64/libglfw.so
7f5b5c67c000-7f5b5c6cb000 r--p 00025000 00:38 2565                       /tmp/lwjgl_bazzite/3.4.1+2/x64/libglfw.so
7f5b5c6cb000-7f5b5c6cf000 r--p 00074000 00:38 2565                       /tmp/lwjgl_bazzite/3.4.1+2/x64/libglfw.so
7f5b5c6cf000-7f5b5c6d2000 rw-p 00078000 00:38 2565                       /tmp/lwjgl_bazzite/3.4.1+2/x64/libglfw.so
7f5b5c6d2000-7f5b5c6f5000 rw-p 00000000 00:00 0 
7f5b5c6f5000-7f5b5c755000 r-xp 00000000 00:38 2564                       /tmp/lwjgl_bazzite/3.4.1+2/x64/libjemalloc.so
7f5b5c755000-7f5b5c76e000 r--p 00060000 00:38 2564                       /tmp/lwjgl_bazzite/3.4.1+2/x64/libjemalloc.so
7f5b5c76e000-7f5b5c775000 r--p 00078000 00:38 2564                       /tmp/lwjgl_bazzite/3.4.1+2/x64/libjemalloc.so
7f5b5c775000-7f5b5c776000 rw-p 0007f000 00:38 2564                       /tmp/lwjgl_bazzite/3.4.1+2/x64/libjemalloc.so
7f5b5c776000-7f5b5c980000 rw-p 00000000 00:00 0 
7f5b5c980000-7f5b5c984000 ---p 00000000 00:00 0 
7f5b5c984000-7f5b5ca80000 rw-p 00000000 00:00 0 
7f5b5ca80000-7f5b5caa8000 r-xp 00000000 00:49 7151776                    /usr/lib64/libnspr4.so
7f5b5caa8000-7f5b5cabc000 r--p 00028000 00:49 7151776                    /usr/lib64/libnspr4.so
7f5b5cabc000-7f5b5cabe000 r--p 0003b000 00:49 7151776                    /usr/lib64/libnspr4.so
7f5b5cabe000-7f5b5cabf000 rw-p 0003d000 00:49 7151776                    /usr/lib64/libnspr4.so
7f5b5cabf000-7f5b5cac2000 rw-p 00000000 00:00 0 
7f5b5cac2000-7f5b5cbac000 r-xp 00000000 00:49 7160192                    /usr/lib64/libnss3.so
7f5b5cbac000-7f5b5cbf6000 r--p 000ea000 00:49 7160192                    /usr/lib64/libnss3.so
7f5b5cbf6000-7f5b5cbfd000 r--p 00134000 00:49 7160192                    /usr/lib64/libnss3.so
7f5b5cbfd000-7f5b5cbfe000 rw-p 0013b000 00:49 7160192                    /usr/lib64/libnss3.so
7f5b5cbfe000-7f5b5cc00000 rw-p 00000000 00:00 0 
7f5b5cc00000-7f5b5cc20000 r-xp 00000000 00:38 198                        /tmp/libgdxbazzite/da3a4817/libgdx64.so
7f5b5cc20000-7f5b5ce20000 ---p 00020000 00:38 198                        /tmp/libgdxbazzite/da3a4817/libgdx64.so
7f5b5ce20000-7f5b5ce21000 r--p 00020000 00:38 198                        /tmp/libgdxbazzite/da3a4817/libgdx64.so
7f5b5ce21000-7f5b5ce22000 rw-p 00021000 00:38 198                        /tmp/libgdxbazzite/da3a4817/libgdx64.so
7f5b5ce22000-7f5b5ce23000 r-xp 00000000 00:49 1070223                    /usr/lib64/libwayland-egl.so.1.24.0
7f5b5ce23000-7f5b5ce24000 r--p 00001000 00:49 1070223                    /usr/lib64/libwayland-egl.so.1.24.0
7f5b5ce24000-7f5b5ce25000 r--p 00001000 00:49 1070223                    /usr/lib64/libwayland-egl.so.1.24.0
7f5b5ce25000-7f5b5ce26000 rw-p 00000000 00:00 0 
7f5b5ce26000-7f5b5ce27000 r-xp 00000000 00:49 7150422                    /usr/lib64/librt.so.1
7f5b5ce27000-7f5b5ce28000 r--p 00001000 00:49 7150422                    /usr/lib64/librt.so.1
7f5b5ce28000-7f5b5ce29000 r--p 00001000 00:49 7150422                    /usr/lib64/librt.so.1
7f5b5ce29000-7f5b5ce2a000 rw-p 00000000 00:00 0 
7f5b5ce2a000-7f5b5ce5f000 r-xp 00000000 00:38 2561                       /tmp/lwjgl_bazzite/3.4.1+2/x64/liblwjgl.so
7f5b5ce5f000-7f5b5cea7000 r--p 00035000 00:38 2561                       /tmp/lwjgl_bazzite/3.4.1+2/x64/liblwjgl.so
7f5b5cea7000-7f5b5cea8000 r--p 0007c000 00:38 2561                       /tmp/lwjgl_bazzite/3.4.1+2/x64/liblwjgl.so
7f5b5cea8000-7f5b5cea9000 rw-p 0007d000 00:38 2561                       /tmp/lwjgl_bazzite/3.4.1+2/x64/liblwjgl.so
7f5b5cea9000-7f5b5cead000 ---p 00000000 00:00 0 
7f5b5cead000-7f5b5cfa9000 rw-p 00000000 00:00 0 
7f5b5cfa9000-7f5b5cfad000 ---p 00000000 00:00 0 
7f5b5cfad000-7f5b5d0a9000 rw-p 00000000 00:00 0 
7f5b5d0a9000-7f5b5d0ad000 ---p 00000000 00:00 0 
7f5b5d0ad000-7f5b5d1a9000 rw-p 00000000 00:00 0 
7f5b5d1a9000-7f5b5d1ea000 r-xp 00000000 00:49 7160482                    /usr/lib/jvm/java-21-openjdk/lib/libjsvml.so
7f5b5d1ea000-7f5b5d277000 r--p 00041000 00:49 7160482                    /usr/lib/jvm/java-21-openjdk/lib/libjsvml.so
7f5b5d277000-7f5b5d278000 r--p 000cd000 00:49 7160482                    /usr/lib/jvm/java-21-openjdk/lib/libjsvml.so
7f5b5d278000-7f5b5d279000 rw-p 000ce000 00:49 7160482                    /usr/lib/jvm/java-21-openjdk/lib/libjsvml.so
7f5b5d279000-7f5b5d27d000 ---p 00000000 00:00 0 
7f5b5d27d000-7f5b5d379000 rw-p 00000000 00:00 0 
7f5b5d379000-7f5b5d37d000 ---p 00000000 00:00 0 
7f5b5d37d000-7f5b5d479000 rw-p 00000000 00:00 0 
7f5b5d479000-7f5b5d47d000 ---p 00000000 00:00 0 
7f5b5d47d000-7f5b5d579000 rw-p 00000000 00:00 0 
7f5b5d579000-7f5b5d57d000 ---p 00000000 00:00 0 
7f5b5d57d000-7f5b5d679000 rw-p 00000000 00:00 0 
7f5b5d679000-7f5b5d67d000 ---p 00000000 00:00 0 
7f5b5d67d000-7f5b5d779000 rw-p 00000000 00:00 0 
7f5b5d779000-7f5b5d77d000 ---p 00000000 00:00 0 
7f5b5d77d000-7f5b5d879000 rw-p 00000000 00:00 0 
7f5b5d879000-7f5b5d87d000 ---p 00000000 00:00 0 
7f5b5d87d000-7f5b5db7b000 rw-p 00000000 00:00 0 
7f5b5db7b000-7f5b5dbfc000 rw-p 00000000 00:00 0 
7f5b5dbfc000-7f5b5ddfe000 rw-p 00000000 00:00 0 
7f5b5ddfe000-7f5b60021000 rw-p 00000000 00:00 0 
7f5b60021000-7f5b64000000 ---p 00000000 00:00 0 
7f5b64000000-7f5b64021000 rw-p 00000000 00:00 0 
7f5b64021000-7f5b68000000 ---p 00000000 00:00 0 
7f5b68000000-7f5b68021000 rw-p 00000000 00:00 0 
7f5b68021000-7f5b6c000000 ---p 00000000 00:00 0 
7f5b6c000000-7f5b6c001000 r--p 00000000 00:00 0 
7f5b6c001000-7f5b6c002000 r-xp 00000000 00:00 0 
7f5b6c002000-7f5b6c003000 rw-s 00000000 00:01 36991                      /memfd:lp_dma_buf (deleted)
7f5b6c003000-7f5b6c005000 r-xp 00000000 00:49 7151778                    /usr/lib64/libplds4.so
7f5b6c005000-7f5b6c007000 r--p 00002000 00:49 7151778                    /usr/lib64/libplds4.so
7f5b6c007000-7f5b6c008000 r--p 00003000 00:49 7151778                    /usr/lib64/libplds4.so
7f5b6c008000-7f5b6c009000 rw-p 00004000 00:49 7151778                    /usr/lib64/libplds4.so
7f5b6c009000-7f5b6c01d000 r-xp 00000000 00:49 7151782                    /usr/lib64/libnssutil3.so
7f5b6c01d000-7f5b6c02f000 r--p 00014000 00:49 7151782                    /usr/lib64/libnssutil3.so
7f5b6c02f000-7f5b6c036000 r--p 00026000 00:49 7151782                    /usr/lib64/libnssutil3.so
7f5b6c036000-7f5b6c037000 rw-p 0002d000 00:49 7151782                    /usr/lib64/libnssutil3.so
7f5b6c037000-7f5b6cbde000 rw-p 00000000 00:00 0 
7f5b6cbde000-7f5b6cde0000 rw-p 00000000 00:00 0 
7f5b6cde0000-7f5b6d590000 rw-p 00000000 00:00 0 
7f5b6d590000-7f5b747f0000 ---p 00000000 00:00 0 
7f5b747f0000-7f5b74800000 rw-p 00000000 00:00 0 
7f5b74800000-7f5b74ac0000 rwxp 00000000 00:00 0 
7f5b74ac0000-7f5b7bc5f000 ---p 00000000 00:00 0 
7f5b7bc5f000-7f5b7c07f000 rwxp 00000000 00:00 0 
7f5b7c07f000-7f5b7c3a0000 ---p 00000000 00:00 0 
7f5b7c3a0000-7f5b7c610000 rwxp 00000000 00:00 0 
7f5b7c610000-7f5b83800000 ---p 00000000 00:00 0 
7f5b83800000-7f5b83801000 rw-s 00000000 00:01 34281                      /memfd:pipewire-memfd:flags=0x0000000f,type=2,size=4096 (deleted)
7f5b83801000-7f5b83802000 rw-s 00000000 00:01 32060                      /memfd:pipewire-memfd:flags=0x0000000f,type=2,size=2312 (deleted)
7f5b83802000-7f5b83803000 rw-s 00000000 00:01 32061                      /memfd:pipewire-memfd:flags=0x0000000f,type=2,size=2312 (deleted)
7f5b83803000-7f5b83804000 rw-s 00000000 00:01 34280                      /memfd:pipewire-memfd:flags=0x0000000f,type=2,size=2312 (deleted)
7f5b83804000-7f5b83805000 rw-s 00000000 00:01 33166                      /memfd:pipewire-memfd:flags=0x0000000f,type=2,size=2312 (deleted)
7f5b83805000-7f5b83807000 r-xp 00000000 00:49 7156451                    /usr/lib64/spa-0.2/support/libspa-journal.so
7f5b83807000-7f5b83808000 r--p 00002000 00:49 7156451                    /usr/lib64/spa-0.2/support/libspa-journal.so
7f5b83808000-7f5b83809000 r--p 00002000 00:49 7156451                    /usr/lib64/spa-0.2/support/libspa-journal.so
7f5b83809000-7f5b8380a000 rw-p 00003000 00:49 7156451                    /usr/lib64/spa-0.2/support/libspa-journal.so
7f5b8380a000-7f5b8380b000 rw-p 00000000 00:00 0 
7f5b8380b000-7f5b8380c000 rw-p 00000000 00:00 0 
7f5b8380c000-7f5b8380d000 r-xp 00033000 00:38 2561                       /tmp/lwjgl_bazzite/3.4.1+2/x64/liblwjgl.so
7f5b8380d000-7f5b8380e000 rw-p 00000000 00:00 0 
7f5b8380e000-7f5b8380f000 r-xp 00000000 00:49 7150420                    /usr/lib64/libpthread.so.0
7f5b8380f000-7f5b83810000 r--p 00001000 00:49 7150420                    /usr/lib64/libpthread.so.0
7f5b83810000-7f5b83811000 r--p 00001000 00:49 7150420                    /usr/lib64/libpthread.so.0
7f5b83811000-7f5b83812000 rw-p 00000000 00:00 0 
7f5b83812000-7f5b83815000 r-xp 00000000 00:49 7151777                    /usr/lib64/libplc4.so
7f5b83815000-7f5b83817000 r--p 00003000 00:49 7151777                    /usr/lib64/libplc4.so
7f5b83817000-7f5b83818000 r--p 00004000 00:49 7151777                    /usr/lib64/libplc4.so
7f5b83818000-7f5b83819000 rw-p 00005000 00:49 7151777                    /usr/lib64/libplc4.so
7f5b83819000-7f5b8381a000 r-xp 00000000 00:49 7160496                    /usr/lib/jvm/java-21-openjdk/lib/libsystemconf.so
7f5b8381a000-7f5b8381b000 r--p 00001000 00:49 7160496                    /usr/lib/jvm/java-21-openjdk/lib/libsystemconf.so
7f5b8381b000-7f5b8381c000 r--p 00001000 00:49 7160496                    /usr/lib/jvm/java-21-openjdk/lib/libsystemconf.so
7f5b8381c000-7f5b8381d000 rw-p 00000000 00:00 0 
7f5b8381d000-7f5b83831000 r-xp 00000000 00:49 7160498                    /usr/lib/jvm/java-21-openjdk/lib/libzip.so
7f5b83831000-7f5b8383a000 r--p 00014000 00:49 7160498                    /usr/lib/jvm/java-21-openjdk/lib/libzip.so
7f5b8383a000-7f5b8383b000 r--p 0001c000 00:49 7160498                    /usr/lib/jvm/java-21-openjdk/lib/libzip.so
7f5b8383b000-7f5b8383c000 rw-p 00000000 00:00 0 
7f5b8383c000-7f5b8c000000 r--s 00000000 00:49 7160499                    /usr/lib/jvm/java-21-openjdk/lib/modules
7f5b8c000000-7f5b8ffe3000 rw-p 00000000 00:00 0 
7f5b8ffe3000-7f5b90000000 ---p 00000000 00:00 0 
7f5b90000000-7f5b90001000 rw-p 00000000 00:00 0 
7f5b90001000-7f5b90002000 r-xp 00000000 00:49 7150413                    /usr/lib64/libdl.so.2
7f5b90002000-7f5b90003000 r--p 00001000 00:49 7150413                    /usr/lib64/libdl.so.2
7f5b90003000-7f5b90004000 r--p 00001000 00:49 7150413                    /usr/lib64/libdl.so.2
7f5b90004000-7f5b90005000 rw-p 00000000 00:00 0 
7f5b90005000-7f5b9000d000 r-xp 00000000 00:49 7160489                    /usr/lib/jvm/java-21-openjdk/lib/libnet.so
7f5b9000d000-7f5b90011000 r--p 00008000 00:49 7160489                    /usr/lib/jvm/java-21-openjdk/lib/libnet.so
7f5b90011000-7f5b90012000 r--p 0000b000 00:49 7160489                    /usr/lib/jvm/java-21-openjdk/lib/libnet.so
7f5b90012000-7f5b90013000 rw-p 00000000 00:00 0 
7f5b90013000-7f5b9001d000 r-xp 00000000 00:49 7160490                    /usr/lib/jvm/java-21-openjdk/lib/libnio.so
7f5b9001d000-7f5b90027000 r--p 0000a000 00:49 7160490                    /usr/lib/jvm/java-21-openjdk/lib/libnio.so
7f5b90027000-7f5b90028000 r--p 00014000 00:49 7160490                    /usr/lib/jvm/java-21-openjdk/lib/libnio.so
7f5b90028000-7f5b90029000 rw-p 00015000 00:49 7160490                    /usr/lib/jvm/java-21-openjdk/lib/libnio.so
7f5b90029000-7f5b9012a000 rw-p 00000000 00:00 0 
7f5b9012a000-7f5b9031a000 rw-p 00000000 00:00 0 
7f5b9031a000-7f5b91166000 ---p 00000000 00:00 0 
7f5b91166000-7f5b9125e000 rw-p 00000000 00:00 0 
7f5b9125e000-7f5b920aa000 ---p 00000000 00:00 0 
7f5b920aa000-7f5b92dfc000 rw-p 00000000 00:00 0 
7f5b92dfc000-7f5b92ee0000 ---p 00000000 00:00 0 
7f5b92ee0000-7f5b92ee6000 rw-p 00000000 00:00 0 
7f5b92ee6000-7f5b92fc9000 ---p 00000000 00:00 0 
7f5b92fc9000-7f5b92fd2000 rw-p 00000000 00:00 0 
7f5b92fd2000-7f5b92fd8000 ---p 00000000 00:00 0 
7f5b92fd8000-7f5b92fe8000 r-xp 00000000 00:49 7160475                    /usr/lib/jvm/java-21-openjdk/lib/libjava.so
7f5b92fe8000-7f5b92ff7000 r--p 00010000 00:49 7160475                    /usr/lib/jvm/java-21-openjdk/lib/libjava.so
7f5b92ff7000-7f5b92ff8000 r--p 0001f000 00:49 7160475                    /usr/lib/jvm/java-21-openjdk/lib/libjava.so
7f5b92ff8000-7f5b92ff9000 rw-p 00020000 00:49 7160475                    /usr/lib/jvm/java-21-openjdk/lib/libjava.so
7f5b92ff9000-7f5b92ffa000 rw-p 00000000 00:00 0 
7f5b92ffa000-7f5b93012000 r-xp 00000000 00:49 7160478                    /usr/lib/jvm/java-21-openjdk/lib/libjimage.so
7f5b93012000-7f5b93018000 r--p 00018000 00:49 7160478                    /usr/lib/jvm/java-21-openjdk/lib/libjimage.so
7f5b93018000-7f5b9301a000 r--p 0001e000 00:49 7160478                    /usr/lib/jvm/java-21-openjdk/lib/libjimage.so
7f5b9301a000-7f5b9301b000 rw-p 00020000 00:49 7160478                    /usr/lib/jvm/java-21-openjdk/lib/libjimage.so
7f5b9301b000-7f5b9301f000 ---p 00000000 00:00 0 
7f5b9301f000-7f5b9311b000 rw-p 00000000 00:00 0 
7f5b9311b000-7f5b9319d000 r-xp 00000000 00:49 7150414                    /usr/lib64/libm.so.6
7f5b9319d000-7f5b9320e000 r--p 00082000 00:49 7150414                    /usr/lib64/libm.so.6
7f5b9320e000-7f5b9320f000 r--p 000f2000 00:49 7150414                    /usr/lib64/libm.so.6
7f5b9320f000-7f5b93210000 rw-p 000f3000 00:49 7150414                    /usr/lib64/libm.so.6
7f5b93210000-7f5b94146000 r-xp 00000000 00:49 7160506                    /usr/lib/jvm/java-21-openjdk/lib/server/libjvm.so
7f5b94146000-7f5b9442a000 r--p 00f36000 00:49 7160506                    /usr/lib/jvm/java-21-openjdk/lib/server/libjvm.so
7f5b9442a000-7f5b94501000 r--p 0121a000 00:49 7160506                    /usr/lib/jvm/java-21-openjdk/lib/server/libjvm.so
7f5b94501000-7f5b94531000 rw-p 012f1000 00:49 7160506                    /usr/lib/jvm/java-21-openjdk/lib/server/libjvm.so
7f5b94531000-7f5b9459a000 rw-p 00000000 00:00 0 
7f5b9459a000-7f5b94709000 r-xp 00000000 00:49 7150412                    /usr/lib64/libc.so.6
7f5b94709000-7f5b9477f000 r--p 0016f000 00:49 7150412                    /usr/lib64/libc.so.6
7f5b9477f000-7f5b94783000 r--p 001e4000 00:49 7150412                    /usr/lib64/libc.so.6
7f5b94783000-7f5b94785000 rw-p 001e8000 00:49 7150412                    /usr/lib64/libc.so.6
7f5b94785000-7f5b9478d000 rw-p 00000000 00:00 0 
7f5b9478d000-7f5b94795000 rw-s 00000000 00:38 2868                       /tmp/hsperfdata_bazzite/223693 (deleted)
7f5b94795000-7f5b94796000 ---p 00000000 00:00 0 
7f5b94796000-7f5b94797000 r--p 00000000 00:00 0 
7f5b94797000-7f5b94798000 ---p 00000000 00:00 0 
7f5b94798000-7f5b947aa000 r-xp 00000000 00:49 7160479                    /usr/lib/jvm/java-21-openjdk/lib/libjli.so
7f5b947aa000-7f5b947b2000 r--p 00012000 00:49 7160479                    /usr/lib/jvm/java-21-openjdk/lib/libjli.so
7f5b947b2000-7f5b947b3000 r--p 0001a000 00:49 7160479                    /usr/lib/jvm/java-21-openjdk/lib/libjli.so
7f5b947b3000-7f5b947b4000 rw-p 0001b000 00:49 7160479                    /usr/lib/jvm/java-21-openjdk/lib/libjli.so
7f5b947b4000-7f5b947b6000 rw-p 00000000 00:00 0 
7f5b947b6000-7f5b947ba000 r--p 00000000 00:00 0                          [vvar]
7f5b947ba000-7f5b947bc000 r--p 00000000 00:00 0                          [vvar_vclock]
7f5b947bc000-7f5b947be000 r-xp 00000000 00:00 0                          [vdso]
7f5b947be000-7f5b947e8000 r-xp 00000000 00:49 7150409                    /usr/lib64/ld-linux-x86-64.so.2
7f5b947e8000-7f5b947f4000 r--p 0002a000 00:49 7150409                    /usr/lib64/ld-linux-x86-64.so.2
7f5b947f4000-7f5b947f6000 r--p 00035000 00:49 7150409                    /usr/lib64/ld-linux-x86-64.so.2
7f5b947f6000-7f5b947f7000 rw-p 00037000 00:49 7150409                    /usr/lib64/ld-linux-x86-64.so.2
7f5b947f7000-7f5b947f8000 rw-p 00000000 00:00 0 
7fff44d5a000-7fff44d7e000 rw-p 00000000 00:00 0                          [stack]
ffffffffff600000-ffffffffff601000 --xp 00000000 00:00 0                  [vsyscall]
Total number of mappings: 853

JVMTI agents: none


VM Arguments:
jvm_args: --enable-native-access=ALL-UNNAMED -Dfile.encoding=UTF-8 -Duser.country=US -Duser.language=en -Duser.variant 
java_command: dungeon.crawler.lwjgl3.Lwjgl3Launcher
java_class_path (initial): /home/bazzite/code/java/LibGDXDungeonCrawler/lwjgl3/build/classes/java/main:/home/bazzite/code/java/LibGDXDungeonCrawler/lwjgl3/build/classes/kotlin/main:/home/bazzite/code/java/LibGDXDungeonCrawler/lwjgl3/build/resources/main:/home/bazzite/code/java/LibGDXDungeonCrawler/core/build/libs/core-1.0.0.jar:/home/bazzite/.gradle/caches/modules-2/files-2.1/org.jetbrains.kotlin/kotlin-stdlib/2.3.10/8b80e2f80a3b7daa99c16017f91d4c72cd8b31a6/kotlin-stdlib-2.3.10.jar:/home/bazzite/.gradle/caches/modules-2/files-2.1/com.badlogicgames.gdx-controllers/gdx-controllers-desktop/2.2.4/44c8bdf023f04ea9a84ad105d5e2f59ff5d7768a/gdx-controllers-desktop-2.2.4.jar:/home/bazzite/.gradle/caches/modules-2/files-2.1/com.badlogicgames.gdx/gdx-backend-lwjgl3/1.14.0/122cf51d4a3bcd4e14e8fbd16ae2b65f27fe2d57/gdx-backend-lwjgl3-1.14.0.jar:/home/bazzite/.gradle/caches/modules-2/files-2.1/com.badlogicgames.gdx/gdx-platform/1.14.0/d0ecc53f2c20576f1ba4ac9ba157cf48f7bd9821/gdx-platform-1.14.0-natives-desktop.jar:/home/bazzite/.gradle/caches/modules-2/files-2.1/com.badlogicgames.gdx/gdx-tools/1.14.0/127ace6e61276431b23a963c99cee397da72c783/gdx-tools-1.14.0.jar:/home/bazzite/.gradle/caches/modules-2/files-2.1/org.lwjgl/lwjgl-glfw/3.4.1/a782b1ddd175c9107bf300fd92920579ea65e2a4/lwjgl-glfw-3.4.1.jar:/home/bazzite/.gradle/caches/modules-2/files-2.1/org.lwjgl/lwjgl-glfw/3.4.1/23cdf7655ce9f3b27ad90f08e73345e0d5b46362/lwjgl-glfw-3.4.1-natives-linux.jar:/home/bazzite/.gradle/caches/modules-2/files-2.1/org.lwjgl/lwjgl-glfw/3.4.1/bb243e9a857c4301bf7d5e668538686eaa64101e/lwjgl-glfw-3.4.1-natives-linux-arm32.jar:/home/bazzite/.gradle/caches/modules-2/files-2.1/org.lwjgl/lwjgl-glfw/3.4.1/e5e87034c47118960746077dba46280e8de864b3/lwjgl-glfw-3.4.1-natives-linux-arm64.jar:/home/bazzite/.gradle/caches/modules-2/files-2.1/org.lwjgl/lwjgl-glfw/3.4.1/3c8538942f58377d59cd7be2dc164ba71a53868a/lwjgl-glfw-3.4.1-natives-macos.jar:/home/bazzite/.gradle/caches/modules-2/files-2.1/org.lwjgl/lwjgl-glfw/3.4.1/ef1f8efca5a60ba3512bc4982b88e446ecc43378/lwjgl-glfw-3.4.1-natives-macos-arm64.jar:/home/bazzite/.gradle/caches/modules-2/files-2.1/org.lwjgl/lwjgl-glfw/3.4.1/2eb4aa895ea190ba8cf4356f8cea24d3ebb40ea1/lwjgl-glfw-3.4.1-natives-windows.jar:/home/bazzite/.gradle/caches/modules-2/files-2.1/org.lwjgl/lwjgl-glfw/3.4.1/a48bbdd544f00c88f8906e9d09e3f31bc1c17fac/lwjgl-glfw-3.4.1-natives-windows-x86.jar:/home/bazzite/.gradle/caches/modules-2/files-2.1/org.lwjgl/lwjgl-jemalloc/3.4.1/16b663092854fc6adfe0a941e61cae2bb2e437b6/lwjgl-jemalloc-3.4.1.jar:/home/bazzite/.gradle/caches/modules-2/files-2.1/org.lwjgl/lwjgl-jemalloc/3.4.1/b83c82d941f2e624d150d6d1e2efcf4ea49ff8ea/lwjgl-jemalloc-3.4.1-natives-linux.jar:/home/bazzite/.gradle/caches/modules-2/files-2.1/org.lwjgl/lwjgl-jemalloc/3.4.1/fc9ce35c94743e23855777cacaba34bc145da6ec/lwjgl-jemalloc-3.4.1-natives-linux-arm32.jar:/home/bazzite/.gradle/caches/modules-2/files-2.1/org.lwjgl/lwjgl-jemalloc/3.4.1/7891964dfb723209c6d02b0401432348fb707cc0/lwjgl-jemalloc-3.4.1-natives-linux-arm64.jar:/home/bazzite/.gradle/caches/modules-2/files-2.1/org.lwjgl/lwjgl-jemalloc/3.4.1/581b4d542e841015ce3265eed0495e2cde15b1d0/lwjgl-jemalloc-3.4.1-natives-macos.jar:/home/bazzite/.gradle/caches/modules-2/files-2.1/org.lwjgl/lwjgl-jemalloc/3.4.1/dcd7e3f9a2ca386e8c5b8f508a8511d9dd63bab0/lwjgl-jemalloc-3.4.1-natives-macos-arm64.jar:/home/bazzite/.gradle/caches/modules-2/files-2.1/org.lwjgl/lwjgl-jemalloc/3.4.1/70db8048d1aca8a6365f46f9963b8d6cd77b9e94/lwjgl-jemalloc-3.4.1-natives-windows.jar:/home/bazzite/.gradle/caches/modules-2/files-2.1/org.lwjgl/lwjgl-jemalloc/3.4.1/d8cf69e1155df83260f9bbe01944fe91f8ca3955/lwjgl-jemalloc-3.4.1-natives-windows-x86.jar:/home/bazzite/.gradle/caches/modules-2/files-2.1/org.lwjgl/lwjgl-openal/3.4.1/8508bd60589de0539aa465b78fcf838efd07ae9a/lwjgl-openal-3.4.1.jar:/home/bazzite/.gradle/caches/modules-2/files-2.1/org.lwjgl/lwjgl-openal/3.4.1/dbff577119266cd4312e4eb9cc2b171407c56360/lwjgl-openal-3.4.1-natives-linux.jar:/home/bazzite/.gradle/caches/modules-2/files-2.1/org.lwjgl/lwjgl-openal/3.4.1/6d4ac5f3d5bab7f2fadfd52c32177d9c12a43b49/lwjgl-openal-3.4.1-natives-linux-arm32.jar:/home/bazzite/.gradle/caches/modules-2/files-2.1/org.lwjgl/lwjgl-openal/3.4.1/3729b70cdd42df5571b075e051fa2fc8586dc538/lwjgl-openal-3.4.1-natives-linux-arm64.jar:/home/bazzite/.gradle/caches/modules-2/files-2.1/org.lwjgl/lwjgl-openal/3.4.1/a4dc57b7b0880d3fffb4d0b61649f45712bccc93/lwjgl-openal-3.4.1-natives-macos.jar:/home/bazzite/.gradle/caches/modules-2/files-2.1/org.lwjgl/lwjgl-openal/3.4.1/1c709a38c4a0e86aae96db7b8c78432307f2322a/lwjgl-openal-3.4.1-natives-macos-arm64.jar:/home/bazzite/.gradle/caches/modules-2/files-2.1/org.lwjgl/lwjgl-openal/3.4.1/8e83fdfdf65c80c9877c6fb6cb645d239ed7638/lwjgl-openal-3.4.1-natives-windows.jar:/home/bazzite/.gradle/caches/modules-2/files-2.1/org.lwjgl/lwjgl-openal/3.4.1/9e4bab87e9b89876fa77ea3c19e1b45334b97c10/lwjgl-openal-3.4.1-natives-windows-x86.jar:/home/bazzite/.gradle/caches/modules-2/files-2.1/org.lwjgl/lwjgl-opengl/3.4.1/830412cab823c029cda6b9729f9d2ed36cf79959/lwjgl-opengl-3.4.1.jar:/home/bazzite/.gradle/caches/modules-2/files-2.1/org.lwjgl/lwjgl-opengl/3.4.1/b750599f0e75ddb19f1d0fe993f3011334b710ae/lwjgl-opengl-3.4.1-natives-linux.jar:/home/bazzite/.gradle/caches/modules-2/files-2.1/org.lwjgl/lwjgl-opengl/3.4.1/172e575948234ff7920abf0d0083d25e37c91ba6/lwjgl-opengl-3.4.1-natives-linux-arm32.jar:/home/bazzite/.gradle/caches/modules-2/files-2.1/org.lwjgl/lwjgl-opengl/3.4.1/61a4103e56bbaeb74ad3f19ec14299fd6891c4b0/lwjgl-opengl-3.4.1-natives-linux-arm64.jar:/home/bazzite/.gradle/caches/modules-2/files-2.1/org.lwjgl/lwjgl-opengl/3.4.1/ba18fc6012b88494ee893506934b92b01c4ef14b/lwjgl-opengl-3.4.1-natives-macos.jar:/home/bazzite/.gradle/caches/modules-2/files-2.1/org.lwjgl/lwjgl-opengl/3.4.1/35b5550058de4960525f465243bd01805f04fd8b/lwjgl-opengl-3.4.1-natives-macos-arm64.jar:/home/bazzite/.gradle/caches/modules-2/files-2.1/org.lwjgl/lwjgl-opengl/3.4.1/617f37ef4e2ffb727bd5e74333e8073ef43ca1ec/lwjgl-opengl-3.4.1-natives-windows.jar:/home/bazzite/.gradle/caches/modules-2/files-2.1/org.lwjgl/lwjgl-opengl/3.4.1/cfd47352b758a0c9f7046de467b103182ec77eb1/lwjgl-opengl-3.4.1-natives-windows-x86.jar:/home/bazzite/.gradle/caches/modules-2/files-2.1/org.lwjgl/lwjgl-stb/3.4.1/f077c3dafc31924fbe8acb0b913f08977ba27f8e/lwjgl-stb-3.4.1.jar:/home/bazzite/.gradle/caches/modules-2/files-2.1/org.lwjgl/lwjgl-stb/3.4.1/7e1cfae909da6c68f3cb6073a9bfeb6c90e82a57/lwjgl-stb-3.4.1-natives-linux.jar:/home/bazzite/.gradle/caches/modules-2/files-2.1/org.lwjgl/lwjgl-stb/3.4.1/8f753f3772863989f1172d2b84b4e56ed18e8c35/lwjgl-stb-3.4.1-natives-linux-arm32.jar:/home/bazzite/.gradle/caches/modules-2/files-2.1/org.lwjgl/lwjgl-stb/3.4.1/3bc107f901f931fea07cb0d80b1d74a34b806a2b/lwjgl-stb-3.4.1-natives-linux-arm64.jar:/home/bazzite/.gradle/caches/modules-2/files-2.1/org.lwjgl/lwjgl-stb/3.4.1/fd1ea36b717b0832babca09324a6cfc43906e2aa/lwjgl-stb-3.4.1-natives-macos.jar:/home/bazzite/.gradle/caches/modules-2/files-2.1/org.lwjgl/lwjgl-stb/3.4.1/da554e04f819f09b0f3473bd931628ebf557965e/lwjgl-stb-3.4.1-natives-macos-arm64.jar:/home/bazzite/.gradle/caches/modules-2/files-2.1/org.lwjgl/lwjgl-stb/3.4.1/b4e13ece83c228ecf57354639d8555076a989d74/lwjgl-stb-3.4.1-natives-windows.jar:/home/bazzite/.gradle/caches/modules-2/files-2.1/org.lwjgl/lwjgl-stb/3.4.1/e091cd3b25ab7db88f0e34a0d2797dc396a528fa/lwjgl-stb-3.4.1-natives-windows-x86.jar:/home/bazzite/.gradle/caches/modules-2/files-2.1/org.lwjgl/lwjgl/3.4.1/6105690714874b995aa7812e4f7732a21109276c/lwjgl-3.4.1.jar:/home/bazzite/.gradle/caches/modules-2/files-2.1/org.lwjgl/lwjgl/3.4.1/2734e106bd95db49fe0da8cf8bf7fd96475c436c/lwjgl-3.4.1-natives-linux.jar:/home/bazzite/.gradle/caches/modules-2/files-2.1/org.lwjgl/lwjgl/3.4.1/1511ab1ffb1c8d8e00e2acb452663173ae09bca0/lwjgl-3.4.1-natives-linux-arm32.jar:/home/bazzite/.gradle/caches/modules-2/files-2.1/org.lwjgl/lwjgl/3.4.1/46883f3b622d8b4d7f27b627ca3360cda3db0e0e/lwjgl-3.4.1-natives-linux-arm64.jar:/home/bazzite/.gradle/caches/modules-2/files-2.1/org.lwjgl/lwjgl/3.4.1/b034fd9a67cb8646c01af7efcefcb93be835542b/lwjgl-3.4.1-natives-macos.jar:/home/bazzite/.gradle/caches/modules-2/files-2.1/org.lwjgl/lwjgl/3.4.1/b4cbdef4818abd714ee66985344c0949fd1cd6d6/lwjgl-3.4.1-natives-macos-arm64.jar:/home/bazzite/.gradle/caches/modules-2/files-2.1/org.lwjgl/lwjgl/3.4.1/96a217f0428ab73487f114a54179a4f41e851a04/lwjgl-3.4.1-natives-windows.jar:/home/bazzite/.gradle/caches/modules-2/files-2.1/org.lwjgl/lwjgl/3.4.1/65de43bd52507e108a58247c0da57a50ce3ee6f6/lwjgl-3.4.1-natives-windows-x86.jar:/home/bazzite/.gradle/caches/modules-2/files-2.1/org.jetbrains/annotations/13.0/919f0dfe192fb4e063e7dacadee7f8bb9a2672a9/annotations-13.0.jar:/home/bazzite/.gradle/caches/modules-2/files-2.1/de.golfgl.gdxcontrollerutils/gdx-controllerutils-mapping/2.3.0/4f0651c569245a0fcc2eb3a51f3d64cba33ab943/gdx-controllerutils-mapping-2.3.0.jar:/home/bazzite/.gradle/caches/modules-2/files-2.1/com.badlogicgames.gdx-controllers/gdx-controllers-core/2.2.4/d8a18ff371fb01c1763e9fe5ea050e39d2d66437/gdx-controllers-core-2.2.4.jar:/home/bazzite/.gradle/caches/modules-2/files-2.1/de.golfgl.gdxcontrollerutils/gdx-controllerutils-scene2d/2.3.0/f9a865856302ec274e78f2963cf7936bcd09e4a8/gdx-controllerutils-scene2d-2.3.0.jar:/home/bazzite/.gradle/caches/modules-2/files-2.1/com.vabrantgames/console/v0.3.0/72e7c7973b26a4e4a5cce0e7dae16c10bd73761a/console-v0.3.0.jar:/home/bazzite/.gradle/caches/modules-2/files-2.1/com.badlogicgames.gdx/gdx-freetype/1.14.0/90299d782fca725677549b88bc1958f968e09bd8/gdx-freetype-1.14.0.jar:/home/bazzite/.gradle/caches/modules-2/files-2.1/com.badlogicgames.gdx/gdx-backend-headless/1.14.0/91a9024d8424ffd4f0805a11f652aa4500f59e0b/gdx-backend-headless-1.14.0.jar:/home/bazzite/.gradle/caches/modules-2/files-2.1/com.badlogicgames.gdx/gdx/1.14.0/8accfce8d9313d9ddd23a2c9e315179783085ef2/gdx-1.14.0.jar:/home/bazzite/.gradle/caches/modules-2/files-2.1/com.badlogicgames.jamepad/jamepad/2.26.5.0/5c39b34fa0c39e3dd4607085d27d51b599ea30a0/jamepad-2.26.5.0.jar:/home/bazzite/.gradle/caches/modules-2/files-2.1/com.badlogicgames.jlayer/jlayer/1.0.1-gdx/7cca83cec5c1b2f011362f4d85aabd71a73b049d/jlayer-1.0.1-gdx.jar:/home/bazzite/.gradle/caches/modules-2/files-2.1/org.jcraft/jorbis/0.0.17/8872d22b293e8f5d7d56ff92be966e6dc28ebdc6/jorbis-0.0.17.jar:/home/bazzite/.gradle/caches/modules-2/files-2.1/com.badlogicgames.gdx/gdx-jnigen-loader/2.5.2/f35e90affe07c46b4f5e5958a1a4c1820c4890e2/gdx-jnigen-loader-2.5.2.jar
Launcher Type: SUN_STANDARD

[Global flags]
     intx CICompilerCount                          = 12                                        {product} {ergonomic}
     uint ConcGCThreads                            = 3                                         {product} {ergonomic}
     uint G1ConcRefinementThreads                  = 13                                        {product} {ergonomic}
   size_t G1HeapRegionSize                         = 4194304                                   {product} {ergonomic}
    uintx GCDrainStackTargetSize                   = 64                                        {product} {ergonomic}
   size_t InitialHeapSize                          = 515899392                                 {product} {ergonomic}
   size_t MarkStackSize                            = 4194304                                   {product} {ergonomic}
   size_t MaxHeapSize                              = 8195670016                                {product} {ergonomic}
   size_t MaxNewSize                               = 4915724288                                {product} {ergonomic}
   size_t MinHeapDeltaBytes                        = 4194304                                   {product} {ergonomic}
   size_t MinHeapSize                              = 8388608                                   {product} {ergonomic}
    uintx NonNMethodCodeHeapSize                   = 7602480                                {pd product} {ergonomic}
    uintx NonProfiledCodeHeapSize                  = 122027880                              {pd product} {ergonomic}
    uintx ProfiledCodeHeapSize                     = 122027880                              {pd product} {ergonomic}
    uintx ReservedCodeCacheSize                    = 251658240                              {pd product} {ergonomic}
     bool SegmentedCodeCache                       = true                                      {product} {ergonomic}
   size_t SoftMaxHeapSize                          = 8195670016                             {manageable} {ergonomic}
     bool UseCompressedOops                        = true                           {product lp64_product} {ergonomic}
     bool UseG1GC                                  = true                                      {product} {ergonomic}

Logging:
Log output configuration:
 #0: 
[error occurred during error reporting (printing log configuration), id 0xb, SIGSEGV (0xb) at pc=0x00007f5b93b7705a]
Release file:
IMPLEMENTOR="Red Hat, Inc."
IMPLEMENTOR_VERSION="(Red_Hat-21.0.11.0.10-2)"
JAVA_RUNTIME_VERSION="21.0.11+10"
JAVA_VERSION="21.0.11"
JAVA_VERSION_DATE="2026-04-21"
LIBC="gnu"
MODULES="java.base java.compiler java.datatransfer java.xml java.prefs java.desktop java.instrument java.logging java.management java.security.sasl java.naming java.rmi java.management.rmi java.net.http java.scripting java.security.jgss java.transaction.xa java.sql java.sql.rowset java.xml.crypto java.se java.smartcardio jdk.accessibility jdk.internal.jvmstat jdk.attach jdk.charsets jdk.internal.opt jdk.zipfs jdk.compiler jdk.crypto.ec jdk.crypto.cryptoki jdk.dynalink jdk.internal.ed jdk.editpad jdk.hotspot.agent jdk.httpserver jdk.incubator.vector jdk.internal.le jdk.internal.vm.ci jdk.internal.vm.compiler jdk.internal.vm.compiler.management jdk.jartool jdk.javadoc jdk.jcmd jdk.management jdk.management.agent jdk.jconsole jdk.jdeps jdk.jdwp.agent jdk.jdi jdk.jfr jdk.jlink jdk.jpackage jdk.jshell jdk.jsobject jdk.jstatd jdk.localedata jdk.management.jfr jdk.naming.dns jdk.naming.rmi jdk.net jdk.nio.mapmode jdk.random jdk.sctp jdk.security.auth jdk.security.jgss jdk.unsupported jdk.unsupported.desktop jdk.xml.dom"
OS_ARCH="x86_64"
OS_NAME="Linux"
SOURCE=".:git:d8615be99208"

Environment Variables:
PATH=/home/bazzite/.local/bin:/home/bazzite/.local/bin:/home/bazzite/.local/share/../bin:/home/bazzite/.local/bin:/home/bazzite/bin:/usr/local/bin:/usr/bin:/bin:/home/bazzite/.local/share/yabridge:/home/bazzite/.local/share/yabridge:/usr/local/bin:/usr/bin:/usr/local/sbin:/usr/sbin:/sbin
XDG_CACHE_HOME=/home/bazzite/.cache
XDG_CONFIG_HOME=/home/bazzite/.config
SHELL=/usr/bin/zsh
DISPLAY=:0
WAYLAND_DISPLAY=wayland-0
LANG=en_US.UTF-8
TERM=xterm-256color

Active Locale:
LC_ALL=en_US.UTF-8
LC_COLLATE=en_US.UTF-8
LC_CTYPE=en_US.UTF-8
LC_MESSAGES=en_US.UTF-8
LC_MONETARY=en_US.UTF-8
LC_NUMERIC=en_US.UTF-8
LC_TIME=en_US.UTF-8

Signal Handlers:
   SIGSEGV: crash_handler in libjvm.so, mask=11100100010111111101111111111110, flags=SA_RESTART|SA_SIGINFO, unblocked
    SIGBUS: crash_handler in libjvm.so, mask=11100100010111111101111111111110, flags=SA_RESTART|SA_SIGINFO, unblocked
    SIGFPE: crash_handler in libjvm.so, mask=11100100010111111101111111111110, flags=SA_RESTART|SA_SIGINFO, unblocked
   SIGPIPE: SIG_IGN, mask=00000000000000000000000000000000, flags=none, blocked
  *** Handler was modified!
  *** Expected: javaSignalHandler in libjvm.so, mask=11100100110111111111111111111110, flags=SA_RESTART|SA_SIGINFO
   SIGXFSZ: javaSignalHandler in libjvm.so, mask=11100100010111111101111111111110, flags=SA_RESTART|SA_SIGINFO, blocked
    SIGILL: crash_handler in libjvm.so, mask=11100100010111111101111111111110, flags=SA_RESTART|SA_SIGINFO, unblocked
   SIGUSR2: SR_handler in libjvm.so, mask=00000000000000000000000000000000, flags=SA_RESTART|SA_SIGINFO, blocked
    SIGHUP: UserHandler in libjvm.so, mask=11100100010111111101111111111110, flags=SA_RESTART|SA_SIGINFO, blocked
    SIGINT: UserHandler in libjvm.so, mask=11100100010111111101111111111110, flags=SA_RESTART|SA_SIGINFO, blocked
   SIGTERM: UserHandler in libjvm.so, mask=11100100010111111101111111111110, flags=SA_RESTART|SA_SIGINFO, blocked
   SIGQUIT: UserHandler in libjvm.so, mask=11100100010111111101111111111110, flags=SA_RESTART|SA_SIGINFO, blocked
   SIGTRAP: crash_handler in libjvm.so, mask=11100100010111111101111111111110, flags=SA_RESTART|SA_SIGINFO, unblocked


Periodic native trim disabled

---------------  S Y S T E M  ---------------

OS:
Fedora release 43 (Forty Three)
uname: Linux 7.0.9-ogc3.2.fc44.x86_64 #1 SMP PREEMPT_DYNAMIC Wed May 20 01:34:43 UTC 2026 x86_64
OS uptime: 0 days 12:03 hours
libc: glibc 2.42 NPTL 2.42 
rlimit (soft/hard): STACK 8192k/infinity , CORE infinity/infinity , NPROC 123785/123785 , NOFILE 1048576/1048576 , AS infinity/infinity , CPU infinity/infinity , DATA infinity/infinity , FSIZE infinity/infinity , MEMLOCK 2147484k/2147484k
load average: 1.09 0.93 0.89

/proc/meminfo:
MemTotal:       32001840 kB
MemFree:         2512744 kB
MemAvailable:   10819688 kB
Buffers:            4228 kB
Cached:          9817632 kB
SwapCached:         7548 kB
Active:         10469156 kB
Inactive:       15958360 kB
Active(anon):    7569160 kB
Inactive(anon):  9321364 kB
Active(file):    2899996 kB
Inactive(file):  6636996 kB
Unevictable:         916 kB
Mlocked:             916 kB
SwapTotal:      16000508 kB
SwapFree:       12085692 kB
Zswap:                 0 kB
Zswapped:              0 kB
Dirty:             18048 kB
Writeback:             0 kB
AnonPages:      16600452 kB
Mapped:          2685620 kB
Shmem:            290612 kB
KReclaimable:     468752 kB
Slab:             951172 kB
SReclaimable:     468752 kB
SUnreclaim:       482420 kB
KernelStack:       51232 kB
PageTables:       180252 kB
SecPageTables:      5000 kB
NFS_Unstable:          0 kB
Bounce:                0 kB
WritebackTmp:          0 kB
CommitLimit:    32001428 kB
Committed_AS:   72413712 kB
VmallocTotal:   34359738367 kB
VmallocUsed:      368292 kB
VmallocChunk:          0 kB
Percpu:            21440 kB
HardwareCorrupted:     0 kB
AnonHugePages:         0 kB
ShmemHugePages:        0 kB
ShmemPmdMapped:        0 kB
FileHugePages:     12288 kB
FilePmdMapped:         0 kB
CmaTotal:              0 kB
CmaFree:               0 kB
Unaccepted:            0 kB
Balloon:               0 kB
HugePages_Total:       0
HugePages_Free:        0
HugePages_Rsvd:        0
HugePages_Surp:        0
Hugepagesize:       2048 kB
Hugetlb:               0 kB
DirectMap4k:     4180908 kB
DirectMap2M:    27471872 kB
DirectMap1G:     2097152 kB

/sys/kernel/mm/transparent_hugepage/enabled: always [madvise] never
/sys/kernel/mm/transparent_hugepage/hpage_pmd_size: 2097152
/sys/kernel/mm/transparent_hugepage/defrag (defrag/compaction efforts parameter): always defer defer+madvise [madvise] never

Process Memory:
Virtual Size: 13386428K (peak: 13386456K)
Resident Set Size: 298460K (peak: 298460K) (anon: 159308K, file: 127060K, shmem: 12092K)
Swapped out: 0K
C-Heap outstanding allocations: 125745K, retained: 21814K
glibc malloc tunables: (default)

/proc/sys/kernel/threads-max (system-wide limit on the number of threads): 247570
/proc/sys/vm/max_map_count (maximum number of memory map areas a process may have): 2147483642
/proc/sys/vm/swappiness (control to define how aggressively the kernel swaps out anonymous memory): 180
/proc/sys/kernel/pid_max (system-wide limit on number of process identifiers): 4194304

container information not found.
Steal ticks since vm start: 0
Steal ticks percentage since vm start:  0.000

CPU: total 16 (initial active 16) (16 cores per cpu, 2 threads per core) family 25 model 97 stepping 2 microcode 0xa60120a, cx8, cmov, fxsr, ht, mmx, 3dnowpref, sse, sse2, sse3, ssse3, sse4a, sse4.1, sse4.2, popcnt, lzcnt, tsc, tscinvbit, avx, avx2, aes, erms, clmul, bmi1, bmi2, adx, avx512f, avx512dq, avx512cd, avx512bw, avx512vl, sha, fma, vzeroupper, avx512_vpopcntdq, avx512_vpclmulqdq, avx512_vaes, avx512_vnni, clflush, clflushopt, avx512_vbmi2, avx512_vbmi, rdtscp, rdpid, fsrm, gfni, avx512_bitalg, f16c, pku, ospke, cet_ss, avx512_ifma
CPU Model and flags from /proc/cpuinfo:
model name	: AMD Ryzen 7 7700X 8-Core Processor
flags		: fpu vme de pse tsc msr pae mce cx8 apic sep mtrr pge mca cmov pat pse36 clflush mmx fxsr sse sse2 ht syscall nx mmxext fxsr_opt pdpe1gb rdtscp lm constant_tsc rep_good amd_lbr_v2 nopl xtopology nonstop_tsc cpuid extd_apicid aperfmperf rapl pni pclmulqdq monitor ssse3 fma cx16 sse4_1 sse4_2 movbe popcnt aes xsave avx f16c rdrand lahf_lm cmp_legacy svm extapic cr8_legacy abm sse4a misalignsse 3dnowprefetch osvw ibs skinit wdt tce topoext perfctr_core perfctr_nb bpext perfctr_llc mwaitx cpuid_fault cpb cat_l3 cdp_l3 hw_pstate ssbd mba perfmon_v2 ibrs ibpb stibp ibrs_enhanced vmmcall fsgsbase bmi1 avx2 smep bmi2 erms invpcid cqm rdt_a avx512f avx512dq rdseed adx smap avx512ifma clflushopt clwb avx512cd sha_ni avx512bw avx512vl xsaveopt xsavec xgetbv1 xsaves cqm_llc cqm_occup_llc cqm_mbm_total cqm_mbm_local user_shstk avx512_bf16 clzero irperf xsaveerptr rdpru wbnoinvd cppc arat npt lbrv svm_lock nrip_save tsc_scale vmcb_clean flushbyasid decodeassists pausefilter pfthreshold avic vgif x2avic v_spec_ctrl vnmi avx512vbmi umip pku ospke avx512_vbmi2 gfni vaes vpclmulqdq avx512_vnni avx512_bitalg avx512_vpopcntdq rdpid overflow_recov succor smca fsrm flush_l1d amd_lbr_pmc_freeze

Online cpus: 0-15
Offline cpus: 
BIOS frequency limitation: <Not Available>
Frequency switch latency (ns): 0
Available cpu frequencies: <Not Available>
Current governor: performance
Core performance/turbo boost: 1

Memory: 4k page, physical 32001840k(10819688k free), swap 16000508k(12085692k free)
Page Sizes: 4k

vm_info: OpenJDK 64-Bit Server VM (21.0.11+10) for linux-amd64 JRE (21.0.11+10), built on 2026-04-21T00:00:00Z by "mockbuild" with gcc 15.2.1 20260123 (Red Hat 15.2.1-7)

END.
