#
# A fatal error has been detected by the Java Runtime Environment:
#
#  SIGSEGV (0xb) at pc=0x00007f24080ff60e, pid=193430, tid=193465
#
# JRE version: OpenJDK Runtime Environment (Red_Hat-21.0.11.0.10-2) (21.0.11+10) (build 21.0.11+10)
# Java VM: OpenJDK 64-Bit Server VM (Red_Hat-21.0.11.0.10-2) (21.0.11+10, mixed mode, sharing, tiered, compressed oops, compressed class ptrs, g1 gc, linux-amd64)
# Problematic frame:
# C  [libEGL_nvidia.so.0+0xb660e]
#
# Core dump will be written. Default location: Core dumps may be processed with "/usr/lib/systemd/systemd-coredump %P %u %g %s %t %c %h %d %F" (or dumping to /home/bazzite/code/java/LibGDXDungeonCrawler/assets/core.193430)
#
# If you would like to submit a bug report, please visit:
#   https://bugzilla.redhat.com/enter_bug.cgi?product=Fedora&component=java-21-openjdk&version=42
#

---------------  S U M M A R Y ------------

Command Line: --enable-native-access=ALL-UNNAMED -Dfile.encoding=UTF-8 -Duser.country=US -Duser.language=en -Duser.variant dungeon.crawler.lwjgl3.Lwjgl3Launcher

Host: AMD Ryzen 7 7700X 8-Core Processor, 16 cores, 30G, Fedora release 43 (Forty Three)
Time: Sun Aug 16 17:41:33 2026 EDT elapsed time: 6.624196 seconds (0d 0h 0m 6s)

---------------  T H R E A D  ---------------

Current thread is native thread

Stack: [0x00007f240818d000,0x00007f240898d000],  sp=0x00007f240898bdd0,  free space=8187k
Native frames: (J=compiled Java code, j=interpreted, Vv=VM code, C=native code)
C  [libEGL_nvidia.so.0+0xb660e]

siginfo: si_signo: 11 (SIGSEGV), si_code: 1 (SEGV_MAPERR), si_addr: 0x0000000000000040

Registers:
RAX=0x0000000000000000, RBX=0x00007f23bfffef80, RCX=0x0000000000000001, RDX=0x00007f23ca75481c
RSP=0x00007f240898bdd0, RBP=0x00007f23bf6de040, RSI=0x00007f24080f2840, RDI=0x00007f240818b4a8
R8 =0x0000000003ed23e6, R9 =0x00007f240898bdc0, R10=0x0000000000000000, R11=0x00007f24a87e8000
R12=0x00007f23ca759aa0, R13=0x00007f23bf6de040, R14=0x00007f23bffff380, R15=0x0000000000000000
RIP=0x00007f24080ff60e, EFLAGS=0x0000000000010202, CSGSFS=0x002b000000000033, ERR=0x0000000000000004
  TRAPNO=0x000000000000000e

XMM[0]=0x0000000000000000 0x000000004ac3ab54
XMM[1]=0x0000000000000000 0x0007000700070007
XMM[2]=0xffffffffffffffff 0xffffffffffffffff
XMM[3]=0xffffffffffffffff 0xffffffffffffffff
XMM[4]=0x0000000000000000 0x00007f24a0000090
XMM[5]=0x0000000000000000 0x0000000000000000
XMM[6]=0x0000000000000000 0x0000000000000000
XMM[7]=0x0000000000000000 0x0000000000000000
XMM[8]=0x00007f23c8bdea30 0x00007f23c8bdea20
XMM[9]=0x22c497b022c497b0 0x22c497b03f5dc987
XMM[10]=0x0000000000000000 0x000000001c9931d7
XMM[11]=0xe834151de834151d 0xe834151d2791dea4
XMM[12]=0x0000000000000000 0x000000003f5dc987
XMM[13]=0x0000000000000000 0x00007f24a064d140
XMM[14]=0x0000000000000000 0x00007f24a064d130
XMM[15]=0x0000000000000000 0x00007f24a064d120
  MXCSR=0x00001fa2


Top of Stack: (sp=0x00007f240898bdd0)
0x00007f240898bdd0:   00007f23ca756900 00007f23c8fe708a   .iu.#....p..#...
0x00007f240898bde0:   00007f23ca756900 00007f23c8e0d31f   .iu.#.......#...
0x00007f240898bdf0:   00007f23c858b080 00007f23ca702d00   ..X.#....-p.#...
0x00007f240898be00:   00007f240898c6c0 00007f2300000023   ....$...#...#...
0x00007f240898be10:   00007f24a0a0a4b0 00007f23bffff380   ....$.......#...
0x00007f240898be20:   00007f23c8fe8530 00007f240898c6c0   0...#.......$...
0x00007f240898be30:   00007f24a71489a0 00007f240898cce4   ....$.......$...
0x00007f240898be40:   00007f24a7148aa7 00007f23c8fe950a   ....$.......#...
0x00007f240898be50:   00007f240898c6c0 00007f240898c6c0   ....$.......$...
0x00007f240898be60:   00007f240898bf30 00007f24a863e3c4   0...$.....c.$...
0x00007f240898be70:   0000000000801000 00007f240818c000   ............$...
0x00007f240898be80:   0000000000000000 0000008000000000   ................
0x00007f240898be90:   ffffffffffffff00 0000000000000000   ................
0x00007f240898bea0:   0000000000000021 00007f240898c6c0   !...........$...
0x00007f240898beb0:   00007f240898c6c0 9d7f0c0bb7bb5399   ....$....S......
0x00007f240898bec0:   00007f240898c6c0 00007f24a71489a0   ....$.......$...
0x00007f240898bed0:   0000000000000000 00007f24a7148aa7   ............$...
0x00007f240898bee0:   9d7f0c0bb53b5399 9d7e4dfd0a715399   .S;......Sq..M~.
0x00007f240898bef0:   0000000000000000 0000000000000000   ................
0x00007f240898bf00:   0000000000000000 0000000000000000   ................
0x00007f240898bf10:   0000000000000000 69906b817ec58400   ...........~.k.i
0x00007f240898bf20:   00007f24a863e0e0 0000000000000000   ..c.$...........
0x00007f240898bf30:   0000000000000000 00007f24a86c156c   ........l.l.$...
0x00007f240898bf40:   0000000000000000 0000000000000000   ................
0x00007f240898bf50:   0000000000000000 0000000000000000   ................
0x00007f240898bf60:   0000000000000000 0000000000000000   ................
0x00007f240898bf70:   0000000000000000 0000000000000000   ................
0x00007f240898bf80:   0000000000000000 0000000000000000   ................
0x00007f240898bf90:   0000000000000000 0000000000000000   ................
0x00007f240898bfa0:   0000000000000000 0000000000000000   ................
0x00007f240898bfb0:   0000000000000000 0000000000000000   ................
0x00007f240898bfc0:   0000000000000000 0000000000000000   ................

Instructions: (pc=0x00007f24080ff60e)
0x00007f24080ff50e:   4c 24 08 48 85 c0 48 89 c2 74 61 48 89 08 49 8b
0x00007f24080ff51e:   44 24 40 48 83 c2 08 48 85 c0 74 41 41 8b 4c 24
0x00007f24080ff52e:   34 31 c0 85 c9 74 19 49 8b 74 24 40 89 c1 83 c0
0x00007f24080ff53e:   01 48 8b 34 ce 48 89 34 ca 41 39 44 24 34 77 e7
0x00007f24080ff54e:   49 8b 44 24 40 48 85 c0 74 13 48 8d 78 f8 48 89
0x00007f24080ff55e:   54 24 08 e8 1a a8 00 00 48 8b 54 24 08 45 89 7c
0x00007f24080ff56e:   24 34 49 89 54 24 40 e9 9a fe ff ff 45 8b 74 24
0x00007f24080ff57e:   34 e9 90 fe ff ff 66 2e 0f 1f 84 00 00 00 00 00
0x00007f24080ff58e:   66 90 48 8b 07 48 39 f0 74 58 55 48 89 fd 53 48
0x00007f24080ff59e:   89 f3 48 83 ec 08 48 85 c0 74 15 48 8d 78 08 ff
0x00007f24080ff5ae:   50 18 85 c0 75 0a 48 8b 7d 00 48 8b 07 ff 50 08
0x00007f24080ff5be:   48 89 5d 00 48 85 db 74 19 48 8b 43 10 48 83 c4
0x00007f24080ff5ce:   08 48 8d 7b 08 5b 5d ff e0 66 0f 1f 84 00 00 00
0x00007f24080ff5de:   00 00 48 83 c4 08 5b 5d c3 66 0f 1f 84 00 00 00
0x00007f24080ff5ee:   00 00 c3 66 66 2e 0f 1f 84 00 00 00 00 00 0f 1f
0x00007f24080ff5fe:   40 00 48 83 ec 08 bf 01 00 00 00 e8 62 4a ff ff
0x00007f24080ff60e:   8b 70 40 48 8d 78 30 48 83 c4 08 e9 62 68 f8 ff
0x00007f24080ff61e:   66 90 48 83 ec 18 48 8b 87 b0 04 00 00 ba 04 00
0x00007f24080ff62e:   00 00 be 01 00 00 00 48 8d 4c 24 0c bf 01 00 00
0x00007f24080ff63e:   00 ff 90 d8 00 00 00 48 83 c4 18 c3 66 0f 1f 44
0x00007f24080ff64e:   00 00 49 89 fa 41 89 d1 40 0f b6 fe 89 ca 49 8b
0x00007f24080ff65e:   82 b0 04 00 00 4c 89 c1 44 89 ce 48 8b 80 d8 00
0x00007f24080ff66e:   00 00 ff e0 66 66 2e 0f 1f 84 00 00 00 00 00 0f
0x00007f24080ff67e:   1f 00 55 40 0f b6 f6 53 48 89 fb 48 83 ec 08 48
0x00007f24080ff68e:   8b af b0 04 00 00 e8 b7 ff ff ff ff 95 00 01 00
0x00007f24080ff69e:   00 8b 10 89 53 28 48 83 c4 08 5b 5d c3 0f 1f 44
0x00007f24080ff6ae:   00 00 41 57 41 56 49 89 fe bf 01 00 00 00 41 55
0x00007f24080ff6be:   49 89 f5 41 54 55 53 48 83 ec 58 48 89 14 24 e8
0x00007f24080ff6ce:   9e 49 ff ff 48 c7 44 24 18 00 00 00 00 83 b8 a0
0x00007f24080ff6de:   04 00 00 03 4c 8b b8 b0 04 00 00 48 89 c3 44 8b
0x00007f24080ff6ee:   60 38 0f 84 02 01 00 00 48 8d 4c 24 20 48 8d 70
0x00007f24080ff6fe:   30 ba 01 00 00 00 48 89 cf 48 89 4c 24 08 e8 7f



---------------  P R O C E S S  ---------------

VM state: at safepoint (shutting down)

VM Mutex/Monitor currently owned by a thread:  ([mutex/lock_event])
[0x00007f24a8595378] ThreadsLockThrottle_lock - owner thread: 0x00007f24a0144580
[0x00007f24a85950f8] Threads_lock - owner thread: 0x00007f24a0138250
[0x00007f24a8594ff8] Heap_lock - owner thread: 0x00007f2400001080

Heap address: 0x0000000617800000, size: 7816 MB, Compressed Oops mode: Zero based, Oop shift amount: 3

CDS archive(s) mapped at: [0x00007f2423000000-0x00007f2423c9d000-0x00007f2423c9d000), size 13225984, SharedBaseAddress: 0x00007f2423000000, ArchiveRelocationMode: 1.
Compressed class space mapped at: 0x00007f2424000000-0x00007f2464000000, reserved size: 1073741824
Narrow klass base: 0x00007f2423000000, Narrow klass shift: 0, Narrow klass range: 0x100000000

GC Precious Log:
<Skipped>

Heap:
 garbage-first heap   total 507904K, used 7670K [0x0000000617800000, 0x0000000800000000)
  region size 4096K, 3 young (12288K), 1 survivors (4096K)
 Metaspace       used 8924K, committed 9088K, reserved 1114112K
  class space    used 739K, committed 832K, reserved 1048576K

Heap Regions: E=young(eden), S=young(survivor), O=old, HS=humongous(starts), HC=humongous(continues), CS=collection set, F=free, TAMS=top-at-mark-start, PB=parsable bottom
|   0|0x0000000617800000, 0x0000000617800000, 0x0000000617c00000|  0%| F|  |TAMS 0x0000000617800000| PB 0x0000000617800000| Untracked 
|   1|0x0000000617c00000, 0x0000000617c00000, 0x0000000618000000|  0%| F|  |TAMS 0x0000000617c00000| PB 0x0000000617c00000| Untracked 
|   2|0x0000000618000000, 0x0000000618000000, 0x0000000618400000|  0%| F|  |TAMS 0x0000000618000000| PB 0x0000000618000000| Untracked 
|   3|0x0000000618400000, 0x0000000618400000, 0x0000000618800000|  0%| F|  |TAMS 0x0000000618400000| PB 0x0000000618400000| Untracked 
|   4|0x0000000618800000, 0x0000000618800000, 0x0000000618c00000|  0%| F|  |TAMS 0x0000000618800000| PB 0x0000000618800000| Untracked 
|   5|0x0000000618c00000, 0x0000000618c00000, 0x0000000619000000|  0%| F|  |TAMS 0x0000000618c00000| PB 0x0000000618c00000| Untracked 
|   6|0x0000000619000000, 0x0000000619000000, 0x0000000619400000|  0%| F|  |TAMS 0x0000000619000000| PB 0x0000000619000000| Untracked 
|   7|0x0000000619400000, 0x0000000619400000, 0x0000000619800000|  0%| F|  |TAMS 0x0000000619400000| PB 0x0000000619400000| Untracked 
|   8|0x0000000619800000, 0x0000000619800000, 0x0000000619c00000|  0%| F|  |TAMS 0x0000000619800000| PB 0x0000000619800000| Untracked 
|   9|0x0000000619c00000, 0x0000000619c00000, 0x000000061a000000|  0%| F|  |TAMS 0x0000000619c00000| PB 0x0000000619c00000| Untracked 
|  10|0x000000061a000000, 0x000000061a000000, 0x000000061a400000|  0%| F|  |TAMS 0x000000061a000000| PB 0x000000061a000000| Untracked 
|  11|0x000000061a400000, 0x000000061a400000, 0x000000061a800000|  0%| F|  |TAMS 0x000000061a400000| PB 0x000000061a400000| Untracked 
|  12|0x000000061a800000, 0x000000061a800000, 0x000000061ac00000|  0%| F|  |TAMS 0x000000061a800000| PB 0x000000061a800000| Untracked 
|  13|0x000000061ac00000, 0x000000061ac00000, 0x000000061b000000|  0%| F|  |TAMS 0x000000061ac00000| PB 0x000000061ac00000| Untracked 
|  14|0x000000061b000000, 0x000000061b000000, 0x000000061b400000|  0%| F|  |TAMS 0x000000061b000000| PB 0x000000061b000000| Untracked 
|  15|0x000000061b400000, 0x000000061b400000, 0x000000061b800000|  0%| F|  |TAMS 0x000000061b400000| PB 0x000000061b400000| Untracked 
|  16|0x000000061b800000, 0x000000061b800000, 0x000000061bc00000|  0%| F|  |TAMS 0x000000061b800000| PB 0x000000061b800000| Untracked 
|  17|0x000000061bc00000, 0x000000061bc00000, 0x000000061c000000|  0%| F|  |TAMS 0x000000061bc00000| PB 0x000000061bc00000| Untracked 
|  18|0x000000061c000000, 0x000000061c000000, 0x000000061c400000|  0%| F|  |TAMS 0x000000061c000000| PB 0x000000061c000000| Untracked 
|  19|0x000000061c400000, 0x000000061c400000, 0x000000061c800000|  0%| F|  |TAMS 0x000000061c400000| PB 0x000000061c400000| Untracked 
|  20|0x000000061c800000, 0x000000061c800000, 0x000000061cc00000|  0%| F|  |TAMS 0x000000061c800000| PB 0x000000061c800000| Untracked 
|  21|0x000000061cc00000, 0x000000061cc00000, 0x000000061d000000|  0%| F|  |TAMS 0x000000061cc00000| PB 0x000000061cc00000| Untracked 
|  22|0x000000061d000000, 0x000000061d000000, 0x000000061d400000|  0%| F|  |TAMS 0x000000061d000000| PB 0x000000061d000000| Untracked 
|  23|0x000000061d400000, 0x000000061d400000, 0x000000061d800000|  0%| F|  |TAMS 0x000000061d400000| PB 0x000000061d400000| Untracked 
|  24|0x000000061d800000, 0x000000061d800000, 0x000000061dc00000|  0%| F|  |TAMS 0x000000061d800000| PB 0x000000061d800000| Untracked 
|  25|0x000000061dc00000, 0x000000061dc00000, 0x000000061e000000|  0%| F|  |TAMS 0x000000061dc00000| PB 0x000000061dc00000| Untracked 
|  26|0x000000061e000000, 0x000000061e000000, 0x000000061e400000|  0%| F|  |TAMS 0x000000061e000000| PB 0x000000061e000000| Untracked 
|  27|0x000000061e400000, 0x000000061e400000, 0x000000061e800000|  0%| F|  |TAMS 0x000000061e400000| PB 0x000000061e400000| Untracked 
|  28|0x000000061e800000, 0x000000061e800000, 0x000000061ec00000|  0%| F|  |TAMS 0x000000061e800000| PB 0x000000061e800000| Untracked 
|  29|0x000000061ec00000, 0x000000061ec00000, 0x000000061f000000|  0%| F|  |TAMS 0x000000061ec00000| PB 0x000000061ec00000| Untracked 
|  30|0x000000061f000000, 0x000000061f000000, 0x000000061f400000|  0%| F|  |TAMS 0x000000061f000000| PB 0x000000061f000000| Untracked 
|  31|0x000000061f400000, 0x000000061f400000, 0x000000061f800000|  0%| F|  |TAMS 0x000000061f400000| PB 0x000000061f400000| Untracked 
|  32|0x000000061f800000, 0x000000061f800000, 0x000000061fc00000|  0%| F|  |TAMS 0x000000061f800000| PB 0x000000061f800000| Untracked 
|  33|0x000000061fc00000, 0x000000061fc00000, 0x0000000620000000|  0%| F|  |TAMS 0x000000061fc00000| PB 0x000000061fc00000| Untracked 
|  34|0x0000000620000000, 0x0000000620000000, 0x0000000620400000|  0%| F|  |TAMS 0x0000000620000000| PB 0x0000000620000000| Untracked 
|  35|0x0000000620400000, 0x0000000620400000, 0x0000000620800000|  0%| F|  |TAMS 0x0000000620400000| PB 0x0000000620400000| Untracked 
|  36|0x0000000620800000, 0x0000000620800000, 0x0000000620c00000|  0%| F|  |TAMS 0x0000000620800000| PB 0x0000000620800000| Untracked 
|  37|0x0000000620c00000, 0x0000000620c00000, 0x0000000621000000|  0%| F|  |TAMS 0x0000000620c00000| PB 0x0000000620c00000| Untracked 
|  38|0x0000000621000000, 0x0000000621000000, 0x0000000621400000|  0%| F|  |TAMS 0x0000000621000000| PB 0x0000000621000000| Untracked 
|  39|0x0000000621400000, 0x0000000621400000, 0x0000000621800000|  0%| F|  |TAMS 0x0000000621400000| PB 0x0000000621400000| Untracked 
|  40|0x0000000621800000, 0x0000000621800000, 0x0000000621c00000|  0%| F|  |TAMS 0x0000000621800000| PB 0x0000000621800000| Untracked 
|  41|0x0000000621c00000, 0x0000000621c00000, 0x0000000622000000|  0%| F|  |TAMS 0x0000000621c00000| PB 0x0000000621c00000| Untracked 
|  42|0x0000000622000000, 0x0000000622000000, 0x0000000622400000|  0%| F|  |TAMS 0x0000000622000000| PB 0x0000000622000000| Untracked 
|  43|0x0000000622400000, 0x0000000622400000, 0x0000000622800000|  0%| F|  |TAMS 0x0000000622400000| PB 0x0000000622400000| Untracked 
|  44|0x0000000622800000, 0x0000000622800000, 0x0000000622c00000|  0%| F|  |TAMS 0x0000000622800000| PB 0x0000000622800000| Untracked 
|  45|0x0000000622c00000, 0x0000000622c00000, 0x0000000623000000|  0%| F|  |TAMS 0x0000000622c00000| PB 0x0000000622c00000| Untracked 
|  46|0x0000000623000000, 0x0000000623000000, 0x0000000623400000|  0%| F|  |TAMS 0x0000000623000000| PB 0x0000000623000000| Untracked 
|  47|0x0000000623400000, 0x0000000623400000, 0x0000000623800000|  0%| F|  |TAMS 0x0000000623400000| PB 0x0000000623400000| Untracked 
|  48|0x0000000623800000, 0x0000000623800000, 0x0000000623c00000|  0%| F|  |TAMS 0x0000000623800000| PB 0x0000000623800000| Untracked 
|  49|0x0000000623c00000, 0x0000000623c00000, 0x0000000624000000|  0%| F|  |TAMS 0x0000000623c00000| PB 0x0000000623c00000| Untracked 
|  50|0x0000000624000000, 0x0000000624000000, 0x0000000624400000|  0%| F|  |TAMS 0x0000000624000000| PB 0x0000000624000000| Untracked 
|  51|0x0000000624400000, 0x0000000624400000, 0x0000000624800000|  0%| F|  |TAMS 0x0000000624400000| PB 0x0000000624400000| Untracked 
|  52|0x0000000624800000, 0x0000000624800000, 0x0000000624c00000|  0%| F|  |TAMS 0x0000000624800000| PB 0x0000000624800000| Untracked 
|  53|0x0000000624c00000, 0x0000000624c00000, 0x0000000625000000|  0%| F|  |TAMS 0x0000000624c00000| PB 0x0000000624c00000| Untracked 
|  54|0x0000000625000000, 0x0000000625000000, 0x0000000625400000|  0%| F|  |TAMS 0x0000000625000000| PB 0x0000000625000000| Untracked 
|  55|0x0000000625400000, 0x0000000625400000, 0x0000000625800000|  0%| F|  |TAMS 0x0000000625400000| PB 0x0000000625400000| Untracked 
|  56|0x0000000625800000, 0x0000000625800000, 0x0000000625c00000|  0%| F|  |TAMS 0x0000000625800000| PB 0x0000000625800000| Untracked 
|  57|0x0000000625c00000, 0x0000000625c00000, 0x0000000626000000|  0%| F|  |TAMS 0x0000000625c00000| PB 0x0000000625c00000| Untracked 
|  58|0x0000000626000000, 0x0000000626000000, 0x0000000626400000|  0%| F|  |TAMS 0x0000000626000000| PB 0x0000000626000000| Untracked 
|  59|0x0000000626400000, 0x0000000626400000, 0x0000000626800000|  0%| F|  |TAMS 0x0000000626400000| PB 0x0000000626400000| Untracked 
|  60|0x0000000626800000, 0x0000000626800000, 0x0000000626c00000|  0%| F|  |TAMS 0x0000000626800000| PB 0x0000000626800000| Untracked 
|  61|0x0000000626c00000, 0x0000000626c00000, 0x0000000627000000|  0%| F|  |TAMS 0x0000000626c00000| PB 0x0000000626c00000| Untracked 
|  62|0x0000000627000000, 0x0000000627000000, 0x0000000627400000|  0%| F|  |TAMS 0x0000000627000000| PB 0x0000000627000000| Untracked 
|  63|0x0000000627400000, 0x0000000627400000, 0x0000000627800000|  0%| F|  |TAMS 0x0000000627400000| PB 0x0000000627400000| Untracked 
|  64|0x0000000627800000, 0x0000000627800000, 0x0000000627c00000|  0%| F|  |TAMS 0x0000000627800000| PB 0x0000000627800000| Untracked 
|  65|0x0000000627c00000, 0x0000000627c00000, 0x0000000628000000|  0%| F|  |TAMS 0x0000000627c00000| PB 0x0000000627c00000| Untracked 
|  66|0x0000000628000000, 0x0000000628000000, 0x0000000628400000|  0%| F|  |TAMS 0x0000000628000000| PB 0x0000000628000000| Untracked 
|  67|0x0000000628400000, 0x0000000628400000, 0x0000000628800000|  0%| F|  |TAMS 0x0000000628400000| PB 0x0000000628400000| Untracked 
|  68|0x0000000628800000, 0x0000000628800000, 0x0000000628c00000|  0%| F|  |TAMS 0x0000000628800000| PB 0x0000000628800000| Untracked 
|  69|0x0000000628c00000, 0x0000000628c00000, 0x0000000629000000|  0%| F|  |TAMS 0x0000000628c00000| PB 0x0000000628c00000| Untracked 
|  70|0x0000000629000000, 0x0000000629000000, 0x0000000629400000|  0%| F|  |TAMS 0x0000000629000000| PB 0x0000000629000000| Untracked 
|  71|0x0000000629400000, 0x0000000629400000, 0x0000000629800000|  0%| F|  |TAMS 0x0000000629400000| PB 0x0000000629400000| Untracked 
|  72|0x0000000629800000, 0x0000000629800000, 0x0000000629c00000|  0%| F|  |TAMS 0x0000000629800000| PB 0x0000000629800000| Untracked 
|  73|0x0000000629c00000, 0x0000000629c00000, 0x000000062a000000|  0%| F|  |TAMS 0x0000000629c00000| PB 0x0000000629c00000| Untracked 
|  74|0x000000062a000000, 0x000000062a000000, 0x000000062a400000|  0%| F|  |TAMS 0x000000062a000000| PB 0x000000062a000000| Untracked 
|  75|0x000000062a400000, 0x000000062a400000, 0x000000062a800000|  0%| F|  |TAMS 0x000000062a400000| PB 0x000000062a400000| Untracked 
|  76|0x000000062a800000, 0x000000062a800000, 0x000000062ac00000|  0%| F|  |TAMS 0x000000062a800000| PB 0x000000062a800000| Untracked 
|  77|0x000000062ac00000, 0x000000062ac00000, 0x000000062b000000|  0%| F|  |TAMS 0x000000062ac00000| PB 0x000000062ac00000| Untracked 
|  78|0x000000062b000000, 0x000000062b000000, 0x000000062b400000|  0%| F|  |TAMS 0x000000062b000000| PB 0x000000062b000000| Untracked 
|  79|0x000000062b400000, 0x000000062b400000, 0x000000062b800000|  0%| F|  |TAMS 0x000000062b400000| PB 0x000000062b400000| Untracked 
|  80|0x000000062b800000, 0x000000062b800000, 0x000000062bc00000|  0%| F|  |TAMS 0x000000062b800000| PB 0x000000062b800000| Untracked 
|  81|0x000000062bc00000, 0x000000062bc00000, 0x000000062c000000|  0%| F|  |TAMS 0x000000062bc00000| PB 0x000000062bc00000| Untracked 
|  82|0x000000062c000000, 0x000000062c000000, 0x000000062c400000|  0%| F|  |TAMS 0x000000062c000000| PB 0x000000062c000000| Untracked 
|  83|0x000000062c400000, 0x000000062c400000, 0x000000062c800000|  0%| F|  |TAMS 0x000000062c400000| PB 0x000000062c400000| Untracked 
|  84|0x000000062c800000, 0x000000062c800000, 0x000000062cc00000|  0%| F|  |TAMS 0x000000062c800000| PB 0x000000062c800000| Untracked 
|  85|0x000000062cc00000, 0x000000062cc00000, 0x000000062d000000|  0%| F|  |TAMS 0x000000062cc00000| PB 0x000000062cc00000| Untracked 
|  86|0x000000062d000000, 0x000000062d000000, 0x000000062d400000|  0%| F|  |TAMS 0x000000062d000000| PB 0x000000062d000000| Untracked 
|  87|0x000000062d400000, 0x000000062d400000, 0x000000062d800000|  0%| F|  |TAMS 0x000000062d400000| PB 0x000000062d400000| Untracked 
|  88|0x000000062d800000, 0x000000062d800000, 0x000000062dc00000|  0%| F|  |TAMS 0x000000062d800000| PB 0x000000062d800000| Untracked 
|  89|0x000000062dc00000, 0x000000062dc00000, 0x000000062e000000|  0%| F|  |TAMS 0x000000062dc00000| PB 0x000000062dc00000| Untracked 
|  90|0x000000062e000000, 0x000000062e000000, 0x000000062e400000|  0%| F|  |TAMS 0x000000062e000000| PB 0x000000062e000000| Untracked 
|  91|0x000000062e400000, 0x000000062e400000, 0x000000062e800000|  0%| F|  |TAMS 0x000000062e400000| PB 0x000000062e400000| Untracked 
|  92|0x000000062e800000, 0x000000062e800000, 0x000000062ec00000|  0%| F|  |TAMS 0x000000062e800000| PB 0x000000062e800000| Untracked 
|  93|0x000000062ec00000, 0x000000062ec00000, 0x000000062f000000|  0%| F|  |TAMS 0x000000062ec00000| PB 0x000000062ec00000| Untracked 
|  94|0x000000062f000000, 0x000000062f000000, 0x000000062f400000|  0%| F|  |TAMS 0x000000062f000000| PB 0x000000062f000000| Untracked 
|  95|0x000000062f400000, 0x000000062f400000, 0x000000062f800000|  0%| F|  |TAMS 0x000000062f400000| PB 0x000000062f400000| Untracked 
|  96|0x000000062f800000, 0x000000062f800000, 0x000000062fc00000|  0%| F|  |TAMS 0x000000062f800000| PB 0x000000062f800000| Untracked 
|  97|0x000000062fc00000, 0x000000062fc00000, 0x0000000630000000|  0%| F|  |TAMS 0x000000062fc00000| PB 0x000000062fc00000| Untracked 
|  98|0x0000000630000000, 0x0000000630000000, 0x0000000630400000|  0%| F|  |TAMS 0x0000000630000000| PB 0x0000000630000000| Untracked 
|  99|0x0000000630400000, 0x0000000630400000, 0x0000000630800000|  0%| F|  |TAMS 0x0000000630400000| PB 0x0000000630400000| Untracked 
| 100|0x0000000630800000, 0x0000000630800000, 0x0000000630c00000|  0%| F|  |TAMS 0x0000000630800000| PB 0x0000000630800000| Untracked 
| 101|0x0000000630c00000, 0x0000000630c00000, 0x0000000631000000|  0%| F|  |TAMS 0x0000000630c00000| PB 0x0000000630c00000| Untracked 
| 102|0x0000000631000000, 0x0000000631000000, 0x0000000631400000|  0%| F|  |TAMS 0x0000000631000000| PB 0x0000000631000000| Untracked 
| 103|0x0000000631400000, 0x0000000631400000, 0x0000000631800000|  0%| F|  |TAMS 0x0000000631400000| PB 0x0000000631400000| Untracked 
| 104|0x0000000631800000, 0x0000000631800000, 0x0000000631c00000|  0%| F|  |TAMS 0x0000000631800000| PB 0x0000000631800000| Untracked 
| 105|0x0000000631c00000, 0x0000000631c00000, 0x0000000632000000|  0%| F|  |TAMS 0x0000000631c00000| PB 0x0000000631c00000| Untracked 
| 106|0x0000000632000000, 0x0000000632000000, 0x0000000632400000|  0%| F|  |TAMS 0x0000000632000000| PB 0x0000000632000000| Untracked 
| 107|0x0000000632400000, 0x0000000632400000, 0x0000000632800000|  0%| F|  |TAMS 0x0000000632400000| PB 0x0000000632400000| Untracked 
| 108|0x0000000632800000, 0x0000000632800000, 0x0000000632c00000|  0%| F|  |TAMS 0x0000000632800000| PB 0x0000000632800000| Untracked 
| 109|0x0000000632c00000, 0x0000000632c00000, 0x0000000633000000|  0%| F|  |TAMS 0x0000000632c00000| PB 0x0000000632c00000| Untracked 
| 110|0x0000000633000000, 0x0000000633000000, 0x0000000633400000|  0%| F|  |TAMS 0x0000000633000000| PB 0x0000000633000000| Untracked 
| 111|0x0000000633400000, 0x0000000633400000, 0x0000000633800000|  0%| F|  |TAMS 0x0000000633400000| PB 0x0000000633400000| Untracked 
| 112|0x0000000633800000, 0x0000000633800000, 0x0000000633c00000|  0%| F|  |TAMS 0x0000000633800000| PB 0x0000000633800000| Untracked 
| 113|0x0000000633c00000, 0x0000000633c00000, 0x0000000634000000|  0%| F|  |TAMS 0x0000000633c00000| PB 0x0000000633c00000| Untracked 
| 114|0x0000000634000000, 0x0000000634000000, 0x0000000634400000|  0%| F|  |TAMS 0x0000000634000000| PB 0x0000000634000000| Untracked 
| 115|0x0000000634400000, 0x0000000634400000, 0x0000000634800000|  0%| F|  |TAMS 0x0000000634400000| PB 0x0000000634400000| Untracked 
| 116|0x0000000634800000, 0x0000000634a70d00, 0x0000000634c00000| 61%| S|CS|TAMS 0x0000000634800000| PB 0x0000000634800000| Complete 
| 117|0x0000000634c00000, 0x0000000634c00000, 0x0000000635000000|  0%| F|  |TAMS 0x0000000634c00000| PB 0x0000000634c00000| Untracked 
| 118|0x0000000635000000, 0x0000000635000000, 0x0000000635400000|  0%| F|  |TAMS 0x0000000635000000| PB 0x0000000635000000| Untracked 
| 119|0x0000000635400000, 0x0000000635400000, 0x0000000635800000|  0%| F|  |TAMS 0x0000000635400000| PB 0x0000000635400000| Untracked 
| 120|0x0000000635800000, 0x0000000635800000, 0x0000000635c00000|  0%| F|  |TAMS 0x0000000635800000| PB 0x0000000635800000| Untracked 
| 121|0x0000000635c00000, 0x0000000635f7d2b8, 0x0000000636000000| 87%| E|  |TAMS 0x0000000635c00000| PB 0x0000000635c00000| Complete 
| 122|0x0000000636000000, 0x0000000636400000, 0x0000000636400000|100%| E|CS|TAMS 0x0000000636000000| PB 0x0000000636000000| Complete 
|1953|0x00000007ffc00000, 0x00000007ffd0cbc8, 0x0000000800000000| 26%| O|  |TAMS 0x00000007ffc00000| PB 0x00000007ffc00000| Untracked 

Card table byte_map: [0x00007f24a4256000,0x00007f24a519a000] _byte_map_base: 0x00007f24a119a000

Marking Bits: (CMBitMap*) 0x00007f24a005a880
 Bits: [0x00007f2480de0000, 0x00007f2488800000)

Polling page: 0x00007f24a87c7000

Metaspace:

Usage:
  Non-class:      7.99 MB used.
      Class:    739.98 KB used.
       Both:      8.72 MB used.

Virtual space:
  Non-class space:       64.00 MB reserved,       8.06 MB ( 13%) committed,  1 nodes.
      Class space:        1.00 GB reserved,     832.00 KB ( <1%) committed,  1 nodes.
             Both:        1.06 GB reserved,       8.88 MB ( <1%) committed. 

Chunk freelists:
   Non-Class:  6.19 MB
       Class:  15.17 MB
        Both:  21.36 MB

MaxMetaspaceSize: unlimited
CompressedClassSpaceSize: 1.00 GB
Initial GC threshold: 21.00 MB
Current GC threshold: 21.00 MB
CDS: on
 - commit_granule_bytes: 65536.
 - commit_granule_words: 8192.
 - virtual_space_node_default_size: 8388608.
 - enlarge_chunks_in_place: 1.
 - use_allocation_guard: 0.


Internal statistics:

num_allocs_failed_limit: 0.
num_arena_births: 100.
num_arena_deaths: 0.
num_vsnodes_births: 2.
num_vsnodes_deaths: 0.
num_space_committed: 140.
num_space_uncommitted: 0.
num_chunks_returned_to_freelist: 0.
num_chunks_taken_from_freelist: 350.
num_chunk_merges: 0.
num_chunk_splits: 262.
num_chunks_enlarged: 216.
num_inconsistent_stats: 0.

CodeHeap 'non-profiled nmethods': size=119168Kb used=454Kb max_used=454Kb free=118713Kb
 bounds [0x00007f24903a0000, 0x00007f2490610000, 0x00007f2497800000]
CodeHeap 'profiled nmethods': size=119164Kb used=2839Kb max_used=2839Kb free=116324Kb
 bounds [0x00007f2488800000, 0x00007f2488ad0000, 0x00007f248fc5f000]
CodeHeap 'non-nmethods': size=7428Kb used=2484Kb max_used=4188Kb free=4943Kb
 bounds [0x00007f248fc5f000, 0x00007f249007f000, 0x00007f24903a0000]
CodeCache: size=245760Kb, used=5777Kb, max_used=7481Kb, free=239980Kb
 total_blobs=2774, nmethods=1609, adapters=1071, full_count=0
Compilation: enabled, stopped_count=0, restarted_count=0

Compilation events (20 events):
Event: 5.775 Thread 0x00007f24a0148d20 1600       4       com.badlogic.gdx.utils.Array$ArrayIterator::hasNext (37 bytes)
Event: 5.775 Thread 0x00007f24a0148d20 nmethod 1600 0x00007f2490410e90 code [0x00007f2490411020, 0x00007f24904110f0]
Event: 5.913 Thread 0x00007f24a0148d20 1601       4       java.nio.MappedByteBuffer::limit (6 bytes)
Event: 5.914 Thread 0x00007f24a0148d20 nmethod 1601 0x00007f2490411190 code [0x00007f2490411320, 0x00007f2490411458]
Event: 5.960 Thread 0x00007f24a014a3e0 1602       3       com.badlogic.gdx.maps.tiled.renderers.BatchTiledMapRenderer::render (47 bytes)
Event: 5.960 Thread 0x00007f24a014a3e0 nmethod 1602 0x00007f2488ac2c90 code [0x00007f2488ac2ee0, 0x00007f2488ac3858]
Event: 5.960 Thread 0x00007f24a014a3e0 1603       3       com.badlogic.gdx.maps.tiled.renderers.BatchTiledMapRenderer::beginRender (13 bytes)
Event: 5.960 Thread 0x00007f24a014a3e0 nmethod 1603 0x00007f2488ac3c10 code [0x00007f2488ac3de0, 0x00007f2488ac4070]
Event: 5.960 Thread 0x00007f24a014a3e0 1604       3       com.badlogic.gdx.maps.tiled.tiles.AnimatedTiledMapTile::updateAnimationBaseTime (11 bytes)
Event: 5.960 Thread 0x00007f24a014a3e0 nmethod 1604 0x00007f2488ac4190 code [0x00007f2488ac4340, 0x00007f2488ac44b8]
Event: 5.960 Thread 0x00007f24a014a3e0 1605       3       com.badlogic.gdx.maps.MapLayers::iterator (8 bytes)
Event: 5.960 Thread 0x00007f24a014a3e0 nmethod 1605 0x00007f2488ac4590 code [0x00007f2488ac4740, 0x00007f2488ac4908]
Event: 5.960 Thread 0x00007f24a014a3e0 1606       3       com.badlogic.gdx.graphics.g2d.Sprite::draw (18 bytes)
Event: 5.960 Thread 0x00007f24a014a3e0 nmethod 1606 0x00007f2488ac4a10 code [0x00007f2488ac4bc0, 0x00007f2488ac4e18]
Event: 5.960 Thread 0x00007f24a014a3e0 1607       3       com.badlogic.gdx.graphics.g2d.Sprite::getVertices (386 bytes)
Event: 5.960 Thread 0x00007f24a014a3e0 nmethod 1607 0x00007f2488ac4f90 code [0x00007f2488ac51e0, 0x00007f2488ac5a30]
Event: 6.612 Thread 0x00007f24a014a3e0 1608       1       java.lang.Module::getDescriptor (5 bytes)
Event: 6.612 Thread 0x00007f24a014a3e0 nmethod 1608 0x00007f2490411590 code [0x00007f2490411720, 0x00007f24904117e8]
Event: 6.612 Thread 0x00007f24a014a3e0 1609       1       java.lang.module.ModuleDescriptor::provides (5 bytes)
Event: 6.612 Thread 0x00007f24a014a3e0 nmethod 1609 0x00007f2490411890 code [0x00007f2490411a20, 0x00007f2490411ae8]

GC Heap History (2 events):
Event: 0.437 GC heap before
{Heap before GC invocations=0 (full 0):
 garbage-first heap   total 507904K, used 25650K [0x0000000617800000, 0x0000000800000000)
  region size 4096K, 6 young (24576K), 0 survivors (0K)
 Metaspace       used 7346K, committed 7552K, reserved 1114112K
  class space    used 565K, committed 640K, reserved 1048576K
}
Event: 0.438 GC heap after
{Heap after GC invocations=1 (full 0):
 garbage-first heap   total 507904K, used 3574K [0x0000000617800000, 0x0000000800000000)
  region size 4096K, 1 young (4096K), 1 survivors (4096K)
 Metaspace       used 7346K, committed 7552K, reserved 1114112K
  class space    used 565K, committed 640K, reserved 1048576K
}

Dll operation events (10 events):
Event: 0.003 Loaded shared library /usr/lib/jvm/java-21-openjdk/lib/libjava.so
Event: 0.015 Loaded shared library /usr/lib/jvm/java-21-openjdk/lib/libjsvml.so
Event: 0.025 Loaded shared library /usr/lib/jvm/java-21-openjdk/lib/libnio.so
Event: 0.027 Loaded shared library /usr/lib/jvm/java-21-openjdk/lib/libzip.so
Event: 0.050 Loaded shared library /usr/lib/jvm/java-21-openjdk/lib/libjimage.so
Event: 0.052 Loaded shared library /tmp/libgdxbazzite/da3a4817/libgdx64.so
Event: 0.069 Loaded shared library /usr/lib/jvm/java-21-openjdk/lib/libnet.so
Event: 0.071 Loaded shared library /tmp/lwjgl_bazzite/3.4.1+2/x64/liblwjgl.so
Event: 0.077 Loaded shared library /usr/lib/jvm/java-21-openjdk/lib/libsystemconf.so
Event: 0.245 Loaded shared library /tmp/lwjgl_bazzite/3.4.1+2/x64/liblwjgl_opengl.so

Deoptimization events (20 events):
Event: 0.110 Thread 0x00007f24a002e790 DEOPT PACKING pc=0x00007f248886c326 sp=0x00007f24a7147030
Event: 0.110 Thread 0x00007f24a002e790 DEOPT UNPACKING pc=0x00007f248fcb714f sp=0x00007f24a71464a0 mode 0
Event: 0.241 Thread 0x00007f24a002e790 Uncommon trap: trap_request=0xffffff6e fr.pc=0x00007f24903d4010 relative=0x0000000000000450
Event: 0.241 Thread 0x00007f24a002e790 Uncommon trap: reason=loop_limit_check action=maybe_recompile pc=0x00007f24903d4010 method=java.lang.StringLatin1.indexOf([BI[BII)I @ 37 c2
Event: 0.241 Thread 0x00007f24a002e790 DEOPT PACKING pc=0x00007f24903d4010 sp=0x00007f24a714af10
Event: 0.241 Thread 0x00007f24a002e790 DEOPT UNPACKING pc=0x00007f248fcb6619 sp=0x00007f24a714ae90 mode 2
Event: 0.246 Thread 0x00007f24a002e790 Uncommon trap: trap_request=0xffffff45 fr.pc=0x00007f24903ac62c relative=0x000000000000018c
Event: 0.246 Thread 0x00007f24a002e790 Uncommon trap: reason=unstable_if action=reinterpret pc=0x00007f24903ac62c method=jdk.internal.util.ArraysSupport.vectorizedHashCode(Ljava/lang/Object;IIII)I @ 2 c2
Event: 0.246 Thread 0x00007f24a002e790 DEOPT PACKING pc=0x00007f24903ac62c sp=0x00007f24a714a300
Event: 0.246 Thread 0x00007f24a002e790 DEOPT UNPACKING pc=0x00007f248fcb6619 sp=0x00007f24a714a2d0 mode 2
Event: 3.159 Thread 0x00007f24a002e790 Uncommon trap: trap_request=0xffffff45 fr.pc=0x00007f24903eaebc relative=0x000000000000065c
Event: 3.159 Thread 0x00007f24a002e790 Uncommon trap: reason=unstable_if action=reinterpret pc=0x00007f24903eaebc method=java.lang.StringLatin1.newString([BII)Ljava/lang/String; @ 1 c2
Event: 3.159 Thread 0x00007f24a002e790 DEOPT PACKING pc=0x00007f24903eaebc sp=0x00007f24a714ac40
Event: 3.159 Thread 0x00007f24a002e790 DEOPT UNPACKING pc=0x00007f248fcb6619 sp=0x00007f24a714aba0 mode 2
Event: 3.171 Thread 0x00007f24a002e790 Uncommon trap: trap_request=0xffffff45 fr.pc=0x00007f2490400d84 relative=0x0000000000000584
Event: 3.171 Thread 0x00007f24a002e790 Uncommon trap: reason=unstable_if action=reinterpret pc=0x00007f2490400d84 method=com.badlogic.gdx.utils.ObjectIntMap.locateKey(Ljava/lang/Object;)I @ 32 c2
Event: 3.171 Thread 0x00007f24a002e790 DEOPT PACKING pc=0x00007f2490400d84 sp=0x00007f24a714ab50
Event: 3.171 Thread 0x00007f24a002e790 DEOPT UNPACKING pc=0x00007f248fcb6619 sp=0x00007f24a714ab18 mode 2
Event: 4.330 Thread 0x00007f24a002e790 DEOPT PACKING pc=0x00007f2488ab7cf0 sp=0x00007f24a714b410
Event: 4.330 Thread 0x00007f24a002e790 DEOPT UNPACKING pc=0x00007f248fcb714f sp=0x00007f24a714a848 mode 0

Classes loaded (20 events):
Event: 6.612 Loading class jdk/internal/logger/AbstractLoggerWrapper
Event: 6.612 Loading class jdk/internal/logger/AbstractLoggerWrapper done
Event: 6.612 Loading class jdk/internal/logger/LazyLoggers$LazyLoggerWrapper done
Event: 6.612 Loading class jdk/internal/logger/LazyLoggers$JdkLazyLogger done
Event: 6.612 Loading class jdk/internal/logger/LazyLoggers$LazyLoggerAccessor
Event: 6.612 Loading class jdk/internal/logger/LazyLoggers$LoggerAccessor
Event: 6.612 Loading class jdk/internal/logger/LazyLoggers$LoggerAccessor done
Event: 6.612 Loading class jdk/internal/logger/LazyLoggers$LazyLoggerAccessor done
Event: 6.612 Loading class java/lang/System$Logger$Level
Event: 6.612 Loading class java/lang/System$Logger$Level done
Event: 6.612 Loading class jdk/internal/logger/SurrogateLogger
Event: 6.612 Loading class jdk/internal/logger/SimpleConsoleLogger
Event: 6.612 Loading class sun/util/logging/PlatformLogger$ConfigurableBridge$LoggerConfiguration
Event: 6.612 Loading class sun/util/logging/PlatformLogger$ConfigurableBridge$LoggerConfiguration done
Event: 6.612 Loading class jdk/internal/logger/SimpleConsoleLogger done
Event: 6.613 Loading class jdk/internal/logger/SurrogateLogger done
Event: 6.613 Loading class sun/util/logging/PlatformLogger
Event: 6.613 Loading class sun/util/logging/PlatformLogger done
Event: 6.613 Loading class sun/util/logging/PlatformLogger$Level
Event: 6.613 Loading class sun/util/logging/PlatformLogger$Level done

Classes unloaded (0 events):
No events

Classes redefined (0 events):
No events

Internal exceptions (20 events):
Event: 0.062 Thread 0x00007f24a002e790 Exception <a 'java/lang/NoSuchMethodError'{0x0000000635d76570}: 'void java.lang.invoke.DirectMethodHandle$Holder.invokeSpecial(java.lang.Object, java.lang.Object, java.lang.Object)'> (0x0000000635d76570) 
thrown [src/hotspot/share/interpreter/linkResolver.cpp, line 772]
Event: 0.064 Thread 0x00007f24a002e790 Exception <a 'java/lang/NoSuchMethodError'{0x0000000635d887d0}: 'java.lang.Object java.lang.invoke.DirectMethodHandle$Holder.invokeStatic(java.lang.Object, java.lang.Object, int)'> (0x0000000635d887d0) 
thrown [src/hotspot/share/interpreter/linkResolver.cpp, line 772]
Event: 0.064 Thread 0x00007f24a002e790 Exception <a 'java/lang/NoSuchMethodError'{0x0000000635d94028}: 'void java.lang.invoke.DelegatingMethodHandle$Holder.delegate(java.lang.Object, java.lang.Object, int, java.lang.Object)'> (0x0000000635d94028) 
thrown [src/hotspot/share/interpreter/linkResolver.cpp, line 772]
Event: 0.064 Thread 0x00007f24a002e790 Exception <a 'java/lang/NoSuchMethodError'{0x0000000635d98020}: 'int java.lang.invoke.DirectMethodHandle$Holder.invokeSpecial(java.lang.Object, java.lang.Object, java.lang.Object)'> (0x0000000635d98020) 
thrown [src/hotspot/share/interpreter/linkResolver.cpp, line 772]
Event: 0.066 Thread 0x00007f24a002e790 Exception <a 'java/lang/NoSuchMethodError'{0x0000000635db2748}: 'void java.lang.System.loadLibrary(java.lang.String, java.lang.Class)'> (0x0000000635db2748) 
thrown [src/hotspot/share/interpreter/linkResolver.cpp, line 772]
Event: 0.095 Thread 0x00007f24a002e790 Exception <a 'java/lang/NoSuchMethodError'{0x0000000635ee0d60}: 'int java.lang.invoke.DirectMethodHandle$Holder.invokeStaticInit(java.lang.Object, java.lang.Object, int, long)'> (0x0000000635ee0d60) 
thrown [src/hotspot/share/interpreter/linkResolver.cpp, line 772]
Event: 0.096 Thread 0x00007f24a002e790 Exception <a 'java/lang/NoSuchMethodError'{0x0000000635ee5e88}: 'java.lang.Object java.lang.invoke.DirectMethodHandle$Holder.newInvokeSpecial(java.lang.Object, java.lang.Object, int)'> (0x0000000635ee5e88) 
thrown [src/hotspot/share/interpreter/linkResolver.cpp, line 772]
Event: 0.096 Thread 0x00007f24a002e790 Exception <a 'java/lang/NoSuchMethodError'{0x0000000635ef0360}: 'int java.lang.invoke.DirectMethodHandle$Holder.invokeStaticInit(java.lang.Object, java.lang.Object, long, long)'> (0x0000000635ef0360) 
thrown [src/hotspot/share/interpreter/linkResolver.cpp, line 772]
Event: 0.096 Thread 0x00007f24a002e790 Exception <a 'java/lang/NoSuchMethodError'{0x0000000635ef5e08}: 'java.lang.Object java.lang.invoke.DirectMethodHandle$Holder.newInvokeSpecial(java.lang.Object, java.lang.Object, long)'> (0x0000000635ef5e08) 
thrown [src/hotspot/share/interpreter/linkResolver.cpp, line 772]
Event: 0.096 Thread 0x00007f24a002e790 Exception <a 'java/lang/NoSuchMethodError'{0x0000000635ef9ec8}: 'java.lang.Object java.lang.invoke.Invokers$Holder.linkToTargetMethod(java.lang.Object, long, java.lang.Object)'> (0x0000000635ef9ec8) 
thrown [src/hotspot/share/interpreter/linkResolver.cpp, line 772]
Event: 0.097 Thread 0x00007f24a002e790 Exception <a 'java/lang/NoSuchMethodError'{0x0000000635f01110}: 'int java.lang.invoke.DirectMethodHandle$Holder.invokeStaticInit(java.lang.Object, java.lang.Object, java.lang.Object, long)'> (0x0000000635f01110) 
thrown [src/hotspot/share/interpreter/linkResolver.cpp, line 772]
Event: 0.114 Thread 0x00007f24a002e790 Exception <a 'java/lang/NoSuchMethodError'{0x0000000635844c88}: 'int java.lang.invoke.Invokers$Holder.invokeExact_MT(java.lang.Object, java.lang.Object)'> (0x0000000635844c88) 
thrown [src/hotspot/share/interpreter/linkResolver.cpp, line 772]
Event: 0.153 Thread 0x00007f24a002e790 Exception <a 'java/lang/NoSuchMethodError'{0x0000000635890f88}: 'java.lang.Object java.lang.invoke.DirectMethodHandle$Holder.invokeStaticInit(java.lang.Object, int)'> (0x0000000635890f88) 
thrown [src/hotspot/share/interpreter/linkResolver.cpp, line 772]
Event: 0.186 Thread 0x00007f24a002e790 Exception <a 'java/lang/NoSuchMethodError'{0x0000000635a22618}: 'java.lang.Object java.lang.invoke.DirectMethodHandle$Holder.newInvokeSpecial(java.lang.Object, long)'> (0x0000000635a22618) 
thrown [src/hotspot/share/interpreter/linkResolver.cpp, line 772]
Event: 0.243 Thread 0x00007f24a002e790 Exception <a 'java/lang/NoSuchMethodError'{0x00000006354b9738}: 'void java.lang.System.load(java.lang.String, java.lang.Class)'> (0x00000006354b9738) 
thrown [src/hotspot/share/interpreter/linkResolver.cpp, line 772]
Event: 0.244 Thread 0x00007f24a002e790 Exception <a 'java/lang/NoSuchMethodError'{0x00000006354bc168}: 'void java.lang.System.loadLibrary(java.lang.String, java.lang.Class)'> (0x00000006354bc168) 
thrown [src/hotspot/share/interpreter/linkResolver.cpp, line 772]
Event: 0.446 Thread 0x00007f24a002e790 Exception <a 'java/lang/NoSuchMethodError'{0x00000006360f4150}: 'void java.lang.invoke.Invokers$Holder.invokeExact_MT(java.lang.Object, java.lang.Object, java.lang.Object, java.lang.Object)'> (0x00000006360f4150) 
thrown [src/hotspot/share/interpreter/linkResolver.cpp, line 772]
Event: 0.449 Thread 0x00007f24a002e790 Exception <a 'java/lang/NoSuchMethodError'{0x000000063612d5f0}: 'float java.lang.invoke.DelegatingMethodHandle$Holder.reinvoke_L(java.lang.Object, java.lang.Object)'> (0x000000063612d5f0) 
thrown [src/hotspot/share/interpreter/linkResolver.cpp, line 772]
Event: 0.449 Thread 0x00007f24a002e790 Exception <a 'java/lang/NoSuchMethodError'{0x0000000636137718}: 'void java.lang.invoke.DelegatingMethodHandle$Holder.reinvoke_L(java.lang.Object, java.lang.Object, float)'> (0x0000000636137718) 
thrown [src/hotspot/share/interpreter/linkResolver.cpp, line 772]
Event: 3.171 Thread 0x00007f24a002e790 Implicit null exception at 0x00007f2490400a8e to 0x00007f2490400d70

ZGC Phase Switch (0 events):
No events

VM Operations (20 events):
Event: 0.051 Executing non-safepoint VM operation: HandshakeAllThreads (Deoptimize) done
Event: 0.063 Executing non-safepoint VM operation: HandshakeAllThreads (Deoptimize)
Event: 0.063 Executing non-safepoint VM operation: HandshakeAllThreads (Deoptimize) done
Event: 0.094 Executing non-safepoint VM operation: HandshakeAllThreads (Deoptimize)
Event: 0.094 Executing non-safepoint VM operation: HandshakeAllThreads (Deoptimize) done
Event: 0.337 Executing non-safepoint VM operation: HandshakeAllThreads (Deoptimize)
Event: 0.337 Executing non-safepoint VM operation: HandshakeAllThreads (Deoptimize) done
Event: 0.436 Executing safepoint VM operation: G1CollectForAllocation (G1 Evacuation Pause)
Event: 0.438 Executing safepoint VM operation: G1CollectForAllocation (G1 Evacuation Pause) done
Event: 0.444 Executing non-safepoint VM operation: HandshakeAllThreads (Deoptimize)
Event: 0.444 Executing non-safepoint VM operation: HandshakeAllThreads (Deoptimize) done
Event: 1.444 Executing safepoint VM operation: Cleanup
Event: 1.444 Executing safepoint VM operation: Cleanup done
Event: 2.444 Executing safepoint VM operation: Cleanup
Event: 2.444 Executing safepoint VM operation: Cleanup done
Event: 3.444 Executing safepoint VM operation: Cleanup
Event: 3.444 Executing safepoint VM operation: Cleanup done
Event: 6.444 Executing safepoint VM operation: Cleanup
Event: 6.445 Executing safepoint VM operation: Cleanup done
Event: 6.613 Executing safepoint VM operation: Exit

Memory protections (16 events):
Event: 0.002 Protecting memory [0x00007f24a704d000,0x00007f24a7051000] with protection modes 0
Event: 0.014 Protecting memory [0x00007f2471879000,0x00007f247187d000] with protection modes 0
Event: 0.015 Protecting memory [0x00007f2471779000,0x00007f247177d000] with protection modes 0
Event: 0.015 Protecting memory [0x00007f2471679000,0x00007f247167d000] with protection modes 0
Event: 0.015 Protecting memory [0x00007f2471579000,0x00007f247157d000] with protection modes 0
Event: 0.015 Protecting memory [0x00007f2471479000,0x00007f247147d000] with protection modes 0
Event: 0.015 Protecting memory [0x00007f2471379000,0x00007f247137d000] with protection modes 0
Event: 0.015 Protecting memory [0x00007f2471279000,0x00007f247127d000] with protection modes 0
Event: 0.021 Protecting memory [0x00007f24710a9000,0x00007f24710ad000] with protection modes 0
Event: 0.023 Protecting memory [0x00007f2470fa9000,0x00007f2470fad000] with protection modes 0
Event: 0.023 Protecting memory [0x00007f2470ea9000,0x00007f2470ead000] with protection modes 0
Event: 0.113 Protecting memory [0x00007f2470657000,0x00007f247065b000] with protection modes 0
Event: 0.113 Protecting memory [0x00007f2470100000,0x00007f2470104000] with protection modes 0
Event: 0.191 Protecting memory [0x00007f241c0bf000,0x00007f241c0c3000] with protection modes 0
Event: 0.332 Protecting memory [0x00007f2399ead000,0x00007f2399eb1000] with protection modes 0
Event: 6.611 Protecting memory [0x00007f24710a9000,0x00007f24710ad000] with protection modes 0

Nmethod flushes (0 events):
No events

Events (20 events):
Event: 0.010 Thread 0x00007f24a002e790 Thread added: 0x00007f24a002e790
Event: 0.014 Thread 0x00007f24a002e790 Thread added: 0x00007f24a0141840
Event: 0.015 Thread 0x00007f24a002e790 Thread added: 0x00007f24a0142db0
Event: 0.015 Thread 0x00007f24a002e790 Thread added: 0x00007f24a0144580
Event: 0.015 Thread 0x00007f24a002e790 Thread added: 0x00007f24a0145bc0
Event: 0.015 Thread 0x00007f24a002e790 Thread added: 0x00007f24a0147160
Event: 0.015 Thread 0x00007f24a002e790 Thread added: 0x00007f24a0148d20
Event: 0.015 Thread 0x00007f24a002e790 Thread added: 0x00007f24a014a3e0
Event: 0.021 Thread 0x00007f24a014a3e0 Thread added: 0x00007f23f003cc20
Event: 0.023 Thread 0x00007f24a002e790 Thread added: 0x00007f24a01831d0
Event: 0.023 Thread 0x00007f24a002e790 Thread added: 0x00007f24a0186240
Event: 0.113 Thread 0x00007f23f003cc20 Thread added: 0x00007f23e4144610
Event: 0.113 Thread 0x00007f23f003cc20 Thread added: 0x00007f23e4145910
Event: 0.191 Thread 0x00007f24a002e790 Thread added: 0x00007f24a09bb4b0
Event: 0.332 Thread 0x00007f24a002e790 Thread added: 0x00007f24a2fc21b0
Event: 4.302 Thread 0x00007f23e4145910 Thread exited: 0x00007f23e4145910
Event: 5.001 Thread 0x00007f23e4144610 Thread exited: 0x00007f23e4144610
Event: 5.775 Thread 0x00007f23f003cc20 Thread exited: 0x00007f23f003cc20
Event: 6.611 Thread 0x00007f24a0144580 Thread added: 0x00007f2400001080
Event: 6.613 Thread 0x00007f2400001080 Before exit entered


Dynamic libraries:
617800000-636400000 rw-p 00000000 00:00 0 
636400000-7ffc00000 ---p 00000000 00:00 0 
7ffc00000-7ffd0d000 rw-p 00cdc000 00:49 7160503                          /usr/lib/jvm/java-21-openjdk/lib/server/classes.jsa
7ffd0d000-800000000 rw-p 00000000 00:00 0 
560993031000-560993032000 r-xp 00000000 00:49 7160208                    /usr/lib/jvm/java-21-openjdk/bin/java
560993032000-560993033000 r--p 00001000 00:49 7160208                    /usr/lib/jvm/java-21-openjdk/bin/java
560993033000-560993034000 r--p 00001000 00:49 7160208                    /usr/lib/jvm/java-21-openjdk/bin/java
560993034000-560993035000 rw-p 00002000 00:49 7160208                    /usr/lib/jvm/java-21-openjdk/bin/java
5609ac559000-5609ac585000 rw-p 00000000 00:00 0                          [heap]
7f2363600000-7f2364000000 rwxp 00000000 00:00 0 
7f2364000000-7f2364021000 rw-p 00000000 00:00 0 
7f2364021000-7f2368000000 ---p 00000000 00:00 0 
7f2368000000-7f2368021000 rw-p 00000000 00:00 0 
7f2368021000-7f236c000000 ---p 00000000 00:00 0 
7f236c000000-7f236c021000 rw-p 00000000 00:00 0 
7f236c021000-7f2370000000 ---p 00000000 00:00 0 
7f2370000000-7f2370021000 rw-p 00000000 00:00 0 
7f2370021000-7f2374000000 ---p 00000000 00:00 0 
7f2374000000-7f2374021000 rw-p 00000000 00:00 0 
7f2374021000-7f2378000000 ---p 00000000 00:00 0 
7f2378000000-7f2378021000 rw-p 00000000 00:00 0 
7f2378021000-7f237c000000 ---p 00000000 00:00 0 
7f237c000000-7f237c021000 rw-p 00000000 00:00 0 
7f237c021000-7f2380000000 ---p 00000000 00:00 0 
7f2380000000-7f2380021000 rw-p 00000000 00:00 0 
7f2380021000-7f2384000000 ---p 00000000 00:00 0 
7f2384000000-7f2384021000 rw-p 00000000 00:00 0 
7f2384021000-7f2388000000 ---p 00000000 00:00 0 
7f2388000000-7f2388021000 rw-p 00000000 00:00 0 
7f2388021000-7f238c000000 ---p 00000000 00:00 0 
7f238c000000-7f238c021000 rw-p 00000000 00:00 0 
7f238c021000-7f2390000000 ---p 00000000 00:00 0 
7f2390000000-7f23909e5000 rw-p 00000000 00:00 0 
7f23909e5000-7f2394000000 ---p 00000000 00:00 0 
7f2394000000-7f2394073000 rw-p 00000000 00:00 0 
7f2394073000-7f2398000000 ---p 00000000 00:00 0 
7f2398a16000-7f2398cb9000 rw-s 00000000 00:01 24558                      /memfd:mesa-shared (deleted)
7f2398cb9000-7f23996c3000 rw-p 00000000 00:00 0 
7f23996c3000-7f2399ead000 rw-p 00000000 00:00 0 
7f2399ead000-7f2399eb1000 ---p 00000000 00:00 0 
7f2399eb1000-7f2399fad000 rw-p 00000000 00:00 0 
7f2399fad000-7f2399fee000 rw-p 00000000 00:00 0 
7f2399fee000-7f239a089000 r--p 00000000 00:27 257824                     /usr/local/share/fonts/google-noto/NotoSans-Bold.ttf
7f239a089000-7f239a124000 r--p 00000000 00:27 257824                     /usr/local/share/fonts/google-noto/NotoSans-Bold.ttf
7f239a124000-7f239a126000 r--s 00000000 00:23 12865309                   /home/bazzite/.cache/fontconfig/6b60f0e179979a2c9a4d5c4f7eefb67f-le64.cache-9
7f239a126000-7f239a143000 r--s 00000000 00:49 3822094                    /usr/lib/fontconfig/cache/123d59b33ddb0e7c76bb24004bd5cfac-le64.cache-9
7f239a143000-7f239a14c000 r--s 00000000 00:49 3822092                    /usr/lib/fontconfig/cache/6ee3103884cce7b2fe6f32eba9089175-le64.cache-9
7f239a14c000-7f239a1ae000 r--s 00000000 00:49 1082864                    /usr/lib/fontconfig/cache/b57f9a2bb32865a9d06aed058fcf9161-le64.cache-9
7f239a1ae000-7f239a9af000 rw-p 00000000 00:00 0 
7f239aa18000-7f239acbb000 rw-s 00000000 00:01 22368                      /memfd:mesa-shared (deleted)
7f239acbb000-7f239b0de000 rw-p 00000000 00:00 0 
7f239b0de000-7f23ab0fe000 rw-p 00000000 00:00 0 
7f23ab0fe000-7f23aeef5000 r--p 00000000 00:49 7154802                    /usr/lib64/libLLVM.so.21.1
7f23aeef5000-7f23b377e000 r-xp 03df6000 00:49 7154802                    /usr/lib64/libLLVM.so.21.1
7f23b377e000-7f23b398a000 r--p 0867e000 00:49 7154802                    /usr/lib64/libLLVM.so.21.1
7f23b398a000-7f23b39cf000 rw-p 08889000 00:49 7154802                    /usr/lib64/libLLVM.so.21.1
7f23b39cf000-7f23b3a74000 rw-p 00000000 00:00 0 
7f23b3a74000-7f23b3d1f000 r--p 00000000 00:27 30957                      /usr/lib64/libnvidia-gpucomp.so.580.159.04
7f23b3d1f000-7f23b6e0d000 r-xp 002ab000 00:27 30957                      /usr/lib64/libnvidia-gpucomp.so.580.159.04
7f23b6e0d000-7f23b7c7d000 r--p 03399000 00:27 30957                      /usr/lib64/libnvidia-gpucomp.so.580.159.04
7f23b7c7d000-7f23b7c7e000 ---p 04209000 00:27 30957                      /usr/lib64/libnvidia-gpucomp.so.580.159.04
7f23b7c7e000-7f23b7e55000 r--p 04209000 00:27 30957                      /usr/lib64/libnvidia-gpucomp.so.580.159.04
7f23b7e55000-7f23b7f60000 rw-p 043e0000 00:27 30957                      /usr/lib64/libnvidia-gpucomp.so.580.159.04
7f23b7f60000-7f23b8021000 rw-p 00000000 00:00 0 
7f23b8021000-7f23bc000000 ---p 00000000 00:00 0 
7f23bc000000-7f23bc001000 r--s 00000000 00:23 7387248                    /home/bazzite/.cache/fontconfig/d7a569af8e223acb75bc30910d7ef9ed-le64.cache-9
7f23bc001000-7f23bc002000 r--s 00000000 00:23 7387197                    /home/bazzite/.cache/fontconfig/fc75e9a4611ba4d5d1230dbca349abc2-le64.cache-9
7f23bc002000-7f23bc003000 r--s 00000000 00:23 12299779                   /home/bazzite/.cache/fontconfig/23ea6065a6d55ece5eb71d63bc4c9c7d-le64.cache-9
7f23bc003000-7f23bc008000 r--s 00000000 00:49 1082902                    /usr/lib/fontconfig/cache/d63f98f14a274bd69a5425fc33aaac6b-le64.cache-9
7f23bc008000-7f23bc011000 r--s 00000000 00:49 1085967                    /usr/lib/fontconfig/cache/6cdba951d5a16891afaaf2fee13e80e7-le64.cache-9
7f23bc011000-7f23bc014000 r--s 00000000 00:49 1085965                    /usr/lib/fontconfig/cache/feeafda3627faad7596d025cfacea73f-le64.cache-9
7f23bc014000-7f23bc017000 r--s 00000000 00:49 1082900                    /usr/lib/fontconfig/cache/18f520a508f13854f77176faf7889ae9-le64.cache-9
7f23bc017000-7f23bc01c000 r--s 00000000 00:49 1082896                    /usr/lib/fontconfig/cache/6ec93c29005712963aaa22af1809da14-le64.cache-9
7f23bc01c000-7f23bc039000 r--s 00000000 00:49 1082894                    /usr/lib/fontconfig/cache/876d1e5ed346defde032494815bfb839-le64.cache-9
7f23bc039000-7f23bc03a000 r--s 00000000 00:49 1082892                    /usr/lib/fontconfig/cache/33c6bbd909a8f10851a4056c73c86d5d-le64.cache-9
7f23bc03a000-7f23bc03f000 r--s 00000000 00:49 1082890                    /usr/lib/fontconfig/cache/c7ea5600018b5457f90a75a411dca181-le64.cache-9
7f23bc03f000-7f23bc040000 r--s 00000000 00:49 1082888                    /usr/lib/fontconfig/cache/d6ea941674ae40559d2ff3d3b7033dc5-le64.cache-9
7f23bc040000-7f23bc042000 r--s 00000000 00:49 1082886                    /usr/lib/fontconfig/cache/ffb01ab76ea797771fc7a567b58060b1-le64.cache-9
7f23bc042000-7f23bc043000 r--s 00000000 00:49 1082884                    /usr/lib/fontconfig/cache/e0ab052bd3d44540ac0679a31c37147f-le64.cache-9
7f23bc043000-7f23bc045000 r--s 00000000 00:49 1082882                    /usr/lib/fontconfig/cache/d08f6a95540f65647c5ddb26bc5ee44f-le64.cache-9
7f23bc045000-7f23bc04a000 r--s 00000000 00:49 1082880                    /usr/lib/fontconfig/cache/c49556cff7e1a89b25831daeff5ebdc9-le64.cache-9
7f23bc04a000-7f23bc04c000 r--s 00000000 00:49 1082878                    /usr/lib/fontconfig/cache/8705ab89d754816d59fecae72f983cbb-le64.cache-9
7f23bc04c000-7f23bc04d000 r--s 00000000 00:49 1082876                    /usr/lib/fontconfig/cache/e1d7114fade3104855b784d52043788b-le64.cache-9
7f23bc04d000-7f23bc050000 r--s 00000000 00:49 1082874                    /usr/lib/fontconfig/cache/9df9a62f46596efacd17df59faea9e12-le64.cache-9
7f23bc050000-7f23bc052000 r--s 00000000 00:49 1082872                    /usr/lib/fontconfig/cache/81f440aff8695e62538f4d4aa4dda1b9-le64.cache-9
7f23bc052000-7f23bc05b000 r--s 00000000 00:49 1082868                    /usr/lib/fontconfig/cache/2c94c36db93ab6a338646c01dbecb342-le64.cache-9
7f23bc05b000-7f23bc06e000 r--s 00000000 00:49 1082862                    /usr/lib/fontconfig/cache/225b3e7a21154b8bedfc9509e8cccdc5-le64.cache-9
7f23bc06e000-7f23bc079000 r--s 00000000 00:49 1082860                    /usr/lib/fontconfig/cache/614ccbc80639b3a6f43af8bfce0af87e-le64.cache-9
7f23bc079000-7f23bc091000 r--s 00000000 00:49 1082858                    /usr/lib/fontconfig/cache/1f8920c8d92ca109b30bca641140eeb4-le64.cache-9
7f23bc091000-7f23bc0eb000 r--s 00000000 00:49 1082852                    /usr/lib/fontconfig/cache/b73e02d9d19db59b33300e44f1f51e49-le64.cache-9
7f23bc0eb000-7f23bc0f4000 r--s 00000000 00:49 1082850                    /usr/lib/fontconfig/cache/27ae899a46ebbb03076b2733a727ba91-le64.cache-9
7f23bc0f4000-7f23bc109000 r-xp 00000000 00:38 2567                       /tmp/lwjgl_bazzite/3.4.1+2/x64/liblwjgl_opengl.so
7f23bc109000-7f23bc14c000 r--p 00015000 00:38 2567                       /tmp/lwjgl_bazzite/3.4.1+2/x64/liblwjgl_opengl.so
7f23bc14c000-7f23bc14d000 r--p 00057000 00:38 2567                       /tmp/lwjgl_bazzite/3.4.1+2/x64/liblwjgl_opengl.so
7f23bc14d000-7f23bc14e000 rw-p 00058000 00:38 2567                       /tmp/lwjgl_bazzite/3.4.1+2/x64/liblwjgl_opengl.so
7f23bc14e000-7f23bc3f1000 rw-s 00000000 00:01 25458                      /memfd:mesa-shared (deleted)
7f23bc3f1000-7f23bc503000 rw-p 00000000 00:00 0 
7f23bc503000-7f23be275000 r-xp 00000000 00:49 7154882                    /usr/lib64/libgallium-25.3.6.so
7f23be275000-7f23bf38e000 r--p 01d72000 00:49 7154882                    /usr/lib64/libgallium-25.3.6.so
7f23bf38e000-7f23bf4e5000 r--p 02e8b000 00:49 7154882                    /usr/lib64/libgallium-25.3.6.so
7f23bf4e5000-7f23bf513000 rw-p 02fe2000 00:49 7154882                    /usr/lib64/libgallium-25.3.6.so
7f23bf513000-7f23c007e000 rw-p 00000000 00:00 0 
7f23c007e000-7f23c4000000 ---p 00000000 00:00 0 
7f23c4000000-7f23c4087000 rw-p 00000000 00:00 0 
7f23c4087000-7f23c8000000 ---p 00000000 00:00 0 
7f23c8000000-7f23c8002000 r--s 00000000 00:49 1082870                    /usr/lib/fontconfig/cache/9ba4c59e0897ff97e9ff83765e36aba0-le64.cache-9
7f23c8002000-7f23c8003000 r--s 00000000 00:49 1082866                    /usr/lib/fontconfig/cache/149e020e1ffa29da6638c239e39df2a6-le64.cache-9
7f23c8003000-7f23c8004000 r--s 00000000 00:49 1082856                    /usr/lib/fontconfig/cache/b5adcb31ec90862990a73c9baa385b38-le64.cache-9
7f23c8004000-7f23c8005000 r--s 00000000 00:49 1082854                    /usr/lib/fontconfig/cache/e7c90c5d6650b542ec5033b04921fa77-le64.cache-9
7f23c8005000-7f23c8009000 r--s 00000000 00:49 1082846                    /usr/lib/fontconfig/cache/44d36ec332e97361f14b43118a6bb4fa-le64.cache-9
7f23c8009000-7f23c8012000 r--s 00000000 00:49 1082842                    /usr/lib/fontconfig/cache/fc4098c50360d5dff771e984a783ba6f-le64.cache-9
7f23c8012000-7f23c8015000 r--s 00000000 00:49 1082840                    /usr/lib/fontconfig/cache/f068ed1aed4cb4b8fd15a017c476fecc-le64.cache-9
7f23c8015000-7f23c801a000 r--s 00000000 00:49 1083501                    /usr/lib/fontconfig/cache/beeeeb3dfe132a8a0633a017c99ce0c0-le64.cache-9
7f23c801b000-7f23c801c000 r--p 00000000 00:00 0 
7f23c801c000-7f23c801d000 r-xp 00000000 00:00 0 
7f23c801d000-7f23c801e000 r--p 00000000 00:00 0 
7f23c801e000-7f23c801f000 r-xp 00000000 00:00 0 
7f23c801f000-7f23c8020000 rw-p 00000000 00:00 0 
7f23c8020000-7f23c8021000 r--p 00000000 00:00 0 
7f23c8021000-7f23c8022000 r-xp 00000000 00:00 0 
7f23c8022000-7f23c8023000 r--p 00000000 00:00 0 
7f23c8023000-7f23c8024000 r-xp 00000000 00:00 0 
7f23c8024000-7f23c8025000 rw-p 00000000 00:00 0 
7f23c8025000-7f23c8026000 r--p 00000000 00:00 0 
7f23c8026000-7f23c8027000 r-xp 00000000 00:00 0 
7f23c8027000-7f23c8028000 rw-p 00000000 00:00 0 
7f23c8028000-7f23c8029000 r--p 00000000 00:00 0 
7f23c8029000-7f23c802a000 r-xp 00000000 00:00 0 
7f23c802a000-7f23c802b000 r--p 00000000 00:00 0 
7f23c802b000-7f23c802c000 r-xp 00000000 00:00 0 
7f23c802c000-7f23c802d000 r--p 00000000 00:00 0 
7f23c802d000-7f23c802e000 r-xp 00000000 00:00 0 
7f23c802e000-7f23c802f000 rw-p 00000000 00:00 0 
7f23c802f000-7f23c8030000 r--p 00000000 00:00 0 
7f23c8030000-7f23c8031000 r-xp 00000000 00:00 0 
7f23c8031000-7f23c80bd000 rw-p 00000000 00:00 0 
7f23c80bd000-7f23c81fe000 rw-s 00000000 00:23 5884                       /home/bazzite/.cache/mesa_shader_cache/index
7f23c81fe000-7f23c8213000 r-xp 00000000 00:49 590540                     /usr/lib64/libtinfo.so.6.5
7f23c8213000-7f23c8226000 r--p 00015000 00:49 590540                     /usr/lib64/libtinfo.so.6.5
7f23c8226000-7f23c822a000 r--p 00028000 00:49 590540                     /usr/lib64/libtinfo.so.6.5
7f23c822a000-7f23c822b000 rw-p 0002c000 00:49 590540                     /usr/lib64/libtinfo.so.6.5
7f23c822b000-7f23c8230000 r-xp 00000000 00:49 1067372                    /usr/lib64/libpciaccess.so.0.11.1
7f23c8230000-7f23c8233000 r--p 00005000 00:49 1067372                    /usr/lib64/libpciaccess.so.0.11.1
7f23c8233000-7f23c8234000 r--p 00008000 00:49 1067372                    /usr/lib64/libpciaccess.so.0.11.1
7f23c8234000-7f23c8235000 rw-p 00000000 00:00 0 
7f23c8235000-7f23c8257000 r-xp 00000000 00:49 1066457                    /usr/lib64/libedit.so.0.0.76
7f23c8257000-7f23c8269000 r--p 00022000 00:49 1066457                    /usr/lib64/libedit.so.0.0.76
7f23c8269000-7f23c826b000 r--p 00034000 00:49 1066457                    /usr/lib64/libedit.so.0.0.76
7f23c826b000-7f23c826c000 rw-p 00036000 00:49 1066457                    /usr/lib64/libedit.so.0.0.76
7f23c826c000-7f23c826f000 rw-p 00000000 00:00 0 
7f23c826f000-7f23c8287000 r-xp 00000000 00:49 7151765                    /usr/lib64/libdrm_intel.so.1.131.0
7f23c8287000-7f23c8293000 r--p 00018000 00:49 7151765                    /usr/lib64/libdrm_intel.so.1.131.0
7f23c8293000-7f23c8294000 r--p 00023000 00:49 7151765                    /usr/lib64/libdrm_intel.so.1.131.0
7f23c8294000-7f23c8295000 rw-p 00024000 00:49 7151765                    /usr/lib64/libdrm_intel.so.1.131.0
7f23c8295000-7f23c82a9000 r-xp 00000000 00:49 7151795                    /usr/lib64/libelf-0.195.so
7f23c82a9000-7f23c82b0000 r--p 00014000 00:49 7151795                    /usr/lib64/libelf-0.195.so
7f23c82b0000-7f23c82b1000 r--p 0001a000 00:49 7151795                    /usr/lib64/libelf-0.195.so
7f23c82b1000-7f23c82b2000 rw-p 00000000 00:00 0 
7f23c82b2000-7f23c82b9000 r-xp 00000000 00:49 7151763                    /usr/lib64/libdrm_amdgpu.so.1.131.0
7f23c82b9000-7f23c82be000 r--p 00007000 00:49 7151763                    /usr/lib64/libdrm_amdgpu.so.1.131.0
7f23c82be000-7f23c82bf000 r--p 0000b000 00:49 7151763                    /usr/lib64/libdrm_amdgpu.so.1.131.0
7f23c82bf000-7f23c82c0000 rw-p 00000000 00:00 0 
7f23c82c0000-7f23c82c1000 r-xp 00000000 00:49 1066452                    /usr/lib64/libxshmfence.so.1.0.0
7f23c82c1000-7f23c82c2000 r--p 00001000 00:49 1066452                    /usr/lib64/libxshmfence.so.1.0.0
7f23c82c2000-7f23c82c3000 r--p 00001000 00:49 1066452                    /usr/lib64/libxshmfence.so.1.0.0
7f23c82c3000-7f23c82c4000 rw-p 00002000 00:49 1066452                    /usr/lib64/libxshmfence.so.1.0.0
7f23c82c4000-7f23c82c7000 r-xp 00000000 00:49 1066406                    /usr/lib64/libxcb-sync.so.1.0.0
7f23c82c7000-7f23c82ca000 r--p 00003000 00:49 1066406                    /usr/lib64/libxcb-sync.so.1.0.0
7f23c82ca000-7f23c82cb000 r--p 00006000 00:49 1066406                    /usr/lib64/libxcb-sync.so.1.0.0
7f23c82cb000-7f23c82cc000 rw-p 00007000 00:49 1066406                    /usr/lib64/libxcb-sync.so.1.0.0
7f23c82cc000-7f23c82d4000 r-xp 00000000 00:49 1066638                    /usr/lib64/libsensors.so.4.5.0
7f23c82d4000-7f23c82d9000 r--p 00008000 00:49 1066638                    /usr/lib64/libsensors.so.4.5.0
7f23c82d9000-7f23c82da000 r--p 0000d000 00:49 1066638                    /usr/lib64/libsensors.so.4.5.0
7f23c82da000-7f23c82db000 rw-p 0000e000 00:49 1066638                    /usr/lib64/libsensors.so.4.5.0
7f23c82db000-7f23c83de000 r-xp 00000000 00:49 7151966                    /usr/lib64/libSPIRV-Tools.so
7f23c83de000-7f23c846d000 r--p 00103000 00:49 7151966                    /usr/lib64/libSPIRV-Tools.so
7f23c846d000-7f23c8470000 r--p 00192000 00:49 7151966                    /usr/lib64/libSPIRV-Tools.so
7f23c8470000-7f23c8471000 rw-p 00195000 00:49 7151966                    /usr/lib64/libSPIRV-Tools.so
7f23c8471000-7f23c8521000 r-xp 00000000 00:49 590585                     /usr/lib64/libzstd.so.1.5.7
7f23c8521000-7f23c8532000 r--p 000b0000 00:49 590585                     /usr/lib64/libzstd.so.1.5.7
7f23c8532000-7f23c8533000 r--p 000c0000 00:49 590585                     /usr/lib64/libzstd.so.1.5.7
7f23c8533000-7f23c8534000 rw-p 00000000 00:00 0 
7f23c8534000-7f23c8535000 r-xp 00000000 00:49 1066390                    /usr/lib64/libxcb-present.so.0.0.0
7f23c8535000-7f23c8537000 r--p 00001000 00:49 1066390                    /usr/lib64/libxcb-present.so.0.0.0
7f23c8537000-7f23c8538000 r--p 00002000 00:49 1066390                    /usr/lib64/libxcb-present.so.0.0.0
7f23c8538000-7f23c8539000 rw-p 00003000 00:49 1066390                    /usr/lib64/libxcb-present.so.0.0.0
7f23c8539000-7f23c853b000 r-xp 00000000 00:49 1066386                    /usr/lib64/libxcb-dri3.so.0.1.0
7f23c853b000-7f23c853d000 r--p 00002000 00:49 1066386                    /usr/lib64/libxcb-dri3.so.0.1.0
7f23c853d000-7f23c853e000 r--p 00004000 00:49 1066386                    /usr/lib64/libxcb-dri3.so.0.1.0
7f23c853e000-7f23c853f000 rw-p 00005000 00:49 1066386                    /usr/lib64/libxcb-dri3.so.0.1.0
7f23c853f000-7f23c8567000 r-xp 00000000 00:49 7173565                    /usr/lib64/libEGL_mesa.so.0.0.0
7f23c8567000-7f23c857e000 r--p 00028000 00:49 7173565                    /usr/lib64/libEGL_mesa.so.0.0.0
7f23c857e000-7f23c858a000 r--p 0003f000 00:49 7173565                    /usr/lib64/libEGL_mesa.so.0.0.0
7f23c858a000-7f23c858b000 rw-p 0004b000 00:49 7173565                    /usr/lib64/libEGL_mesa.so.0.0.0
7f23c858b000-7f23c85d6000 rw-p 00000000 00:00 0 
7f23c85d6000-7f23c8818000 r--p 00000000 00:27 30918                      /usr/lib64/libnvidia-eglcore.so.580.159.04
7f23c8818000-7f23c94dc000 r-xp 00242000 00:27 30918                      /usr/lib64/libnvidia-eglcore.so.580.159.04
7f23c94dc000-7f23ca57e000 r--p 00f06000 00:27 30918                      /usr/lib64/libnvidia-eglcore.so.580.159.04
7f23ca57e000-7f23ca57f000 ---p 01fa8000 00:27 30918                      /usr/lib64/libnvidia-eglcore.so.580.159.04
7f23ca57f000-7f23ca6f7000 r--p 01fa8000 00:27 30918                      /usr/lib64/libnvidia-eglcore.so.580.159.04
7f23ca6f7000-7f23ca74b000 rw-p 02120000 00:27 30918                      /usr/lib64/libnvidia-eglcore.so.580.159.04
7f23ca74b000-7f23ca761000 rw-p 00000000 00:00 0 
7f23ca761000-7f23ca771000 r--p 00000000 00:27 30947                      /usr/lib64/libnvidia-glsi.so.580.159.04
7f23ca771000-7f23ca7d1000 r-xp 00010000 00:27 30947                      /usr/lib64/libnvidia-glsi.so.580.159.04
7f23ca7d1000-7f23ca7ee000 r--p 00070000 00:27 30947                      /usr/lib64/libnvidia-glsi.so.580.159.04
7f23ca7ee000-7f23ca7f4000 r--p 0008c000 00:27 30947                      /usr/lib64/libnvidia-glsi.so.580.159.04
7f23ca7f4000-7f23ca7f5000 rw-p 00092000 00:27 30947                      /usr/lib64/libnvidia-glsi.so.580.159.04
7f23ca7f5000-7f23ca7fd000 rw-p 00000000 00:00 0 
7f23ca7fd000-7f23cc000000 rw-p 00000000 00:00 0 
7f23cc000000-7f23cc022000 rw-p 00000000 00:00 0 
7f23cc022000-7f23d0000000 ---p 00000000 00:00 0 
7f23d0000000-7f23d0021000 rw-p 00000000 00:00 0 
7f23d0021000-7f23d4000000 ---p 00000000 00:00 0 
7f23d4000000-7f23d405a000 rw-p 00000000 00:00 0 
7f23d405a000-7f23d8000000 ---p 00000000 00:00 0 
7f23d8000000-7f23d8021000 rw-p 00000000 00:00 0 
7f23d8021000-7f23dc000000 ---p 00000000 00:00 0 
7f23dc000000-7f23dc021000 rw-p 00000000 00:00 0 
7f23dc021000-7f23e0000000 ---p 00000000 00:00 0 
7f23e0000000-7f23e006c000 rw-p 00000000 00:00 0 
7f23e006c000-7f23e4000000 ---p 00000000 00:00 0 
7f23e4000000-7f23e42b5000 rw-p 00000000 00:00 0 
7f23e42b5000-7f23e8000000 ---p 00000000 00:00 0 
7f23e8000000-7f23e8021000 rw-p 00000000 00:00 0 
7f23e8021000-7f23ec000000 ---p 00000000 00:00 0 
7f23ec000000-7f23ec311000 rw-p 00000000 00:00 0 
7f23ec311000-7f23f0000000 ---p 00000000 00:00 0 
7f23f0000000-7f23f0155000 rw-p 00000000 00:00 0 
7f23f0155000-7f23f4000000 ---p 00000000 00:00 0 
7f23f4000000-7f23f4021000 rw-p 00000000 00:00 0 
7f23f4021000-7f23f8000000 ---p 00000000 00:00 0 
7f23f8000000-7f23f8021000 rw-p 00000000 00:00 0 
7f23f8021000-7f23fc000000 ---p 00000000 00:00 0 
7f23fc000000-7f23fc021000 rw-p 00000000 00:00 0 
7f23fc021000-7f2400000000 ---p 00000000 00:00 0 
7f2400000000-7f2400021000 rw-p 00000000 00:00 0 
7f2400021000-7f2404000000 ---p 00000000 00:00 0 
7f2404000000-7f2404021000 rw-p 00000000 00:00 0 
7f2404021000-7f2408000000 ---p 00000000 00:00 0 
7f2408000000-7f2408003000 r--s 00000000 00:49 1082838                    /usr/lib/fontconfig/cache/c8fe155264990cf0dc8a423973091113-le64.cache-9
7f2408003000-7f2408006000 r-xp 00000000 00:49 1066410                    /usr/lib64/libxcb-xfixes.so.0.0.0
7f2408006000-7f240800a000 r--p 00003000 00:49 1066410                    /usr/lib64/libxcb-xfixes.so.0.0.0
7f240800a000-7f240800b000 r--p 00007000 00:49 1066410                    /usr/lib64/libxcb-xfixes.so.0.0.0
7f240800b000-7f240800c000 rw-p 00008000 00:49 1066410                    /usr/lib64/libxcb-xfixes.so.0.0.0
7f240800c000-7f2408012000 r-xp 00000000 00:49 1066392                    /usr/lib64/libxcb-randr.so.0.1.0
7f2408012000-7f240801c000 r--p 00006000 00:49 1066392                    /usr/lib64/libxcb-randr.so.0.1.0
7f240801c000-7f240801d000 r--p 00010000 00:49 1066392                    /usr/lib64/libxcb-randr.so.0.1.0
7f240801d000-7f240801e000 rw-p 00011000 00:49 1066392                    /usr/lib64/libxcb-randr.so.0.1.0
7f240801e000-7f240803c000 r-xp 00000000 00:49 1066326                    /usr/lib64/libexpat.so.1.11.1
7f240803c000-7f2408046000 r--p 0001e000 00:49 1066326                    /usr/lib64/libexpat.so.1.11.1
7f2408046000-7f2408048000 r--p 00027000 00:49 1066326                    /usr/lib64/libexpat.so.1.11.1
7f2408048000-7f2408049000 rw-p 00000000 00:00 0 
7f2408049000-7f240807d000 r--p 00000000 00:27 21359                      /usr/lib64/libEGL_nvidia.so.0
7f240807d000-7f2408114000 r-xp 00034000 00:27 21359                      /usr/lib64/libEGL_nvidia.so.0
7f2408114000-7f2408168000 r--p 000cb000 00:27 21359                      /usr/lib64/libEGL_nvidia.so.0
7f2408168000-7f2408169000 ---p 0011f000 00:27 21359                      /usr/lib64/libEGL_nvidia.so.0
7f2408169000-7f2408171000 r--p 0011f000 00:27 21359                      /usr/lib64/libEGL_nvidia.so.0
7f2408171000-7f2408187000 rw-p 00127000 00:27 21359                      /usr/lib64/libEGL_nvidia.so.0
7f2408187000-7f240818c000 rw-p 00000000 00:00 0 
7f240818c000-7f240a190000 rw-p 00000000 00:00 0 
7f240a190000-7f2418000000 r--p 00000000 00:49 7173786                    /usr/lib/locale/locale-archive
7f2418000000-7f2418021000 rw-p 00000000 00:00 0 
7f2418021000-7f241c000000 ---p 00000000 00:00 0 
7f241c000000-7f241c001000 r-xp 00000000 00:49 7151793                    /usr/lib64/libX11-xcb.so.1.0.0
7f241c001000-7f241c002000 r--p 00001000 00:49 7151793                    /usr/lib64/libX11-xcb.so.1.0.0
7f241c002000-7f241c003000 r--p 00001000 00:49 7151793                    /usr/lib64/libX11-xcb.so.1.0.0
7f241c003000-7f241c004000 rw-p 00000000 00:00 0 
7f241c004000-7f241c005000 r--s 00000000 00:49 1082848                    /usr/lib/fontconfig/cache/a5f2dcfa2bf6574e3790e0d984f4cd62-le64.cache-9
7f241c005000-7f241c008000 r--s 00000000 00:49 1082836                    /usr/lib/fontconfig/cache/61ea0c41d2b57119f60ea7e4839106cf-le64.cache-9
7f241c008000-7f241c009000 r--p 00000000 00:00 0 
7f241c009000-7f241c00a000 r-xp 00000000 00:00 0 
7f241c00a000-7f241c00b000 r--p 00000000 00:00 0 
7f241c00b000-7f241c00c000 r-xp 00000000 00:00 0 
7f241c00c000-7f241c00d000 r--p 00000000 00:00 0 
7f241c00d000-7f241c00e000 r-xp 00000000 00:00 0 
7f241c00e000-7f241c00f000 r--p 00000000 00:00 0 
7f241c00f000-7f241c018000 rw-s 00008000 00:01 11079                      /memfd:pipewire-memfd:flags=0x0000000f,type=2,size=65664 (deleted)
7f241c018000-7f241c021000 rw-s 00000000 00:01 11079                      /memfd:pipewire-memfd:flags=0x0000000f,type=2,size=65664 (deleted)
7f241c021000-7f241c02a000 rw-s 00008000 00:01 11078                      /memfd:pipewire-memfd:flags=0x0000000f,type=2,size=65664 (deleted)
7f241c02a000-7f241c037000 r-xp 00000000 00:49 7151761                    /usr/lib64/libdrm.so.2.131.0
7f241c037000-7f241c03f000 r--p 0000d000 00:49 7151761                    /usr/lib64/libdrm.so.2.131.0
7f241c03f000-7f241c040000 r--p 00015000 00:49 7151761                    /usr/lib64/libdrm.so.2.131.0
7f241c040000-7f241c041000 rw-p 00000000 00:00 0 
7f241c041000-7f241c043000 r-xp 00000000 00:49 7154887                    /usr/lib64/libgbm.so.1.0.0
7f241c043000-7f241c045000 r--p 00002000 00:49 7154887                    /usr/lib64/libgbm.so.1.0.0
7f241c045000-7f241c046000 r--p 00003000 00:49 7154887                    /usr/lib64/libgbm.so.1.0.0
7f241c046000-7f241c047000 rw-p 00004000 00:49 7154887                    /usr/lib64/libgbm.so.1.0.0
7f241c047000-7f241c086000 r-xp 00000000 00:49 1070050                    /usr/lib64/libGLdispatch.so.0.0.0
7f241c086000-7f241c09a000 r--p 0003f000 00:49 1070050                    /usr/lib64/libGLdispatch.so.0.0.0
7f241c09a000-7f241c0b6000 r--p 00053000 00:49 1070050                    /usr/lib64/libGLdispatch.so.0.0.0
7f241c0b6000-7f241c0b7000 rw-p 0006f000 00:49 1070050                    /usr/lib64/libGLdispatch.so.0.0.0
7f241c0b7000-7f241c0bf000 rw-p 00000000 00:00 0 
7f241c0bf000-7f241c0c3000 ---p 00000000 00:00 0 
7f241c0c3000-7f241c1bf000 rw-p 00000000 00:00 0 
7f241c1bf000-7f241c1c0000 r-xp 00000000 00:00 0 
7f241c1c0000-7f241c1c1000 r--p 00000000 00:00 0 
7f241c1c1000-7f241c1c2000 r-xp 00000000 00:00 0 
7f241c1c9000-7f241c1d3000 r-xp 00000000 00:49 1070058                    /usr/lib64/libEGL.so.1.1.0
7f241c1d3000-7f241c1d8000 r--p 0000a000 00:49 1070058                    /usr/lib64/libEGL.so.1.1.0
7f241c1d8000-7f241c1d9000 r--p 0000e000 00:49 1070058                    /usr/lib64/libEGL.so.1.1.0
7f241c1d9000-7f241c1da000 rw-p 0000f000 00:49 1070058                    /usr/lib64/libEGL.so.1.1.0
7f241c1da000-7f241c232000 r-xp 00000000 00:49 7156432                    /usr/lib64/spa-0.2/audioconvert/libspa-audioconvert.so
7f241c232000-7f241c29a000 r--p 00058000 00:49 7156432                    /usr/lib64/spa-0.2/audioconvert/libspa-audioconvert.so
7f241c29a000-7f241c2a1000 r--p 000c0000 00:49 7156432                    /usr/lib64/spa-0.2/audioconvert/libspa-audioconvert.so
7f241c2a1000-7f241c2a4000 rw-p 000c7000 00:49 7156432                    /usr/lib64/spa-0.2/audioconvert/libspa-audioconvert.so
7f241c2a4000-7f241c2c2000 r-xp 00000000 00:49 7156420                    /usr/lib64/pipewire-0.3/libpipewire-module-session-manager.so
7f241c2c2000-7f241c2c8000 r--p 0001e000 00:49 7156420                    /usr/lib64/pipewire-0.3/libpipewire-module-session-manager.so
7f241c2c8000-7f241c2ca000 r--p 00024000 00:49 7156420                    /usr/lib64/pipewire-0.3/libpipewire-module-session-manager.so
7f241c2ca000-7f241c2cb000 rw-p 00000000 00:00 0 
7f241c2cb000-7f241c2d5000 r-xp 00000000 00:49 7156402                    /usr/lib64/pipewire-0.3/libpipewire-module-metadata.so
7f241c2d5000-7f241c2d8000 r--p 0000a000 00:49 7156402                    /usr/lib64/pipewire-0.3/libpipewire-module-metadata.so
7f241c2d8000-7f241c2d9000 r--p 0000d000 00:49 7156402                    /usr/lib64/pipewire-0.3/libpipewire-module-metadata.so
7f241c2d9000-7f241c2da000 rw-p 0000e000 00:49 7156402                    /usr/lib64/pipewire-0.3/libpipewire-module-metadata.so
7f241c2da000-7f241c2fe000 r-xp 00000000 00:49 7156395                    /usr/lib64/pipewire-0.3/libpipewire-module-client-node.so
7f241c2fe000-7f241c306000 r--p 00024000 00:49 7156395                    /usr/lib64/pipewire-0.3/libpipewire-module-client-node.so
7f241c306000-7f241c308000 r--p 0002c000 00:49 7156395                    /usr/lib64/pipewire-0.3/libpipewire-module-client-node.so
7f241c308000-7f241c309000 rw-p 0002e000 00:49 7156395                    /usr/lib64/pipewire-0.3/libpipewire-module-client-node.so
7f241c309000-7f241c32c000 r-xp 00000000 00:49 7156409                    /usr/lib64/pipewire-0.3/libpipewire-module-protocol-native.so
7f241c32c000-7f241c33b000 r--p 00023000 00:49 7156409                    /usr/lib64/pipewire-0.3/libpipewire-module-protocol-native.so
7f241c33b000-7f241c34b000 r--p 00031000 00:49 7156409                    /usr/lib64/pipewire-0.3/libpipewire-module-protocol-native.so
7f241c34b000-7f241c34c000 rw-p 00041000 00:49 7156409                    /usr/lib64/pipewire-0.3/libpipewire-module-protocol-native.so
7f241c34c000-7f241c3c8000 r-xp 00000000 00:49 7156390                    /usr/lib64/libpipewire-0.3.so.0.1411.0
7f241c3c8000-7f241c3ef000 r--p 0007c000 00:49 7156390                    /usr/lib64/libpipewire-0.3.so.0.1411.0
7f241c3ef000-7f241c40c000 r--p 000a3000 00:49 7156390                    /usr/lib64/libpipewire-0.3.so.0.1411.0
7f241c40c000-7f241c40d000 rw-p 000c0000 00:49 7156390                    /usr/lib64/libpipewire-0.3.so.0.1411.0
7f241c40d000-7f241c40e000 rw-p 00000000 00:00 0 
7f241c40e000-7f241c54f000 r-xp 00000000 00:49 7151663                    /usr/lib64/libstdc++.so.6.0.34
7f241c54f000-7f241c66f000 r--p 00141000 00:49 7151663                    /usr/lib64/libstdc++.so.6.0.34
7f241c66f000-7f241c680000 r--p 00260000 00:49 7151663                    /usr/lib64/libstdc++.so.6.0.34
7f241c680000-7f241c681000 rw-p 00271000 00:49 7151663                    /usr/lib64/libstdc++.so.6.0.34
7f241c681000-7f241c685000 rw-p 00000000 00:00 0 
7f241c685000-7f241c7dd000 r-xp 00000000 00:38 2566                       /tmp/lwjgl_bazzite/3.4.1+2/x64/libopenal.so
7f241c7dd000-7f241c877000 r--p 00158000 00:38 2566                       /tmp/lwjgl_bazzite/3.4.1+2/x64/libopenal.so
7f241c877000-7f241c881000 r--p 001f2000 00:38 2566                       /tmp/lwjgl_bazzite/3.4.1+2/x64/libopenal.so
7f241c881000-7f241c882000 rw-p 001fc000 00:38 2566                       /tmp/lwjgl_bazzite/3.4.1+2/x64/libopenal.so
7f241c882000-7f241c966000 rw-p 00000000 00:00 0 
7f241c966000-7f241ca56000 rw-s 00000000 00:01 31881                      /memfd:wayland-cursor (deleted)
7f241ca56000-7f241cb26000 rw-s 00000000 00:01 31880                      /memfd:wayland-cursor (deleted)
7f241cb26000-7f241cb44000 rw-p 00000000 00:00 0 
7f241cb44000-7f241cb45000 r--p 00000000 00:00 0 
7f241cb45000-7f241cb46000 r-xp 00000000 00:00 0 
7f241cb46000-7f241cb4f000 rw-s 00000000 00:01 11078                      /memfd:pipewire-memfd:flags=0x0000000f,type=2,size=65664 (deleted)
7f241cb4f000-7f241cb53000 r-xp 00000000 00:49 7156392                    /usr/lib64/pipewire-0.3/libpipewire-module-adapter.so
7f241cb53000-7f241cb56000 r--p 00004000 00:49 7156392                    /usr/lib64/pipewire-0.3/libpipewire-module-adapter.so
7f241cb56000-7f241cb57000 r--p 00007000 00:49 7156392                    /usr/lib64/pipewire-0.3/libpipewire-module-adapter.so
7f241cb57000-7f241cb58000 rw-p 00008000 00:49 7156392                    /usr/lib64/pipewire-0.3/libpipewire-module-adapter.so
7f241cb58000-7f241cb64000 r-xp 00000000 00:49 7156394                    /usr/lib64/pipewire-0.3/libpipewire-module-client-device.so
7f241cb64000-7f241cb67000 r--p 0000c000 00:49 7156394                    /usr/lib64/pipewire-0.3/libpipewire-module-client-device.so
7f241cb67000-7f241cb68000 r--p 0000e000 00:49 7156394                    /usr/lib64/pipewire-0.3/libpipewire-module-client-device.so
7f241cb68000-7f241cb69000 rw-p 0000f000 00:49 7156394                    /usr/lib64/pipewire-0.3/libpipewire-module-client-device.so
7f241cb69000-7f241cb6d000 r-xp 00000000 00:49 7156414                    /usr/lib64/pipewire-0.3/libpipewire-module-rt.so
7f241cb6d000-7f241cb70000 r--p 00004000 00:49 7156414                    /usr/lib64/pipewire-0.3/libpipewire-module-rt.so
7f241cb70000-7f241cb71000 r--p 00007000 00:49 7156414                    /usr/lib64/pipewire-0.3/libpipewire-module-rt.so
7f241cb71000-7f241cb72000 rw-p 00008000 00:49 7156414                    /usr/lib64/pipewire-0.3/libpipewire-module-rt.so
7f241cb72000-7f241cb8b000 r-xp 00000000 00:49 7156452                    /usr/lib64/spa-0.2/support/libspa-support.so
7f241cb8b000-7f241cb92000 r--p 00019000 00:49 7156452                    /usr/lib64/spa-0.2/support/libspa-support.so
7f241cb92000-7f241cb94000 r--p 0001f000 00:49 7156452                    /usr/lib64/spa-0.2/support/libspa-support.so
7f241cb94000-7f241cb95000 rw-p 00021000 00:49 7156452                    /usr/lib64/spa-0.2/support/libspa-support.so
7f241cb95000-7f241cbbf000 rw-p 00000000 00:00 0 
7f241cbbf000-7f241cbcf000 r-xp 00000000 00:49 1069856                    /usr/lib64/libseccomp.so.2.6.0
7f241cbcf000-7f241cbe9000 r--p 00010000 00:49 1069856                    /usr/lib64/libseccomp.so.2.6.0
7f241cbe9000-7f241cbea000 r--p 0002a000 00:49 1069856                    /usr/lib64/libseccomp.so.2.6.0
7f241cbea000-7f241cbeb000 rw-p 0002b000 00:49 1069856                    /usr/lib64/libseccomp.so.2.6.0
7f241cbeb000-7f241cc31000 r-xp 00000000 00:49 1069695                    /usr/lib64/liblcms2.so.2.0.16
7f241cc31000-7f241cc4c000 r--p 00046000 00:49 1069695                    /usr/lib64/liblcms2.so.2.0.16
7f241cc4c000-7f241cc4f000 r--p 00060000 00:49 1069695                    /usr/lib64/liblcms2.so.2.0.16
7f241cc4f000-7f241cc52000 rw-p 00063000 00:49 1069695                    /usr/lib64/liblcms2.so.2.0.16
7f241cc52000-7f241cc53000 rw-p 00000000 00:00 0 
7f241cc53000-7f241cd8b000 r-xp 00000000 00:49 590523                     /usr/lib64/libsqlite3.so.3.50.2
7f241cd8b000-7f241cdc4000 r--p 00138000 00:49 590523                     /usr/lib64/libsqlite3.so.3.50.2
7f241cdc4000-7f241cdc8000 r--p 00170000 00:49 590523                     /usr/lib64/libsqlite3.so.3.50.2
7f241cdc8000-7f241cdcc000 rw-p 00174000 00:49 590523                     /usr/lib64/libsqlite3.so.3.50.2
7f241cdcc000-7f241cdcd000 rw-p 00000000 00:00 0 
7f241cdcd000-7f241cde5000 r-xp 00000000 00:49 1069644                    /usr/lib64/libjson-glib-1.0.so.0.1000.8
7f241cde5000-7f241cdf6000 r--p 00018000 00:49 1069644                    /usr/lib64/libjson-glib-1.0.so.0.1000.8
7f241cdf6000-7f241cdf7000 r--p 00029000 00:49 1069644                    /usr/lib64/libjson-glib-1.0.so.0.1000.8
7f241cdf7000-7f241cdf8000 rw-p 00000000 00:00 0 
7f241cdf8000-7f241ce14000 r-xp 00000000 00:49 7163058                    /usr/lib64/libatspi.so.0.0.1
7f241ce14000-7f241ce2e000 r--p 0001c000 00:49 7163058                    /usr/lib64/libatspi.so.0.0.1
7f241ce2e000-7f241ce32000 r--p 00036000 00:49 7163058                    /usr/lib64/libatspi.so.0.0.1
7f241ce32000-7f241ce33000 rw-p 0003a000 00:49 7163058                    /usr/lib64/libatspi.so.0.0.1
7f241ce33000-7f241d17e000 r-xp 00000000 00:49 7154507                    /usr/lib64/libglycin-2.so.0
7f241d17e000-7f241d237000 r--p 0034b000 00:49 7154507                    /usr/lib64/libglycin-2.so.0
7f241d237000-7f241d250000 r--p 00403000 00:49 7154507                    /usr/lib64/libglycin-2.so.0
7f241d250000-7f241d253000 rw-p 0041c000 00:49 7154507                    /usr/lib64/libglycin-2.so.0
7f241d253000-7f241d254000 r-xp 00000000 00:49 1081827                    /usr/lib64/libXinerama.so.1.0.0
7f241d254000-7f241d255000 r--p 00001000 00:49 1081827                    /usr/lib64/libXinerama.so.1.0.0
7f241d255000-7f241d256000 r--p 00001000 00:49 1081827                    /usr/lib64/libXinerama.so.1.0.0
7f241d256000-7f241d257000 rw-p 00002000 00:49 1081827                    /usr/lib64/libXinerama.so.1.0.0
7f241d257000-7f241d25f000 r-xp 00000000 00:49 1070474                    /usr/lib64/libXrandr.so.2.2.0
7f241d25f000-7f241d262000 r--p 00008000 00:49 1070474                    /usr/lib64/libXrandr.so.2.2.0
7f241d262000-7f241d263000 r--p 0000a000 00:49 1070474                    /usr/lib64/libXrandr.so.2.2.0
7f241d263000-7f241d264000 rw-p 0000b000 00:49 1070474                    /usr/lib64/libXrandr.so.2.2.0
7f241d264000-7f241d265000 r-xp 00000000 00:49 1070270                    /usr/lib64/libXcomposite.so.1.0.0
7f241d265000-7f241d266000 r--p 00001000 00:49 1070270                    /usr/lib64/libXcomposite.so.1.0.0
7f241d266000-7f241d267000 r--p 00001000 00:49 1070270                    /usr/lib64/libXcomposite.so.1.0.0
7f241d267000-7f241d268000 rw-p 00000000 00:00 0 
7f241d268000-7f241d269000 r-xp 00000000 00:49 1070380                    /usr/lib64/libXdamage.so.1.1.0
7f241d269000-7f241d26a000 r--p 00001000 00:49 1070380                    /usr/lib64/libXdamage.so.1.1.0
7f241d26a000-7f241d26b000 r--p 00001000 00:49 1070380                    /usr/lib64/libXdamage.so.1.1.0
7f241d26b000-7f241d26c000 rw-p 00000000 00:00 0 
7f241d26c000-7f241d273000 r-xp 00000000 00:49 1070370                    /usr/lib64/libXcursor.so.1.0.2
7f241d273000-7f241d277000 r--p 00007000 00:49 1070370                    /usr/lib64/libXcursor.so.1.0.2
7f241d277000-7f241d278000 r--p 0000b000 00:49 1070370                    /usr/lib64/libXcursor.so.1.0.2
7f241d278000-7f241d279000 rw-p 00000000 00:00 0 
7f241d279000-7f241d27c000 r-xp 00000000 00:49 1069885                    /usr/lib64/libXfixes.so.3.1.0
7f241d27c000-7f241d27e000 r--p 00003000 00:49 1069885                    /usr/lib64/libXfixes.so.3.1.0
7f241d27e000-7f241d27f000 r--p 00004000 00:49 1069885                    /usr/lib64/libXfixes.so.3.1.0
7f241d27f000-7f241d280000 rw-p 00005000 00:49 1069885                    /usr/lib64/libXfixes.so.3.1.0
7f241d280000-7f241d301000 r-xp 00000000 00:49 1078632                    /usr/lib64/libtinysparql-3.0.so.0.1001.0
7f241d301000-7f241d345000 r--p 00081000 00:49 1078632                    /usr/lib64/libtinysparql-3.0.so.0.1001.0
7f241d345000-7f241d353000 r--p 000c5000 00:49 1078632                    /usr/lib64/libtinysparql-3.0.so.0.1001.0
7f241d353000-7f241d354000 rw-p 000d3000 00:49 1078632                    /usr/lib64/libtinysparql-3.0.so.0.1001.0
7f241d354000-7f241d360000 r-xp 00000000 00:49 1081818                    /usr/lib64/libcloudproviders.so.0.3.6
7f241d360000-7f241d36b000 r--p 0000c000 00:49 1081818                    /usr/lib64/libcloudproviders.so.0.3.6
7f241d36b000-7f241d36c000 r--p 00017000 00:49 1081818                    /usr/lib64/libcloudproviders.so.0.3.6
7f241d36c000-7f241d36d000 rw-p 00018000 00:49 1081818                    /usr/lib64/libcloudproviders.so.0.3.6
7f241d36d000-7f241d389000 r-xp 00000000 00:49 7163083                    /usr/lib64/libatk-bridge-2.0.so.0.0.0
7f241d389000-7f241d3a6000 r--p 0001c000 00:49 7163083                    /usr/lib64/libatk-bridge-2.0.so.0.0.0
7f241d3a6000-7f241d3a8000 r--p 00039000 00:49 7163083                    /usr/lib64/libatk-bridge-2.0.so.0.0.0
7f241d3a8000-7f241d3aa000 rw-p 0003b000 00:49 7163083                    /usr/lib64/libatk-bridge-2.0.so.0.0.0
7f241d3aa000-7f241d3b7000 r-xp 00000000 00:49 1069808                    /usr/lib64/libXi.so.6.1.0
7f241d3b7000-7f241d3bb000 r--p 0000d000 00:49 1069808                    /usr/lib64/libXi.so.6.1.0
7f241d3bb000-7f241d3bc000 r--p 00011000 00:49 1069808                    /usr/lib64/libXi.so.6.1.0
7f241d3bc000-7f241d3bd000 rw-p 00012000 00:49 1069808                    /usr/lib64/libXi.so.6.1.0
7f241d3bd000-7f241d42a000 r-xp 00000000 00:49 1081809                    /usr/lib64/libepoxy.so.0.0.0
7f241d42a000-7f241d4ba000 r--p 0006d000 00:49 1081809                    /usr/lib64/libepoxy.so.0.0.0
7f241d4ba000-7f241d4c2000 r--p 000fc000 00:49 1081809                    /usr/lib64/libepoxy.so.0.0.0
7f241d4c2000-7f241d4c9000 rw-p 00104000 00:49 1081809                    /usr/lib64/libepoxy.so.0.0.0
7f241d4c9000-7f241d4d9000 r-xp 00000000 00:49 7163075                    /usr/lib64/libatk-1.0.so.0.25814.1
7f241d4d9000-7f241d4eb000 r--p 00010000 00:49 7163075                    /usr/lib64/libatk-1.0.so.0.25814.1
7f241d4eb000-7f241d4ee000 r--p 00021000 00:49 7163075                    /usr/lib64/libatk-1.0.so.0.25814.1
7f241d4ee000-7f241d4ef000 rw-p 00024000 00:49 7163075                    /usr/lib64/libatk-1.0.so.0.25814.1
7f241d4ef000-7f241d50b000 r-xp 00000000 00:49 7154515                    /usr/lib64/libgdk_pixbuf-2.0.so.0.4400.4
7f241d50b000-7f241d51a000 r--p 0001c000 00:49 7154515                    /usr/lib64/libgdk_pixbuf-2.0.so.0.4400.4
7f241d51a000-7f241d51c000 r--p 0002a000 00:49 7154515                    /usr/lib64/libgdk_pixbuf-2.0.so.0.4400.4
7f241d51c000-7f241d51d000 rw-p 0002c000 00:49 7154515                    /usr/lib64/libgdk_pixbuf-2.0.so.0.4400.4
7f241d51d000-7f241d51f000 r-xp 00000000 00:49 1082923                    /usr/lib64/libcairo-gobject.so.2.11804.4
7f241d51f000-7f241d523000 r--p 00002000 00:49 1082923                    /usr/lib64/libcairo-gobject.so.2.11804.4
7f241d523000-7f241d525000 r--p 00005000 00:49 1082923                    /usr/lib64/libcairo-gobject.so.2.11804.4
7f241d525000-7f241d526000 rw-p 00000000 00:00 0 
7f241d526000-7f241d5b3000 r-xp 00000000 00:49 7163107                    /usr/lib64/libgdk-3.so.0.2420.32
7f241d5b3000-7f241d614000 r--p 0008d000 00:49 7163107                    /usr/lib64/libgdk-3.so.0.2420.32
7f241d614000-7f241d61e000 r--p 000ed000 00:49 7163107                    /usr/lib64/libgdk-3.so.0.2420.32
7f241d61e000-7f241d620000 rw-p 000f7000 00:49 7163107                    /usr/lib64/libgdk-3.so.0.2420.32
7f241d620000-7f241d9d8000 r-xp 00000000 00:49 7163109                    /usr/lib64/libgtk-3.so.0.2420.32
7f241d9d8000-7f241dd0c000 r--p 003b8000 00:49 7163109                    /usr/lib64/libgtk-3.so.0.2420.32
7f241dd0c000-7f241dd1f000 r--p 006eb000 00:49 7163109                    /usr/lib64/libgtk-3.so.0.2420.32
7f241dd1f000-7f241dd21000 rw-p 006fe000 00:49 7163109                    /usr/lib64/libgtk-3.so.0.2420.32
7f241dd21000-7f241dd26000 rw-p 00000000 00:00 0 
7f241dd26000-7f241dd27000 r--p 00000000 00:00 0 
7f241dd27000-7f241dd28000 r-xp 00000000 00:00 0 
7f241dd28000-7f241dd29000 r--p 00000000 00:00 0 
7f241dd29000-7f241dd30000 r--s 00000000 00:49 7176855                    /usr/lib64/gconv/gconv-modules.cache
7f241dd30000-7f241dd33000 r-xp 00000000 00:49 7156450                    /usr/lib64/spa-0.2/support/libspa-dbus.so
7f241dd33000-7f241dd35000 r--p 00003000 00:49 7156450                    /usr/lib64/spa-0.2/support/libspa-dbus.so
7f241dd35000-7f241dd36000 r--p 00004000 00:49 7156450                    /usr/lib64/spa-0.2/support/libspa-dbus.so
7f241dd36000-7f241dd37000 rw-p 00005000 00:49 7156450                    /usr/lib64/spa-0.2/support/libspa-dbus.so
7f241dd37000-7f241dd38000 r-xp 00000000 00:49 590297                     /usr/lib64/libbrotlicommon.so.1.2.0
7f241dd38000-7f241dd58000 r--p 00001000 00:49 590297                     /usr/lib64/libbrotlicommon.so.1.2.0
7f241dd58000-7f241dd59000 r--p 00020000 00:49 590297                     /usr/lib64/libbrotlicommon.so.1.2.0
7f241dd59000-7f241dd5a000 rw-p 00000000 00:00 0 
7f241dd5a000-7f241dd80000 r-xp 00000000 00:49 7151705                    /usr/lib64/libblkid.so.1.1.0
7f241dd80000-7f241dd8d000 r--p 00026000 00:49 7151705                    /usr/lib64/libblkid.so.1.1.0
7f241dd8d000-7f241dd93000 r--p 00033000 00:49 7151705                    /usr/lib64/libblkid.so.1.1.0
7f241dd93000-7f241dd94000 rw-p 00039000 00:49 7151705                    /usr/lib64/libblkid.so.1.1.0
7f241dd94000-7f241ddb9000 r-xp 00000000 00:49 590433                     /usr/lib64/liblzma.so.5.8.1
7f241ddb9000-7f241ddc7000 r--p 00025000 00:49 590433                     /usr/lib64/liblzma.so.5.8.1
7f241ddc7000-7f241ddc8000 r--p 00033000 00:49 590433                     /usr/lib64/liblzma.so.5.8.1
7f241ddc8000-7f241ddc9000 rw-p 00034000 00:49 590433                     /usr/lib64/liblzma.so.5.8.1
7f241ddc9000-7f241ddec000 r-xp 00000000 00:49 6195619                    /usr/lib64/libgcc_s-15-20260123.so.1
7f241ddec000-7f241ddf3000 r--p 00023000 00:49 6195619                    /usr/lib64/libgcc_s-15-20260123.so.1
7f241ddf3000-7f241ddf4000 r--p 0002a000 00:49 6195619                    /usr/lib64/libgcc_s-15-20260123.so.1
7f241ddf4000-7f241ddf5000 rw-p 00000000 00:00 0 
7f241ddf5000-7f241ddfb000 r-xp 00000000 00:49 7151721                    /usr/lib64/libcap.so.2.76
7f241ddfb000-7f241ddff000 r--p 00006000 00:49 7151721                    /usr/lib64/libcap.so.2.76
7f241ddff000-7f241de00000 r--p 00009000 00:49 7151721                    /usr/lib64/libcap.so.2.76
7f241de00000-7f241de01000 rw-p 0000a000 00:49 7151721                    /usr/lib64/libcap.so.2.76
7f241de01000-7f241de03000 r-xp 00000000 00:49 1066338                    /usr/lib64/libXau.so.6.0.0
7f241de03000-7f241de04000 r--p 00002000 00:49 1066338                    /usr/lib64/libXau.so.6.0.0
7f241de04000-7f241de05000 r--p 00003000 00:49 1066338                    /usr/lib64/libXau.so.6.0.0
7f241de05000-7f241de06000 rw-p 00000000 00:00 0 
7f241de06000-7f241de0f000 r-xp 00000000 00:49 590314                     /usr/lib64/libbrotlidec.so.1.2.0
7f241de0f000-7f241de12000 r--p 00009000 00:49 590314                     /usr/lib64/libbrotlidec.so.1.2.0
7f241de12000-7f241de13000 r--p 0000c000 00:49 590314                     /usr/lib64/libbrotlidec.so.1.2.0
7f241de13000-7f241de14000 rw-p 00000000 00:00 0 
7f241de14000-7f241de23000 r-xp 00000000 00:49 590315                     /usr/lib64/libbz2.so.1.0.8
7f241de23000-7f241de26000 r--p 0000f000 00:49 590315                     /usr/lib64/libbz2.so.1.0.8
7f241de26000-7f241de27000 r--p 00011000 00:49 590315                     /usr/lib64/libbz2.so.1.0.8
7f241de27000-7f241de28000 rw-p 00012000 00:49 590315                     /usr/lib64/libbz2.so.1.0.8
7f241de28000-7f241de2c000 r-xp 00000000 00:49 1079043                    /usr/lib64/libdatrie.so.1.4.0
7f241de2c000-7f241de2e000 r--p 00004000 00:49 1079043                    /usr/lib64/libdatrie.so.1.4.0
7f241de2e000-7f241de2f000 r--p 00005000 00:49 1079043                    /usr/lib64/libdatrie.so.1.4.0
7f241de2f000-7f241de30000 rw-p 00000000 00:00 0 
7f241de30000-7f241de50000 r-xp 00000000 00:49 590514                     /usr/lib64/libselinux.so.1
7f241de50000-7f241de5d000 r--p 00020000 00:49 590514                     /usr/lib64/libselinux.so.1
7f241de5d000-7f241de5e000 r--p 0002d000 00:49 590514                     /usr/lib64/libselinux.so.1
7f241de5e000-7f241de5f000 rw-p 0002e000 00:49 590514                     /usr/lib64/libselinux.so.1
7f241de5f000-7f241de61000 rw-p 00000000 00:00 0 
7f241de61000-7f241de9c000 r-xp 00000000 00:49 7151787                    /usr/lib64/libmount.so.1.1.0
7f241de9c000-7f241deb3000 r--p 0003b000 00:49 7151787                    /usr/lib64/libmount.so.1.1.0
7f241deb3000-7f241deb5000 r--p 00052000 00:49 7151787                    /usr/lib64/libmount.so.1.1.0
7f241deb5000-7f241deb6000 rw-p 00054000 00:49 7151787                    /usr/lib64/libmount.so.1.1.0
7f241deb6000-7f241dfa8000 r-xp 00000000 00:49 590580                     /usr/lib64/libxml2.so.2.12.10
7f241dfa8000-7f241e007000 r--p 000f2000 00:49 590580                     /usr/lib64/libxml2.so.2.12.10
7f241e007000-7f241e012000 r--p 00150000 00:49 590580                     /usr/lib64/libxml2.so.2.12.10
7f241e012000-7f241e013000 rw-p 0015b000 00:49 590580                     /usr/lib64/libxml2.so.2.12.10
7f241e013000-7f241e014000 rw-p 00000000 00:00 0 
7f241e014000-7f241e02c000 r-xp 00000000 00:49 1082614                    /usr/lib64/libgraphite2.so.3.2.1
7f241e02c000-7f241e030000 r--p 00018000 00:49 1082614                    /usr/lib64/libgraphite2.so.3.2.1
7f241e030000-7f241e032000 r--p 0001c000 00:49 1082614                    /usr/lib64/libgraphite2.so.3.2.1
7f241e032000-7f241e033000 rw-p 00000000 00:00 0 
7f241e033000-7f241e0b1000 r-xp 00000000 00:49 590479                     /usr/lib64/libpcre2-8.so.0.15.0
7f241e0b1000-7f241e0de000 r--p 0007e000 00:49 590479                     /usr/lib64/libpcre2-8.so.0.15.0
7f241e0de000-7f241e0df000 r--p 000aa000 00:49 590479                     /usr/lib64/libpcre2-8.so.0.15.0
7f241e0df000-7f241e0e0000 rw-p 000ab000 00:49 590479                     /usr/lib64/libpcre2-8.so.0.15.0
7f241e0e0000-7f241e1a5000 r-xp 00000000 00:49 7151746                    /usr/lib64/libsystemd.so.0.41.0
7f241e1a5000-7f241e1fc000 r--p 000c5000 00:49 7151746                    /usr/lib64/libsystemd.so.0.41.0
7f241e1fc000-7f241e205000 r--p 0011b000 00:49 7151746                    /usr/lib64/libsystemd.so.0.41.0
7f241e205000-7f241e206000 rw-p 00124000 00:49 7151746                    /usr/lib64/libsystemd.so.0.41.0
7f241e206000-7f241e207000 rw-p 00000000 00:00 0 
7f241e207000-7f241e299000 r-xp 00000000 00:49 1079059                    /usr/lib64/libpixman-1.so.0.46.2
7f241e299000-7f241e2ad000 r--p 00092000 00:49 1079059                    /usr/lib64/libpixman-1.so.0.46.2
7f241e2ad000-7f241e2b5000 r--p 000a6000 00:49 1079059                    /usr/lib64/libpixman-1.so.0.46.2
7f241e2b5000-7f241e2b6000 rw-p 000ae000 00:49 1079059                    /usr/lib64/libpixman-1.so.0.46.2
7f241e2b6000-7f241e2bc000 r-xp 00000000 00:49 1066396                    /usr/lib64/libxcb-render.so.0.0.0
7f241e2bc000-7f241e2c3000 r--p 00006000 00:49 1066396                    /usr/lib64/libxcb-render.so.0.0.0
7f241e2c3000-7f241e2c4000 r--p 0000d000 00:49 1066396                    /usr/lib64/libxcb-render.so.0.0.0
7f241e2c4000-7f241e2c5000 rw-p 0000e000 00:49 1066396                    /usr/lib64/libxcb-render.so.0.0.0
7f241e2c5000-7f241e2d9000 r-xp 00000000 00:49 1066426                    /usr/lib64/libxcb.so.1.1.0
7f241e2d9000-7f241e2ed000 r--p 00014000 00:49 1066426                    /usr/lib64/libxcb.so.1.1.0
7f241e2ed000-7f241e2ee000 r--p 00028000 00:49 1066426                    /usr/lib64/libxcb.so.1.1.0
7f241e2ee000-7f241e2ef000 rw-p 00029000 00:49 1066426                    /usr/lib64/libxcb.so.1.1.0
7f241e2ef000-7f241e388000 r-xp 00000000 00:49 7155085                    /usr/lib64/libX11.so.6.4.0
7f241e388000-7f241e42d000 r--p 00099000 00:49 7155085                    /usr/lib64/libX11.so.6.4.0
7f241e42d000-7f241e430000 r--p 0013d000 00:49 7155085                    /usr/lib64/libX11.so.6.4.0
7f241e430000-7f241e434000 rw-p 00140000 00:49 7155085                    /usr/lib64/libX11.so.6.4.0
7f241e434000-7f241e4ca000 r-xp 00000000 00:49 1082624                    /usr/lib64/libfreetype.so.6.20.2
7f241e4ca000-7f241e4f5000 r--p 00096000 00:49 1082624                    /usr/lib64/libfreetype.so.6.20.2
7f241e4f5000-7f241e4fd000 r--p 000c1000 00:49 1082624                    /usr/lib64/libfreetype.so.6.20.2
7f241e4fd000-7f241e4fe000 rw-p 00000000 00:00 0 
7f241e4fe000-7f241e529000 r-xp 00000000 00:49 7152136                    /usr/lib64/libpng16.so.16.56.0
7f241e529000-7f241e537000 r--p 0002b000 00:49 7152136                    /usr/lib64/libpng16.so.16.56.0
7f241e537000-7f241e538000 r--p 00038000 00:49 7152136                    /usr/lib64/libpng16.so.16.56.0
7f241e538000-7f241e539000 rw-p 00000000 00:00 0 
7f241e539000-7f241e555000 r-xp 00000000 00:49 7151660                    /usr/lib64/libz.so.1.3.1.zlib-ng
7f241e555000-7f241e55f000 r--p 0001c000 00:49 7151660                    /usr/lib64/libz.so.1.3.1.zlib-ng
7f241e55f000-7f241e560000 r--p 00026000 00:49 7151660                    /usr/lib64/libz.so.1.3.1.zlib-ng
7f241e560000-7f241e561000 rw-p 00027000 00:49 7151660                    /usr/lib64/libz.so.1.3.1.zlib-ng
7f241e561000-7f241e680000 r-xp 00000000 00:49 7151897                    /usr/lib64/libgio-2.0.so.0.8600.5
7f241e680000-7f241e728000 r--p 0011f000 00:49 7151897                    /usr/lib64/libgio-2.0.so.0.8600.5
7f241e728000-7f241e731000 r--p 001c6000 00:49 7151897                    /usr/lib64/libgio-2.0.so.0.8600.5
7f241e731000-7f241e732000 rw-p 001cf000 00:49 7151897                    /usr/lib64/libgio-2.0.so.0.8600.5
7f241e732000-7f241e734000 rw-p 00000000 00:00 0 
7f241e734000-7f241e765000 r-xp 00000000 00:49 1082696                    /usr/lib64/libfontconfig.so.1.16.0
7f241e765000-7f241e781000 r--p 00031000 00:49 1082696                    /usr/lib64/libfontconfig.so.1.16.0
7f241e781000-7f241e783000 r--p 0004d000 00:49 1082696                    /usr/lib64/libfontconfig.so.1.16.0
7f241e783000-7f241e784000 rw-p 0004f000 00:49 1082696                    /usr/lib64/libfontconfig.so.1.16.0
7f241e784000-7f241e872000 r-xp 00000000 00:49 1082641                    /usr/lib64/libharfbuzz.so.0.61151.0
7f241e872000-7f241e8b5000 r--p 000ee000 00:49 1082641                    /usr/lib64/libharfbuzz.so.0.61151.0
7f241e8b5000-7f241e8b7000 r--p 00130000 00:49 1082641                    /usr/lib64/libharfbuzz.so.0.61151.0
7f241e8b7000-7f241e8b8000 rw-p 00132000 00:49 1082641                    /usr/lib64/libharfbuzz.so.0.61151.0
7f241e8b8000-7f241e95f000 r-xp 00000000 00:49 7151901                    /usr/lib64/libglib-2.0.so.0.8600.5
7f241e95f000-7f241ea0c000 r--p 000a7000 00:49 7151901                    /usr/lib64/libglib-2.0.so.0.8600.5
7f241ea0c000-7f241ea0d000 r--p 00154000 00:49 7151901                    /usr/lib64/libglib-2.0.so.0.8600.5
7f241ea0d000-7f241ea0e000 rw-p 00155000 00:49 7151901                    /usr/lib64/libglib-2.0.so.0.8600.5
7f241ea0e000-7f241ea0f000 rw-p 00000000 00:00 0 
7f241ea0f000-7f241ea43000 r-xp 00000000 00:49 1069583                    /usr/lib64/libdbus-1.so.3.38.3
7f241ea43000-7f241ea60000 r--p 00034000 00:49 1069583                    /usr/lib64/libdbus-1.so.3.38.3
7f241ea60000-7f241ea62000 r--p 00051000 00:49 1069583                    /usr/lib64/libdbus-1.so.3.38.3
7f241ea62000-7f241ea63000 rw-p 00053000 00:49 1069583                    /usr/lib64/libdbus-1.so.3.38.3
7f241ea63000-7f241eb59000 r-xp 00000000 00:49 1082910                    /usr/lib64/libcairo.so.2.11804.4
7f241eb59000-7f241eb9a000 r--p 000f6000 00:49 1082910                    /usr/lib64/libcairo.so.2.11804.4
7f241eb9a000-7f241eb9e000 r--p 00137000 00:49 1082910                    /usr/lib64/libcairo.so.2.11804.4
7f241eb9e000-7f241eba0000 rw-p 0013b000 00:49 1082910                    /usr/lib64/libcairo.so.2.11804.4
7f241eba0000-7f241eba1000 rw-p 00000000 00:00 0 
7f241eba1000-7f241ebd9000 r-xp 00000000 00:49 7151905                    /usr/lib64/libgobject-2.0.so.0.8600.5
7f241ebd9000-7f241ebfc000 r--p 00038000 00:49 7151905                    /usr/lib64/libgobject-2.0.so.0.8600.5
7f241ebfc000-7f241ebff000 r--p 0005a000 00:49 7151905                    /usr/lib64/libgobject-2.0.so.0.8600.5
7f241ebff000-7f241ec00000 rw-p 0005d000 00:49 7151905                    /usr/lib64/libgobject-2.0.so.0.8600.5
7f241ec00000-7f241f000000 rw-p 00000000 00:00 0 
7f241f000000-7f241f240000 rw-p 00000000 00:00 0 
7f241f240000-7f241f400000 ---p 00000000 00:00 0 
7f241f400000-7f241f9d0000 rw-p 00000000 00:00 0 
7f241f9d0000-7f2423000000 ---p 00000000 00:00 0 
7f2423000000-7f2423482000 rw-p 00001000 00:49 7160503                    /usr/lib/jvm/java-21-openjdk/lib/server/classes.jsa
7f2423482000-7f2423c9d000 rw-p 00483000 00:49 7160503                    /usr/lib/jvm/java-21-openjdk/lib/server/classes.jsa
7f2423c9d000-7f2424000000 ---p 00000000 00:00 0 
7f2424000000-7f2424040000 rw-p 00000000 00:00 0 
7f2424040000-7f2424070000 rw-p 00000000 00:00 0 
7f2424070000-7f2424080000 ---p 00000000 00:00 0 
7f2424080000-7f24240e0000 rw-p 00000000 00:00 0 
7f24240e0000-7f2464000000 ---p 00000000 00:00 0 
7f2464000000-7f2464021000 rw-p 00000000 00:00 0 
7f2464021000-7f2468000000 ---p 00000000 00:00 0 
7f2468000000-7f2468021000 rw-p 00000000 00:00 0 
7f2468021000-7f246c000000 ---p 00000000 00:00 0 
7f246c000000-7f246c021000 rw-p 00000000 00:00 0 
7f246c021000-7f2470000000 ---p 00000000 00:00 0 
7f2470000000-7f2470001000 r-xp 00000000 00:00 0 
7f2470001000-7f2470003000 r-xp 00000000 00:49 7151903                    /usr/lib64/libgmodule-2.0.so.0.8600.5
7f2470003000-7f2470005000 r--p 00002000 00:49 7151903                    /usr/lib64/libgmodule-2.0.so.0.8600.5
7f2470005000-7f2470006000 r--p 00003000 00:49 7151903                    /usr/lib64/libgmodule-2.0.so.0.8600.5
7f2470006000-7f2470007000 rw-p 00004000 00:49 7151903                    /usr/lib64/libgmodule-2.0.so.0.8600.5
7f2470007000-7f2470013000 r-xp 00000000 00:49 1066436                    /usr/lib64/libXext.so.6.4.0
7f2470013000-7f2470019000 r--p 0000c000 00:49 1066436                    /usr/lib64/libXext.so.6.4.0
7f2470019000-7f247001a000 r--p 00011000 00:49 1066436                    /usr/lib64/libXext.so.6.4.0
7f247001a000-7f247001b000 rw-p 00012000 00:49 1066436                    /usr/lib64/libXext.so.6.4.0
7f247001b000-7f2470021000 r-xp 00000000 00:49 1070236                    /usr/lib64/libfribidi.so.0.4.0
7f2470021000-7f2470039000 r--p 00006000 00:49 1070236                    /usr/lib64/libfribidi.so.0.4.0
7f2470039000-7f247003a000 r--p 0001d000 00:49 1070236                    /usr/lib64/libfribidi.so.0.4.0
7f247003a000-7f247003b000 rw-p 0001e000 00:49 1070236                    /usr/lib64/libfribidi.so.0.4.0
7f247003b000-7f247007b000 r-xp 00000000 00:49 7155104                    /usr/lib64/libpango-1.0.so.0.5701.0
7f247007b000-7f24700a2000 r--p 00040000 00:49 7155104                    /usr/lib64/libpango-1.0.so.0.5701.0
7f24700a2000-7f24700a6000 r--p 00066000 00:49 7155104                    /usr/lib64/libpango-1.0.so.0.5701.0
7f24700a6000-7f24700a7000 rw-p 0006a000 00:49 7155104                    /usr/lib64/libpango-1.0.so.0.5701.0
7f24700a7000-7f24700d3000 r-xp 00000000 00:49 1079035                    /usr/lib64/libxkbcommon.so.0.11.0
7f24700d3000-7f24700fd000 r--p 0002c000 00:49 1079035                    /usr/lib64/libxkbcommon.so.0.11.0
7f24700fd000-7f24700ff000 r--p 00056000 00:49 1079035                    /usr/lib64/libxkbcommon.so.0.11.0
7f24700ff000-7f2470100000 rw-p 00058000 00:49 1079035                    /usr/lib64/libxkbcommon.so.0.11.0
7f2470100000-7f2470104000 ---p 00000000 00:00 0 
7f2470104000-7f2470200000 rw-p 00000000 00:00 0 
7f2470200000-7f2470600000 rw-p 00000000 00:00 0 
7f2470600000-7f2470601000 rw-s 00000000 00:01 30251                      /memfd:lp_dma_buf (deleted)
7f2470601000-7f2470608000 r-xp 00000000 00:49 1069663                    /usr/lib64/libXrender.so.1.3.0
7f2470608000-7f247060b000 r--p 00007000 00:49 1069663                    /usr/lib64/libXrender.so.1.3.0
7f247060b000-7f247060c000 r--p 00009000 00:49 1069663                    /usr/lib64/libXrender.so.1.3.0
7f247060c000-7f247060d000 rw-p 0000a000 00:49 1069663                    /usr/lib64/libXrender.so.1.3.0
7f247060d000-7f2470612000 r-xp 00000000 00:49 1079049                    /usr/lib64/libthai.so.0.3.1
7f2470612000-7f2470616000 r--p 00005000 00:49 1079049                    /usr/lib64/libthai.so.0.3.1
7f2470616000-7f2470617000 r--p 00009000 00:49 1079049                    /usr/lib64/libthai.so.0.3.1
7f2470617000-7f2470618000 rw-p 0000a000 00:49 1079049                    /usr/lib64/libthai.so.0.3.1
7f2470618000-7f2470627000 r-xp 00000000 00:49 7155108                    /usr/lib64/libpangoft2-1.0.so.0.5701.0
7f2470627000-7f2470632000 r--p 0000f000 00:49 7155108                    /usr/lib64/libpangoft2-1.0.so.0.5701.0
7f2470632000-7f2470633000 r--p 0001a000 00:49 7155108                    /usr/lib64/libpangoft2-1.0.so.0.5701.0
7f2470633000-7f2470634000 rw-p 00000000 00:00 0 
7f2470634000-7f247063e000 r-xp 00000000 00:49 7155106                    /usr/lib64/libpangocairo-1.0.so.0.5701.0
7f247063e000-7f2470645000 r--p 0000a000 00:49 7155106                    /usr/lib64/libpangocairo-1.0.so.0.5701.0
7f2470645000-7f2470646000 r--p 00010000 00:49 7155106                    /usr/lib64/libpangocairo-1.0.so.0.5701.0
7f2470646000-7f2470647000 rw-p 00011000 00:49 7155106                    /usr/lib64/libpangocairo-1.0.so.0.5701.0
7f2470647000-7f247064e000 r-xp 00000000 00:49 1221932                    /usr/lib64/libdecor/plugins-1/libdecor-cairo.so
7f247064e000-7f2470653000 r--p 00007000 00:49 1221932                    /usr/lib64/libdecor/plugins-1/libdecor-cairo.so
7f2470653000-7f2470656000 r--p 0000b000 00:49 1221932                    /usr/lib64/libdecor/plugins-1/libdecor-cairo.so
7f2470656000-7f2470657000 rw-p 0000e000 00:49 1221932                    /usr/lib64/libdecor/plugins-1/libdecor-cairo.so
7f2470657000-7f247065b000 ---p 00000000 00:00 0 
7f247065b000-7f2470757000 rw-p 00000000 00:00 0 
7f2470757000-7f247077c000 r-xp 00000000 00:38 2565                       /tmp/lwjgl_bazzite/3.4.1+2/x64/libglfw.so
7f247077c000-7f24707cb000 r--p 00025000 00:38 2565                       /tmp/lwjgl_bazzite/3.4.1+2/x64/libglfw.so
7f24707cb000-7f24707cf000 r--p 00074000 00:38 2565                       /tmp/lwjgl_bazzite/3.4.1+2/x64/libglfw.so
7f24707cf000-7f24707d2000 rw-p 00078000 00:38 2565                       /tmp/lwjgl_bazzite/3.4.1+2/x64/libglfw.so
7f24707d2000-7f24707f5000 rw-p 00000000 00:00 0 
7f24707f5000-7f2470855000 r-xp 00000000 00:38 2564                       /tmp/lwjgl_bazzite/3.4.1+2/x64/libjemalloc.so
7f2470855000-7f247086e000 r--p 00060000 00:38 2564                       /tmp/lwjgl_bazzite/3.4.1+2/x64/libjemalloc.so
7f247086e000-7f2470875000 r--p 00078000 00:38 2564                       /tmp/lwjgl_bazzite/3.4.1+2/x64/libjemalloc.so
7f2470875000-7f2470876000 rw-p 0007f000 00:38 2564                       /tmp/lwjgl_bazzite/3.4.1+2/x64/libjemalloc.so
7f2470876000-7f2470a80000 rw-p 00000000 00:00 0 
7f2470a80000-7f2470aa8000 r-xp 00000000 00:49 7151776                    /usr/lib64/libnspr4.so
7f2470aa8000-7f2470abc000 r--p 00028000 00:49 7151776                    /usr/lib64/libnspr4.so
7f2470abc000-7f2470abe000 r--p 0003b000 00:49 7151776                    /usr/lib64/libnspr4.so
7f2470abe000-7f2470abf000 rw-p 0003d000 00:49 7151776                    /usr/lib64/libnspr4.so
7f2470abf000-7f2470ac2000 rw-p 00000000 00:00 0 
7f2470ac2000-7f2470bac000 r-xp 00000000 00:49 7160192                    /usr/lib64/libnss3.so
7f2470bac000-7f2470bf6000 r--p 000ea000 00:49 7160192                    /usr/lib64/libnss3.so
7f2470bf6000-7f2470bfd000 r--p 00134000 00:49 7160192                    /usr/lib64/libnss3.so
7f2470bfd000-7f2470bfe000 rw-p 0013b000 00:49 7160192                    /usr/lib64/libnss3.so
7f2470bfe000-7f2470c00000 rw-p 00000000 00:00 0 
7f2470c00000-7f2470c20000 r-xp 00000000 00:38 198                        /tmp/libgdxbazzite/da3a4817/libgdx64.so
7f2470c20000-7f2470e20000 ---p 00020000 00:38 198                        /tmp/libgdxbazzite/da3a4817/libgdx64.so
7f2470e20000-7f2470e21000 r--p 00020000 00:38 198                        /tmp/libgdxbazzite/da3a4817/libgdx64.so
7f2470e21000-7f2470e22000 rw-p 00021000 00:38 198                        /tmp/libgdxbazzite/da3a4817/libgdx64.so
7f2470e22000-7f2470e25000 r-xp 00000000 00:49 1221930                    /usr/lib64/libdecor-0.so.0.200.5
7f2470e25000-7f2470e28000 r--p 00003000 00:49 1221930                    /usr/lib64/libdecor-0.so.0.200.5
7f2470e28000-7f2470e29000 r--p 00006000 00:49 1221930                    /usr/lib64/libdecor-0.so.0.200.5
7f2470e29000-7f2470e2a000 rw-p 00007000 00:49 1221930                    /usr/lib64/libdecor-0.so.0.200.5
7f2470e2a000-7f2470e5f000 r-xp 00000000 00:38 2561                       /tmp/lwjgl_bazzite/3.4.1+2/x64/liblwjgl.so
7f2470e5f000-7f2470ea7000 r--p 00035000 00:38 2561                       /tmp/lwjgl_bazzite/3.4.1+2/x64/liblwjgl.so
7f2470ea7000-7f2470ea8000 r--p 0007c000 00:38 2561                       /tmp/lwjgl_bazzite/3.4.1+2/x64/liblwjgl.so
7f2470ea8000-7f2470ea9000 rw-p 0007d000 00:38 2561                       /tmp/lwjgl_bazzite/3.4.1+2/x64/liblwjgl.so
7f2470ea9000-7f2470ead000 ---p 00000000 00:00 0 
7f2470ead000-7f2470fa9000 rw-p 00000000 00:00 0 
7f2470fa9000-7f2470fad000 ---p 00000000 00:00 0 
7f2470fad000-7f24710a9000 rw-p 00000000 00:00 0 
7f24710a9000-7f24710ad000 ---p 00000000 00:00 0 
7f24710ad000-7f24711a9000 rw-p 00000000 00:00 0 
7f24711a9000-7f24711ea000 r-xp 00000000 00:49 7160482                    /usr/lib/jvm/java-21-openjdk/lib/libjsvml.so
7f24711ea000-7f2471277000 r--p 00041000 00:49 7160482                    /usr/lib/jvm/java-21-openjdk/lib/libjsvml.so
7f2471277000-7f2471278000 r--p 000cd000 00:49 7160482                    /usr/lib/jvm/java-21-openjdk/lib/libjsvml.so
7f2471278000-7f2471279000 rw-p 000ce000 00:49 7160482                    /usr/lib/jvm/java-21-openjdk/lib/libjsvml.so
7f2471279000-7f247127d000 ---p 00000000 00:00 0 
7f247127d000-7f2471379000 rw-p 00000000 00:00 0 
7f2471379000-7f247137d000 ---p 00000000 00:00 0 
7f247137d000-7f2471479000 rw-p 00000000 00:00 0 
7f2471479000-7f247147d000 ---p 00000000 00:00 0 
7f247147d000-7f2471579000 rw-p 00000000 00:00 0 
7f2471579000-7f247157d000 ---p 00000000 00:00 0 
7f247157d000-7f2471679000 rw-p 00000000 00:00 0 
7f2471679000-7f247167d000 ---p 00000000 00:00 0 
7f247167d000-7f2471779000 rw-p 00000000 00:00 0 
7f2471779000-7f247177d000 ---p 00000000 00:00 0 
7f247177d000-7f2471879000 rw-p 00000000 00:00 0 
7f2471879000-7f247187d000 ---p 00000000 00:00 0 
7f247187d000-7f2471b7b000 rw-p 00000000 00:00 0 
7f2471b7b000-7f2471bfc000 rw-p 00000000 00:00 0 
7f2471bfc000-7f2471dfe000 rw-p 00000000 00:00 0 
7f2471dfe000-7f2474021000 rw-p 00000000 00:00 0 
7f2474021000-7f2478000000 ---p 00000000 00:00 0 
7f2478000000-7f2478021000 rw-p 00000000 00:00 0 
7f2478021000-7f247c000000 ---p 00000000 00:00 0 
7f247c000000-7f247c021000 rw-p 00000000 00:00 0 
7f247c021000-7f2480000000 ---p 00000000 00:00 0 
7f2480000000-7f2480001000 rw-s 00000000 00:01 15872                      /memfd:pipewire-memfd:flags=0x0000000f,type=2,size=4096 (deleted)
7f2480001000-7f2480002000 r-xp 00000000 00:49 1066404                    /usr/lib64/libxcb-shm.so.0.0.0
7f2480002000-7f2480003000 r--p 00001000 00:49 1066404                    /usr/lib64/libxcb-shm.so.0.0.0
7f2480003000-7f2480004000 r--p 00002000 00:49 1066404                    /usr/lib64/libxcb-shm.so.0.0.0
7f2480004000-7f2480005000 rw-p 00003000 00:49 1066404                    /usr/lib64/libxcb-shm.so.0.0.0
7f2480005000-7f2480008000 r-xp 00000000 00:49 1070228                    /usr/lib64/libwayland-cursor.so.0.24.0
7f2480008000-7f248000a000 r--p 00003000 00:49 1070228                    /usr/lib64/libwayland-cursor.so.0.24.0
7f248000a000-7f248000b000 r--p 00004000 00:49 1070228                    /usr/lib64/libwayland-cursor.so.0.24.0
7f248000b000-7f248000f000 rw-p 00005000 00:49 1070228                    /usr/lib64/libwayland-cursor.so.0.24.0
7f248000f000-7f248001a000 r-xp 00000000 00:49 590336                     /usr/lib64/libffi.so.8.2.0
7f248001a000-7f248001d000 r--p 0000b000 00:49 590336                     /usr/lib64/libffi.so.8.2.0
7f248001d000-7f248001e000 r--p 0000d000 00:49 590336                     /usr/lib64/libffi.so.8.2.0
7f248001e000-7f248001f000 rw-p 0000e000 00:49 590336                     /usr/lib64/libffi.so.8.2.0
7f248001f000-7f2480026000 r-xp 00000000 00:49 1066644                    /usr/lib64/libwayland-client.so.0.24.0
7f2480026000-7f248002b000 r--p 00007000 00:49 1066644                    /usr/lib64/libwayland-client.so.0.24.0
7f248002b000-7f248002d000 r--p 0000c000 00:49 1066644                    /usr/lib64/libwayland-client.so.0.24.0
7f248002d000-7f248002e000 rw-p 0000e000 00:49 1066644                    /usr/lib64/libwayland-client.so.0.24.0
7f248002e000-7f248002f000 rw-s 00000000 00:01 23810                      /memfd:pipewire-memfd:flags=0x0000000f,type=2,size=2312 (deleted)
7f248002f000-7f2480030000 rw-s 00000000 00:01 23811                      /memfd:pipewire-memfd:flags=0x0000000f,type=2,size=2312 (deleted)
7f2480030000-7f2480031000 rw-s 00000000 00:01 15871                      /memfd:pipewire-memfd:flags=0x0000000f,type=2,size=2312 (deleted)
7f2480031000-7f2480032000 rw-s 00000000 00:01 27978                      /memfd:pipewire-memfd:flags=0x0000000f,type=2,size=2312 (deleted)
7f2480032000-7f2480034000 r-xp 00000000 00:49 7156451                    /usr/lib64/spa-0.2/support/libspa-journal.so
7f2480034000-7f2480035000 r--p 00002000 00:49 7156451                    /usr/lib64/spa-0.2/support/libspa-journal.so
7f2480035000-7f2480036000 r--p 00002000 00:49 7156451                    /usr/lib64/spa-0.2/support/libspa-journal.so
7f2480036000-7f2480037000 rw-p 00003000 00:49 7156451                    /usr/lib64/spa-0.2/support/libspa-journal.so
7f2480037000-7f2480038000 rw-p 00000000 00:00 0 
7f2480038000-7f2480039000 rw-p 00000000 00:00 0 
7f2480039000-7f248003b000 r-xp 00000000 00:49 7151778                    /usr/lib64/libplds4.so
7f248003b000-7f248003d000 r--p 00002000 00:49 7151778                    /usr/lib64/libplds4.so
7f248003d000-7f248003e000 r--p 00003000 00:49 7151778                    /usr/lib64/libplds4.so
7f248003e000-7f248003f000 rw-p 00004000 00:49 7151778                    /usr/lib64/libplds4.so
7f248003f000-7f2480053000 r-xp 00000000 00:49 7151782                    /usr/lib64/libnssutil3.so
7f2480053000-7f2480065000 r--p 00014000 00:49 7151782                    /usr/lib64/libnssutil3.so
7f2480065000-7f248006c000 r--p 00026000 00:49 7151782                    /usr/lib64/libnssutil3.so
7f248006c000-7f248006d000 rw-p 0002d000 00:49 7151782                    /usr/lib64/libnssutil3.so
7f248006d000-7f248006e000 r-xp 00000000 00:49 1070223                    /usr/lib64/libwayland-egl.so.1.24.0
7f248006e000-7f248006f000 r--p 00001000 00:49 1070223                    /usr/lib64/libwayland-egl.so.1.24.0
7f248006f000-7f2480070000 r--p 00001000 00:49 1070223                    /usr/lib64/libwayland-egl.so.1.24.0
7f2480070000-7f2480071000 rw-p 00000000 00:00 0 
7f2480071000-7f2480072000 r-xp 00000000 00:49 7150422                    /usr/lib64/librt.so.1
7f2480072000-7f2480073000 r--p 00001000 00:49 7150422                    /usr/lib64/librt.so.1
7f2480073000-7f2480074000 r--p 00001000 00:49 7150422                    /usr/lib64/librt.so.1
7f2480074000-7f2480076000 rw-p 00000000 00:00 0 
7f2480076000-7f2480077000 r-xp 00033000 00:38 2561                       /tmp/lwjgl_bazzite/3.4.1+2/x64/liblwjgl.so
7f2480077000-7f2480bde000 rw-p 00000000 00:00 0 
7f2480bde000-7f2480de0000 rw-p 00000000 00:00 0 
7f2480de0000-7f2481590000 rw-p 00000000 00:00 0 
7f2481590000-7f24887f0000 ---p 00000000 00:00 0 
7f24887f0000-7f2488800000 rw-p 00000000 00:00 0 
7f2488800000-7f2488ad0000 rwxp 00000000 00:00 0 
7f2488ad0000-7f248fc5f000 ---p 00000000 00:00 0 
7f248fc5f000-7f249007f000 rwxp 00000000 00:00 0 
7f249007f000-7f24903a0000 ---p 00000000 00:00 0 
7f24903a0000-7f2490610000 rwxp 00000000 00:00 0 
7f2490610000-7f2497800000 ---p 00000000 00:00 0 
7f2497800000-7f2497801000 r-xp 00000000 00:49 7150420                    /usr/lib64/libpthread.so.0
7f2497801000-7f2497802000 r--p 00001000 00:49 7150420                    /usr/lib64/libpthread.so.0
7f2497802000-7f2497803000 r--p 00001000 00:49 7150420                    /usr/lib64/libpthread.so.0
7f2497803000-7f2497804000 rw-p 00000000 00:00 0 
7f2497804000-7f2497807000 r-xp 00000000 00:49 7151777                    /usr/lib64/libplc4.so
7f2497807000-7f2497809000 r--p 00003000 00:49 7151777                    /usr/lib64/libplc4.so
7f2497809000-7f249780a000 r--p 00004000 00:49 7151777                    /usr/lib64/libplc4.so
7f249780a000-7f249780b000 rw-p 00005000 00:49 7151777                    /usr/lib64/libplc4.so
7f249780b000-7f249780c000 r-xp 00000000 00:49 7160496                    /usr/lib/jvm/java-21-openjdk/lib/libsystemconf.so
7f249780c000-7f249780d000 r--p 00001000 00:49 7160496                    /usr/lib/jvm/java-21-openjdk/lib/libsystemconf.so
7f249780d000-7f249780e000 r--p 00001000 00:49 7160496                    /usr/lib/jvm/java-21-openjdk/lib/libsystemconf.so
7f249780e000-7f249780f000 rw-p 00000000 00:00 0 
7f249780f000-7f2497823000 r-xp 00000000 00:49 7160498                    /usr/lib/jvm/java-21-openjdk/lib/libzip.so
7f2497823000-7f249782c000 r--p 00014000 00:49 7160498                    /usr/lib/jvm/java-21-openjdk/lib/libzip.so
7f249782c000-7f249782d000 r--p 0001c000 00:49 7160498                    /usr/lib/jvm/java-21-openjdk/lib/libzip.so
7f249782d000-7f249782e000 rw-p 00000000 00:00 0 
7f249782e000-7f2497836000 r-xp 00000000 00:49 7160489                    /usr/lib/jvm/java-21-openjdk/lib/libnet.so
7f2497836000-7f249783a000 r--p 00008000 00:49 7160489                    /usr/lib/jvm/java-21-openjdk/lib/libnet.so
7f249783a000-7f249783b000 r--p 0000b000 00:49 7160489                    /usr/lib/jvm/java-21-openjdk/lib/libnet.so
7f249783b000-7f249783c000 rw-p 00000000 00:00 0 
7f249783c000-7f24a0000000 r--s 00000000 00:49 7160499                    /usr/lib/jvm/java-21-openjdk/lib/modules
7f24a0000000-7f24a3f7a000 rw-p 00000000 00:00 0 
7f24a3f7a000-7f24a4000000 ---p 00000000 00:00 0 
7f24a4000000-7f24a4001000 r-xp 00000000 00:49 7150413                    /usr/lib64/libdl.so.2
7f24a4001000-7f24a4002000 r--p 00001000 00:49 7150413                    /usr/lib64/libdl.so.2
7f24a4002000-7f24a4003000 r--p 00001000 00:49 7150413                    /usr/lib64/libdl.so.2
7f24a4003000-7f24a4004000 rw-p 00000000 00:00 0 
7f24a4004000-7f24a400e000 r-xp 00000000 00:49 7160490                    /usr/lib/jvm/java-21-openjdk/lib/libnio.so
7f24a400e000-7f24a4018000 r--p 0000a000 00:49 7160490                    /usr/lib/jvm/java-21-openjdk/lib/libnio.so
7f24a4018000-7f24a4019000 r--p 00014000 00:49 7160490                    /usr/lib/jvm/java-21-openjdk/lib/libnio.so
7f24a4019000-7f24a401a000 rw-p 00015000 00:49 7160490                    /usr/lib/jvm/java-21-openjdk/lib/libnio.so
7f24a401a000-7f24a405b000 rw-p 00000000 00:00 0 
7f24a405b000-7f24a415c000 rw-p 00000000 00:00 0 
7f24a415c000-7f24a434c000 rw-p 00000000 00:00 0 
7f24a434c000-7f24a5198000 ---p 00000000 00:00 0 
7f24a5198000-7f24a5290000 rw-p 00000000 00:00 0 
7f24a5290000-7f24a60dc000 ---p 00000000 00:00 0 
7f24a60dc000-7f24a6e2e000 rw-p 00000000 00:00 0 
7f24a6e2e000-7f24a6f12000 ---p 00000000 00:00 0 
7f24a6f12000-7f24a6f18000 rw-p 00000000 00:00 0 
7f24a6f18000-7f24a6ffb000 ---p 00000000 00:00 0 
7f24a6ffb000-7f24a7004000 rw-p 00000000 00:00 0 
7f24a7004000-7f24a700a000 ---p 00000000 00:00 0 
7f24a700a000-7f24a701a000 r-xp 00000000 00:49 7160475                    /usr/lib/jvm/java-21-openjdk/lib/libjava.so
7f24a701a000-7f24a7029000 r--p 00010000 00:49 7160475                    /usr/lib/jvm/java-21-openjdk/lib/libjava.so
7f24a7029000-7f24a702a000 r--p 0001f000 00:49 7160475                    /usr/lib/jvm/java-21-openjdk/lib/libjava.so
7f24a702a000-7f24a702b000 rw-p 00020000 00:49 7160475                    /usr/lib/jvm/java-21-openjdk/lib/libjava.so
7f24a702b000-7f24a702c000 rw-p 00000000 00:00 0 
7f24a702c000-7f24a7044000 r-xp 00000000 00:49 7160478                    /usr/lib/jvm/java-21-openjdk/lib/libjimage.so
7f24a7044000-7f24a704a000 r--p 00018000 00:49 7160478                    /usr/lib/jvm/java-21-openjdk/lib/libjimage.so
7f24a704a000-7f24a704c000 r--p 0001e000 00:49 7160478                    /usr/lib/jvm/java-21-openjdk/lib/libjimage.so
7f24a704c000-7f24a704d000 rw-p 00020000 00:49 7160478                    /usr/lib/jvm/java-21-openjdk/lib/libjimage.so
7f24a704d000-7f24a7051000 ---p 00000000 00:00 0 
7f24a7051000-7f24a714d000 rw-p 00000000 00:00 0 
7f24a714d000-7f24a71cf000 r-xp 00000000 00:49 7150414                    /usr/lib64/libm.so.6
7f24a71cf000-7f24a7240000 r--p 00082000 00:49 7150414                    /usr/lib64/libm.so.6
7f24a7240000-7f24a7241000 r--p 000f2000 00:49 7150414                    /usr/lib64/libm.so.6
7f24a7241000-7f24a7242000 rw-p 000f3000 00:49 7150414                    /usr/lib64/libm.so.6
7f24a7242000-7f24a8178000 r-xp 00000000 00:49 7160506                    /usr/lib/jvm/java-21-openjdk/lib/server/libjvm.so
7f24a8178000-7f24a845c000 r--p 00f36000 00:49 7160506                    /usr/lib/jvm/java-21-openjdk/lib/server/libjvm.so
7f24a845c000-7f24a8533000 r--p 0121a000 00:49 7160506                    /usr/lib/jvm/java-21-openjdk/lib/server/libjvm.so
7f24a8533000-7f24a8563000 rw-p 012f1000 00:49 7160506                    /usr/lib/jvm/java-21-openjdk/lib/server/libjvm.so
7f24a8563000-7f24a85cc000 rw-p 00000000 00:00 0 
7f24a85cc000-7f24a873b000 r-xp 00000000 00:49 7150412                    /usr/lib64/libc.so.6
7f24a873b000-7f24a87b1000 r--p 0016f000 00:49 7150412                    /usr/lib64/libc.so.6
7f24a87b1000-7f24a87b5000 r--p 001e4000 00:49 7150412                    /usr/lib64/libc.so.6
7f24a87b5000-7f24a87b7000 rw-p 001e8000 00:49 7150412                    /usr/lib64/libc.so.6
7f24a87b7000-7f24a87bf000 rw-p 00000000 00:00 0 
7f24a87bf000-7f24a87c7000 rw-s 00000000 00:38 2662                       /tmp/hsperfdata_bazzite/193430 (deleted)
7f24a87c7000-7f24a87c8000 ---p 00000000 00:00 0 
7f24a87c8000-7f24a87c9000 r--p 00000000 00:00 0 
7f24a87c9000-7f24a87ca000 ---p 00000000 00:00 0 
7f24a87ca000-7f24a87dc000 r-xp 00000000 00:49 7160479                    /usr/lib/jvm/java-21-openjdk/lib/libjli.so
7f24a87dc000-7f24a87e4000 r--p 00012000 00:49 7160479                    /usr/lib/jvm/java-21-openjdk/lib/libjli.so
7f24a87e4000-7f24a87e5000 r--p 0001a000 00:49 7160479                    /usr/lib/jvm/java-21-openjdk/lib/libjli.so
7f24a87e5000-7f24a87e6000 rw-p 0001b000 00:49 7160479                    /usr/lib/jvm/java-21-openjdk/lib/libjli.so
7f24a87e6000-7f24a87e8000 rw-p 00000000 00:00 0 
7f24a87e8000-7f24a87ec000 r--p 00000000 00:00 0                          [vvar]
7f24a87ec000-7f24a87ee000 r--p 00000000 00:00 0                          [vvar_vclock]
7f24a87ee000-7f24a87f0000 r-xp 00000000 00:00 0                          [vdso]
7f24a87f0000-7f24a881a000 r-xp 00000000 00:49 7150409                    /usr/lib64/ld-linux-x86-64.so.2
7f24a881a000-7f24a8826000 r--p 0002a000 00:49 7150409                    /usr/lib64/ld-linux-x86-64.so.2
7f24a8826000-7f24a8828000 r--p 00035000 00:49 7150409                    /usr/lib64/ld-linux-x86-64.so.2
7f24a8828000-7f24a8829000 rw-p 00037000 00:49 7150409                    /usr/lib64/ld-linux-x86-64.so.2
7f24a8829000-7f24a882a000 rw-p 00000000 00:00 0 
7ffc5a20c000-7ffc5a230000 rw-p 00000000 00:00 0                          [stack]
ffffffffff600000-ffffffffff601000 --xp 00000000 00:00 0                  [vsyscall]
Total number of mappings: 852

JVMTI agents: none


VM Arguments:
jvm_args: --enable-native-access=ALL-UNNAMED -Dfile.encoding=UTF-8 -Duser.country=US -Duser.language=en -Duser.variant 
java_command: dungeon.crawler.lwjgl3.Lwjgl3Launcher
java_class_path (initial): /home/bazzite/code/java/LibGDXDungeonCrawler/lwjgl3/build/classes/java/main:/home/bazzite/code/java/LibGDXDungeonCrawler/lwjgl3/build/classes/kotlin/main:/home/bazzite/code/java/LibGDXDungeonCrawler/lwjgl3/build/resources/main:/home/bazzite/code/java/LibGDXDungeonCrawler/core/build/libs/core-1.0.0.jar:/home/bazzite/.gradle/caches/modules-2/files-2.1/org.jetbrains.kotlin/kotlin-stdlib/2.3.10/8b80e2f80a3b7daa99c16017f91d4c72cd8b31a6/kotlin-stdlib-2.3.10.jar:/home/bazzite/.gradle/caches/modules-2/files-2.1/com.badlogicgames.gdx-controllers/gdx-controllers-desktop/2.2.4/44c8bdf023f04ea9a84ad105d5e2f59ff5d7768a/gdx-controllers-desktop-2.2.4.jar:/home/bazzite/.gradle/caches/modules-2/files-2.1/com.badlogicgames.gdx/gdx-backend-lwjgl3/1.14.0/122cf51d4a3bcd4e14e8fbd16ae2b65f27fe2d57/gdx-backend-lwjgl3-1.14.0.jar:/home/bazzite/.gradle/caches/modules-2/files-2.1/com.badlogicgames.gdx/gdx-platform/1.14.0/d0ecc53f2c20576f1ba4ac9ba157cf48f7bd9821/gdx-platform-1.14.0-natives-desktop.jar:/home/bazzite/.gradle/caches/modules-2/files-2.1/com.badlogicgames.gdx/gdx-tools/1.14.0/127ace6e61276431b23a963c99cee397da72c783/gdx-tools-1.14.0.jar:/home/bazzite/.gradle/caches/modules-2/files-2.1/org.lwjgl/lwjgl-glfw/3.4.1/a782b1ddd175c9107bf300fd92920579ea65e2a4/lwjgl-glfw-3.4.1.jar:/home/bazzite/.gradle/caches/modules-2/files-2.1/org.lwjgl/lwjgl-glfw/3.4.1/23cdf7655ce9f3b27ad90f08e73345e0d5b46362/lwjgl-glfw-3.4.1-natives-linux.jar:/home/bazzite/.gradle/caches/modules-2/files-2.1/org.lwjgl/lwjgl-glfw/3.4.1/bb243e9a857c4301bf7d5e668538686eaa64101e/lwjgl-glfw-3.4.1-natives-linux-arm32.jar:/home/bazzite/.gradle/caches/modules-2/files-2.1/org.lwjgl/lwjgl-glfw/3.4.1/e5e87034c47118960746077dba46280e8de864b3/lwjgl-glfw-3.4.1-natives-linux-arm64.jar:/home/bazzite/.gradle/caches/modules-2/files-2.1/org.lwjgl/lwjgl-glfw/3.4.1/3c8538942f58377d59cd7be2dc164ba71a53868a/lwjgl-glfw-3.4.1-natives-macos.jar:/home/bazzite/.gradle/caches/modules-2/files-2.1/org.lwjgl/lwjgl-glfw/3.4.1/ef1f8efca5a60ba3512bc4982b88e446ecc43378/lwjgl-glfw-3.4.1-natives-macos-arm64.jar:/home/bazzite/.gradle/caches/modules-2/files-2.1/org.lwjgl/lwjgl-glfw/3.4.1/2eb4aa895ea190ba8cf4356f8cea24d3ebb40ea1/lwjgl-glfw-3.4.1-natives-windows.jar:/home/bazzite/.gradle/caches/modules-2/files-2.1/org.lwjgl/lwjgl-glfw/3.4.1/a48bbdd544f00c88f8906e9d09e3f31bc1c17fac/lwjgl-glfw-3.4.1-natives-windows-x86.jar:/home/bazzite/.gradle/caches/modules-2/files-2.1/org.lwjgl/lwjgl-jemalloc/3.4.1/16b663092854fc6adfe0a941e61cae2bb2e437b6/lwjgl-jemalloc-3.4.1.jar:/home/bazzite/.gradle/caches/modules-2/files-2.1/org.lwjgl/lwjgl-jemalloc/3.4.1/b83c82d941f2e624d150d6d1e2efcf4ea49ff8ea/lwjgl-jemalloc-3.4.1-natives-linux.jar:/home/bazzite/.gradle/caches/modules-2/files-2.1/org.lwjgl/lwjgl-jemalloc/3.4.1/fc9ce35c94743e23855777cacaba34bc145da6ec/lwjgl-jemalloc-3.4.1-natives-linux-arm32.jar:/home/bazzite/.gradle/caches/modules-2/files-2.1/org.lwjgl/lwjgl-jemalloc/3.4.1/7891964dfb723209c6d02b0401432348fb707cc0/lwjgl-jemalloc-3.4.1-natives-linux-arm64.jar:/home/bazzite/.gradle/caches/modules-2/files-2.1/org.lwjgl/lwjgl-jemalloc/3.4.1/581b4d542e841015ce3265eed0495e2cde15b1d0/lwjgl-jemalloc-3.4.1-natives-macos.jar:/home/bazzite/.gradle/caches/modules-2/files-2.1/org.lwjgl/lwjgl-jemalloc/3.4.1/dcd7e3f9a2ca386e8c5b8f508a8511d9dd63bab0/lwjgl-jemalloc-3.4.1-natives-macos-arm64.jar:/home/bazzite/.gradle/caches/modules-2/files-2.1/org.lwjgl/lwjgl-jemalloc/3.4.1/70db8048d1aca8a6365f46f9963b8d6cd77b9e94/lwjgl-jemalloc-3.4.1-natives-windows.jar:/home/bazzite/.gradle/caches/modules-2/files-2.1/org.lwjgl/lwjgl-jemalloc/3.4.1/d8cf69e1155df83260f9bbe01944fe91f8ca3955/lwjgl-jemalloc-3.4.1-natives-windows-x86.jar:/home/bazzite/.gradle/caches/modules-2/files-2.1/org.lwjgl/lwjgl-openal/3.4.1/8508bd60589de0539aa465b78fcf838efd07ae9a/lwjgl-openal-3.4.1.jar:/home/bazzite/.gradle/caches/modules-2/files-2.1/org.lwjgl/lwjgl-openal/3.4.1/dbff577119266cd4312e4eb9cc2b171407c56360/lwjgl-openal-3.4.1-natives-linux.jar:/home/bazzite/.gradle/caches/modules-2/files-2.1/org.lwjgl/lwjgl-openal/3.4.1/6d4ac5f3d5bab7f2fadfd52c32177d9c12a43b49/lwjgl-openal-3.4.1-natives-linux-arm32.jar:/home/bazzite/.gradle/caches/modules-2/files-2.1/org.lwjgl/lwjgl-openal/3.4.1/3729b70cdd42df5571b075e051fa2fc8586dc538/lwjgl-openal-3.4.1-natives-linux-arm64.jar:/home/bazzite/.gradle/caches/modules-2/files-2.1/org.lwjgl/lwjgl-openal/3.4.1/a4dc57b7b0880d3fffb4d0b61649f45712bccc93/lwjgl-openal-3.4.1-natives-macos.jar:/home/bazzite/.gradle/caches/modules-2/files-2.1/org.lwjgl/lwjgl-openal/3.4.1/1c709a38c4a0e86aae96db7b8c78432307f2322a/lwjgl-openal-3.4.1-natives-macos-arm64.jar:/home/bazzite/.gradle/caches/modules-2/files-2.1/org.lwjgl/lwjgl-openal/3.4.1/8e83fdfdf65c80c9877c6fb6cb645d239ed7638/lwjgl-openal-3.4.1-natives-windows.jar:/home/bazzite/.gradle/caches/modules-2/files-2.1/org.lwjgl/lwjgl-openal/3.4.1/9e4bab87e9b89876fa77ea3c19e1b45334b97c10/lwjgl-openal-3.4.1-natives-windows-x86.jar:/home/bazzite/.gradle/caches/modules-2/files-2.1/org.lwjgl/lwjgl-opengl/3.4.1/830412cab823c029cda6b9729f9d2ed36cf79959/lwjgl-opengl-3.4.1.jar:/home/bazzite/.gradle/caches/modules-2/files-2.1/org.lwjgl/lwjgl-opengl/3.4.1/b750599f0e75ddb19f1d0fe993f3011334b710ae/lwjgl-opengl-3.4.1-natives-linux.jar:/home/bazzite/.gradle/caches/modules-2/files-2.1/org.lwjgl/lwjgl-opengl/3.4.1/172e575948234ff7920abf0d0083d25e37c91ba6/lwjgl-opengl-3.4.1-natives-linux-arm32.jar:/home/bazzite/.gradle/caches/modules-2/files-2.1/org.lwjgl/lwjgl-opengl/3.4.1/61a4103e56bbaeb74ad3f19ec14299fd6891c4b0/lwjgl-opengl-3.4.1-natives-linux-arm64.jar:/home/bazzite/.gradle/caches/modules-2/files-2.1/org.lwjgl/lwjgl-opengl/3.4.1/ba18fc6012b88494ee893506934b92b01c4ef14b/lwjgl-opengl-3.4.1-natives-macos.jar:/home/bazzite/.gradle/caches/modules-2/files-2.1/org.lwjgl/lwjgl-opengl/3.4.1/35b5550058de4960525f465243bd01805f04fd8b/lwjgl-opengl-3.4.1-natives-macos-arm64.jar:/home/bazzite/.gradle/caches/modules-2/files-2.1/org.lwjgl/lwjgl-opengl/3.4.1/617f37ef4e2ffb727bd5e74333e8073ef43ca1ec/lwjgl-opengl-3.4.1-natives-windows.jar:/home/bazzite/.gradle/caches/modules-2/files-2.1/org.lwjgl/lwjgl-opengl/3.4.1/cfd47352b758a0c9f7046de467b103182ec77eb1/lwjgl-opengl-3.4.1-natives-windows-x86.jar:/home/bazzite/.gradle/caches/modules-2/files-2.1/org.lwjgl/lwjgl-stb/3.4.1/f077c3dafc31924fbe8acb0b913f08977ba27f8e/lwjgl-stb-3.4.1.jar:/home/bazzite/.gradle/caches/modules-2/files-2.1/org.lwjgl/lwjgl-stb/3.4.1/7e1cfae909da6c68f3cb6073a9bfeb6c90e82a57/lwjgl-stb-3.4.1-natives-linux.jar:/home/bazzite/.gradle/caches/modules-2/files-2.1/org.lwjgl/lwjgl-stb/3.4.1/8f753f3772863989f1172d2b84b4e56ed18e8c35/lwjgl-stb-3.4.1-natives-linux-arm32.jar:/home/bazzite/.gradle/caches/modules-2/files-2.1/org.lwjgl/lwjgl-stb/3.4.1/3bc107f901f931fea07cb0d80b1d74a34b806a2b/lwjgl-stb-3.4.1-natives-linux-arm64.jar:/home/bazzite/.gradle/caches/modules-2/files-2.1/org.lwjgl/lwjgl-stb/3.4.1/fd1ea36b717b0832babca09324a6cfc43906e2aa/lwjgl-stb-3.4.1-natives-macos.jar:/home/bazzite/.gradle/caches/modules-2/files-2.1/org.lwjgl/lwjgl-stb/3.4.1/da554e04f819f09b0f3473bd931628ebf557965e/lwjgl-stb-3.4.1-natives-macos-arm64.jar:/home/bazzite/.gradle/caches/modules-2/files-2.1/org.lwjgl/lwjgl-stb/3.4.1/b4e13ece83c228ecf57354639d8555076a989d74/lwjgl-stb-3.4.1-natives-windows.jar:/home/bazzite/.gradle/caches/modules-2/files-2.1/org.lwjgl/lwjgl-stb/3.4.1/e091cd3b25ab7db88f0e34a0d2797dc396a528fa/lwjgl-stb-3.4.1-natives-windows-x86.jar:/home/bazzite/.gradle/caches/modules-2/files-2.1/org.lwjgl/lwjgl/3.4.1/6105690714874b995aa7812e4f7732a21109276c/lwjgl-3.4.1.jar:/home/bazzite/.gradle/caches/modules-2/files-2.1/org.lwjgl/lwjgl/3.4.1/2734e106bd95db49fe0da8cf8bf7fd96475c436c/lwjgl-3.4.1-natives-linux.jar:/home/bazzite/.gradle/caches/modules-2/files-2.1/org.lwjgl/lwjgl/3.4.1/1511ab1ffb1c8d8e00e2acb452663173ae09bca0/lwjgl-3.4.1-natives-linux-arm32.jar:/home/bazzite/.gradle/caches/modules-2/files-2.1/org.lwjgl/lwjgl/3.4.1/46883f3b622d8b4d7f27b627ca3360cda3db0e0e/lwjgl-3.4.1-natives-linux-arm64.jar:/home/bazzite/.gradle/caches/modules-2/files-2.1/org.lwjgl/lwjgl/3.4.1/b034fd9a67cb8646c01af7efcefcb93be835542b/lwjgl-3.4.1-natives-macos.jar:/home/bazzite/.gradle/caches/modules-2/files-2.1/org.lwjgl/lwjgl/3.4.1/b4cbdef4818abd714ee66985344c0949fd1cd6d6/lwjgl-3.4.1-natives-macos-arm64.jar:/home/bazzite/.gradle/caches/modules-2/files-2.1/org.lwjgl/lwjgl/3.4.1/96a217f0428ab73487f114a54179a4f41e851a04/lwjgl-3.4.1-natives-windows.jar:/home/bazzite/.gradle/caches/modules-2/files-2.1/org.lwjgl/lwjgl/3.4.1/65de43bd52507e108a58247c0da57a50ce3ee6f6/lwjgl-3.4.1-natives-windows-x86.jar:/home/bazzite/.gradle/caches/modules-2/files-2.1/org.jetbrains/annotations/13.0/919f0dfe192fb4e063e7dacadee7f8bb9a2672a9/annotations-13.0.jar:/home/bazzite/.gradle/caches/modules-2/files-2.1/de.golfgl.gdxcontrollerutils/gdx-controllerutils-mapping/2.3.0/4f0651c569245a0fcc2eb3a51f3d64cba33ab943/gdx-controllerutils-mapping-2.3.0.jar:/home/bazzite/.gradle/caches/modules-2/files-2.1/com.badlogicgames.gdx-controllers/gdx-controllers-core/2.2.4/d8a18ff371fb01c1763e9fe5ea050e39d2d66437/gdx-controllers-core-2.2.4.jar:/home/bazzite/.gradle/caches/modules-2/files-2.1/de.golfgl.gdxcontrollerutils/gdx-controllerutils-scene2d/2.3.0/f9a865856302ec274e78f2963cf7936bcd09e4a8/gdx-controllerutils-scene2d-2.3.0.jar:/home/bazzite/.gradle/caches/modules-2/files-2.1/com.vabrantgames/console/v0.3.0/72e7c7973b26a4e4a5cce0e7dae16c10bd73761a/console-v0.3.0.jar:/home/bazzite/.gradle/caches/modules-2/files-2.1/com.badlogicgames.gdx/gdx-freetype/1.14.0/90299d782fca725677549b88bc1958f968e09bd8/gdx-freetype-1.14.0.jar:/home/bazzite/.gradle/caches/modules-2/files-2.1/com.badlogicgames.gdx/gdx-backend-headless/1.14.0/91a9024d8424ffd4f0805a11f652aa4500f59e0b/gdx-backend-headless-1.14.0.jar:/home/bazzite/.gradle/caches/modules-2/files-2.1/com.badlogicgames.gdx/gdx/1.14.0/8accfce8d9313d9ddd23a2c9e315179783085ef2/gdx-1.14.0.jar:/home/bazzite/.gradle/caches/modules-2/files-2.1/com.badlogicgames.jamepad/jamepad/2.26.5.0/5c39b34fa0c39e3dd4607085d27d51b599ea30a0/jamepad-2.26.5.0.jar:/home/bazzite/.gradle/caches/modules-2/files-2.1/com.badlogicgames.jlayer/jlayer/1.0.1-gdx/7cca83cec5c1b2f011362f4d85aabd71a73b049d/jlayer-1.0.1-gdx.jar:/home/bazzite/.gradle/caches/modules-2/files-2.1/org.jcraft/jorbis/0.0.17/8872d22b293e8f5d7d56ff92be966e6dc28ebdc6/jorbis-0.0.17.jar:/home/bazzite/.gradle/caches/modules-2/files-2.1/com.badlogicgames.gdx/gdx-jnigen-loader/2.5.2/f35e90affe07c46b4f5e5958a1a4c1820c4890e2/gdx-jnigen-loader-2.5.2.jar
Launcher Type: SUN_STANDARD

[Global flags]
     intx CICompilerCount                          = 12                                        {product} {ergonomic}
     uint ConcGCThreads                            = 3                                         {product} {ergonomic}
     uint G1ConcRefinementThreads                  = 13                                        {product} {ergonomic}
   size_t G1HeapRegionSize                         = 4194304                                   {product} {ergonomic}
    uintx GCDrainStackTargetSize                   = 64                                        {product} {ergonomic}
   size_t InitialHeapSize                          = 515899392                                 {product} {ergonomic}
   size_t MarkStackSize                            = 4194304                                   {product} {ergonomic}
   size_t MaxHeapSize                              = 8195670016                                {product} {ergonomic}
   size_t MaxNewSize                               = 4915724288                                {product} {ergonomic}
   size_t MinHeapDeltaBytes                        = 4194304                                   {product} {ergonomic}
   size_t MinHeapSize                              = 8388608                                   {product} {ergonomic}
    uintx NonNMethodCodeHeapSize                   = 7602480                                {pd product} {ergonomic}
    uintx NonProfiledCodeHeapSize                  = 122027880                              {pd product} {ergonomic}
    uintx ProfiledCodeHeapSize                     = 122027880                              {pd product} {ergonomic}
    uintx ReservedCodeCacheSize                    = 251658240                              {pd product} {ergonomic}
     bool SegmentedCodeCache                       = true                                      {product} {ergonomic}
   size_t SoftMaxHeapSize                          = 8195670016                             {manageable} {ergonomic}
     bool UseCompressedOops                        = true                           {product lp64_product} {ergonomic}
     bool UseG1GC                                  = true                                      {product} {ergonomic}

Logging:
Log output configuration:
 #0: 
[error occurred during error reporting (printing log configuration), id 0xb, SIGSEGV (0xb) at pc=0x00007f24a7ba905a]
Release file:
IMPLEMENTOR="Red Hat, Inc."
IMPLEMENTOR_VERSION="(Red_Hat-21.0.11.0.10-2)"
JAVA_RUNTIME_VERSION="21.0.11+10"
JAVA_VERSION="21.0.11"
JAVA_VERSION_DATE="2026-04-21"
LIBC="gnu"
MODULES="java.base java.compiler java.datatransfer java.xml java.prefs java.desktop java.instrument java.logging java.management java.security.sasl java.naming java.rmi java.management.rmi java.net.http java.scripting java.security.jgss java.transaction.xa java.sql java.sql.rowset java.xml.crypto java.se java.smartcardio jdk.accessibility jdk.internal.jvmstat jdk.attach jdk.charsets jdk.internal.opt jdk.zipfs jdk.compiler jdk.crypto.ec jdk.crypto.cryptoki jdk.dynalink jdk.internal.ed jdk.editpad jdk.hotspot.agent jdk.httpserver jdk.incubator.vector jdk.internal.le jdk.internal.vm.ci jdk.internal.vm.compiler jdk.internal.vm.compiler.management jdk.jartool jdk.javadoc jdk.jcmd jdk.management jdk.management.agent jdk.jconsole jdk.jdeps jdk.jdwp.agent jdk.jdi jdk.jfr jdk.jlink jdk.jpackage jdk.jshell jdk.jsobject jdk.jstatd jdk.localedata jdk.management.jfr jdk.naming.dns jdk.naming.rmi jdk.net jdk.nio.mapmode jdk.random jdk.sctp jdk.security.auth jdk.security.jgss jdk.unsupported jdk.unsupported.desktop jdk.xml.dom"
OS_ARCH="x86_64"
OS_NAME="Linux"
SOURCE=".:git:d8615be99208"

Environment Variables:
PATH=/home/bazzite/.local/bin:/home/bazzite/.local/bin:/home/bazzite/.local/share/../bin:/home/bazzite/.local/bin:/home/bazzite/bin:/usr/local/bin:/usr/bin:/bin:/home/bazzite/.local/share/yabridge:/home/bazzite/.local/share/yabridge:/usr/local/bin:/usr/bin:/usr/local/sbin:/usr/sbin:/sbin
XDG_CACHE_HOME=/home/bazzite/.cache
XDG_CONFIG_HOME=/home/bazzite/.config
SHELL=/usr/bin/zsh
DISPLAY=:0
WAYLAND_DISPLAY=wayland-0
LANG=en_US.UTF-8
TERM=xterm-256color

Active Locale:
LC_ALL=en_US.UTF-8
LC_COLLATE=en_US.UTF-8
LC_CTYPE=en_US.UTF-8
LC_MESSAGES=en_US.UTF-8
LC_MONETARY=en_US.UTF-8
LC_NUMERIC=en_US.UTF-8
LC_TIME=en_US.UTF-8

Signal Handlers:
   SIGSEGV: crash_handler in libjvm.so, mask=11100100010111111101111111111110, flags=SA_RESTART|SA_SIGINFO, unblocked
    SIGBUS: crash_handler in libjvm.so, mask=11100100010111111101111111111110, flags=SA_RESTART|SA_SIGINFO, unblocked
    SIGFPE: crash_handler in libjvm.so, mask=11100100010111111101111111111110, flags=SA_RESTART|SA_SIGINFO, unblocked
   SIGPIPE: SIG_IGN, mask=00000000000000000000000000000000, flags=none, blocked
  *** Handler was modified!
  *** Expected: javaSignalHandler in libjvm.so, mask=11100100110111111111111111111110, flags=SA_RESTART|SA_SIGINFO
   SIGXFSZ: javaSignalHandler in libjvm.so, mask=11100100010111111101111111111110, flags=SA_RESTART|SA_SIGINFO, blocked
    SIGILL: crash_handler in libjvm.so, mask=11100100010111111101111111111110, flags=SA_RESTART|SA_SIGINFO, unblocked
   SIGUSR2: SR_handler in libjvm.so, mask=00000000000000000000000000000000, flags=SA_RESTART|SA_SIGINFO, blocked
    SIGHUP: UserHandler in libjvm.so, mask=11100100010111111101111111111110, flags=SA_RESTART|SA_SIGINFO, blocked
    SIGINT: UserHandler in libjvm.so, mask=11100100010111111101111111111110, flags=SA_RESTART|SA_SIGINFO, blocked
   SIGTERM: UserHandler in libjvm.so, mask=11100100010111111101111111111110, flags=SA_RESTART|SA_SIGINFO, blocked
   SIGQUIT: UserHandler in libjvm.so, mask=11100100010111111101111111111110, flags=SA_RESTART|SA_SIGINFO, blocked
   SIGTRAP: crash_handler in libjvm.so, mask=11100100010111111101111111111110, flags=SA_RESTART|SA_SIGINFO, unblocked


Periodic native trim disabled

---------------  S Y S T E M  ---------------

OS:
Fedora release 43 (Forty Three)
uname: Linux 7.0.9-ogc3.2.fc44.x86_64 #1 SMP PREEMPT_DYNAMIC Wed May 20 01:34:43 UTC 2026 x86_64
OS uptime: 0 days 9:37 hours
libc: glibc 2.42 NPTL 2.42 
rlimit (soft/hard): STACK 8192k/infinity , CORE infinity/infinity , NPROC 123785/123785 , NOFILE 1048576/1048576 , AS infinity/infinity , CPU infinity/infinity , DATA infinity/infinity , FSIZE infinity/infinity , MEMLOCK 2147484k/2147484k
load average: 0.33 1.61 1.62

/proc/meminfo:
MemTotal:       32001840 kB
MemFree:         3357688 kB
MemAvailable:   11683404 kB
Buffers:            4540 kB
Cached:          9905620 kB
SwapCached:         4696 kB
Active:         14178564 kB
Inactive:       11431300 kB
Active(anon):   12314408 kB
Inactive(anon):  3738812 kB
Active(file):    1864156 kB
Inactive(file):  7692488 kB
Unevictable:         916 kB
Mlocked:             916 kB
SwapTotal:      16000508 kB
SwapFree:       13090076 kB
Zswap:                 0 kB
Zswapped:              0 kB
Dirty:              6900 kB
Writeback:             0 kB
AnonPages:      15698896 kB
Mapped:          3046980 kB
Shmem:            358852 kB
KReclaimable:     466992 kB
Slab:             941696 kB
SReclaimable:     466992 kB
SUnreclaim:       474704 kB
KernelStack:       49972 kB
PageTables:       173352 kB
SecPageTables:      4924 kB
NFS_Unstable:          0 kB
Bounce:                0 kB
WritebackTmp:          0 kB
CommitLimit:    32001428 kB
Committed_AS:   68664332 kB
VmallocTotal:   34359738367 kB
VmallocUsed:      367244 kB
VmallocChunk:          0 kB
Percpu:            21440 kB
HardwareCorrupted:     0 kB
AnonHugePages:         0 kB
ShmemHugePages:        0 kB
ShmemPmdMapped:        0 kB
FileHugePages:     12288 kB
FilePmdMapped:         0 kB
CmaTotal:              0 kB
CmaFree:               0 kB
Unaccepted:            0 kB
Balloon:               0 kB
HugePages_Total:       0
HugePages_Free:        0
HugePages_Rsvd:        0
HugePages_Surp:        0
Hugepagesize:       2048 kB
Hugetlb:               0 kB
DirectMap4k:     3998636 kB
DirectMap2M:    27654144 kB
DirectMap1G:     2097152 kB

/sys/kernel/mm/transparent_hugepage/enabled: always [madvise] never
/sys/kernel/mm/transparent_hugepage/hpage_pmd_size: 2097152
/sys/kernel/mm/transparent_hugepage/defrag (defrag/compaction efforts parameter): always defer defer+madvise [madvise] never

Process Memory:
Virtual Size: 13320156K (peak: 13320184K)
Resident Set Size: 297500K (peak: 297500K) (anon: 158032K, file: 127388K, shmem: 12080K)
Swapped out: 0K
C-Heap outstanding allocations: 118086K, retained: 27597K
glibc malloc tunables: (default)

/proc/sys/kernel/threads-max (system-wide limit on the number of threads): 247570
/proc/sys/vm/max_map_count (maximum number of memory map areas a process may have): 2147483642
/proc/sys/vm/swappiness (control to define how aggressively the kernel swaps out anonymous memory): 180
/proc/sys/kernel/pid_max (system-wide limit on number of process identifiers): 4194304

container information not found.
Steal ticks since vm start: 0
Steal ticks percentage since vm start:  0.000

CPU: total 16 (initial active 16) (16 cores per cpu, 2 threads per core) family 25 model 97 stepping 2 microcode 0xa60120a, cx8, cmov, fxsr, ht, mmx, 3dnowpref, sse, sse2, sse3, ssse3, sse4a, sse4.1, sse4.2, popcnt, lzcnt, tsc, tscinvbit, avx, avx2, aes, erms, clmul, bmi1, bmi2, adx, avx512f, avx512dq, avx512cd, avx512bw, avx512vl, sha, fma, vzeroupper, avx512_vpopcntdq, avx512_vpclmulqdq, avx512_vaes, avx512_vnni, clflush, clflushopt, avx512_vbmi2, avx512_vbmi, rdtscp, rdpid, fsrm, gfni, avx512_bitalg, f16c, pku, ospke, cet_ss, avx512_ifma
CPU Model and flags from /proc/cpuinfo:
model name	: AMD Ryzen 7 7700X 8-Core Processor
flags		: fpu vme de pse tsc msr pae mce cx8 apic sep mtrr pge mca cmov pat pse36 clflush mmx fxsr sse sse2 ht syscall nx mmxext fxsr_opt pdpe1gb rdtscp lm constant_tsc rep_good amd_lbr_v2 nopl xtopology nonstop_tsc cpuid extd_apicid aperfmperf rapl pni pclmulqdq monitor ssse3 fma cx16 sse4_1 sse4_2 movbe popcnt aes xsave avx f16c rdrand lahf_lm cmp_legacy svm extapic cr8_legacy abm sse4a misalignsse 3dnowprefetch osvw ibs skinit wdt tce topoext perfctr_core perfctr_nb bpext perfctr_llc mwaitx cpuid_fault cpb cat_l3 cdp_l3 hw_pstate ssbd mba perfmon_v2 ibrs ibpb stibp ibrs_enhanced vmmcall fsgsbase bmi1 avx2 smep bmi2 erms invpcid cqm rdt_a avx512f avx512dq rdseed adx smap avx512ifma clflushopt clwb avx512cd sha_ni avx512bw avx512vl xsaveopt xsavec xgetbv1 xsaves cqm_llc cqm_occup_llc cqm_mbm_total cqm_mbm_local user_shstk avx512_bf16 clzero irperf xsaveerptr rdpru wbnoinvd cppc arat npt lbrv svm_lock nrip_save tsc_scale vmcb_clean flushbyasid decodeassists pausefilter pfthreshold avic vgif x2avic v_spec_ctrl vnmi avx512vbmi umip pku ospke avx512_vbmi2 gfni vaes vpclmulqdq avx512_vnni avx512_bitalg avx512_vpopcntdq rdpid overflow_recov succor smca fsrm flush_l1d amd_lbr_pmc_freeze

Online cpus: 0-15
Offline cpus: 
BIOS frequency limitation: <Not Available>
Frequency switch latency (ns): 0
Available cpu frequencies: <Not Available>
Current governor: performance
Core performance/turbo boost: 1

Memory: 4k page, physical 32001840k(11683404k free), swap 16000508k(13090076k free)
Page Sizes: 4k

vm_info: OpenJDK 64-Bit Server VM (21.0.11+10) for linux-amd64 JRE (21.0.11+10), built on 2026-04-21T00:00:00Z by "mockbuild" with gcc 15.2.1 20260123 (Red Hat 15.2.1-7)

END.
